case_id,case_file,damage,n_damaged_stories,amplitude_g,frequency_hz,phase,noise_level,max_abs_accel,modal_periods
0,,"[0.20521126117349545, 0.0, 0.08453996509439246, 0.0]",2,0.05316627079623104,1.7094627639574163,0.02100629813428108,0.1,0.9320528892638698,"[1.3029487482392588, 0.39244008027243904, 0.20485051999125034, 0.13664160799173053]"
1,,"[0.0, 0.0, 0.0, 0.0]",0,0.19998655136252821,1.8896617178085475,1.8762210370049872,0.2,3.484416836623159,"[1.2700425053309452, 0.38089106650530674, 0.19751950326624498, 0.13203631127589704]"
2,,"[0.0, 0.0, 0.255754792245887, 0.0]",1,0.21608853467701578,0.9271896570238483,2.179347889715928,0.05,12.011198788739478,"[1.283935720727143, 0.387840169875335, 0.20260226119406313, 0.1380957140374288]"
3,,"[0.0, 0.0, 0.0, 0.0]",0,0.13933524008825895,0.7497639034477617,0.6009196966510362,0.1,23.6582644286624,"[1.2700425053309452, 0.3808910665053068, 0.1975195032662451, 0.13203631127589696]"
4,,"[0.0, 0.2856361269487133, 0.0, 0.0]",1,0.08495524875504215,1.030504377317754,5.0030715517596684,0.05,2.7928564159789406,"[1.2950001156409736, 0.38613697629145016, 0.20248300221284707, 0.13993168229937492]"
5,,"[0.0, 0.0, 0.0, 0.0]",0,0.052926085722164354,0.8403905187775387,1.3929848121324362,0.2,7.600518459885174,"[1.2700425053309452, 0.38089106650530696, 0.19751950326624496, 0.13203631127589693]"
6,,"[0.24177218970837636, 0.0, 0.0, 0.0]",1,0.06520088310574333,0.912037599328386,0.10122043457660536,0.2,4.367438095473231,"[1.3055574470453188, 0.39251867012712843, 0.2048251165141796, 0.1352025869808657]"
7,,"[0.0, 0.0, 0.0, 0.0]",0,0.18626646066061286,1.9541722010312854,1.53985599567834,0.1,3.6254138632907424,"[1.2700425053309456, 0.38089106650530663, 0.197519503266245, 0.13203631127589702]"
8,,"[0.0, 0.0, 0.0, 0.0]",0,0.20441872926888807,1.1070181688633334,4.2191478156609765,0.2,6.115751816372686,"[1.2700425053309452, 0.38089106650530674, 0.19751950326624498, 0.13203631127589702]"
9,,"[0.0, 0.0, 0.17726911116309477, 0.0]",1,0.24424875708480587,0.8063445775640613,0.5687508097817295,0.2,56.58549936637958,"[1.2788389496399402, 0.3853724099625993, 0.20077377720518574, 0.13601166997880731]"
10,,"[0.18090205113679414, 0.17403371171071103, 0.0, 0.0]",2,0.09143200384773653,1.7526180339100668,4.99604987196876,0.1,1.648881890901243,"[1.3084046104819735, 0.3919990219245808, 0.2056879606129913, 0.13860310848516177]"
11,,"[0.10460840918066296, 0.0, 0.13748895164019992, 0.0]",2,0.18678710161861178,0.625815064339843,0.7136447322732031,0.05,10.605927762456028,"[1.2902423124538764, 0.38873649997361265, 0.20268719547727787, 0.13649774753662486]"
12,,"[0.0, 0.0, 0.10166116040751524, 0.2542679206544127]",2,0.16451660806379614,0.9813711243677938,3.6061676942402805,0.0,7.672362393687193,"[1.2804256725228336, 0.39205608679587367, 0.20636780191768422, 0.13620099991883527]"
13,,"[0.09725414937254243, 0.0, 0.07388030307228627, 0.0]",2,0.06706276320913221,1.439667783132974,0.6457034344993005,0.1,1.2475259118457933,"[1.2860096195456978, 0.3867358461685494, 0.20133272280371137, 0.13487443106814645]"
14,,"[0.0, 0.0, 0.0, 0.2459636279470006]",1,0.09784615535107868,1.1229060016200871,4.188822497615652,0.1,2.500918359961644,"[1.275554441648671, 0.3893753779283206, 0.2042125490527742, 0.1340814573700965]"
15,,"[0.23006195409491784, 0.0, 0.0, 0.315304376783167]",2,0.14525133415913127,0.7779992136166399,5.936221512375502,0.2,38.38292891474968,"[1.3108084340038, 0.4035071228628619, 0.21364534741042815, 0.13823039746275545]"
16,,"[0.0, 0.0, 0.11884597032492272, 0.28460436474191136]",2,0.12814323940952788,1.8642287749781359,2.149118850457889,0.2,2.3947119778913297,"[1.2821967527988576, 0.3939312301226718, 0.2078162107839789, 0.13683240678027056]"
17,,"[0.0, 0.0, 0.29956385924357115, 0.0]",1,0.10113386676328005,1.023376188942309,6.236868540039988,0.1,4.092994599246283,"[1.28723264870881, 0.3893941526989776, 0.20376609789975994, 0.13936157057858692]"
18,,"[0.0, 0.0, 0.0, 0.34063226750455017]",1,0.2275126890332595,1.3748647310283353,1.6015279096068635,0.0,4.2669566528764715,"[1.2785092516775742, 0.39430384078489894, 0.20772353425531873, 0.13496294587102087]"
19,,"[0.16532898680722963, 0.0, 0.08770232820946214, 0.0]",2,0.1455509379301194,0.8966221880301908,1.7659016139125885,0.0,9.20777168970922,"[1.2966882215586217, 0.3903890754912341, 0.20360599617283726, 0.13614562285943532]"
20,,"[0.0, 0.3171282282149109, 0.0, 0.0]",1,0.20528196291809217,1.011821985527352,0.797266087926138,0.05,7.81502096673224,"[1.2989527582683018, 0.38683884260365436, 0.2032378911896753, 0.1410242058243931]"
21,,"[0.0, 0.220859433948069, 0.0, 0.0]",1,0.15288441486815968,0.9639235820191947,6.043126431434213,0.1,7.704531788904608,"[1.2878244437935957, 0.3847850303560842, 0.201096156122418, 0.13784304313732101]"
22,,"[0.0, 0.2270747700263124, 0.0, 0.235805638839924]",2,0.11884000645144728,1.1066711912660867,0.5550150347990256,0.2,3.6504027240514327,"[1.2935727391183236, 0.3928916051632279, 0.20728304253528249, 0.1404019573294842]"
23,,"[0.0, 0.1212687723294862, 0.0, 0.21202485011758118]",2,0.20666157025425438,0.8712401119814974,2.7787275382446466,0.05,18.04399155096984,"[1.2832996978632092, 0.3898880525638843, 0.20477332787599734, 0.13691220055822692]"
24,,"[0.3286201776692222, 0.0, 0.0, 0.11548437716102032]",2,0.24418883405504346,1.2099074555883003,5.4859831719243,0.1,5.962851102656025,"[1.3246532949168515, 0.40144698870855117, 0.21099379004666208, 0.13760031627862956]"
25,,"[0.0, 0.18853302860281404, 0.0, 0.0]",1,0.08106797721882156,1.9210472328237693,0.0798983168083484,0.05,1.4330254139969216,"[1.2846504452370962, 0.3841514161792619, 0.20047449375721188, 0.13687420846166182]"
26,,"[0.0, 0.0, 0.0, 0.0]",0,0.22056811789070319,0.5080266407094416,3.6974041117129968,0.1,7.747292817489834,"[1.2700425053309456, 0.38089106650530663, 0.19751950326624504, 0.13203631127589696]"
27,,"[0.22472192763388782, 0.0, 0.0, 0.2477736234598173]",2,0.10669666875579303,1.032947649676618,4.396560425242956,0.1,3.2596702827345005,"[1.3079171087235253, 0.3998901911328656, 0.21098198090471687, 0.13739980399710214]"
28,,"[0.0, 0.0, 0.0, 0.3141273736307546]",1,0.05405854027695563,1.253518261874756,3.7443231708513136,0.1,1.2007583764441836,"[1.277615794334982, 0.3927885383387634, 0.20667255790087874, 0.13471048640859015]"
29,,"[0.21882862557050373, 0.2845856577125082, 0.0, 0.0]",2,0.23300194297154614,1.7730923241291863,5.436734727375341,0.1,4.46284377489927,"[1.3260798715835007, 0.39616501321571757, 0.20961963456213206, 0.14232068588187108]"
30,,"[0.0, 0.0, 0.33343956878087805, 0.0]",1,0.21292562750932664,1.4229968975344955,2.3802488806235056,0.05,3.9647812881314093,"[1.2900540909867824, 0.390700269715339, 0.20475105153837905, 0.14039541348233406]"
31,,"[0.1682507352597462, 0.0, 0.0, 0.11899851204178585]",2,0.15385229366616918,0.7012194173107609,1.912242347990151,0.1,16.760160912121506,"[1.2955697460351099, 0.3919133521734888, 0.20518385659151547, 0.13526773620942237]"
32,,"[0.17907440706704214, 0.0, 0.0, 0.21021193254901968]",2,0.14027506214317195,1.8944856122543614,1.2205702292945328,0.2,2.687565930598797,"[1.2993938204892408, 0.39581855399389243, 0.208189967421397, 0.13631128797411246]"
33,,"[0.0, 0.0, 0.10713915513021051, 0.2658705072427168]",2,0.17329376495080945,1.049553670601782,4.200013141888825,0.05,5.525134923816616,"[1.2810368003096924, 0.39273188866978864, 0.20688935565522962, 0.13641803147466744]"
34,,"[0.0, 0.21705930991959863, 0.0, 0.2943390237540457]",2,0.20632031628999792,1.491634486337472,1.8347279716746743,0.0,3.9180461035668275,"[1.2942284035029121, 0.39548890362759204, 0.20908427723338666, 0.14071313901211613]"
35,,"[0.2500261106783939, 0.0, 0.0, 0.05340669505588638]",2,0.21129954696047515,1.1334929430392666,0.32685341333210954,0.1,5.883213599512548,"[1.3080071446576176, 0.39444562734603117, 0.20634221564007768, 0.1358143982717856]"
36,,"[0.0, 0.0, 0.0, 0.0]",0,0.09314022035462062,1.2582472191286653,1.3655335158351252,0.05,1.9357360470725267,"[1.2700425053309454, 0.3808910665053068, 0.197519503266245, 0.13203631127589693]"
37,,"[0.0, 0.0, 0.0, 0.0]",0,0.2485869126105092,0.7552701192356428,3.525428597027843,0.2,52.15929437930096,"[1.2700425053309452, 0.38089106650530674, 0.19751950326624493, 0.13203631127589696]"
38,,"[0.0, 0.0, 0.0, 0.0]",0,0.12612285955906988,1.6353780457340035,5.572147886524496,0.1,2.2375621260508467,"[1.2700425053309452, 0.38089106650530663, 0.197519503266245, 0.132036311275897]"
39,,"[0.0, 0.0, 0.0, 0.0]",0,0.14996043883422314,0.8577391264038186,2.770530936032128,0.2,17.596887562369044,"[1.2700425053309456, 0.38089106650530663, 0.19751950326624493, 0.13203631127589693]"
40,,"[0.0, 0.0, 0.0, 0.22486010364850006]",1,0.14759514528974674,1.3499579049222352,2.280554060414025,0.05,2.904931760538059,"[1.274975641618518, 0.3884390114443951, 0.20351472649510255, 0.1338924724686418]"
41,,"[0.0, 0.17454070732760152, 0.0, 0.27248898464823545]",2,0.0920202980706924,0.7924010127149084,0.6797893887545121,0.1,22.43633539627081,"[1.2895210736145142, 0.3935766703055968, 0.20759579643549148, 0.13910178889418484]"
42,,"[0.0, 0.0, 0.20742661486595343, 0.0]",1,0.20940240978375682,0.5518098488105491,1.6575906437039014,0.2,9.98720475141523,"[1.28068817137451, 0.3862775449053425, 0.20144151067906982, 0.1367859959957218]"
43,,"[0.2788570864247141, 0.0, 0.0, 0.30676740902482064]",2,0.21494338560394022,1.561266512719525,2.1018373306623053,0.05,3.9808379324982393,"[1.319405578314342, 0.4059518383283052, 0.21513812270962784, 0.13893622293236688]"
44,,"[0.0, 0.0, 0.0, 0.2577607729038722]",1,0.14542430654981717,1.8450347418327993,3.024062351557678,0.1,2.4986579302941325,"[1.2758893770271054, 0.38992174870187934, 0.20461512203591864, 0.1341882751605908]"
45,,"[0.0, 0.0, 0.1898732950573586, 0.0]",1,0.24050049217082217,1.450378521710981,4.293112926293716,0.0,3.876003412278177,"[1.2795965481323703, 0.38574463482525656, 0.20104795534852274, 0.13633143265173234]"
46,,"[0.0, 0.0, 0.0, 0.0]",0,0.12447307429849881,0.8477362306908471,5.458353915575182,0.0,14.34996089933463,"[1.2700425053309454, 0.38089106650530674, 0.19751950326624504, 0.13203631127589702]"
47,,"[0.0, 0.0, 0.0, 0.0]",0,0.18526210541881785,1.8827606570214224,4.197176967195597,0.05,3.4975404080950554,"[1.2700425053309454, 0.38089106650530674, 0.19751950326624498, 0.1320363112758969]"
48,,"[0.0, 0.0, 0.0, 0.2178467105187632]",1,0.2295102830164795,0.6414518256086673,5.18269268848494,0.1,15.125428986568366,"[1.2747887966893914, 0.3881388857450342, 0.20328893816685742, 0.1338302571474511]"
49,,"[0.25201529882590656, 0.0, 0.07318923231681976, 0.0]",2,0.1890015834428908,1.3946347820914748,0.26706187585759233,0.1,3.7481267949131953,"[1.3105522476050595, 0.3948694870652745, 0.206302637713776, 0.13704723206968086]"
50,,"[0.0, 0.0, 0.0, 0.0]",0,0.16667420458814325,1.2262714688819505,6.145449914248633,0.1,4.4040323545262705,"[1.2700425053309452, 0.38089106650530674, 0.19751950326624515, 0.13203631127589704]"
51,,"[0.07187048258382886, 0.0, 0.06267815823225929, 0.0]",2,0.050964203358039445,1.0161668091494307,2.050214932762996,0.0,1.9112306357288549,"[1.2820070418629814, 0.38532254832047125, 0.2004324783870049, 0.13427963518223948]"
52,,"[0.0, 0.0, 0.0, 0.0]",0,0.18452523613110938,0.8891625389078639,1.0519627553536715,0.1,14.71632261061222,"[1.270042505330945, 0.38089106650530674, 0.197519503266245, 0.1320363112758969]"
53,,"[0.0, 0.24092522225110724, 0.0, 0.2571949143866258]",2,0.17541922777368651,1.186185593103445,3.364331568960038,0.0,4.509999866385627,"[1.2956086119537225, 0.3941425762675158, 0.20823346336753915, 0.1411074724134818]"
54,,"[0.0, 0.0824838307807824, 0.0, 0.07692057643585279]",2,0.2097254342756757,0.8035859111817142,2.217847218839979,0.1,48.84491043679143,"[1.2771980936635428, 0.38440345088300537, 0.20046020418062788, 0.134638996688921]"
55,,"[0.0, 0.0, 0.0, 0.0]",0,0.22002681766091817,0.7069645834671565,3.1826484965198643,0.1,21.813977500125496,"[1.2700425053309452, 0.38089106650530674, 0.19751950326624493, 0.13203631127589696]"
56,,"[0.2759912358774443, 0.0, 0.0, 0.1888218803280529]",2,0.10787138000694152,1.3394115545525271,6.043727373855997,0.1,2.107066238061092,"[1.3156881732916836, 0.4004996686301659, 0.21097067117700996, 0.13756712831132556]"
57,,"[0.0, 0.0, 0.0, 0.0]",0,0.19325392815758474,1.618585705763346,4.525771901979709,0.0,3.5075515871563825,"[1.2700425053309452, 0.38089106650530663, 0.19751950326624493, 0.13203631127589693]"
58,,"[0.0, 0.0, 0.0, 0.0]",0,0.22171377908177367,1.1290905326917176,0.8781265767233594,0.1,6.034935881088636,"[1.2700425053309452, 0.38089106650530674, 0.19751950326624504, 0.13203631127589696]"
59,,"[0.06968997856206001, 0.16935647078869415, 0.0, 0.0]",2,0.05047017135456536,0.8038641767122686,1.761790956309523,0.0,8.86808381331574,"[1.291762009469147, 0.3866395111946288, 0.20206313512708307, 0.13713026987126148]"
60,,"[0.0, 0.0, 0.0, 0.1300562931524368]",1,0.13077802965040308,1.437741884312649,6.079362815517658,0.1,2.6199037016891675,"[1.2726539577531852, 0.3847869979292822, 0.20069660352015198, 0.1330757484992483]"
61,,"[0.2040341014082391, 0.16672525758094128, 0.0, 0.0]",2,0.06921443233010119,1.649621257130052,0.7934834464088757,0.1,1.1896419624649035,"[1.3115113359978308, 0.3931012392131303, 0.20635425665425394, 0.13869277677881803]"
62,,"[0.0, 0.0, 0.058465578284384846, 0.22987812513104675]",2,0.05703109397184472,1.536635394463452,4.690233016569159,0.1,1.1136899416682258,"[1.2776675950879943, 0.38994370554348545, 0.20470550301967752, 0.13508792473892164]"
63,,"[0.0, 0.0, 0.0, 0.0]",0,0.2203266231945163,1.0537427469313139,0.5016145989798908,0.1,8.389467021935179,"[1.2700425053309452, 0.38089106650530696, 0.197519503266245, 0.1320363112758969]"
64,,"[0.2962639181564526, 0.31952244342201513, 0.0, 0.0]",2,0.07015449099236766,1.9038344382506498,4.982417172146102,0.2,1.2753919811476104,"[1.3445564355081845, 0.4015182209410454, 0.21380860942134572, 0.14433991778527377]"
65,,"[0.0, 0.3033251616331792, 0.0, 0.0]",1,0.12407245785326526,1.927729484652405,1.46041841915749,0.2,2.6297095311642464,"[1.2971786752641443, 0.38652733126986905, 0.2028997683984355, 0.14053881045262215]"
66,,"[0.0, 0.2904761186753765, 0.162247014837951, 0.0]",2,0.22189460495394364,0.7115313575116623,4.472902043955913,0.1,28.554935058171427,"[1.3034722599805204, 0.3902244705164308, 0.2051647496055106, 0.14394231329990972]"
67,,"[0.0, 0.0, 0.0, 0.0]",0,0.09128875963784351,0.5700275550686058,3.103431673005666,0.2,3.8222745444840722,"[1.2700425053309454, 0.38089106650530663, 0.1975195032662451, 0.13203631127589702]"
68,,"[0.0, 0.10308606537768886, 0.0, 0.2014578166893415]",2,0.08129994000430729,1.2511595312305357,5.268520924816271,0.05,1.9738788093657644,"[1.2815884116056462, 0.3891371079962172, 0.20417549299069512, 0.13630633567981545]"
69,,"[0.0, 0.0, 0.0, 0.0]",0,0.18409310929292175,1.357810224527372,3.636927767567345,0.0,3.470006806131546,"[1.2700425053309454, 0.3808910665053068, 0.19751950326624504, 0.132036311275897]"
70,,"[0.23762639944301736, 0.0, 0.0, 0.0]",1,0.07244307369583343,1.8076426325192902,5.907962183748198,0.05,1.187533468546052,"[1.304819849014984, 0.39227360748550827, 0.20467537599255428, 0.13514509384796905]"
71,,"[0.0, 0.3080196730668924, 0.0, 0.31625698095178706]",2,0.05047749229102812,0.594493637435469,4.689015781834716,0.2,3.0911277969125206,"[1.3051550175896878, 0.3985674948335506, 0.21161953007766401, 0.14427541503635016]"
72,,"[0.0, 0.2997115422241921, 0.34699368918104445, 0.0]",2,0.07651420817525086,1.6324051285249452,6.057000673786053,0.05,1.3214690552222985,"[1.3178203324069866, 0.39670248842166106, 0.20945325275317198, 0.1499027080859335]"
73,,"[0.262975784686873, 0.0, 0.0, 0.18555205823978954]",2,0.23016173398507828,0.8059140352825864,1.4588044714156283,0.2,37.56439827317504,"[1.3131678975709271, 0.39956791472423875, 0.21037593584812775, 0.1373307266427033]"
74,,"[0.26759746521028405, 0.0, 0.0, 0.33909111916495766]",2,0.15124769859905196,1.109875398711242,2.416042892866284,0.1,4.433491339485631,"[1.318311745273411, 0.40702948316631093, 0.21599752031551198, 0.13912959384615042]"
75,,"[0.0, 0.0, 0.0, 0.19248424086917276]",1,0.08222558356772383,1.3770216219649418,3.142824034862149,0.1,1.600222272318761,"[1.2741346558416597, 0.38709656694318534, 0.20249674551613184, 0.1336076979997014]"
76,,"[0.0, 0.0, 0.0, 0.0]",0,0.06559054877149977,1.2349297177031116,0.4146378411723398,0.2,1.772955858548784,"[1.2700425053309454, 0.38089106650530674, 0.19751950326624493, 0.13203631127589696]"
77,,"[0.0, 0.0, 0.0, 0.0]",0,0.05022706618131548,0.7217597600321772,0.4386702767991624,0.0,5.4502479389217315,"[1.2700425053309454, 0.3808910665053068, 0.197519503266245, 0.13203631127589696]"
78,,"[0.0, 0.25972158301160914, 0.0, 0.0]",1,0.18470117383762952,1.488353559721292,2.5315706327058694,0.1,3.4067024722045245,"[1.291986769395474, 0.38558209274402944, 0.20190343830273313, 0.13907142319439117]"
79,,"[0.0, 0.0, 0.0, 0.21434470042015744]",1,0.05087356190978141,1.059530717642204,4.535360899138362,0.1,1.6244928672526797,"[1.2746964898818176, 0.38799100622167493, 0.20317730651335703, 0.1337993005605572]"
80,,"[0.0, 0.0, 0.0, 0.0]",0,0.08883529873201466,1.5764796489566797,1.387811883193041,0.0,1.595444774830443,"[1.2700425053309452, 0.3808910665053066, 0.197519503266245, 0.13203631127589702]"
81,,"[0.0, 0.06985844251660496, 0.0, 0.32144223113634673]",2,0.18758094861392646,0.8353726486656163,6.0352999554157645,0.2,27.25812905039808,"[1.2825663104669536, 0.39430045063724756, 0.20784979019091124, 0.13657155104772598]"
82,,"[0.0, 0.0, 0.0, 0.0]",0,0.10133603162264329,0.7618098077686022,6.068050495437802,0.0,19.720035023391528,"[1.2700425053309452, 0.3808910665053068, 0.1975195032662451, 0.13203631127589696]"
83,,"[0.2855782166793993, 0.0, 0.0, 0.34263410013912954]",2,0.16013379917587028,0.8823163395327731,3.1388667012480527,0.2,11.683740497490453,"[1.3218345124398794, 0.40834721265134993, 0.2168455842708344, 0.13947778152623724]"
84,,"[0.2701013554909503, 0.0, 0.0, 0.0]",1,0.08831640379879545,1.7762087422332227,1.983843415618223,0.05,1.5968837701862024,"[1.3107580188067964, 0.3942495749352565, 0.20587601941351383, 0.13559848338080485]"
85,,"[0.0, 0.24083819379131768, 0.12180108593038433, 0.0]",2,0.20129329345433045,1.1749274697179148,0.08944950493156752,0.0,5.330438304907307,"[1.2955954581472962, 0.38808250289837093, 0.20342063287783466, 0.14123033799398796]"
86,,"[0.0, 0.0, 0.2540513225917688, 0.20713591811802967]",2,0.2132296829400541,1.0190587663011332,3.0027097675575902,0.05,8.708788733981471,"[1.288231999708939, 0.394313279494759, 0.20831551040133053, 0.13946472300545837]"
87,,"[0.1604644852342385, 0.0, 0.0, 0.0]",1,0.05722805854012434,1.6057458806175857,2.5381066275756163,0.05,0.9953068391092109,"[1.2920531474202128, 0.38805239420700693, 0.20206245550492527, 0.13409562955407528]"
88,,"[0.0, 0.2074873976936141, 0.0, 0.0]",1,0.15382292810564613,1.9524434421250012,4.076484566187235,0.05,2.9003399842520934,"[1.2864817595462554, 0.3845198373921652, 0.2008338679610604, 0.13743664194740213]"
89,,"[0.12478533575319248, 0.0, 0.0, 0.0]",1,0.14616005876527383,1.9882142040873334,2.228502910919659,0.0,2.605682100293981,"[1.2866910528292173, 0.3862928252573434, 0.20095675160354856, 0.13362350320854097]"
90,,"[0.0, 0.15807087142477133, 0.0, 0.0]",1,0.1470963718641187,0.7471480344927495,5.800770796349512,0.0,24.85773900151548,"[1.2818711982513482, 0.3835767674385069, 0.1999251749881709, 0.13600243832510758]"
91,,"[0.0, 0.2041501199025339, 0.0, 0.0]",1,0.0545732006110943,1.6339041960650595,4.055208547761211,0.05,0.982000491743171,"[1.2861533303507, 0.38445434248520766, 0.20076955960301995, 0.1373364684696957]"
92,,"[0.0, 0.0, 0.0, 0.0]",0,0.11294317101325353,1.4145345730752488,0.21790035512580083,0.1,2.1147169240633708,"[1.2700425053309456, 0.3808910665053066, 0.19751950326624493, 0.13203631127589696]"
93,,"[0.0, 0.0, 0.0, 0.0]",0,0.10894417712024221,1.442489834277748,3.535551951784755,0.2,2.1902959843180465,"[1.2700425053309454, 0.38089106650530674, 0.197519503266245, 0.13203631127589693]"
94,,"[0.0, 0.0, 0.14036951489321875, 0.0]",1,0.08602058859904445,0.5659232393045904,4.422468480044264,0.1,4.127402558462674,"[1.276737675631762, 0.3843293909948715, 0.20000864922149103, 0.13510621461392439]"
95,,"[0.2564470251627527, 0.0, 0.0, 0.2217764236297798]",2,0.15035430023855434,1.9970514664454873,1.2348983887994374,0.0,3.0444619823969656,"[1.3128568020411004, 0.4006139225159986, 0.2112685345298134, 0.13761646298073013]"
96,,"[0.0, 0.0, 0.0, 0.17376260655923043]",1,0.18925746847803449,0.6896516799778751,1.3690477896767124,0.05,16.144399248032894,"[1.2736722214543048, 0.3863677500612084, 0.20193537132593553, 0.13344582655633055]"
97,,"[0.0, 0.3141496800791965, 0.0, 0.061611447159217514]",2,0.07290329805860048,0.5096157797196856,4.7339207656461735,0.05,2.962365648979379,"[1.2996906646750233, 0.38847302367713704, 0.20446086998741708, 0.1415578995834004]"
98,,"[0.0, 0.2819581997927743, 0.0, 0.05237884068740645]",2,0.10819662662920126,0.8449274579814356,5.805729777278528,0.0,10.81578255810428,"[1.2955150755891376, 0.3874903246380259, 0.20350827315586398, 0.14032978474288463]"
99,,"[0.21525153951027748, 0.0, 0.0, 0.2712872905208887]",2,0.15303402657182827,1.719319531066684,4.725633962948942,0.0,2.777767876287357,"[1.3069570337925025, 0.40044900763770946, 0.21147113811859772, 0.13750491882092525]"
100,,"[0.0, 0.0, 0.0, 0.0]",0,0.08926968238182365,1.7139815570574155,5.66527442698386,0.2,1.6600656323640817,"[1.2700425053309452, 0.3808910665053068, 0.19751950326624487, 0.13203631127589693]"
101,,"[0.0, 0.0, 0.0, 0.0]",0,0.23414948874909858,1.8259800413502556,1.1150411754939136,0.05,4.2594044090716645,"[1.2700425053309452, 0.38089106650530663, 0.197519503266245, 0.13203631127589696]"
102,,"[0.0, 0.0, 0.14819975881919717, 0.0]",1,0.1225059865236073,1.37668652528731,2.8126316964556506,0.1,2.310498990330521,"[1.277169722367196, 0.3845451541601294, 0.20016654343090176, 0.13529462652138882]"
103,,"[0.0, 0.0, 0.0, 0.0]",0,0.15151978339105107,1.399021892597298,4.954250037493702,0.1,2.860531898386375,"[1.2700425053309456, 0.38089106650530663, 0.19751950326624498, 0.13203631127589696]"
104,,"[0.0, 0.0, 0.0, 0.17257640488445372]",1,0.06887026257109923,1.7947853244696004,0.8194502067648173,0.05,1.2201936850971007,"[1.273643476953985, 0.3863226702963895, 0.2019004463886914, 0.13343563872262038]"
105,,"[0.0, 0.0, 0.0, 0.0]",0,0.05219800854608772,1.023530224927651,3.3173396294053696,0.0,2.1476987980472426,"[1.2700425053309456, 0.38089106650530663, 0.197519503266245, 0.13203631127589696]"
106,,"[0.0, 0.0, 0.0, 0.0]",0,0.08534820229533946,0.6323127306153256,0.326279827378816,0.1,4.720274692278621,"[1.270042505330945, 0.38089106650530646, 0.19751950326624498, 0.13203631127589696]"
107,,"[0.0, 0.34726303428570343, 0.0, 0.0]",1,0.051592023597147076,1.684104475359444,1.0531923702852128,0.2,0.933800524998875,"[1.3030721526601559, 0.38754134590451794, 0.20401905769944761, 0.14212077083675884]"
108,,"[0.0, 0.23326293806003873, 0.0, 0.0]",1,0.09918286226658773,1.5008232164066961,0.9459958974723737,0.1,1.674801896376787,"[1.2891094942986134, 0.385035069438172, 0.2013462947469947, 0.1382273281300918]"
109,,"[0.0, 0.0, 0.0, 0.1523228480863307]",1,0.2152314942902431,0.8597115005496905,3.9860010820190133,0.1,22.966858968519663,"[1.27316245577798, 0.3855722039394838, 0.20131556736995146, 0.13326293331933642]"
110,,"[0.0, 0.0, 0.051988317286577684, 0.0]",1,0.16506676149313496,1.1941961489200026,5.76158970170356,0.2,4.698653987671759,"[1.272312813943319, 0.38207797670356647, 0.19837305544914655, 0.1331090999354976]"
111,,"[0.0, 0.2694448451563678, 0.0, 0.12867805770128682]",2,0.07068592601457797,0.8311013325765111,0.7475157127878459,0.2,9.458713866661007,"[1.2956003810172405, 0.3896130100574093, 0.20505408492405833, 0.14069054986694274]"
112,,"[0.053379577304353144, 0.0, 0.0, 0.3372172719423182]",2,0.21961845518738957,1.814512042636457,1.667397296979874,0.2,4.1536598247281615,"[1.2850868036572936, 0.39622128252902655, 0.20898667796929704, 0.1357113858089457]"
113,,"[0.06972267463437394, 0.0, 0.0, 0.1939417199216048]",2,0.22571010806461292,1.4735449244762,1.9952026385318975,0.0,4.309938192783416,"[1.2830631552497114, 0.39000151123315957, 0.20438176530372743, 0.13457528638117228]"
114,,"[0.0, 0.25396579055043556, 0.0, 0.15903759325045672]",2,0.16101355189357414,0.7982403031038336,4.615594581855963,0.2,35.90459295909903,"[1.2945347498859832, 0.3903579452392592, 0.20553723651528105, 0.1404826670847424]"
115,,"[0.0, 0.0, 0.0, 0.0]",0,0.1380601728927637,0.6940245117257415,1.546103646685524,0.1,12.326468002490115,"[1.2700425053309452, 0.3808910665053066, 0.19751950326624498, 0.13203631127589696]"
116,,"[0.055219623826173674, 0.0, 0.0, 0.0]",1,0.22974928483378176,0.9568589678869246,3.1121843299480587,0.1,12.758820903464512,"[1.277046435812262, 0.3831514650049871, 0.19896410025745156, 0.13272652300863585]"
117,,"[0.0, 0.15729958648478426, 0.0, 0.058572640328126924]",2,0.20300113636236555,0.8418798121488273,0.4423805369999617,0.1,24.557267014332115,"[1.2828939147042155, 0.38517885056613704, 0.201213603274175, 0.13649805217662941]"
118,,"[0.0, 0.0, 0.0, 0.0]",0,0.2452837055751531,1.2277620351826635,1.40902349098629,0.0,5.196619681917837,"[1.2700425053309452, 0.38089106650530674, 0.19751950326624498, 0.13203631127589693]"
119,,"[0.0, 0.0, 0.0, 0.0]",0,0.20717390587982099,1.0428510899692374,1.235609986439981,0.2,7.530052699307836,"[1.2700425053309454, 0.38089106650530663, 0.19751950326624493, 0.13203631127589702]"
120,,"[0.0, 0.24029806178940402, 0.0, 0.3117930257550883]",2,0.09395618746765258,1.4167314146661667,3.262160932596902,0.05,1.8025010537634438,"[1.2971669994946198, 0.3968787232752494, 0.21013529200868825, 0.1417086223112797]"
121,,"[0.0, 0.0, 0.0, 0.07373021563502229]",1,0.056192563556472466,1.4058255428315944,3.502403409950441,0.0,1.0287333859511723,"[1.2714535065591095, 0.38296722949856177, 0.19923451551833354, 0.13261450194094165]"
122,,"[0.0, 0.26341871309679066, 0.28900526661097437, 0.0]",2,0.158411808601871,0.9698093992809156,1.5061315351514397,0.1,6.312110018517687,"[1.3086965642216988, 0.3936816161420459, 0.20728111215865405, 0.14665314087014183]"
123,,"[0.0, 0.0, 0.0, 0.0]",0,0.143924763213155,0.8358788897124072,1.4502988921518185,0.05,19.317908347000188,"[1.2700425053309454, 0.3808910665053068, 0.19751950326624496, 0.13203631127589696]"
124,,"[0.0, 0.0, 0.0, 0.0]",0,0.2436742959690097,0.5248847840082242,4.401563594516593,0.05,9.729552363294612,"[1.2700425053309452, 0.3808910665053068, 0.19751950326624507, 0.13203631127589693]"
125,,"[0.0, 0.3254009009865618, 0.0, 0.0]",1,0.1785368973740132,1.1619448239546455,2.5214032185167783,0.1,5.012348032505732,"[1.300048932086449, 0.38702856383648515, 0.20344627967447684, 0.14132013498130971]"
126,,"[0.0, 0.0, 0.06096686189790358, 0.0]",1,0.0668511127403308,1.814699273308424,5.80496956476414,0.1,1.2056530736351254,"[1.2727278309964944, 0.3822925191598934, 0.19852797598153632, 0.13330166849621805]"
127,,"[0.0, 0.0, 0.2607756125805702, 0.08736029316410061]",2,0.15321349359322578,1.4133094232599803,4.579171975679603,0.05,2.712178284069973,"[1.2859649374942206, 0.39040568328098074, 0.20491286656088797, 0.13880663376985494]"
128,,"[0.20347437507064828, 0.0, 0.1270917521701835, 0.0]",2,0.20592382648659333,1.331685453085741,5.25554589757318,0.1,3.999077143809904,"[1.3047690191844878, 0.39346746692870876, 0.20552332139310175, 0.13768152122899224]"
129,,"[0.0, 0.1686884972878259, 0.0, 0.2200650729910803]",2,0.17123023810583152,0.8607551850803559,2.261461879396435,0.05,15.729633419964072,"[1.287545349588695, 0.39108356974165304, 0.20577308947530468, 0.13837818033123558]"
130,,"[0.0, 0.0, 0.0, 0.0]",0,0.2447724232983121,1.7085772527992988,3.392653105122026,0.1,4.292942046583954,"[1.2700425053309456, 0.3808910665053068, 0.19751950326624512, 0.13203631127589696]"
131,,"[0.10342068159980763, 0.0, 0.2988000925423203, 0.0]",2,0.24743020912028188,1.889683886498334,1.2046914435777136,0.2,4.710413824342782,"[1.3005260234624545, 0.3938672923172045, 0.20626390304492206, 0.14100509850618148]"
132,,"[0.0, 0.0, 0.18625488517466238, 0.0643294326510518]",2,0.13823092868426423,1.8197431875859138,1.3986566292583478,0.0,2.472329501004036,"[1.280587284885682, 0.387383600549925, 0.20251067487827906, 0.13668433283149906]"
133,,"[0.26702941736142455, 0.3383624250926975, 0.0, 0.0]",2,0.17487958298406714,1.5513055056215956,3.200301224433568,0.0,2.9547403802856267,"[1.3414720683637886, 0.4000836202981226, 0.21312772267655491, 0.14463401104962254]"
134,,"[0.0, 0.3124082721265689, 0.0, 0.0]",1,0.08402806722170825,1.3946919148376842,3.5189674818695815,0.05,1.5071664704891976,"[1.2983385274587127, 0.38673162144735196, 0.20312094784507062, 0.1408570573361676]"
135,,"[0.0, 0.0, 0.15505441248309723, 0.06460048863937792]",2,0.11363800176233063,1.5711306569123242,4.479354926519046,0.2,2.2624994773608202,"[1.2787716017925175, 0.38650049950810106, 0.2018435548502274, 0.13591942200023338]"
136,,"[0.0, 0.0, 0.0, 0.0]",0,0.16160777656353698,0.7304910572191018,4.972667177976097,0.2,22.42494828424871,"[1.270042505330945, 0.38089106650530663, 0.19751950326624498, 0.13203631127589696]"
137,,"[0.0, 0.24181402910184283, 0.0, 0.0]",1,0.06329004157677345,1.6829192323630928,0.4844593222758219,0.0,1.1454270246568425,"[1.29001859091954, 0.3852097895147166, 0.2015227522129504, 0.13849645247448822]"
138,,"[0.0, 0.0, 0.0, 0.0]",0,0.24847468652161164,0.7701086579662845,5.920370889019239,0.1,61.645439706701026,"[1.2700425053309459, 0.38089106650530663, 0.197519503266245, 0.13203631127589696]"
139,,"[0.343022629158635, 0.0, 0.0, 0.3170440661453047]",2,0.054511226045465856,0.9663328201649701,0.8308995961965995,0.2,2.3110625421546906,"[1.332807601522235, 0.4107952999463088, 0.2181889800991039, 0.1401533806572652]"
140,,"[0.2949869852422981, 0.0, 0.0, 0.0]",1,0.22281401217250082,1.6324540659896813,1.607024405575008,0.2,4.345740013632281,"[1.3155746144911264, 0.3958568579882878, 0.20684081773828722, 0.13595062433196461]"
141,,"[0.289815956800203, 0.0, 0.0, 0.0]",1,0.055897720936171826,1.69027084879232,3.067253787980177,0.2,1.0029380360615543,"[1.3145534655780966, 0.3955158078071189, 0.20663701675073842, 0.13587711609838907]"
142,,"[0.05716934813074707, 0.0, 0.0, 0.0]",1,0.2134244435090203,0.9346247949653812,3.898778638965774,0.0,12.129791182597156,"[1.2773036020873478, 0.3832348068514717, 0.19901721995918467, 0.13275124305475622]"
143,,"[0.0, 0.0, 0.0, 0.0]",0,0.20814385099454247,1.6666110643304186,1.6257388266418697,0.1,3.82207053544686,"[1.2700425053309454, 0.38089106650530663, 0.19751950326624493, 0.13203631127589693]"
144,,"[0.0, 0.10271384288229893, 0.0, 0.3316344021394731]",2,0.22698574490251036,1.7163246339435745,2.900739235808416,0.1,4.487921520006089,"[1.2853609727453432, 0.3954301666428016, 0.20870195422576052, 0.13758443462975178]"
145,,"[0.0, 0.0, 0.0, 0.0]",0,0.2358529703660333,0.9008008677532866,1.6111638620175295,0.05,16.998984067177652,"[1.2700425053309454, 0.38089106650530663, 0.19751950326624496, 0.13203631127589702]"
146,,"[0.0, 0.0, 0.13192457387793863, 0.0]",1,0.20397001476468718,1.3548656304262072,2.658795820849367,0.1,3.9574732155547494,"[1.2762796568099384, 0.3840998996185803, 0.19984092908888668, 0.13490520437774048]"
147,,"[0.0, 0.0, 0.17222454123983208, 0.0]",1,0.10211855647676459,1.060461899400087,1.1899589299180338,0.1,3.11398797025771,"[1.278541631462511, 0.38522578675040303, 0.20066593729789847, 0.13588521427218633]"
148,,"[0.0, 0.0, 0.2549781209283122, 0.0]",1,0.20079078866168498,1.7378995102709942,5.839184200261354,0.2,3.5947125085156544,"[1.2838804862367788, 0.3878138659040965, 0.20258264079399207, 0.1380739649050918]"
149,,"[0.2218079463979004, 0.0, 0.10198348251147867, 0.0]",2,0.22870720702344086,0.9849864672957803,3.9633928770144475,0.1,9.558571989041681,"[1.3065924491957206, 0.3938270616810954, 0.20570669382972212, 0.13731535147884744]"
150,,"[0.0, 0.0, 0.05792776512211201, 0.0]",1,0.19038245101971055,1.773397877963976,6.238198592053138,0.2,3.2555520147822063,"[1.2725865538502728, 0.3822195681043557, 0.19847527620199296, 0.13323623832081463]"
151,,"[0.0, 0.0, 0.0, 0.0]",0,0.22424962368674348,1.697865705185568,3.8227895330698836,0.0,3.805400115410694,"[1.2700425053309452, 0.3808910665053068, 0.19751950326624507, 0.1320363112758969]"
152,,"[0.22697763241683291, 0.0, 0.0, 0.0]",1,0.15968138163787376,0.7368590737276322,2.417560239092235,0.05,29.059784572043636,"[1.3029513252204143, 0.39165332319005247, 0.2042953461756405, 0.1349979372640583]"
153,,"[0.0, 0.0, 0.0, 0.13822052312943114]",1,0.13562195361081625,0.6980251388652692,5.733684907036449,0.05,12.134242031383998,"[1.2728380198037685, 0.3850702471339676, 0.2009207112227163, 0.1331440575518838]"
154,,"[0.28613686151693907, 0.05910915620103627, 0.0, 0.0]",2,0.11991144007677622,0.7147560245236217,5.613141875756684,0.05,17.41462451760431,"[1.3177560454363164, 0.3961794874961096, 0.20744889035649172, 0.13711469012274075]"
155,,"[0.0, 0.0, 0.0, 0.17238112245751128]",1,0.06687619851086112,0.690242227570349,0.5179063410374062,0.0,5.522278601501016,"[1.2736387509982414, 0.38631526112999703, 0.201894703982217, 0.13343396229330515]"
156,,"[0.17121655483393924, 0.0, 0.0, 0.0]",1,0.23653630627875416,0.5492295052010243,3.0219897924054377,0.2,9.304258381160338,"[1.2937312379053758, 0.38860480965970207, 0.2024077543520165, 0.13423952920694596]"
157,,"[0.0, 0.0, 0.2867612502139382, 0.10666465379969073]",2,0.20601151359245096,1.0512458081317935,2.1356004648892157,0.2,7.963986215107464,"[1.2883007464723861, 0.3918926196026556, 0.2061481177115671, 0.13966515282398337]"
158,,"[0.27879453463288933, 0.0, 0.0, 0.06340988803804748]",2,0.10041859794189041,1.6379049399808498,5.430448341290063,0.1,1.8224150993396089,"[1.3135595189370057, 0.39651377141556554, 0.20766507120030223, 0.13632613271039234]"
159,,"[0.0, 0.0, 0.12515530435282762, 0.09177738026659123]",2,0.12043797374298199,0.8727575057943258,6.075730966484885,0.05,10.776876351198164,"[1.2776906769416754, 0.386510574714941, 0.20192777248357502, 0.13541707882432838]"
160,,"[0.0, 0.0, 0.2797349530095151, 0.0]",1,0.21312855126187735,1.070563071992045,2.6462408478541453,0.1,7.390008436453305,"[1.2856947748721967, 0.38867315945384723, 0.20322498575842943, 0.13877897241374787]"
161,,"[0.0, 0.0, 0.33892925032522847, 0.0]",1,0.13270391102777848,1.6541847311380369,0.2546593770521038,0.05,2.3948414784681966,"[1.290536371545948, 0.3909214655515824, 0.2049184240803624, 0.14056767829696773]"
162,,"[0.07678186091793081, 0.0, 0.0, 0.0]",1,0.1459383966423726,1.6218065507575745,5.727062034867102,0.05,2.5306970256609085,"[1.2799306686846514, 0.3840875360946509, 0.19956001311266053, 0.13300124418227122]"
163,,"[0.0, 0.08928014141713095, 0.0, 0.0]",1,0.05113844107462378,1.8093465471714472,1.2741142781541708,0.05,0.9175835884979797,"[1.276245245560504, 0.38235128546894936, 0.19879638663351898, 0.13416879778032045]"
164,,"[0.0, 0.0, 0.27473939873109643, 0.0]",1,0.23184512966083642,1.4025330655778105,2.881539766883873,0.2,4.504009471475336,"[1.2853195310201182, 0.3884962215621992, 0.2030924882360035, 0.13863473897901094]"
165,,"[0.0, 0.0, 0.0, 0.14660724342474335]",1,0.1164480677321034,1.108760097342249,5.7222705046724505,0.05,3.701670025211918,"[1.2730299538158616, 0.3853667883722759, 0.20115433492470372, 0.13321461814082272]"
166,,"[0.21185050764954597, 0.0, 0.0, 0.3299197016438321]",2,0.24192491626449844,1.5871777473625728,6.009308619490886,0.0,4.31444517929892,"[1.3081752122208339, 0.40330314216724233, 0.21358268951862353, 0.13809931025996877]"
167,,"[0.0, 0.0, 0.0, 0.0]",0,0.15595035050180084,1.64006603593347,3.453692341548512,0.0,2.6708846709914695,"[1.2700425053309456, 0.38089106650530663, 0.19751950326624498, 0.13203631127589696]"
168,,"[0.0, 0.0, 0.2710571757644718, 0.0]",1,0.19016526692062674,1.1561921229368255,3.0734905946529887,0.0,5.28118830022697,"[1.2850459628221056, 0.3883669706434398, 0.20299577566144034, 0.1385290691426264]"
169,,"[0.0, 0.27452427921275685, 0.12405710010249464, 0.0]",2,0.08232964837172829,0.6639657498466461,5.687850748980693,0.1,6.539576685761201,"[1.2994787870083566, 0.388843668076724, 0.20414804825340446, 0.1424067202157172]"
170,,"[0.2317620735656149, 0.11716270423544917, 0.0, 0.0]",2,0.2441077656616914,1.186729850815984,1.779604103324813,0.0,5.766217548141084,"[1.312068134897153, 0.39379675791611934, 0.20640575522018315, 0.13776427808269318]"
171,,"[0.0, 0.20606132372949648, 0.0, 0.0]",1,0.05706670494678763,1.8332882465614069,5.832933779130344,0.1,0.9429238892919025,"[1.2863410963431425, 0.38449181704783636, 0.20080633270271067, 0.13739377552944756]"
172,,"[0.0, 0.0, 0.0, 0.0]",0,0.10596642128904817,0.7273929200900724,3.3990723429897427,0.05,12.809904582471056,"[1.2700425053309456, 0.38089106650530663, 0.1975195032662448, 0.13203631127589696]"
173,,"[0.0, 0.33939391457192786, 0.2207265772453971, 0.0]",2,0.191580446048014,0.745250552383538,2.4536611154572117,0.05,45.692326685012574,"[1.3133935242398826, 0.3930647934945218, 0.20737657387950933, 0.14738533440159376]"
174,,"[0.0, 0.21615364494110836, 0.0, 0.19356624455153104]",2,0.14938767025359997,0.6324270031874248,5.684214839363016,0.05,8.89545414252661,"[1.291376825474417, 0.3909057994760981, 0.20579119072145075, 0.13959254305862995]"
175,,"[0.0, 0.0, 0.0, 0.2872663862720092]",1,0.23240387835291154,0.8604364822600592,4.809977555159538,0.1,23.7248325111754,"[1.2767656791991095, 0.3913665080469628, 0.20566343070713772, 0.13445916804574837]"
176,,"[0.0, 0.20408111440345902, 0.0, 0.21651131419143865]",2,0.18034569880704396,1.365970331432723,0.9726408480875565,0.1,3.0359519685625385,"[1.2907620356059184, 0.3916065358304848, 0.20626547104861506, 0.13944420289256398]"
177,,"[0.33003639805783347, 0.0, 0.0, 0.30926605746847413]",2,0.15692742198639326,0.5816317127574551,0.4544390785658727,0.05,7.664450766711676,"[1.3297718958222895, 0.40946388632910036, 0.21732151192975707, 0.13983249338745002]"
178,,"[0.0, 0.0, 0.0, 0.0]",0,0.15417031485557797,0.8312104642378717,1.6988538509780646,0.0,21.83359805139458,"[1.2700425053309454, 0.3808910665053068, 0.19751950326624504, 0.132036311275897]"
179,,"[0.0, 0.0, 0.2942350132465416, 0.0]",1,0.18844391989959047,1.7840308218361076,0.5945312805678868,0.1,3.7215340412705826,"[1.2868115560183784, 0.389197389363681, 0.2036182357217855, 0.1392034010827477]"
180,,"[0.0, 0.053684560898785344, 0.0, 0.0]",1,0.21080694882166673,0.9946187620740415,3.8536522180785484,0.0,9.329311652972452,"[1.2736392702464618, 0.3817527228159962, 0.19826457213837703, 0.133287312481612]"
181,,"[0.348542245771822, 0.3096158252945531, 0.0, 0.0]",2,0.1182805561121447,0.6350468604007904,3.144154467050826,0.2,9.85743969164594,"[1.354208881359277, 0.4049098582985883, 0.21591114649647106, 0.1446338435575251]"
182,,"[0.07184635705731149, 0.0, 0.0, 0.1910291910086538]",2,0.2169413899161981,1.1711801180072376,6.1107896703037685,0.2,6.187716084637097,"[1.2832753534604526, 0.3899778942092264, 0.20435186841194788, 0.13457823861949456]"
183,,"[0.0, 0.3217878456369552, 0.0, 0.0]",1,0.10444310458439875,0.5253945620118278,0.022656523238436206,0.2,3.880046112084047,"[1.2995670701924638, 0.3869454200767634, 0.203354723637801, 0.14119042159850706]"
184,,"[0.0, 0.0, 0.0, 0.0]",0,0.24256874932753786,0.9565622518153061,4.992614792112867,0.05,11.651565006409,"[1.2700425053309456, 0.38089106650530663, 0.19751950326624504, 0.13203631127589702]"
185,,"[0.0, 0.0, 0.0, 0.0]",0,0.18807003361834054,1.5109091200921156,1.5888536084472626,0.1,3.490711812125561,"[1.2700425053309459, 0.38089106650530663, 0.19751950326624498, 0.1320363112758969]"
186,,"[0.0, 0.0, 0.09316951848691667, 0.32441611198390313]",2,0.14750228880802527,1.7532444954636839,2.1125019491580117,0.1,2.673018777367122,"[1.282163000222565, 0.39541218941546286, 0.20882273122486864, 0.13663755821502396]"
187,,"[0.0, 0.08707582317128029, 0.0, 0.0]",1,0.10877183913128859,1.8372859248094584,5.663009781178872,0.2,1.8318900552200583,"[1.2760782741181522, 0.38231354951666485, 0.1987624964442956, 0.13411293733955099]"
188,,"[0.0, 0.0, 0.0, 0.0]",0,0.06570756528617981,1.7176655715331195,3.6477830145405044,0.0,1.1216373739686571,"[1.2700425053309454, 0.38089106650530674, 0.19751950326624504, 0.13203631127589693]"
189,,"[0.0, 0.0, 0.2865850268006959, 0.0]",1,0.17452411668005918,1.8212898378469138,3.126758663754173,0.1,2.9787361373102335,"[1.2862171626230787, 0.38891881102124737, 0.20340913382372444, 0.1389784015412373]"
190,,"[0.0, 0.0, 0.09762321121577368, 0.2864536145830407]",2,0.07693147705718151,0.8218389707668874,4.608116304829245,0.1,12.196914049274794,"[1.2811720726045293, 0.39350524957611666, 0.20744671658519823, 0.1363936091448195]"
191,,"[0.0, 0.0, 0.0, 0.0]",0,0.18650926591833658,1.2371278959805214,0.834544782800693,0.05,4.015120764289864,"[1.2700425053309454, 0.3808910665053068, 0.19751950326624496, 0.13203631127589696]"
192,,"[0.0, 0.33829605481660624, 0.0, 0.22813900639229875]",2,0.10409649903985657,1.3657113225517228,4.8453001081107985,0.1,1.9066057095441677,"[1.3066347812341637, 0.39496760943731074, 0.2093543733701664, 0.14437848604710501]"
193,,"[0.0, 0.0, 0.19856141153100867, 0.0]",1,0.16581720951013723,1.6930716658121423,3.069987307808469,0.05,2.962408234501146,"[1.2801313999243578, 0.3860062387680324, 0.20124100147164994, 0.1365550597405483]"
194,,"[0.22946500422635804, 0.0, 0.0, 0.21241485204296837]",2,0.12060979727886156,0.5407156903348207,1.2984193536145694,0.2,6.043249972125122,"[1.3078139302343508, 0.3986474826976175, 0.20998372308871252, 0.137097778352274]"
195,,"[0.0, 0.25563759234325345, 0.3081323033742907, 0.0]",2,0.10765917548782417,1.3217220439334227,2.3391717926535742,0.1,2.12588794251372,"[1.3093358093539615, 0.3942259805655407, 0.2076136359010738, 0.14699148128413506]"
196,,"[0.0, 0.0, 0.0, 0.16655774627971842]",1,0.15675638444544102,1.0464237297355645,4.2752745072793426,0.0,5.1062814317340965,"[1.2734986213434127, 0.38609589436302494, 0.2017243971991651, 0.13338407147469483]"
197,,"[0.0, 0.2872144991598344, 0.0, 0.0]",1,0.05324690022795229,1.6803378640399245,1.9345146729624618,0.1,0.954844786691097,"[1.2951903456353886, 0.3861714147676669, 0.20251946561522916, 0.13998518731476528]"
198,,"[0.34675343560482497, 0.0, 0.22113074501873417, 0.0]",2,0.0932686884691447,1.0984940757928652,3.5297933558403796,0.1,2.6970555166545314,"[1.337357983688699, 0.4055537628520756, 0.21258428230535006, 0.14268349599870395]"
199,,"[0.3076492683154852, 0.1976577711351457, 0.0, 0.0]",2,0.24323433352003024,0.8256077645290183,3.5698079688791413,0.05,23.94101036004843,"[1.3333396171877034, 0.3999253319063482, 0.2110703789068761, 0.14084646149778973]"
200,,"[0.13251501470609317, 0.0, 0.0, 0.22190575274753718]",2,0.18013121599690668,1.2764452859975246,4.386006941499502,0.2,3.655792650171991,"[1.2925822387631642, 0.3939914456643675, 0.20708971531085793, 0.13573846946319781]"
201,,"[0.0, 0.0, 0.141999361463397, 0.0]",1,0.07977194031540012,1.3757553231099793,4.247586046057027,0.2,1.3230383856907901,"[1.2768270143954135, 0.3843740631668285, 0.2000413235849494, 0.13514526993644244]"
202,,"[0.0, 0.0, 0.07100065450965597, 0.1815032864129641]",2,0.10991884902510707,0.5870192058830024,2.634833655937669,0.05,4.766826351102442,"[1.2770071899422955, 0.38825986793333567, 0.20340734765851498, 0.13493772600898898]"
203,,"[0.0, 0.0, 0.0, 0.0]",0,0.12131637736271031,1.4957265102524657,0.4737724511588467,0.2,2.302845751704367,"[1.2700425053309452, 0.38089106650530674, 0.19751950326624496, 0.13203631127589696]"
204,,"[0.0, 0.0, 0.0, 0.20233035204211902]",1,0.1569977118099486,0.5505266200865246,0.2501851666070478,0.2,6.461398418186649,"[1.2743846987412233, 0.38749343156700955, 0.20279984975539322, 0.13369364926770272]"
205,,"[0.0, 0.0, 0.0, 0.0]",0,0.10152768663545131,1.5474840583995197,4.475120236527878,0.05,1.800294922897004,"[1.2700425053309456, 0.38089106650530663, 0.19751950326624446, 0.13203631127589696]"
206,,"[0.0, 0.34760150956843217, 0.0, 0.11838409453269985]",2,0.09198555253020757,1.9850467977263968,2.2232528486015393,0.05,1.802522044490899,"[1.3053782395831477, 0.39102663328378917, 0.2066099873180883, 0.1434391104161851]"
207,,"[0.0, 0.0, 0.06478227359901882, 0.0]",1,0.18731711664919368,0.7631239066626049,2.0716534739076797,0.2,46.26294352418838,"[1.272906371121437, 0.382384591391059, 0.1985945213257364, 0.13338417541095815]"
208,,"[0.12332447435106861, 0.0, 0.0, 0.0]",1,0.17879429010872594,0.6709665187604746,3.965921617819863,0.2,14.691625247353862,"[1.2864779293319177, 0.38622307269364925, 0.20091274813930915, 0.13360434792084402]"
209,,"[0.0, 0.0, 0.0, 0.0]",0,0.22233748471043543,0.7496613981475246,2.931721702444806,0.2,42.240053878287185,"[1.270042505330945, 0.38089106650530663, 0.19751950326624498, 0.132036311275897]"
210,,"[0.0, 0.0, 0.27476925973904354, 0.2630982353627817]",2,0.16883339339452044,1.1785658328026585,1.8133376029418367,0.05,4.377170148894659,"[1.291256572952414, 0.3973708580641143, 0.21086628435179003, 0.1404322797474276]"
211,,"[0.3093157206400416, 0.0, 0.3404789271746807, 0.0]",2,0.13853571414573523,1.8198667544279707,4.1986692715640865,0.1,2.591704186412793,"[1.3381301446799072, 0.4073566186427245, 0.21377348136673996, 0.14613341919141545]"
212,,"[0.0, 0.11583632122051124, 0.0, 0.0]",1,0.2201281333627233,1.3818432496614654,4.606228284281784,0.1,3.7289624754165525,"[1.2783187574423696, 0.3828131547424841, 0.19921528193467164, 0.13485551577920535]"
213,,"[0.0, 0.12793734485031902, 0.20130245571911712, 0.0]",2,0.17419282201870379,1.1991952271351973,5.5122866008829625,0.2,4.901489670344949,"[1.2895497258255357, 0.38818647362464415, 0.20302382069584268, 0.13987733405293148]"
214,,"[0.0, 0.0, 0.0, 0.0]",0,0.08941604371364054,1.271078420856044,2.739265832626493,0.2,2.30509537484877,"[1.2700425053309454, 0.3808910665053068, 0.19751950326624493, 0.13203631127589696]"
215,,"[0.0, 0.30909166166168434, 0.13475450146379495, 0.0]",2,0.15941824776807392,0.6561077315928484,5.532123500455297,0.05,11.726230137821771,"[1.3042709800305505, 0.3898825628035176, 0.20509406635169755, 0.14389191245928945]"
216,,"[0.0, 0.0, 0.0, 0.0]",0,0.23694773070700278,1.7748723601851635,4.421707384734824,0.0,4.2880735160409085,"[1.2700425053309454, 0.38089106650530663, 0.19751950326624498, 0.13203631127589696]"
217,,"[0.0, 0.0, 0.0, 0.0]",0,0.20727244759902302,1.3014582789554634,3.8464559143841597,0.0,4.090405455697553,"[1.2700425053309454, 0.38089106650530674, 0.19751950326624498, 0.132036311275897]"
218,,"[0.0, 0.0, 0.2022797139098525, 0.0]",1,0.19045955769255887,1.3094826192623121,6.178932881085681,0.05,4.010283649605705,"[1.2803635494220318, 0.3861194870301004, 0.20132466031243781, 0.13665157977468728]"
219,,"[0.0, 0.0, 0.0, 0.0]",0,0.05211330484563497,1.8284712303744772,5.197887068317916,0.2,0.9108514190950859,"[1.2700425053309459, 0.38089106650530674, 0.19751950326624493, 0.1320363112758969]"
220,,"[0.0, 0.0, 0.0, 0.0]",0,0.10150412504014748,1.7552693871736555,4.2564832581149705,0.2,1.8999433070792724,"[1.2700425053309452, 0.38089106650530674, 0.19751950326624504, 0.13203631127589696]"
221,,"[0.0, 0.0, 0.0, 0.17994958144129522]",1,0.19553015676327332,0.5764062641401039,3.2632241550709247,0.05,7.994513702119249,"[1.2738232044566673, 0.3866049653633101, 0.20211876251458427, 0.13349909573556887]"
222,,"[0.0, 0.0, 0.2668452503864033, 0.0]",1,0.24779799344762293,0.5231113599354897,2.2545232740225813,0.0,8.6593897632926,"[1.2847361340271792, 0.3882203249546644, 0.20288612489379473, 0.1384088641902704]"
223,,"[0.0, 0.29065305613111225, 0.0, 0.15931009948365377]",2,0.06184703419903244,0.8637622973444137,1.6425782643696851,0.05,5.1366108767445455,"[1.2987874134650699, 0.39115122738378727, 0.20631150298098774, 0.1417685977688692]"
224,,"[0.0, 0.0, 0.0, 0.19240506313723285]",1,0.07725985102765304,1.0614144244310086,5.2319549020744285,0.05,2.7380279725964516,"[1.2741326646239286, 0.38709341431328104, 0.20249433042378484, 0.13360700912031107]"
225,,"[0.0, 0.0, 0.3171043563257931, 0.16922882156618782]",2,0.1998505642445923,1.5042902210255846,3.8839301317132158,0.0,3.3493206623284975,"[1.2921316388803612, 0.3950753577987651, 0.20890571292497734, 0.14095824252669312]"
226,,"[0.0, 0.0, 0.0, 0.11303788440181851]",1,0.1453740621828394,1.4934917676293176,3.6448046259772187,0.05,2.624450740808902,"[1.2722787949543093, 0.38421312016267495, 0.20023968535630637, 0.13293455201598967]"
227,,"[0.0, 0.22755880325071157, 0.0, 0.0]",1,0.20874792596775132,1.5966711298669525,4.194122640254326,0.05,3.442338859716732,"[1.2885136703519038, 0.3849195882359503, 0.2012304212453339, 0.13804971646987138]"
228,,"[0.0, 0.0, 0.07853043268442335, 0.0]",1,0.23141675071317025,1.0193685258131917,3.1260247305517805,0.2,10.568834079064157,"[1.2735607868407812, 0.38272093404690116, 0.19883792194737498, 0.13368486744797484]"
229,,"[0.16016719734308865, 0.0, 0.3403418781301147, 0.0]",2,0.2148180427708993,1.5688398296839505,4.790227466233537,0.2,4.223499274006648,"[1.3121867583827307, 0.398332891988461, 0.2089487814733016, 0.1433506479022596]"
230,,"[0.0, 0.11430276051056062, 0.14212133413380065, 0.0]",2,0.17148922212462359,0.8244684504285985,1.3776975559464193,0.0,23.21543175641866,"[1.2849800199518608, 0.3862457235045961, 0.2016143718934479, 0.13799018467392668]"
231,,"[0.0, 0.2752424654638622, 0.11133406732793066, 0.0]",2,0.2114200548262556,1.8499704997687012,0.8847643714479666,0.1,3.664429740957686,"[1.2989013161645675, 0.3885285329483755, 0.20394758424795217, 0.1421165190572241]"
232,,"[0.31414310241287413, 0.0, 0.0, 0.0]",1,0.21916002060758877,1.1606471118272867,3.052958681917886,0.05,5.91106145818197,"[1.319455786956543, 0.3971543802313741, 0.2076115148731684, 0.13622447254276243]"
233,,"[0.0, 0.19978940308178286, 0.0, 0.31554040921382354]",2,0.08302860998706496,0.5873624998699452,6.006967944056923,0.2,4.190748790832027,"[1.2931966821399952, 0.39628221251502177, 0.20956928108009173, 0.14037724226448792]"
234,,"[0.0, 0.0, 0.3067732677519108, 0.0]",1,0.21835572505361123,1.212971239818209,0.9205355333805925,0.2,5.244973318472508,"[1.2878118176869489, 0.38966398836722527, 0.20396909825826387, 0.13957746005968683]"
235,,"[0.0, 0.0, 0.303818038886922, 0.3201000408805867]",2,0.19995338462007023,1.8402869460327604,6.180681720317327,0.1,3.842483565751502,"[1.2952543826890806, 0.40115764203244686, 0.2140125252461546, 0.14164943010591938]"
236,,"[0.3047121894803054, 0.1387889183705857, 0.0, 0.0]",2,0.19723379902916469,0.8269783663677013,0.8095962324111436,0.1,19.895378916306218,"[1.3275244274210931, 0.39870358090671754, 0.20968024711620747, 0.1392685799704605]"
237,,"[0.0, 0.0, 0.0, 0.2616051448427235]",1,0.0881826336032666,0.8015995801365132,3.651349608929781,0.1,21.481586214868397,"[1.2760003669778344, 0.3901035239229547, 0.20474830742909253, 0.13422326737084067]"
238,,"[0.24806650771642333, 0.2655587950588788, 0.0, 0.0]",2,0.1470110960998259,1.541544428570759,0.04737790520815688,0.0,2.510017082007498,"[1.3289857101825984, 0.3974529857415548, 0.210264734715473, 0.14207016919081242]"
239,,"[0.31585227042975283, 0.0, 0.0, 0.3210459953867382]",2,0.20522091816550306,1.1750355927075145,3.4332909762174557,0.1,5.196877849937435,"[1.3271693329622778, 0.4091148668128501, 0.21719048441273464, 0.13973339314132371]"
240,,"[0.2972526393145736, 0.0, 0.0, 0.19810067253213332]",2,0.1232213889446056,1.5032952416021463,5.650649663890446,0.0,2.1733311763514083,"[1.320040876400892, 0.4022246613935643, 0.21208982417227423, 0.13800116780089375]"
241,,"[0.0, 0.09747741967684352, 0.30332959556158146, 0.0]",2,0.14346528373180528,0.5056189298693743,3.2417427086636175,0.05,4.516470920722501,"[1.2943449787451822, 0.39109356900555736, 0.20506043922744274, 0.14195623437318103]"
242,,"[0.0, 0.0, 0.0, 0.0]",0,0.08089364047793333,1.2924619555166694,3.087041999246093,0.2,1.9068492027223347,"[1.2700425053309454, 0.3808910665053066, 0.19751950326624493, 0.13203631127589696]"
243,,"[0.0, 0.0, 0.0, 0.0]",0,0.22686636685633954,0.9302907917972123,2.7558213764197546,0.0,13.64010037060897,"[1.2700425053309452, 0.3808910665053068, 0.19751950326624515, 0.132036311275897]"
244,,"[0.0, 0.0, 0.0, 0.0]",0,0.07687429188603685,1.5208111528195662,0.004856390579405146,0.0,1.3647488855347278,"[1.2700425053309454, 0.3808910665053068, 0.197519503266245, 0.13203631127589693]"
245,,"[0.0, 0.21733188533087466, 0.0, 0.20513246058301957]",2,0.17944709802676984,1.6823516693225073,3.456008690825595,0.0,3.109623716988473,"[1.2917836411050534, 0.3913949371840561, 0.20615644203098085, 0.1397522027720209]"
246,,"[0.26621946047803186, 0.12369963833938932, 0.0, 0.0]",2,0.09453270285801228,1.6288467717511284,1.103564332375981,0.1,1.700271685390987,"[1.3188162642236785, 0.3959673835214433, 0.2078323267426234, 0.13838015121407066]"
247,,"[0.0, 0.2549255976554083, 0.14919678873688477, 0.0]",2,0.22509009805236035,1.1438348302448222,3.4875364338594435,0.05,6.2470350104580685,"[1.2986092376987166, 0.38910660238410777, 0.2041882480881988, 0.1423820116459747]"
248,,"[0.0, 0.0, 0.31639733874664844, 0.20530026902095072]",2,0.2234995737669504,1.0145745797981842,3.9206309183826766,0.05,8.46258259528593,"[1.2929609136276292, 0.3963908371247231, 0.21006561127993872, 0.14118145289224646]"
249,,"[0.3127231205748982, 0.0, 0.0, 0.14294692392214065]",2,0.2369775652812124,1.285877227905896,2.359536245908923,0.0,4.6098496082113405,"[1.3219068056544456, 0.40124792936434794, 0.21108575555695228, 0.13764672938294065]"
250,,"[0.0, 0.25373586719408114, 0.0, 0.32525710447348705]",2,0.1904464348154758,1.8855704779750113,2.881898045901408,0.0,3.3456040214566594,"[1.2990489873579874, 0.39789971762765775, 0.21088732666730853, 0.14234399334521822]"
251,,"[0.0, 0.3148064811719052, 0.0, 0.09955024087069733]",2,0.0669649748673438,1.334919410010532,1.2290547094665525,0.0,1.119061898735453,"[1.300527888563533, 0.38964992367660395, 0.20534892376797081, 0.1419898166470624]"
252,,"[0.2662925046564998, 0.0, 0.0, 0.0]",1,0.16484231830919102,0.9028602992789116,2.327780048331372,0.1,9.917932778464632,"[1.3100419340439229, 0.3940109426045897, 0.20573185317348716, 0.13554494722533386]"
253,,"[0.0, 0.0, 0.3308243099582725, 0.2889934106754224]",2,0.1493874752192271,1.846712364297347,2.679376975319895,0.2,2.8691158116755133,"[1.2965159355924099, 0.4005471181827401, 0.2136173618147187, 0.1421828989357494]"
254,,"[0.2788719871478081, 0.18420956458048887, 0.0, 0.0]",2,0.12409775246512084,1.3920580060435623,3.8366791633985997,0.0,2.1974996577006554,"[1.3264153543663184, 0.3978075485012342, 0.20957058293221761, 0.14011284698501036]"
255,,"[0.31911036218755906, 0.24956364145544885, 0.0, 0.0]",2,0.1902511709753466,0.6559535085783614,3.371652144867687,0.1,16.116538797291444,"[1.3409303450119263, 0.4016593706396332, 0.2128405305202714, 0.14245486010407388]"
256,,"[0.3040382042852549, 0.0, 0.0, 0.3035269337932443]",2,0.10301578982787706,1.9212680787648369,5.4291596875108095,0.1,2.2013902782390176,"[1.3242311622404919, 0.40740035429534094, 0.21601574626775202, 0.13932019865531114]"
257,,"[0.0, 0.10428432786932823, 0.2139655884567492, 0.0]",2,0.10785223946811247,0.7084130200653672,4.032492965489922,0.1,12.220593646565648,"[1.2884547999909874, 0.3881650593938234, 0.20295529789239453, 0.1395696977037883]"
258,,"[0.27013755346781204, 0.0, 0.0, 0.0]",1,0.08437370130864355,1.2362421441606801,5.312571271454394,0.1,2.0084899944704806,"[1.3107648502659732, 0.3942518519207419, 0.2058773938921879, 0.13559899262865452]"
259,,"[0.2589828715213081, 0.0, 0.0, 0.2549087905704532]",2,0.19381869709543834,1.0921632547587172,2.25149665906623,0.0,5.640677670998292,"[1.3141948695710959, 0.4022074601566082, 0.21247664912135836, 0.13801958797777378]"
260,,"[0.0, 0.20439566258968297, 0.15059091069103875, 0.0]",2,0.18804794770656683,1.378898026598817,6.271043783210517,0.05,3.463325211426513,"[1.293420816213971, 0.38813196796498584, 0.20325737491048218, 0.14079784095498454]"
261,,"[0.3052131536652228, 0.0, 0.0, 0.3236861858547817]",2,0.07791016190485074,0.5089150265040787,3.557913447404936,0.05,2.681336968194365,"[1.3250881511536579, 0.408547785716117, 0.2168577115469112, 0.13958333901638362]"
262,,"[0.22178400777578933, 0.0, 0.0, 0.34328029456811116]",2,0.09061583814191054,0.9008460800926632,2.3515075930816707,0.2,5.851648391564658,"[1.31029677017426, 0.4046159792878686, 0.21448034577396322, 0.13841416448102223]"
263,,"[0.0, 0.0, 0.0, 0.0]",0,0.2234108239364363,1.4571601715164813,1.8359665251936497,0.2,4.504973824019124,"[1.2700425053309454, 0.38089106650530663, 0.19751950326624496, 0.13203631127589704]"
264,,"[0.0, 0.1467529515025327, 0.0, 0.24701561709530515]",2,0.14023421428679902,1.7461744931302177,0.0281402112663884,0.2,2.5857937662069843,"[1.286351618626799, 0.39186627064332413, 0.20628893731214737, 0.13799470869842317]"
265,,"[0.23225399142215178, 0.0, 0.0, 0.0]",1,0.08057498492326472,1.6651880652277846,6.147091467732967,0.2,1.4744576384967454,"[1.3038725264998132, 0.39195903456491393, 0.20448282727062414, 0.1350707585857993]"
266,,"[0.0, 0.0, 0.0, 0.0]",0,0.05456897512676149,1.780145698462127,2.059863518864155,0.1,0.9207239837853588,"[1.2700425053309456, 0.38089106650530674, 0.19751950326624498, 0.13203631127589696]"
267,,"[0.15930085064868632, 0.0, 0.0, 0.0]",1,0.1839634918287006,1.886622620766906,1.8074939700791652,0.1,3.2059934159049814,"[1.2918733292289568, 0.3879932472583669, 0.2020254300722716, 0.1340801012962653]"
268,,"[0.2846155379090396, 0.0, 0.0, 0.18988815428395697]",2,0.1881697003181246,0.6683006589848084,3.1000302201317798,0.1,16.35686298999422,"[1.3173675370418465, 0.4010874494765357, 0.21133753318540757, 0.1377130970825705]"
269,,"[0.20716729887842855, 0.0, 0.0, 0.272390453927887]",2,0.18301533016533578,1.5729083553023462,0.6613700683448736,0.2,3.5477296558000933,"[1.3056333789447505, 0.4000594671410719, 0.2112301878208052, 0.1373896990959287]"
270,,"[0.0, 0.0, 0.08577921866339637, 0.1632077385772749]",2,0.2323855062748782,1.9018798343442587,1.8650272041016969,0.1,4.47350650662214,"[1.2772762396186867, 0.38792721549813713, 0.20313937329718745, 0.13510127157654844]"
271,,"[0.0, 0.0, 0.0, 0.3446259384346727]",1,0.08716012325742739,1.8785326237352997,4.12895438265806,0.2,1.7682427646195695,"[1.2786489616538914, 0.3945426501634094, 0.20788690735650855, 0.13500137529417003]"
272,,"[0.0, 0.0, 0.09420521168605904, 0.0]",1,0.05017159423161857,1.6052628381337735,6.16090709980384,0.1,0.9084184247766789,"[1.274328810273989, 0.3831134273298181, 0.1991225714765763, 0.13403430560643131]"
273,,"[0.10407124808835011, 0.0, 0.0, 0.25289643747583435]",2,0.22110234338623005,1.9027625320870474,0.40001387224529084,0.1,3.9108880709676526,"[1.2893315700783294, 0.39403746432266534, 0.20727155331350797, 0.13562534384374977]"
274,,"[0.0, 0.0, 0.0, 0.2795191199904242]",1,0.15751140690262774,0.7265919706791402,3.950645247608692,0.1,20.11937562786916,"[1.276530020042948, 0.3909758368962152, 0.20538226961200454, 0.13438751980934424]"
275,,"[0.11581735754329886, 0.0, 0.0, 0.0]",1,0.07176700634159061,0.8667444333806704,4.0520693968075445,0.05,6.1904296378504675,"[1.2853903310032282, 0.38586734280753, 0.20068814613551625, 0.1335061292832553]"
276,,"[0.0, 0.2846475727357742, 0.20320729678113092, 0.0]",2,0.1715956426783432,0.5735008812421981,4.944426451155341,0.1,8.689387138282136,"[1.3052153226768686, 0.3912933201331434, 0.20581976158385562, 0.14485135536126031]"
277,,"[0.0, 0.0, 0.0, 0.21987079425651337]",1,0.09113400819015371,0.9803761119700658,1.2002528082976736,0.2,4.50501998978085,"[1.2748424471504598, 0.3882249552368502, 0.203353794947973, 0.13384818258646797]"
278,,"[0.0, 0.10784373360834458, 0.3189157914815675, 0.0]",2,0.053762878266274884,1.7245900680841357,3.082565030902992,0.1,0.9411659018314018,"[1.296428637494447, 0.3918620437802332, 0.20562853966439698, 0.1427252843512362]"
279,,"[0.17411654197149398, 0.0, 0.0, 0.2480481125184936]",2,0.21249621539825397,0.578366364093483,1.8226375032048268,0.0,10.57632752379994,"[1.299605731206524, 0.39718684311814123, 0.20927084465616888, 0.13662235755692756]"
280,,"[0.0, 0.0, 0.1330183390230101, 0.0]",1,0.22439904405644764,0.6659395633385083,1.7045483550777905,0.2,17.460125795968892,"[1.2763385211545288, 0.38412943778299974, 0.19986250384369222, 0.13493111153651213]"
281,,"[0.346101488735987, 0.23703860305264693, 0.0, 0.0]",2,0.24624443709604296,1.9659619372679127,4.024142136285907,0.2,5.510198384513315,"[1.3453842922107697, 0.4033386986943055, 0.21374049065396142, 0.14243240228247786]"
282,,"[0.0, 0.0, 0.19012879886487963, 0.0]",1,0.24193185532510292,1.5636508952065218,1.723022297751629,0.0,4.517647543888527,"[1.2796121278638881, 0.3857522688127398, 0.20105358463055306, 0.1363379714648192]"
283,,"[0.0, 0.0, 0.212386089778572, 0.0]",1,0.07414326287443702,1.9950785440452015,2.127001822895156,0.0,1.5260059374381292,"[1.281004634801548, 0.38643129573273877, 0.2015552768268525, 0.13691641713760846]"
284,,"[0.0, 0.32428706403286384, 0.10413880363160155, 0.0]",2,0.18627328493789103,1.5832742935321564,3.5980405892236256,0.0,3.2859901879899205,"[1.3046610507307643, 0.3894303488804502, 0.20494641714727693, 0.14367599987422655]"
285,,"[0.0, 0.22460549855441253, 0.0, 0.0]",1,0.05234130296119182,0.9610848329397937,5.15032577880585,0.05,2.3954813337607144,"[1.2882084462859256, 0.38486012899480915, 0.20117099234782052, 0.13795835283823868]"
286,,"[0.0, 0.2978438066555885, 0.0, 0.0]",1,0.14089730773926984,0.8315480310395251,0.919494661043117,0.1,16.624090514292853,"[1.2964924910038957, 0.386405327287671, 0.20276868976741616, 0.1403489072659481]"
287,,"[0.0, 0.0, 0.14326171058601891, 0.08038863432777678]",2,0.08389180239993671,1.635513097974586,0.17939264885897527,0.05,1.5200808348418118,"[1.2784326403258084, 0.3866453154081746, 0.20199967019990492, 0.1357538678989032]"
288,,"[0.2951782983635961, 0.0, 0.10459685464824053, 0.0]",2,0.10592886594302137,0.991604487816827,3.685290175408816,0.05,4.221826175037764,"[1.32021486683654, 0.39842835808105903, 0.2084335036384155, 0.13848760751228698]"
289,,"[0.0, 0.0, 0.2355694868366615, 0.3206607663030952]",2,0.15316366902756406,1.0904600874115862,2.2187653469687283,0.1,4.829882287196771,"[1.2902529956173154, 0.3989909379043016, 0.21202392575542395, 0.1398601133196767]"
290,,"[0.0, 0.0, 0.0, 0.0]",0,0.1741501094002842,1.210257421892613,2.714178424102838,0.0,4.597483088166883,"[1.2700425053309454, 0.38089106650530674, 0.19751950326624504, 0.13203631127589696]"
291,,"[0.0, 0.1490428225128659, 0.18951757929785967, 0.0]",2,0.22964443796891434,1.1259857309455539,3.2390634475277698,0.1,6.898486762774827,"[1.290601150566903, 0.38820928272228405, 0.20309836488187538, 0.1401601564612672]"
292,,"[0.3347867231660065, 0.0, 0.0, 0.07486343839614494]",2,0.17365909074979047,1.2273299720814437,4.975509355910348,0.0,3.87340411379315,"[1.3251712734058914, 0.4006452910603402, 0.21020974993154232, 0.13727070704878672]"
293,,"[0.21832707546199517, 0.0, 0.17587702425372964, 0.0]",2,0.06039522058634166,1.737087101078753,4.068892863395016,0.0,1.0410296758023128,"[1.3099137274134753, 0.3956998453792392, 0.2069221956720417, 0.13921597521054596]"
294,,"[0.0, 0.0, 0.0, 0.0]",0,0.1898296893769446,0.6362343364746967,3.7484566009835874,0.0,10.542230216760414,"[1.2700425053309454, 0.38089106650530674, 0.19751950326624498, 0.132036311275897]"
295,,"[0.0, 0.0, 0.2946571621302151, 0.0]",1,0.08381218495749482,1.2838077616876216,4.059403222764434,0.05,1.6884963361586127,"[1.2868447013619244, 0.3892128948666698, 0.2036298825727244, 0.1392158879185579]"
296,,"[0.0, 0.0, 0.1151040304674244, 0.0]",1,0.05573977431012485,1.9708716528895365,0.37684689537508925,0.1,0.9952644784916659,"[1.2753910642459396, 0.38365240284493873, 0.19951453722279586, 0.1345114834237157]"
297,,"[0.0, 0.0, 0.279744411114892, 0.0]",1,0.1850869837750438,1.153765917464862,3.683975015583237,0.0,4.950887839398476,"[1.2856954898552844, 0.3886734962029593, 0.20322523804121093, 0.13877924645122744]"
298,,"[0.0, 0.0, 0.0, 0.14196238372283884]",1,0.1539742147752674,1.665651308657271,3.1749728436931415,0.2,3.1041961940344027,"[1.2729232919578928, 0.38520184599363483, 0.20102451489101136, 0.13317549024162942]"
299,,"[0.0, 0.0, 0.0, 0.0]",0,0.1626710944821218,0.9088513875762569,1.124752412707693,0.1,11.726946639132777,"[1.2700425053309454, 0.38089106650530696, 0.19751950326624504, 0.132036311275897]"
300,,"[0.0, 0.23374360370222033, 0.0, 0.0]",1,0.23208915030343977,1.5706923956296328,4.4625415930184475,0.2,4.574375719603607,"[1.2891600858089993, 0.385044839383406, 0.20135612535824593, 0.13824236431561915]"
301,,"[0.0, 0.0, 0.10383574965881723, 0.0]",1,0.13896121412956441,1.0193129981330717,0.1549578470837426,0.05,5.753027985590303,"[1.2748127356708998, 0.3833595171091901, 0.1993013827761458, 0.13425257204280833]"
302,,"[0.21547785804516886, 0.0, 0.0, 0.0]",1,0.08146346729479287,1.967190046817994,2.6188421622938476,0.2,1.789252658892372,"[1.30097429280263, 0.39099786999165853, 0.20389222138662744, 0.1348398585001784]"
303,,"[0.0, 0.0, 0.0, 0.17915048267233324]",1,0.17942714430491924,1.6887771863018246,3.0149757242413835,0.05,3.3560700391193463,"[1.2738036031936022, 0.38657412833272026, 0.20209495927622195, 0.13349220314141244]"
304,,"[0.0, 0.0, 0.0, 0.0]",0,0.07927644987191106,1.5959816766489916,1.0026340052407374,0.2,1.3645653494326315,"[1.2700425053309454, 0.38089106650530674, 0.19751950326624493, 0.13203631127589693]"
305,,"[0.0, 0.0, 0.0, 0.0]",0,0.1614553173816242,1.1084084383361708,4.021152029650217,0.1,4.846442262962362,"[1.2700425053309452, 0.38089106650530663, 0.19751950326624504, 0.13203631127589696]"
306,,"[0.0, 0.2761432402016914, 0.0, 0.28480114184240346]",2,0.22866051721360553,1.5361755085166342,1.843236093945297,0.1,4.355538430104071,"[1.3003230373217352, 0.39621577400694274, 0.20984661970409552, 0.14267868533899888]"
307,,"[0.0, 0.0, 0.0, 0.0]",0,0.0844352015609104,1.5546546296757926,3.7599560444052003,0.0,1.4256466418277356,"[1.2700425053309452, 0.38089106650530674, 0.19751950326624498, 0.13203631127589696]"
308,,"[0.14316932067030202, 0.0, 0.0, 0.28681049279483467]",2,0.16375068760179223,1.104664645760334,1.59575376803615,0.1,4.535477760250587,"[1.2959749302937844, 0.39749368103209787, 0.20965678235462812, 0.13655153356972913]"
309,,"[0.0, 0.0, 0.11677819257753798, 0.26191040258165854]",2,0.07989531158256227,0.8479383489690295,4.0377451493099645,0.0,8.440283918553094,"[1.281416700233215, 0.39278365841481994, 0.20694679030894947, 0.13659296843838103]"
310,,"[0.0, 0.0, 0.13665518771496768, 0.0]",1,0.15156990217644975,1.3979249611770836,0.3505740632226013,0.2,2.8655356343966196,"[1.2765352231555869, 0.3842280485256274, 0.199934556667367, 0.13501752614522744]"
311,,"[0.0, 0.0, 0.0, 0.23708638555786185]",1,0.05911882612870709,0.9858344921121773,2.498429828506261,0.0,2.743827534395814,"[1.275307865698947, 0.3889752538325349, 0.20391558211746844, 0.13400163402492185]"
312,,"[0.0, 0.0, 0.0816917649102348, 0.07390837380580323]",2,0.13274426095216463,0.5283700965208462,4.991156206210244,0.2,5.962277106297962,"[1.275122790320105, 0.3848600791271674, 0.2006388740092987, 0.13430787839238661]"
313,,"[0.0, 0.286104098642818, 0.0, 0.0]",1,0.1922625398070399,1.8359322784676286,3.8371365833542375,0.0,3.6143866375479545,"[1.2950564339028823, 0.3861471790718281, 0.20249379880306023, 0.1399475324964712]"
314,,"[0.0, 0.0, 0.0, 0.0]",0,0.18237703497639088,1.6188264137012256,1.445394447413823,0.0,3.3410174447495775,"[1.2700425053309452, 0.3808910665053066, 0.197519503266245, 0.13203631127589696]"
315,,"[0.0, 0.3212064321907123, 0.22162808603117065, 0.0]",2,0.21997316286602658,1.654934508318986,4.699080046942548,0.2,3.853068315626516,"[1.3109872758766403, 0.3926726702070618, 0.20697632308757036, 0.14671467299648638]"
316,,"[0.0, 0.16781854540835847, 0.0, 0.09437704926135196]",2,0.23187207442048516,1.6211080918122929,3.477847050021835,0.0,3.955859592962599,"[1.2845476480090157, 0.3864635904235838, 0.20225587512685334, 0.1371288815518742]"
317,,"[0.20047567710621686, 0.0, 0.0, 0.0]",1,0.18208289964321084,1.2470921555202161,4.0839173697756,0.2,3.7041993859379754,"[1.2984561186371075, 0.3901643548298778, 0.20337736577102766, 0.13463494105686982]"
318,,"[0.0, 0.0, 0.0, 0.0]",0,0.21120763135299633,1.9808806994739487,2.1995323665024165,0.1,3.614523637569982,"[1.2700425053309454, 0.38089106650530663, 0.19751950326624498, 0.13203631127589696]"
319,,"[0.0, 0.0, 0.138934414472736, 0.0]",1,0.18739429982036204,0.7710396661731924,1.2638992017727881,0.1,50.56393703585728,"[1.2766592661891454, 0.38429015938433386, 0.19997996131986093, 0.13507189611022377]"
320,,"[0.0, 0.0, 0.0, 0.0]",0,0.1120234081742577,1.566750266347257,1.2682144591655593,0.2,2.1852296036621004,"[1.2700425053309454, 0.38089106650530674, 0.19751950326624507, 0.132036311275897]"
321,,"[0.0, 0.0, 0.0, 0.1550022859855431]",1,0.21130578411040185,1.1604973216573704,4.326781914115931,0.2,5.354441968342661,"[1.2732250540983452, 0.3856694464641964, 0.2013917227299024, 0.13328564695121956]"
322,,"[0.0, 0.0, 0.28390773903769534, 0.21348453167471712]",2,0.19205578470438442,1.7806630093392077,2.282931417788369,0.1,3.285013829156471,"[1.2905872479250111, 0.3955597981257759, 0.20936496406078012, 0.14031950818862107]"
323,,"[0.0, 0.0, 0.24944202371939164, 0.0]",1,0.0987082834213503,1.3558481501532298,4.922881737573204,0.05,1.828192987892943,"[1.2834898116199194, 0.3876275546958876, 0.20244374755012798, 0.1379196169040339]"
324,,"[0.0, 0.0, 0.0, 0.0]",0,0.23664102154668795,1.3476509836753916,1.3530381434368202,0.2,4.5049229195332074,"[1.2700425053309459, 0.3808910665053068, 0.19751950326624515, 0.13203631127589696]"
325,,"[0.0, 0.07915483051771892, 0.0, 0.3108207300424152]",2,0.15235300484627534,0.6562669870749249,4.963388953828729,0.05,10.65742144988301,"[1.2828981018761574, 0.39386796240823624, 0.2075672522402675, 0.13671739943971936]"
326,,"[0.0, 0.24403072416857266, 0.31486291062323224, 0.0]",2,0.08654752354443701,1.1937360320284847,0.6288486809118011,0.2,2.0430799208079473,"[1.308618532863222, 0.39424349679534965, 0.207581837999419, 0.14680805848440823]"
327,,"[0.18069116469891314, 0.0, 0.0, 0.14928466723091033]",2,0.16063631133281256,1.878357425584332,1.5259785153082424,0.2,3.4534578336790362,"[1.2981978013385433, 0.39358957154888896, 0.20642077591161115, 0.13573400898420895]"
328,,"[0.0, 0.0, 0.0, 0.25510006096288834]",1,0.19877366219925427,1.7774685250271693,0.2666339299306928,0.1,3.5329903872648454,"[1.275813096883169, 0.3897970270405443, 0.2045235233691596, 0.1341641096784345]"
329,,"[0.10632476074758085, 0.0, 0.0, 0.14358088201906913]",2,0.1597126941202696,1.3910953639841277,5.1078443094626715,0.0,3.0435228401450987,"[1.2869044352078263, 0.3897484433190522, 0.20395276555158387, 0.1346252242177365]"
330,,"[0.0, 0.0, 0.145737325952522, 0.0]",1,0.249085835789837,1.41339675109767,1.67209049156929,0.0,4.53902045045771,"[1.2770330776395296, 0.38447698854796586, 0.20011663856629835, 0.13523516270668942]"
331,,"[0.0, 0.0, 0.0, 0.0]",0,0.15226293543368638,1.7758143599250367,6.035416816975821,0.05,2.617850712433629,"[1.2700425053309452, 0.38089106650530663, 0.19751950326624498, 0.13203631127589696]"
332,,"[0.2308721027415183, 0.0, 0.0, 0.1575788658941326]",2,0.15165156541558888,1.7341276023280614,1.376574478572345,0.0,2.745421826834134,"[1.3067507145824033, 0.3966332632659332, 0.20837478688827593, 0.13655434344217363]"
333,,"[0.0, 0.13165373224821794, 0.0, 0.2994589488429412]",2,0.1997435283513051,1.1401681338307252,1.1273144897935916,0.0,4.750500170061492,"[1.2866266956404837, 0.3941613316279473, 0.20789191572147678, 0.13808741176329367]"
334,,"[0.0, 0.0, 0.0, 0.06802464055664763]",1,0.14532147518708632,0.8106933254498272,5.476732900264485,0.0,28.822778610137405,"[1.2713382111035831, 0.3827950074503693, 0.19909414867870248, 0.13256873989900222]"
335,,"[0.0, 0.0, 0.0, 0.2812320982142157]",1,0.18261292398375906,1.505816666422609,5.56940110164996,0.2,3.6277477324742793,"[1.2765817742070846, 0.39106150049571553, 0.20544406643274946, 0.1344033297147513]"
336,,"[0.31662596425399, 0.0, 0.2619315598296533, 0.0]",2,0.11130397386512586,0.9894919400885449,2.763232409310894,0.0,4.281072763444937,"[1.3336217954973333, 0.40477151722325855, 0.21221177260990903, 0.14348227840795785]"
337,,"[0.0, 0.06634354779912738, 0.311787940696612, 0.0]",2,0.19981441682330242,0.814116323704178,2.3016991048173154,0.0,29.545845247508048,"[1.29271019831384, 0.3908961875930222, 0.20489540908604764, 0.14138404757707448]"
338,,"[0.32049582009078337, 0.27824593359973077, 0.0, 0.0]",2,0.10156067687583491,1.5085988238192378,6.188073334913493,0.05,1.7373886515714818,"[1.344414832248297, 0.4023049319985377, 0.2136790415623483, 0.14332658791883204]"
339,,"[0.0, 0.0, 0.14758157599324165, 0.2895227115662077]",2,0.20529249035078434,0.7823910455362434,5.301828521658558,0.2,61.39052154035239,"[1.2838887159567856, 0.39490790169538226, 0.20862395003292966, 0.13751028755543426]"
340,,"[0.0, 0.0, 0.09961128324503896, 0.24588092543144688]",2,0.2287856053607545,1.2041074891079704,6.1125203436365325,0.05,5.964693393598013,"[1.2800863641769133, 0.39162450859076947, 0.206035953477625, 0.13608553216598204]"
341,,"[0.0, 0.0, 0.0, 0.0]",0,0.1491704594927602,0.920739321737053,0.37728438477709375,0.0,9.51998323945112,"[1.2700425053309452, 0.3808910665053069, 0.1975195032662449, 0.13203631127589696]"
342,,"[0.0, 0.0, 0.07820842296132265, 0.13477217858280072]",2,0.1353696419294394,1.2011519165085796,3.618467220876742,0.05,3.4202311545401534,"[1.2762529392425261, 0.38673298629002545, 0.20218388911305604, 0.13470957624603422]"
343,,"[0.3020337720123246, 0.0, 0.0, 0.11119280172830884]",2,0.1636649372689789,1.0219458541903281,3.1633423973550427,0.0,6.026198705554284,"[1.3190655135757767, 0.39947866585439323, 0.20978843652910578, 0.13715060958494757]"
344,,"[0.0, 0.0, 0.0, 0.0]",0,0.16156770569527584,1.7899293899756894,4.083253996936469,0.1,2.9200332118050425,"[1.2700425053309456, 0.3808910665053069, 0.19751950326624496, 0.13203631127589702]"
345,,"[0.19236707016550114, 0.0, 0.0, 0.0]",1,0.13885539958062307,1.0344072314374342,5.720580829858204,0.05,5.092981338352915,"[1.2971226727247125, 0.38972362567076696, 0.20310416263058392, 0.13452479890983446]"
346,,"[0.13558643454001953, 0.0, 0.1839064473488657, 0.0]",2,0.22961718738327275,1.047771684462623,3.3613756703648665,0.2,9.23960002100917,"[1.2973148081431845, 0.391553873424122, 0.20449196737240347, 0.1381613107096848]"
347,,"[0.0, 0.0, 0.23265839789375167, 0.0]",1,0.20093647710079243,1.5752358631771326,1.8425180780020034,0.0,3.740618037919698,"[1.282337009146446, 0.3870750628603347, 0.2020326847620508, 0.1374588711626704]"
348,,"[0.0, 0.22177318345588276, 0.28902747493757647, 0.0]",2,0.09104979832789138,1.3366613068563284,2.7443066966422207,0.1,1.7311793415210892,"[1.3042282568808092, 0.3928360383877228, 0.20654350044827555, 0.14523912130288272]"
349,,"[0.0, 0.0, 0.10713163547190571, 0.1449364915209584]",2,0.07370384915720206,0.9304922563993634,6.055197490521705,0.0,4.354858486589672,"[1.2779151063745315, 0.3878006927207913, 0.20302228398986555, 0.1354208133263276]"
350,,"[0.0, 0.0, 0.0, 0.0]",0,0.2257608919757892,1.2966220151251433,2.035071261895603,0.0,5.035342532708906,"[1.2700425053309454, 0.38089106650530663, 0.19751950326624493, 0.1320363112758969]"
351,,"[0.0, 0.21514600337796233, 0.12221815577424426, 0.0]",2,0.2486494798171084,0.6090142218864322,5.280535912111301,0.1,13.979641127611206,"[1.2929518534318776, 0.3875789041427414, 0.20293635206377328, 0.14042444182687563]"
352,,"[0.2740934161709303, 0.0, 0.0, 0.09760353593870093]",2,0.22086651775242136,0.7018728842336197,0.9832384209229892,0.05,26.06649443775281,"[1.3133318417962914, 0.3972376014374697, 0.20833930229311642, 0.13659481968890896]"
353,,"[0.3083074791879139, 0.333530235408483, 0.0, 0.0]",2,0.20409662277637114,1.9701218448918543,2.1238061930849104,0.05,4.349745891833733,"[1.3488078663153376, 0.4025989696815128, 0.21478883858472225, 0.14493818270487266]"
354,,"[0.055235397252409495, 0.0, 0.0, 0.0]",1,0.19235140975863202,1.1021217336808484,0.2994472040859934,0.2,6.9012149566401195,"[1.2770485134673388, 0.38315213823074634, 0.19896452939935064, 0.13272672289943618]"
355,,"[0.2408565361820375, 0.0, 0.0, 0.06915313200944792]",2,0.06735095568173459,0.513879146605014,5.534146809352694,0.1,2.4297645690880865,"[1.30666044318497, 0.394352996048964, 0.20638818576656637, 0.13583279881797128]"
356,,"[0.0, 0.0, 0.28529192084686394, 0.09250078162593849]",2,0.08417503551874064,1.499795954636565,3.880984110580229,0.1,1.4014757749733675,"[1.287891295937905, 0.39140696838359845, 0.20571499953290467, 0.13952979878007213]"
357,,"[0.0, 0.0, 0.0, 0.19313235681777258]",1,0.18138697760261732,1.6622959788210774,2.3938165533308373,0.2,3.3199997095305958,"[1.2741509667001951, 0.3871223960479518, 0.2025165277429563, 0.13361333825605656]"
358,,"[0.0, 0.09510702431172964, 0.0, 0.0]",1,0.1572687804708606,1.6787285080957537,4.292434709324716,0.0,2.912591653147387,"[1.2766903288996079, 0.3824514742049684, 0.19888660719411566, 0.1343172900523265]"
359,,"[0.0, 0.0, 0.0, 0.33596427739346046]",1,0.1501439494554547,0.640789805559093,4.707211641165195,0.2,11.135826791527519,"[1.2783476927044097, 0.39402830374522096, 0.2075342751886218, 0.1349181576679403]"
360,,"[0.0, 0.32457940851264694, 0.0, 0.05326297797597562]",2,0.05252329973265966,1.2710875606773409,5.7014078179720755,0.0,1.142746859190754,"[1.3009045715167822, 0.38846812798833297, 0.2045324781940796, 0.1418484312181055]"
361,,"[0.22838212334410202, 0.0, 0.0, 0.0]",1,0.2292930076867747,1.0734264337595798,3.792856274383563,0.1,7.212491047551599,"[1.3031956566140106, 0.3917343890965524, 0.20434509474292914, 0.1350173033570612]"
362,,"[0.0, 0.0, 0.0, 0.0]",0,0.11785201375477133,1.5942990553971397,4.180387167744159,0.1,1.9985966292558135,"[1.2700425053309452, 0.38089106650530663, 0.19751950326624504, 0.13203631127589696]"
363,,"[0.0, 0.0, 0.0, 0.0]",0,0.1324948847275864,1.998760366819905,5.019273243481821,0.05,2.7893451806121683,"[1.2700425053309456, 0.3808910665053068, 0.1975195032662451, 0.1320363112758969]"
364,,"[0.0, 0.0, 0.0, 0.0]",0,0.17764353770122146,1.0629900720739651,1.3008683880818046,0.1,5.456884361162825,"[1.2700425053309456, 0.3808910665053069, 0.19751950326624512, 0.13203631127589693]"
365,,"[0.0, 0.0, 0.13516191278371154, 0.2711674133057485]",2,0.1705979596435152,0.5910942054028896,0.007225178991654292,0.05,7.706537399176568,"[1.2826585611202521, 0.3936867677784347, 0.2076697580350086, 0.13707665391452464]"
366,,"[0.0, 0.0, 0.0, 0.24604646321396337]",1,0.17441367067521407,1.0729440651294793,4.498545242251866,0.1,5.426105398424719,"[1.2755567642606067, 0.38937915542185253, 0.20421534398219882, 0.1340822044600764]"
367,,"[0.0, 0.0, 0.19059986034748258, 0.0]",1,0.24423561317319284,0.509637848759745,3.452154827021284,0.1,8.102235227038944,"[1.2796408750617017, 0.385766352620284, 0.20106397063875178, 0.13635003275789725]"
368,,"[0.0, 0.11370270103142013, 0.0, 0.148077262060756]",2,0.12062726872661762,0.9647700635999762,2.0698113980661983,0.05,5.646618731954633,"[1.281137983334385, 0.38728929608259294, 0.2027832453602597, 0.13609793033185258]"
369,,"[0.22494932419071936, 0.0, 0.0, 0.0]",1,0.10332029030093537,1.1372463655475762,4.896602189704352,0.0,2.545487440894262,"[1.3025995877297194, 0.39153664487025647, 0.2042237002454919, 0.13496999245500682]"
370,,"[0.0, 0.2970574934670391, 0.2575598226920123, 0.0]",2,0.2040277606541644,0.6846997915477038,1.378154427979843,0.0,19.482441678009128,"[1.310346634392669, 0.3933035057514928, 0.20721249909189765, 0.1468865537772903]"
371,,"[0.0, 0.0, 0.0, 0.22774107033003385]",1,0.23488175648953893,1.7463856612134543,2.61205407413697,0.0,4.1366246777576094,"[1.275053173053335, 0.3885638585520831, 0.2036083466279768, 0.13391811434163908]"
372,,"[0.0, 0.09751256509927225, 0.0, 0.0]",1,0.07859297425442802,0.7168736756342704,4.439264760835779,0.1,9.30347785667524,"[1.2768756631557865, 0.38249302222723663, 0.19892412533033074, 0.1343789469243658]"
373,,"[0.0, 0.0, 0.0, 0.0]",0,0.2299666478367386,1.7220696708426293,0.6995086286605445,0.1,3.9403409358192185,"[1.270042505330945, 0.38089106650530674, 0.19751950326624496, 0.132036311275897]"
374,,"[0.0, 0.0, 0.0, 0.0]",0,0.11899906580417204,1.9459947422721577,0.4766486313506918,0.1,2.1364357703068064,"[1.2700425053309452, 0.3808910665053066, 0.19751950326624504, 0.13203631127589693]"
375,,"[0.3157841936680858, 0.0, 0.0, 0.0]",1,0.06686488599497016,1.4466697847331513,2.1264205963137077,0.05,1.2711621274470968,"[1.3197957388622792, 0.39726811666304285, 0.20767871403075144, 0.13624804539358973]"
376,,"[0.0, 0.286745776945775, 0.0, 0.0]",1,0.23532772912660546,1.194412556911819,4.77278589965956,0.0,5.287845023511903,"[1.2951337706831916, 0.3861611798275216, 0.20250862276703227, 0.13996928464008815]"
377,,"[0.0, 0.2848013913474232, 0.0, 0.0]",1,0.23242035829438762,0.859923324879901,5.607864131403812,0.2,23.575170981535614,"[1.2948998322292746, 0.3861187937404184, 0.20246377413185987, 0.13990343803810254]"
378,,"[0.2992531651252212, 0.0, 0.31244890778721807, 0.0]",2,0.16511953869598792,1.2450460735256041,1.2800258841756256,0.1,3.3582026111056367,"[1.3338443261622572, 0.40549093210242865, 0.21270687969914337, 0.14491201643114038]"
379,,"[0.0, 0.0, 0.13697955377548315, 0.0]",1,0.1954383437718413,0.9691837119573106,3.323976547872286,0.1,10.059168183654583,"[1.2765528398972577, 0.38423687308587173, 0.199941006636041, 0.1350252536886376]"
380,,"[0.2227621247450785, 0.0, 0.12084854492697572, 0.0]",2,0.24322723278475047,0.9064188573270413,2.4147916012809016,0.0,13.92721579383696,"[1.3076983288760469, 0.39438566787783896, 0.2060635870523929, 0.13780948370340249]"
381,,"[0.0, 0.0, 0.2682773806271852, 0.0]",1,0.13347321591516823,0.5509299772428333,0.003726947784518855,0.2,5.228320982047631,"[1.2848411141733347, 0.3882700447459947, 0.20292329239496604, 0.13844965659239508]"
382,,"[0.0, 0.0, 0.0, 0.2038698586303861]",1,0.07570207461383556,1.2749974476170345,4.9850905104290275,0.0,1.7207727226540728,"[1.274424235484022, 0.38755636109328895, 0.20284774512309198, 0.13370713976442833]"
383,,"[0.0, 0.0, 0.0, 0.0]",0,0.1236946545861424,0.6593817518815714,6.194232627242226,0.2,8.834570527340196,"[1.2700425053309452, 0.38089106650530674, 0.19751950326624496, 0.13203631127589702]"
384,,"[0.06674910699949102, 0.0, 0.0, 0.0]",1,0.19800272316481718,1.4765668012932496,4.157698566330028,0.2,3.3446962660332433,"[1.278577559265401, 0.3836480187069514, 0.19928041067467367, 0.13287305168035182]"
385,,"[0.0, 0.0, 0.26529603846733074, 0.0]",1,0.19827998738150998,1.077139450095189,1.8563760055530922,0.05,6.202279732968268,"[1.2846229941881073, 0.38816670443135015, 0.2028460521382914, 0.13836482873036435]"
386,,"[0.0, 0.0, 0.0, 0.0]",0,0.1929581753291676,0.5733601198176159,4.590711419368618,0.1,9.237431097201721,"[1.2700425053309454, 0.3808910665053066, 0.19751950326624496, 0.132036311275897]"
387,,"[0.0, 0.0, 0.24138718860204453, 0.252885507335043]",2,0.20524581127740554,1.8898266922508256,0.504540930133157,0.0,3.5751427847788166,"[1.288581963520479, 0.3958377531027371, 0.20956126552215007, 0.13947589791733717]"
388,,"[0.25915002434380263, 0.0, 0.0, 0.0]",1,0.17766337623275033,0.5458600507941742,5.410973357349172,0.05,7.4738210270686904,"[1.3087135430490169, 0.39356850420536216, 0.20546394545961136, 0.13544481247411114]"
389,,"[0.18701877038302683, 0.0, 0.0, 0.0]",1,0.09782088136259047,0.5719116937891846,5.954183374713984,0.0,3.989565226637734,"[1.296253420114002, 0.3894365694201329, 0.20292587034870874, 0.13445238678029742]"
390,,"[0.0, 0.0, 0.08288289261977981, 0.20617447141144915]",2,0.09397435629596136,0.6857506690737596,1.069860410456172,0.0,7.735864832861289,"[1.2781970316309152, 0.3895194555176591, 0.20439652560486482, 0.13539392535810355]"
391,,"[0.2431195140604844, 0.0, 0.0, 0.3481329779189738]",2,0.08691434775960075,1.8620591418740657,2.6064528988204896,0.1,1.5524696579243864,"[1.3141695006488778, 0.4061079459610601, 0.21545531973153254, 0.1388249831563111]"
392,,"[0.0, 0.15689460767040347, 0.0, 0.0]",1,0.19225794826358955,1.145367928012629,3.9131887676458645,0.0,5.02907653143434,"[1.2817676985088167, 0.3835549921881069, 0.19990462052119012, 0.13596954439877942]"
393,,"[0.3467945193174929, 0.33164353635015903, 0.0, 0.0]",2,0.1143011691599971,1.0418278174159599,2.222674681035206,0.1,3.4948185932631954,"[1.3566714208105588, 0.405228835796675, 0.21653181848451217, 0.1453186586271855]"
394,,"[0.0, 0.312060455419011, 0.0, 0.1345299580537492]",2,0.06340355763094163,0.9925662888631293,0.0562750270903257,0.0,2.6690194979041766,"[1.3009111267925124, 0.390747998097587, 0.2061449371700251, 0.142274375849658]"
395,,"[0.0, 0.0, 0.20889792951837874, 0.0]",1,0.13363269810556902,0.9449865405476241,5.528075106825806,0.0,6.982103414807879,"[1.2807816777124157, 0.38632300834372374, 0.20147514058240165, 0.1368245952189337]"
396,,"[0.0792262121317287, 0.06530155927255506, 0.0, 0.0]",2,0.08669650544122327,0.610518027630013,0.9616600516699316,0.05,4.618858626332602,"[1.2846722841886604, 0.38523832051737666, 0.20057972017146797, 0.13454090722623083]"
397,,"[0.0, 0.0, 0.0, 0.0]",0,0.07636591640022204,0.9410140544330151,0.905090881479545,0.2,4.6273914090906,"[1.2700425053309454, 0.38089106650530663, 0.1975195032662449, 0.132036311275897]"
398,,"[0.0, 0.0, 0.12085935617811779, 0.0]",1,0.10768610145753404,1.972263225634086,1.0890890366346142,0.05,1.9786748709019335,"[1.275691631857185, 0.3838041074600201, 0.19962508948296492, 0.1346452141880433]"
399,,"[0.0, 0.0, 0.0, 0.0]",0,0.20961281013735703,0.5508101439312747,5.426811472392956,0.0,8.231977949847487,"[1.2700425053309452, 0.38089106650530674, 0.19751950326624504, 0.13203631127589696]"
400,,"[0.0, 0.0, 0.0, 0.0]",0,0.06915335713205338,0.921445535072325,0.42460297153532056,0.05,4.486732007377578,"[1.2700425053309454, 0.38089106650530663, 0.19751950326624498, 0.13203631127589696]"
401,,"[0.0, 0.0, 0.0, 0.0]",0,0.0897797060462295,0.8309829475571321,3.4532563291493457,0.05,13.512280083727214,"[1.2700425053309454, 0.38089106650530663, 0.19751950326624493, 0.132036311275897]"
402,,"[0.0, 0.15902407598643054, 0.26347080021168295, 0.0]",2,0.2372148976097128,0.6302789574836709,5.779346366293396,0.1,14.219095198373221,"[1.296375298666794, 0.39074691031167313, 0.20491035388205767, 0.14251016614946685]"
403,,"[0.0, 0.06599091825772167, 0.0, 0.0]",1,0.07081806747561215,1.293373912347095,2.0860771445140003,0.2,1.6487654674557342,"[1.2745189263959134, 0.3819570953086398, 0.19844479189048717, 0.13358717608963486]"
404,,"[0.3012274074337242, 0.0, 0.0, 0.09720043484457908]",2,0.07360852149772838,0.7820965872003129,1.3890321572533904,0.2,16.53079550920047,"[1.318620063099313, 0.3989861980013008, 0.2093909893419765, 0.1369950267364109]"
405,,"[0.15094131227244983, 0.0, 0.0, 0.0]",1,0.15922330564423826,1.831929249898275,2.762236999986375,0.05,2.6551257904739973,"[1.290591581837157, 0.3875719209165081, 0.20176138731244497, 0.13396880544705944]"
406,,"[0.0, 0.0, 0.34821294782156376, 0.0]",1,0.22783823040134163,1.4637180495299176,2.4838880872240017,0.0,4.110304717444136,"[1.2913690145086214, 0.39130198633497504, 0.20520671702758414, 0.140862077072234]"
407,,"[0.0, 0.0, 0.0, 0.0]",0,0.11791582288020162,1.1012757663617476,1.496564575280699,0.1,3.254224599998918,"[1.2700425053309456, 0.38089106650530663, 0.19751950326624493, 0.13203631127589696]"
408,,"[0.0, 0.06337607719437606, 0.0, 0.24670963744472824]",2,0.145179484964858,1.8834915589672816,2.7268591737125294,0.0,2.5851676837804627,"[1.2798325519212066, 0.3904157847163465, 0.20506181549637034, 0.13567274398585377]"
409,,"[0.0752981086063182, 0.0, 0.08822028638750126, 0.0]",2,0.1269504862941445,0.9051641559019966,0.19105269253320237,0.05,8.516976640572544,"[1.283683039779063, 0.38610655331074584, 0.20096835509223968, 0.13490503413657548]"
410,,"[0.0, 0.0, 0.0, 0.15079384264822335]",1,0.20198218104909715,1.2698345562462574,4.9654509114687855,0.05,4.63766962618942,"[1.2731268729913503, 0.3855169847404155, 0.20127227357767286, 0.13324999018663092]"
411,,"[0.0, 0.337912262000299, 0.0, 0.0]",1,0.14175884287975457,1.6567556752456503,4.622720144025229,0.1,2.4810110128513436,"[1.3017559563934158, 0.3873199508759564, 0.20377003173145602, 0.14177498398185046]"
412,,"[0.0, 0.0, 0.0, 0.1269580533168478]",1,0.07003732313284508,1.3944076122749836,0.6588465790181363,0.2,1.3854099559814408,"[1.2725848114707166, 0.3846808773539938, 0.20061239999775032, 0.13304992349982425]"
413,,"[0.1415433251223811, 0.0, 0.0, 0.0]",1,0.2148562619476161,0.5176432151668562,4.680820756736375,0.0,8.746091072130735,"[1.2891712872855676, 0.3871056242444676, 0.2014685711016004, 0.1338442262153349]"
414,,"[0.0, 0.0, 0.0, 0.2982214115382931]",1,0.2485069782725497,1.104386614868543,4.251883494886137,0.1,6.883802224462304,"[1.2771060433421861, 0.3919334828066803, 0.2060684551962601, 0.13456111987888789]"
415,,"[0.0, 0.0, 0.26318802539825764, 0.0]",1,0.11697859379011832,1.4788142940930011,3.1058666804510384,0.2,2.26735061089229,"[1.284469745807661, 0.3880940151022186, 0.20279174628006386, 0.13830506256451672]"
416,,"[0.29448801894773496, 0.0, 0.0, 0.2818377247007637]",2,0.2069973539296,1.7945427454194138,4.810907509985364,0.0,3.541667033736494,"[1.3216951459246482, 0.4056904824118763, 0.21481377398957746, 0.1389042014447683]"
417,,"[0.0, 0.0, 0.20929040319583206, 0.0]",1,0.11990102747227778,1.8619236589179977,5.873414704529058,0.05,2.049618676011155,"[1.2808066742401114, 0.3863351569552912, 0.20148412852765382, 0.13683490473226292]"
418,,"[0.0, 0.0, 0.08953212156958992, 0.0]",1,0.22547530982964714,1.3338182626623527,3.1764483714793297,0.2,4.664303042070033,"[1.2740973362813048, 0.38299538545141526, 0.19903689373996175, 0.13392938094096288]"
419,,"[0.0, 0.0725551686186696, 0.0, 0.0]",1,0.1163876314380631,1.5673635957236098,0.4389959915584531,0.1,2.0296766129037582,"[1.2749971838438694, 0.3820672048424801, 0.19854246846598458, 0.13374921493505604]"
420,,"[0.0, 0.053411093941617985, 0.05309340486042344, 0.0]",2,0.05205068057284288,1.1655331255938928,4.770183707757523,0.0,1.230592255728432,"[1.2759401409620896, 0.3829563827602762, 0.19911808944731224, 0.13438611517155774]"
421,,"[0.0, 0.12478701440558726, 0.0, 0.2004034450582845]",2,0.17450864064301044,1.1275475213457555,1.877778904806225,0.05,4.800376569850603,"[1.2832881096216031, 0.389472986224412, 0.20446968123349735, 0.1368991079597828]"
422,,"[0.0, 0.0, 0.0, 0.0]",0,0.1849677081192224,1.8949283322391368,2.873901924139367,0.0,3.3174568955553894,"[1.2700425053309448, 0.38089106650530663, 0.19751950326624498, 0.13203631127589696]"
423,,"[0.1837587172595087, 0.0, 0.0, 0.0]",1,0.19182484551475468,0.8540407920630307,2.0354281690093368,0.05,17.587290581527526,"[1.2957274955844533, 0.3892629886970555, 0.2028179271723149, 0.13440833985473719]"
424,,"[0.09131227143873362, 0.1098624355480642, 0.0, 0.0]",2,0.07019997304523005,1.2058030693219006,4.720733498848791,0.1,1.6127691155350772,"[1.2896892779737792, 0.38652847354727027, 0.20164713020724379, 0.13579820148863495]"
425,,"[0.0, 0.0, 0.0, 0.0]",0,0.18328954632800587,1.6148896813165754,0.19068146275859987,0.05,3.208567713157383,"[1.270042505330945, 0.38089106650530663, 0.19751950326624498, 0.13203631127589702]"
426,,"[0.0, 0.0, 0.08387290211534484, 0.09181319342717661]",2,0.2115141061202767,1.1104471045950863,1.3498109486667025,0.2,6.150154614267141,"[1.2755965257367792, 0.38546254165667604, 0.2011352816848253, 0.13449347768007208]"
427,,"[0.0, 0.11575262313929346, 0.19679962940252382, 0.0]",2,0.16275961728441102,1.5342320212621423,3.5314821436081587,0.0,2.8819194030778617,"[1.2882802705070975, 0.3878374333655681, 0.20274638699621275, 0.1394219407681811]"
428,,"[0.0, 0.0, 0.0, 0.0]",0,0.1634493315686808,1.718908293683807,2.522220929245338,0.1,3.10142705462652,"[1.2700425053309456, 0.38089106650530646, 0.19751950326624493, 0.13203631127589696]"
429,,"[0.0, 0.0, 0.0, 0.0]",0,0.1490007003934666,0.7300868186257519,5.029532359515563,0.0,18.161003855030344,"[1.2700425053309456, 0.3808910665053066, 0.197519503266245, 0.13203631127589693]"
430,,"[0.0, 0.0, 0.2805246965360299, 0.24851974468862048]",2,0.06989473403391351,1.1333036107025993,0.8176509077302487,0.0,1.76307393909617,"[1.2912741607706086, 0.39691150607646214, 0.21049741186798981, 0.14048025373363585]"
431,,"[0.0, 0.0, 0.11047464320462738, 0.0]",1,0.14408907139370722,0.6024290372171306,0.1613698701898809,0.05,6.689221926983727,"[1.2751518596170024, 0.38353141979389943, 0.19942644406356358, 0.1344046492205374]"
432,,"[0.0, 0.0, 0.0, 0.0]",0,0.22664718946260648,1.4827550427945655,3.2058697996186893,0.05,4.20818525818503,"[1.2700425053309454, 0.38089106650530696, 0.19751950326624504, 0.13203631127589693]"
433,,"[0.0, 0.0, 0.0, 0.0]",0,0.16118303390852795,1.7705135749548546,1.7484845464414431,0.0,2.892773310011644,"[1.2700425053309456, 0.38089106650530663, 0.19751950326624496, 0.13203631127589702]"
434,,"[0.0, 0.0, 0.2128851642347943, 0.112711185445851]",2,0.06903206422787127,1.96545572335161,1.640500940471392,0.2,1.4502673143694191,"[1.2832434848703906, 0.38965521434215056, 0.20440463174906978, 0.1377049548479686]"
435,,"[0.0, 0.0, 0.23885362406451177, 0.0]",1,0.15633380916611236,0.8555383411096144,0.1113493971441229,0.0,15.416237198619509,"[1.28275711578373, 0.38727687954223405, 0.20218269730344074, 0.13762769627189586]"
436,,"[0.12930234948488123, 0.0, 0.0848569149821253, 0.0]",2,0.11566789402245015,0.8153238601584083,5.48667286236604,0.0,17.0865096863799,"[1.2911160194648688, 0.38851870211467904, 0.20245374805840186, 0.1355705467359485]"
437,,"[0.0, 0.2862284794059946, 0.0, 0.1232890318352802]",2,0.16749987352584805,0.6185902646468173,5.698715640462397,0.2,10.181231726408456,"[1.2974560357600802, 0.3897919328826117, 0.20527786753897698, 0.14121848881415988]"
438,,"[0.0, 0.1723370734755762, 0.0, 0.2509075981726657]",2,0.16213610460408856,1.7829326822281,3.87475068461694,0.0,3.1666728807390094,"[1.2887061266559838, 0.39251420317190333, 0.20682738461893233, 0.13880695953345945]"
439,,"[0.1307419166571626, 0.26461269981110513, 0.0, 0.0]",2,0.1914979244476372,1.8958255112692164,4.123646132289656,0.05,3.317193904858877,"[1.3099062514933095, 0.3912511495206135, 0.20596991209592605, 0.1406767845332036]"
440,,"[0.0, 0.0, 0.0, 0.08779773323719162]",1,0.07518556364448808,0.7042103802728785,0.8970897142055426,0.05,7.157069875186431,"[1.2717425255950157, 0.3834009352672023, 0.19958647354872974, 0.13272807831034378]"
441,,"[0.3239753910739965, 0.0, 0.0, 0.07842768523441362]",2,0.16634515521213541,1.131427907323467,1.4492558360202006,0.05,3.7901666100695084,"[1.3229316711920964, 0.3999795076861615, 0.20984405416514362, 0.137144682059646]"
442,,"[0.0, 0.0, 0.0, 0.0]",0,0.18793446049560433,0.6639074006082866,1.9874835243294424,0.0,12.908440265586258,"[1.270042505330945, 0.38089106650530663, 0.19751950326624498, 0.13203631127589696]"
443,,"[0.3245087716253276, 0.06906313226087497, 0.0, 0.0]",2,0.20635446080942743,0.6800732157208179,5.681059938684941,0.1,21.276504124492345,"[1.3262419732427444, 0.3989307702486469, 0.20919176812768223, 0.13787355392580852]"
444,,"[0.0, 0.0, 0.0, 0.20559945048329886]",1,0.07353241550185463,0.877029107471238,6.2289071871304165,0.2,6.869076780078273,"[1.274468798234356, 0.38762734818046085, 0.20290171829452827, 0.1337223125940166]"
445,,"[0.09882007080225967, 0.19330888125356993, 0.0, 0.0]",2,0.22136296593174354,0.667696198484899,1.9944968700373462,0.1,18.003033548143627,"[1.2979581860648077, 0.3883737101994737, 0.20339721515208992, 0.1381535750293103]"
446,,"[0.0, 0.0, 0.0, 0.0]",0,0.19552767105915486,1.836882172542739,0.5784003596945185,0.1,3.7093905014452306,"[1.2700425053309456, 0.38089106650530674, 0.19751950326624493, 0.13203631127589696]"
447,,"[0.0, 0.08979477392493461, 0.1128900766119725, 0.0]",2,0.12529667545100984,1.171321746985326,0.9584243314730598,0.2,3.041236567315498,"[1.2815144079297252, 0.3850463268486787, 0.20069790771316925, 0.1366425267770932]"
448,,"[0.0, 0.16518396426999224, 0.17202350486994505, 0.0]",2,0.22089154186174145,0.5409722879309564,1.7011906360864524,0.1,9.75095396783073,"[1.2909752816989246, 0.3879934870041793, 0.20300078002377525, 0.14016988399450428]"
449,,"[0.0, 0.0, 0.0, 0.0]",0,0.0894639872030799,1.4448748233555915,4.70063430959929,0.2,1.5805223542895819,"[1.270042505330946, 0.38089106650530674, 0.19751950326624504, 0.13203631127589693]"
450,,"[0.2014620203300945, 0.0, 0.0, 0.11613484530732314]",2,0.1601759339177816,1.1321585780361962,2.4884162119661446,0.05,4.550970913619641,"[1.300849290648178, 0.3935730001403995, 0.2062061321763894, 0.13571531576753326]"
451,,"[0.0, 0.22937574878875272, 0.0, 0.0]",1,0.0871530151488109,1.3242096896337556,0.05975887102932462,0.2,1.8914615946288276,"[1.288702552309989, 0.38495628082011735, 0.2012671737280332, 0.1381061266246693]"
452,,"[0.08069642507911057, 0.0, 0.0, 0.1281606243285368]",2,0.23786115350727333,1.692595433119414,0.12764481598136734,0.0,4.158200731232297,"[1.2830026542260318, 0.38806350952069546, 0.20279161604536564, 0.13413467953243574]"
453,,"[0.0, 0.0, 0.0, 0.0]",0,0.24569514182562957,1.996546135603971,5.415023633830244,0.05,4.967809584579249,"[1.2700425053309454, 0.38089106650530663, 0.19751950326624496, 0.13203631127589696]"
454,,"[0.0, 0.3219034844413809, 0.0, 0.0]",1,0.08479908050442023,1.620658740018592,4.043730661747217,0.05,1.3902679479157487,"[1.299582417299034, 0.38694807430976746, 0.20335764082365765, 0.14119456191665253]"
455,,"[0.0, 0.0, 0.0, 0.0]",0,0.22196977154895056,0.5518484714188979,0.5005829579509731,0.05,8.243327335612598,"[1.2700425053309452, 0.38089106650530663, 0.19751950326624515, 0.132036311275897]"
456,,"[0.0, 0.0, 0.0, 0.0]",0,0.1852662930099607,1.3292529736879464,1.4870228410090778,0.0,3.547497341753546,"[1.2700425053309454, 0.38089106650530663, 0.197519503266245, 0.132036311275897]"
457,,"[0.0, 0.0, 0.0, 0.0]",0,0.18075578542765106,0.775434763425618,2.9023152695811123,0.05,45.9676399418381,"[1.270042505330945, 0.38089106650530674, 0.19751950326624496, 0.1320363112758969]"
458,,"[0.0, 0.10942561363070506, 0.0, 0.2543219290638078]",2,0.13088093234078282,1.9299920158298218,5.9272698660125505,0.1,2.426350980899817,"[1.2834987928489698, 0.39154229174720345, 0.20596864650108565, 0.13699292656725967]"
459,,"[0.0, 0.34511813041835293, 0.0, 0.10383614223533758]",2,0.10879916243356696,0.9900280462163638,3.662804402354641,0.2,4.729544708010903,"[1.304723607718427, 0.39049143858698454, 0.20619800872626365, 0.143176677493934]"
460,,"[0.0, 0.1061454481385943, 0.0, 0.26942134332768686]",2,0.08979758160384546,0.5329900504751279,4.571141991518293,0.05,3.8918292581598104,"[1.283675567498276, 0.39220167659275085, 0.20643935178635178, 0.13705055304984837]"
461,,"[0.0, 0.1207522155431249, 0.0, 0.33895064845367034]",2,0.07285950548612832,1.2608011762281355,0.6882957414950325,0.0,1.5106738053933164,"[1.2870307345930112, 0.3961676540980266, 0.20925100280079187, 0.13818078970640335]"
462,,"[0.0, 0.0, 0.11177745400981315, 0.0]",1,0.10564023725390047,1.6352411780654648,4.500235654047343,0.1,1.9147549800512556,"[1.2752189483580467, 0.3835653738812864, 0.19945116116751915, 0.13443464886188755]"
463,,"[0.0, 0.0, 0.0, 0.0]",0,0.15405094046270174,1.9629636129846362,5.078787813602265,0.2,2.8773134927674784,"[1.2700425053309452, 0.3808910665053068, 0.19751950326624498, 0.13203631127589696]"
464,,"[0.14024790930913894, 0.21670807801494266, 0.0, 0.0]",2,0.08897192492873805,1.0022701090585011,5.108754899847394,0.05,3.252517948635279,"[1.306209822181227, 0.390754962382579, 0.20520108378800636, 0.13932348556484783]"
465,,"[0.0, 0.0, 0.0, 0.14070360897317075]",1,0.2284630051871444,1.0602795654490897,2.870390406909279,0.1,8.580855346170766,"[1.2728945414021138, 0.38515744933098695, 0.20098951784475966, 0.13316490738250705]"
466,,"[0.0, 0.0, 0.0, 0.08386761708417208]",1,0.1017464384782036,0.6372888148130147,6.1285092529229575,0.2,6.559759777761782,"[1.2716610900417473, 0.3832784457019252, 0.19948729324747205, 0.1326962405133205]"
467,,"[0.0, 0.0, 0.0, 0.2609487857337236]",1,0.08729013323417262,0.925735668642653,0.2640804102776534,0.1,5.636646991162307,"[1.2759813520381402, 0.39007235666644735, 0.2047254979055038, 0.13421728666961225]"
468,,"[0.0, 0.0, 0.0, 0.0]",0,0.16776898536795262,1.3946016117572138,4.934647729274848,0.0,3.0872747563450114,"[1.2700425053309452, 0.38089106650530663, 0.197519503266245, 0.13203631127589696]"
469,,"[0.0, 0.1032731703473641, 0.0, 0.22013593727983571]",2,0.21146651462269853,1.5350161105849705,4.463008370206889,0.2,4.033550822802524,"[1.282085557129824, 0.38991638562103237, 0.20475952033593386, 0.13648950156027526]"
470,,"[0.332150575284351, 0.0, 0.0, 0.0]",1,0.1526305504288036,1.9279997880508761,3.46392489944344,0.2,2.9958115938096945,"[1.3232537351049547, 0.39842571899828066, 0.20835931431855503, 0.13648410442286313]"
471,,"[0.1782907989751205, 0.21770101325683106, 0.0, 0.0]",2,0.10897882886540121,1.3030559281996024,2.3451912064049685,0.0,2.1265862412237553,"[1.3121481052404316, 0.39267551730155303, 0.20651589366113696, 0.13980542615794947]"
472,,"[0.05097547668956109, 0.0, 0.21664870048821308, 0.0]",2,0.10123080946852359,0.6946617736551368,6.2601610286812495,0.2,10.292442088783998,"[1.2876566476301252, 0.3886737613883147, 0.20289586103995372, 0.13777862673634383]"
473,,"[0.0, 0.0, 0.24990311425354203, 0.0]",1,0.12347059986807483,0.6585241765534988,5.340480816937316,0.0,8.535404429878676,"[1.2835221483989459, 0.38764299352393533, 0.20245525182812496, 0.13793242690538754]"
474,,"[0.0, 0.0, 0.11435930589359442, 0.1153704886634008]",2,0.1519704388386723,0.671015423176648,4.049652610280626,0.05,11.249916351440895,"[1.2776272247079048, 0.38698256879311455, 0.20234158585792755, 0.13535133552928863]"
475,,"[0.0, 0.0, 0.1515532861702398, 0.0]",1,0.06269206114800008,1.7961193916708666,1.5891510078498101,0.05,1.1226294093509683,"[1.277356974859588, 0.38463845443138955, 0.20023488210451854, 0.13537592457708997]"
476,,"[0.0, 0.23335856675678177, 0.0, 0.18985211627707926]",2,0.10944912440263772,1.7909989873737453,1.7255275260277299,0.2,1.9411872850762895,"[1.2930494719357448, 0.3911030975753659, 0.20600234820003763, 0.14011754724098216]"
477,,"[0.0, 0.1556435597414393, 0.0, 0.3221149535371839]",2,0.22355359608548908,0.7844476049453195,4.9447877598759105,0.0,57.13025080337462,"[1.2893787516413295, 0.395821016308756, 0.20911034165895254, 0.13904725742772]"
478,,"[0.0, 0.0, 0.0, 0.2923648015716229]",1,0.2216391375529469,1.1528561192643825,3.1878940148736374,0.05,6.2678964768773415,"[1.2769230263509546, 0.3916282173533873, 0.20585082881706665, 0.1345065227551036]"
479,,"[0.0, 0.0, 0.18364643747932877, 0.0]",1,0.08917065083742533,1.954840518016224,0.9230501619142836,0.05,1.7895089653251202,"[1.2792196061330325, 0.38555968218170067, 0.2009116471086348, 0.13617277618914225]"
480,,"[0.0, 0.0, 0.0, 0.0]",0,0.2091241530941325,1.778518134098356,1.088393628943136,0.0,3.9118552150088552,"[1.2700425053309456, 0.38089106650530663, 0.19751950326624496, 0.13203631127589696]"
481,,"[0.1454407532293456, 0.0, 0.0, 0.10049892301620532]",2,0.061461871011282754,1.9387146592449824,2.2502721503776955,0.1,1.0562670637541947,"[1.2916808869110528, 0.3901699812962454, 0.20397558062667032, 0.13477704760660686]"
482,,"[0.0, 0.26193898153735223, 0.0, 0.0]",1,0.11825507228863182,1.5830612719202906,2.1305791626838717,0.2,2.1696587982261666,"[1.2922367671939772, 0.3856288123869384, 0.20195166726112387, 0.13914371014685306]"
483,,"[0.0, 0.0, 0.32513965292200303, 0.0]",1,0.06369313105431962,1.6897076034011649,5.876625602157635,0.05,1.1809224833122305,"[1.2893386818238062, 0.39037106128608207, 0.20450224496935362, 0.14013750213670098]"
484,,"[0.0, 0.0, 0.12113300478883694, 0.08249662577845465]",2,0.20352137469636786,1.1763687640236566,2.502612175341858,0.05,5.7045116837757535,"[1.2772870209216982, 0.3861197014885488, 0.20160769800087025, 0.13525488018561702]"
485,,"[0.0, 0.0, 0.10437880000698452, 0.0]",1,0.15877158118203816,1.686467323170209,0.24717536974102608,0.1,2.9054219151763965,"[1.2748403042422185, 0.3833735085587004, 0.19931155695519875, 0.13426496195886975]"
486,,"[0.0, 0.0, 0.0, 0.0]",0,0.13779909545153543,0.7899718978482654,3.6347802246264647,0.0,36.885384908003616,"[1.2700425053309454, 0.38089106650530624, 0.19751950326624498, 0.13203631127589688]"
487,,"[0.3497213816204786, 0.2210615350393093, 0.0, 0.0]",2,0.1824258052615934,1.3357482066097974,0.3845493766902236,0.0,3.249470786310347,"[1.3445586406194756, 0.40331299953149696, 0.2135028694758687, 0.14203012797628817]"
488,,"[0.0, 0.24152316717173397, 0.0, 0.3417916101864337]",2,0.11932745977519768,1.6210239399219706,3.83278124460264,0.05,2.0985051302144817,"[1.298281634115884, 0.39860573232644264, 0.2113057707647953, 0.14210414731995455]"
489,,"[0.0, 0.0, 0.0, 0.0]",0,0.21064686475777608,1.8380561992902213,3.858395631443228,0.05,3.5862241210676236,"[1.2700425053309454, 0.3808910665053066, 0.19751950326624498, 0.132036311275897]"
490,,"[0.0, 0.2018852711592716, 0.0, 0.0]",1,0.1763446665756235,1.926370533074285,0.5353576583255146,0.0,2.985225793107708,"[1.2859319234438424, 0.38441004868723877, 0.20072617243587698, 0.13726876708831098]"
491,,"[0.0, 0.0, 0.05324066958436017, 0.21524868732574973]",2,0.12424443773699644,1.6538288640601713,5.961656311720521,0.1,2.2947866144163207,"[1.277037465061025, 0.3892002215457106, 0.20413293181305467, 0.13485548708309408]"
492,,"[0.0, 0.16458309017340456, 0.0, 0.11923678115934049]",2,0.1735915619122633,0.5760031951417142,0.36131652895287525,0.0,7.119113866955546,"[1.2847836184216328, 0.3872109326660845, 0.20283097437928904, 0.13726768794852764]"
493,,"[0.0, 0.31713510163000524, 0.0, 0.14308852121325172]",2,0.1977391151654157,1.274842331828487,4.879667798825777,0.05,4.2435495520694735,"[1.3017567437087592, 0.3911612707663162, 0.206482381446561, 0.14255887096695358]"
494,,"[0.1581781452445149, 0.0, 0.0, 0.0]",1,0.12783368811850615,1.564151600917671,5.788746878616033,0.0,2.223722675953983,"[1.2917001629367661, 0.38793629717897116, 0.20198977008430763, 0.1340651275778091]"
495,,"[0.12033110215795714, 0.27973872392912963, 0.0, 0.0]",2,0.22929363130875782,1.368516134207935,4.0306411444227015,0.0,3.851240713516826,"[1.3101408483874382, 0.3910768669934206, 0.205991266971136, 0.14104501005297884]"
496,,"[0.21665523611583706, 0.0, 0.0, 0.0]",1,0.21774545179107171,1.4445081624005365,1.9549218462466385,0.1,4.161075731061539,"[1.3011748071055875, 0.3910643059664863, 0.2039331526584199, 0.13485600307634907]"
497,,"[0.11192405678310435, 0.0, 0.13486754627356648, 0.0]",2,0.06053354278081198,0.6818767614421675,3.682174111210128,0.05,5.17737073777633,"[1.2911372823810179, 0.38900688907508985, 0.20284557491739538, 0.13653722703332596]"
498,,"[0.0, 0.0, 0.08444487180711739, 0.17293559120954347]",2,0.179380576017944,0.7680615194194291,0.3160040927567199,0.0,44.14793977659425,"[1.2774439462539307, 0.38825617750851743, 0.2034022163826267, 0.13515197687803612]"
499,,"[0.0, 0.0, 0.0, 0.0]",0,0.15660150544731077,1.4602289039817522,5.919447632282602,0.05,2.9840756187586717,"[1.2700425053309456, 0.38089106650530663, 0.19751950326624493, 0.13203631127589696]"
500,,"[0.0, 0.0, 0.0, 0.2038777403674283]",1,0.08503932819551044,1.6351091202305148,0.5476601659830932,0.2,1.6816106271186184,"[1.2744244382092225, 0.3875566838894524, 0.20284799068408857, 0.13370720886694773]"
501,,"[0.0, 0.0, 0.2888709473055975, 0.27573419268770205]",2,0.10906250776739068,1.9340937128512412,2.4103397851600947,0.2,2.170437115930981,"[1.2926944164270238, 0.39842909070896143, 0.2117615185880943, 0.1409085594785324]"
502,,"[0.0, 0.07132759954348149, 0.29563192892359524, 0.0]",2,0.20457520866492127,1.994456119780092,1.0117766093233131,0.05,4.086099212811203,"[1.2917734130885665, 0.39037319643883645, 0.20451328143902012, 0.14102300365834697]"
503,,"[0.0, 0.2717985868796127, 0.11221402779168473, 0.0]",2,0.23585482465141108,0.6518512206592708,5.899461514392121,0.2,17.844921271008964,"[1.2985457266656326, 0.3884777793616032, 0.2038889708284036, 0.14202100337269072]"
504,,"[0.0, 0.0, 0.0, 0.13189539141630494]",1,0.2421135175587843,1.3140049986384432,6.074306407752534,0.05,5.189456014359969,"[1.2726951844337187, 0.3848503443239856, 0.2007468044945007, 0.1330911034295568]"
505,,"[0.0, 0.0, 0.0, 0.0]",0,0.052789546489941566,1.2997477985186254,1.4851335273034358,0.2,1.1102848350781782,"[1.2700425053309454, 0.38089106650530674, 0.19751950326624504, 0.13203631127589693]"
506,,"[0.11514987106931449, 0.0, 0.2838332460696206, 0.0]",2,0.1873722396336328,1.2564034060598472,3.2780542530884116,0.05,4.2278019444932315,"[1.3010228457509887, 0.3938699964864115, 0.20618979706108392, 0.14073191491838716]"
507,,"[0.14724505393269943, 0.34343957736794184, 0.0, 0.0]",2,0.19954381030683552,1.5109570764216622,3.450625524152465,0.0,3.6006434617728544,"[1.3222551570231995, 0.39373313964304785, 0.20862559458899263, 0.14350381484733257]"
508,,"[0.0, 0.0, 0.0, 0.0]",0,0.08217069014563123,1.7563651241596374,2.7725208990013397,0.1,1.4103723984041618,"[1.2700425053309456, 0.38089106650530663, 0.19751950326624493, 0.13203631127589693]"
509,,"[0.0, 0.0, 0.0, 0.0]",0,0.0668064364469078,1.1724375833364016,1.330760381221851,0.0,1.495810398918461,"[1.2700425053309454, 0.38089106650530663, 0.19751950326624493, 0.1320363112758969]"
510,,"[0.0, 0.0, 0.0, 0.31575493239577457]",1,0.08712065024686216,1.2578902016996611,2.645593029405026,0.1,2.0593258787831425,"[1.2776690338993384, 0.392878245445352, 0.2067354713968556, 0.13472586014596555]"
511,,"[0.22702206159932614, 0.34267209456282677, 0.0, 0.0]",2,0.1458894250357878,1.5281322548617675,2.7379757712085784,0.1,2.5460214349949006,"[1.334924915130247, 0.39784914596601767, 0.2116106526589605, 0.1443386029827736]"
512,,"[0.0, 0.0, 0.0, 0.34068692782051485]",1,0.07068595044076867,0.6513871936925332,5.536207873150035,0.0,4.5529805240982695,"[1.2785111545197532, 0.3943070900290433, 0.20772576121158964, 0.13496347115191806]"
513,,"[0.07204718204256708, 0.2920496678368964, 0.0, 0.0]",2,0.08676509460034383,1.2119827706992623,2.7076783007156764,0.1,2.1859250299434927,"[1.3049266734167606, 0.389190105254522, 0.20475158880748273, 0.14092022848609495]"
514,,"[0.0, 0.31558791533314956, 0.0, 0.0]",1,0.11052626902705259,0.8621289776402105,1.064203266120952,0.05,9.105134652228356,"[1.2987514286115924, 0.38680377104324876, 0.20319957411830167, 0.140969524091102]"
515,,"[0.1531974510146026, 0.25165690288080145, 0.0, 0.0]",2,0.20292370515725303,1.6826442502959984,5.130384222381183,0.05,3.5707843936751327,"[1.3118110748528338, 0.3920723847120612, 0.20642034667948628, 0.14052895254260622]"
516,,"[0.0, 0.0, 0.0, 0.0]",0,0.1256135211365069,0.7434585405935554,4.09805236480585,0.05,19.02214050038703,"[1.2700425053309454, 0.3808910665053066, 0.19751950326624504, 0.13203631127589696]"
517,,"[0.34149129861764516, 0.0, 0.0, 0.0]",1,0.11323385874696837,1.2919095360806891,1.336534709616759,0.05,2.015345106450338,"[1.3252845989028472, 0.3991060685393227, 0.2087564319885052, 0.13661961917724239]"
518,,"[0.0, 0.1900153435079838, 0.0, 0.10441375235248992]",2,0.24263110915244665,0.7163726017682335,2.8187856120765495,0.0,27.521967443451743,"[1.2868030650640996, 0.38720449616399605, 0.20289665682429606, 0.13788282396664356]"
519,,"[0.0, 0.0, 0.06654631580048398, 0.0]",1,0.14429303702297286,0.5974577861516446,0.27454887981440684,0.05,6.676749609073711,"[1.2729893645346142, 0.3824273451546094, 0.19862543399504823, 0.1334224595263648]"
520,,"[0.0, 0.2043031650373052, 0.23700523196883092, 0.0]",2,0.1504906460502977,1.0576367099391706,2.485346491661006,0.1,5.276275157831195,"[1.298723682771287, 0.3907136254055433, 0.2050234332651028, 0.1431247812162233]"
521,,"[0.18829965997410494, 0.0, 0.2757060865359838, 0.0]",2,0.1564486629884931,1.3901323689508027,1.9435806562544382,0.0,2.939872010682863,"[1.3114196342415476, 0.39731488204213083, 0.20809946039701094, 0.14169818408415055]"
522,,"[0.0, 0.0, 0.0, 0.2103754261157227]",1,0.2032954802476133,1.7558480579699043,0.8521703436081476,0.05,3.769752251478764,"[1.2745926513064922, 0.38782496316746673, 0.20305166408586933, 0.13376430140808468]"
523,,"[0.11880472067660694, 0.0, 0.0, 0.0]",1,0.14674647991525527,1.5703039181091982,3.0636432449002973,0.1,2.6711379558521036,"[1.2858216108877285, 0.38600835950706863, 0.20077721930373787, 0.13354517064158158]"
524,,"[0.14299547572090487, 0.0, 0.2355855479161582, 0.0]",2,0.1116155015953803,1.982881032251654,5.349848404985292,0.2,2.3897585172496054,"[1.3016496009791758, 0.39355401032866544, 0.20581635682850408, 0.13973042295596674]"
525,,"[0.0, 0.0, 0.0, 0.0]",0,0.24100796654338769,0.698107683560862,3.459487450739516,0.05,20.988418698692893,"[1.2700425053309454, 0.38089106650530674, 0.19751950326624493, 0.13203631127589696]"
526,,"[0.0, 0.0, 0.3439657648949253, 0.0]",1,0.08700627599081756,1.3009246768174718,0.009698505379789701,0.0,1.792687467876769,"[1.2909853895878785, 0.39112688174810484, 0.2050739966085842, 0.14072691023767014]"
527,,"[0.0, 0.34718546901800007, 0.1372788069659081, 0.0]",2,0.2046200369009422,1.4253205584880129,5.579661189540947,0.1,3.8196551625182,"[1.3095483440517506, 0.3908287121611311, 0.20605437126878332, 0.1453777513253442]"
528,,"[0.30873768503886445, 0.0, 0.2671338879253424, 0.0]",2,0.12004199976259802,1.502667036184087,1.2393643708393505,0.1,2.131811557049944,"[1.332378422999582, 0.40440769275536503, 0.21202172916286002, 0.1435153940842088]"
529,,"[0.0, 0.18092147165797226, 0.0, 0.16881084293016635]",2,0.17949148322104427,1.7204457462427585,3.671300761481917,0.05,3.0380746006079917,"[1.2873862008265238, 0.3892699953647009, 0.2044533210201838, 0.13823499767440103]"
530,,"[0.0, 0.0, 0.13956825361317265, 0.0]",1,0.09024653603906577,1.736176614097307,3.8978993631752843,0.2,1.7207174259526838,"[1.2766938678950424, 0.3843074749238322, 0.19999262239556817, 0.13508704543004843]"
531,,"[0.0, 0.23638918807700837, 0.19940925875794274, 0.0]",2,0.07001506400717279,1.2171595230725902,3.680592661444537,0.2,1.7322349831951462,"[1.2995491839342634, 0.3901715892662989, 0.20479447706452455, 0.14310196113883353]"
532,,"[0.0765643662291991, 0.0, 0.0, 0.0]",1,0.2449176420907606,1.4823495556711532,1.473002946611343,0.1,4.520508504324806,"[1.27990112633338, 0.3840779332557267, 0.1995539081391146, 0.13299845838149904]"
533,,"[0.0, 0.0, 0.0, 0.31614274477838394]",1,0.21816291048966996,1.7257071006684077,5.30108790564165,0.05,3.8181858978076004,"[1.2776817500465234, 0.3928996829503171, 0.20675049294816117, 0.13472952585180717]"
534,,"[0.0, 0.13030392256677314, 0.34914365799068636, 0.0]",2,0.15063145825020763,1.1874805942211513,0.9742310908076005,0.05,3.2266422824471284,"[1.3008734465074059, 0.39346113057932197, 0.20680600148037268, 0.14433736855140958]"
535,,"[0.0, 0.08059606331271617, 0.18818969081544132, 0.0]",2,0.10969117633356057,0.5448315240445125,4.757709772956971,0.0,4.744713593033356,"[1.2850366612594806, 0.3869819125452434, 0.20205996193031373, 0.1382617144633862]"
536,,"[0.0, 0.0, 0.24171305914349736, 0.0]",1,0.054199679758098675,0.8882520578981763,5.784941685513721,0.0,4.007812411345149,"[1.282953135999997, 0.38737085854886116, 0.20225260901490336, 0.13770610821672996]"
537,,"[0.0, 0.2471546295625237, 0.3264287147486453, 0.0]",2,0.0867518194655253,1.59571178448724,5.850890052597732,0.05,1.4966183241368933,"[1.309924481002482, 0.3947560452171537, 0.2079410564878056, 0.14729551900337928]"
538,,"[0.0, 0.0, 0.2057561452688662, 0.26662360506605765]",2,0.22168828134223026,0.8425616415764944,2.6826207000879956,0.05,25.236612568507542,"[1.2866360912758252, 0.3953953964093304, 0.2091418156683039, 0.13868806395839664]"
539,,"[0.0, 0.0, 0.0, 0.0]",0,0.23076393116585842,1.6195324662044022,5.374139238826986,0.1,4.16351869815317,"[1.2700425053309454, 0.3808910665053068, 0.19751950326624504, 0.13203631127589702]"
540,,"[0.22292713175516224, 0.0, 0.0, 0.0]",1,0.19046740188358022,1.3886055416237189,0.9476668241810386,0.1,3.337021928173274,"[1.3022502150483655, 0.39142077870835035, 0.20415250338547747, 0.1349421588499759]"
541,,"[0.0, 0.0, 0.0, 0.0]",0,0.189261862010083,1.2005598645742699,4.911330565291949,0.2,5.031134113706182,"[1.2700425053309454, 0.3808910665053066, 0.19751950326624504, 0.13203631127589696]"
542,,"[0.1492941847214182, 0.0, 0.0, 0.2661798560409963]",2,0.18761712927081164,1.5463016352455847,5.758473373549247,0.1,3.3658469069896175,"[1.296290236114604, 0.39678416213552986, 0.20910506370579163, 0.1364321509503867]"
543,,"[0.08279826512641296, 0.0, 0.0, 0.0]",1,0.2133738798885744,1.1240686025607536,1.113494200701956,0.1,5.483475376423314,"[1.2807516078891685, 0.38435450693063156, 0.1997296658813626, 0.13307842525645577]"
544,,"[0.17908236976851213, 0.0, 0.0, 0.0]",1,0.10411902813313965,1.099038891746822,2.926806490554668,0.2,3.4606864355575593,"[1.2949782066403157, 0.38901581533640694, 0.20266405150883918, 0.1343452785970717]"
545,,"[0.0, 0.0, 0.1426823464008763, 0.0]",1,0.19821217945577535,1.3833638991165143,0.8659562592485609,0.1,3.628998798686498,"[1.2768645434480559, 0.38439282003669123, 0.2000550454013444, 0.1351616612811649]"
546,,"[0.0, 0.0, 0.16326386673019636, 0.0]",1,0.05806561655641536,1.8883530621708777,3.4461256793262756,0.05,1.1685286354098934,"[1.278021560899652, 0.38496856324285833, 0.20047697376932802, 0.13566270424989652]"
547,,"[0.0, 0.25843546187820127, 0.0, 0.21019270587157837]",2,0.14643687227821253,1.8305664428279165,5.831610329903293,0.1,2.4927412690733526,"[1.2962641917312678, 0.3924391110836072, 0.20708814103254616, 0.1411903873891066]"
548,,"[0.10825108415854089, 0.0, 0.0, 0.22898383463164249]",2,0.24585270208968651,1.771191917591651,1.6830855984990745,0.2,4.9202086562684055,"[1.289268548186811, 0.3931618018844462, 0.20659261677636215, 0.1354535257246309]"
549,,"[0.09131741540462027, 0.0, 0.0, 0.09263466644551287]",2,0.2412076659829865,0.7977647431025613,1.2332040599800542,0.2,63.657633749570365,"[1.2837033094752424, 0.3873765877167514, 0.20215835976075497, 0.133967304330938]"
550,,"[0.11220621300553646, 0.0, 0.0, 0.0]",1,0.2498124856509809,1.32303956760836,3.1732983320102917,0.0,5.027456972985376,"[1.2848716425816658, 0.385697825983429, 0.20058100678894122, 0.13345901254951803]"
551,,"[0.0, 0.0, 0.22765741403440898, 0.0]",1,0.10392595377440172,1.3712175962655602,0.9551886363493314,0.0,1.7148971067619359,"[1.2820023858642025, 0.38691391527834496, 0.20191302071841832, 0.13732364115600248]"
552,,"[0.0, 0.0, 0.0, 0.0]",0,0.19105226964732075,0.6103842516587947,3.9393791642134377,0.05,9.715598124552587,"[1.2700425053309452, 0.38089106650530674, 0.197519503266245, 0.13203631127589696]"
553,,"[0.0, 0.0, 0.0, 0.27757039694939417]",1,0.22429437394466978,1.182474936627097,4.298238342583832,0.1,5.038654543268719,"[1.2764713831798686, 0.3908788722187828, 0.20531222131114898, 0.13436955618222654]"
554,,"[0.26211540256922383, 0.0, 0.16856664431675022, 0.0]",2,0.13825230133364896,0.7706371148852277,4.589517341463142,0.0,33.99910546176771,"[1.3172396668091682, 0.39809675022205043, 0.208308672428858, 0.13970319311676116]"
555,,"[0.0, 0.0, 0.0, 0.23584529168149335]",1,0.15797627338745515,0.6875444932778929,1.134488471492655,0.2,14.677704149293518,"[1.275273756549442, 0.38892004621491705, 0.20387446457660893, 0.1339905120860215]"
556,,"[0.0, 0.20652694552981152, 0.15588537037268524, 0.0]",2,0.07877537469895649,0.975202209560259,3.0801992731788648,0.2,3.930901431460461,"[1.2939270378480243, 0.3883200323846148, 0.2033954208195596, 0.1409984898215214]"
557,,"[0.0, 0.0, 0.0, 0.0]",0,0.08915160722949134,0.7522470945893661,2.4854097179744445,0.05,15.266635626991734,"[1.2700425053309448, 0.3808910665053066, 0.19751950326624504, 0.13203631127589696]"
558,,"[0.1537197141220537, 0.2892693101860836, 0.0, 0.0]",2,0.14033524399382571,1.7131391312619357,2.758821462515516,0.0,2.433192526563169,"[1.316201951200589, 0.39286838594625634, 0.20736189837856803, 0.14172952323267962]"
559,,"[0.0, 0.0, 0.0, 0.07224305650509098]",1,0.18959184548334868,1.7169148105228427,5.239019668315978,0.05,3.343217881242041,"[1.2714233492633706, 0.3829221384395317, 0.1991977980572557, 0.132602557282357]"
560,,"[0.2631389630592604, 0.0, 0.0, 0.0]",1,0.19326294311524828,1.9430241153277974,0.18493871138335058,0.05,3.5660550891825165,"[1.3094531229871367, 0.39381479168141803, 0.20561317686862252, 0.13550069433270104]"
561,,"[0.0, 0.0, 0.0, 0.0]",0,0.13753632452656636,1.3109946497577858,5.296896200876518,0.0,2.995355402753412,"[1.2700425053309454, 0.38089106650530646, 0.19751950326624515, 0.13203631127589696]"
562,,"[0.0, 0.0, 0.0, 0.060249969545434635]",1,0.20995429483277947,1.8933907939333539,2.200211529961985,0.1,3.979836716436087,"[1.271182847037408, 0.3825636509891721, 0.19890504334001735, 0.13250666189117463]"
563,,"[0.0, 0.0, 0.0, 0.10647049016918628]",1,0.11040947950906754,1.434064548509091,5.943512425202001,0.2,2.4566829411886517,"[1.2721369992360465, 0.38399743359281174, 0.2000669652137919, 0.13288049271084995]"
564,,"[0.0, 0.22655751556738857, 0.0, 0.22054952321863092]",2,0.06980934060946774,1.975135731493376,0.8655817140603329,0.0,1.3480760394466818,"[1.293116880850046, 0.3922207097234089, 0.2067950740847298, 0.14021968417846567]"
565,,"[0.0, 0.0, 0.0, 0.0]",0,0.0939943174401408,1.2562791003558071,3.5539034031744086,0.0,2.193686275357151,"[1.2700425053309454, 0.3808910665053068, 0.19751950326624515, 0.13203631127589704]"
566,,"[0.0, 0.0, 0.33219741268433955, 0.0]",1,0.18114243059591723,1.6717115305134747,0.026702627124169213,0.1,3.255622420653193,"[1.2899459802068214, 0.3906506044841996, 0.20471349308110834, 0.1403566210585403]"
567,,"[0.0, 0.0, 0.0, 0.0]",0,0.23536576087179942,1.0299676197803629,1.8866718051255853,0.2,9.33204777330368,"[1.2700425053309456, 0.38089106650530674, 0.19751950326624498, 0.13203631127589693]"
568,,"[0.0, 0.0, 0.0, 0.0]",0,0.16859424684010324,0.70528027455807,6.029140540998968,0.0,15.33862154328063,"[1.2700425053309452, 0.38089106650530646, 0.197519503266245, 0.13203631127589696]"
569,,"[0.12948694596630972, 0.0, 0.0, 0.0]",1,0.2074013662678318,0.7039959562544404,1.033842691850394,0.0,21.123695085821023,"[1.2873802857750847, 0.38651850102901375, 0.20109903404459112, 0.13368524579400481]"
570,,"[0.0, 0.0, 0.0, 0.0]",0,0.10580372591123094,1.0930424533916403,4.62589492967246,0.0,2.9309966139330643,"[1.2700425053309452, 0.38089106650530674, 0.19751950326624493, 0.13203631127589696]"
571,,"[0.25792068044615535, 0.0, 0.0, 0.06028294373382607]",2,0.24155341214346782,0.9927444030879958,4.6593313619791195,0.0,8.076988267331446,"[1.3095789260568114, 0.39512034097536375, 0.2067989221546157, 0.13599334148019576]"
572,,"[0.24557017469695647, 0.0, 0.0, 0.18151415762372947]",2,0.13698515524129892,1.3683816132980415,6.228499081307492,0.2,2.7598424473479763,"[1.3099015293446377, 0.3983687305519366, 0.20960850236461145, 0.13702145357283266]"
573,,"[0.0, 0.0, 0.16770558749848274, 0.0]",1,0.22705686818897503,1.5328360377607915,3.049103867068927,0.05,4.016341285338237,"[1.2782780806480007, 0.3850955560924919, 0.20057023087940243, 0.1357726642212443]"
574,,"[0.0, 0.10492558426748091, 0.0, 0.06453758607577613]",2,0.056638245410774224,1.9185797436423997,0.29273678109077145,0.05,1.0043436415578515,"[1.2786669303320708, 0.38441614126456336, 0.20050127652153027, 0.13511631285665363]"
575,,"[0.0, 0.06220394186515388, 0.0, 0.2969506774761687]",2,0.1523069972080138,0.7762958017301003,1.1921488307610333,0.05,41.832802063485595,"[1.2812315289541878, 0.3928493714401565, 0.20681718321255563, 0.13612494565232416]"
576,,"[0.0, 0.11062532542696565, 0.0, 0.0]",1,0.247796224615906,1.953755707880763,0.5816432352716253,0.1,4.300702162980233,"[1.2779026299297795, 0.38272145027479093, 0.19913149905001887, 0.13471873143900173]"
577,,"[0.0, 0.0, 0.10853650137359892, 0.0]",1,0.07055781351820825,1.8021661066844814,3.024042432872291,0.2,1.294017366987718,"[1.2750523833540577, 0.3834810417994896, 0.19938978024246967, 0.13436011495932978]"
578,,"[0.0, 0.0, 0.0, 0.0]",0,0.13076945077638388,1.1309345348696727,2.057192447536542,0.1,3.780722979076551,"[1.2700425053309459, 0.38089106650530674, 0.197519503266245, 0.13203631127589702]"
579,,"[0.11074610837720679, 0.17779756749708925, 0.0, 0.0]",2,0.2479913532526185,1.7331195816460314,3.8675699975990554,0.05,4.584914003259551,"[1.2981910482304353, 0.38862751369763904, 0.20346142778565834, 0.13785445229689564]"
580,,"[0.0, 0.0, 0.0, 0.13677639604268843]",1,0.1268734730783814,0.751893277414353,4.229990146661407,0.2,26.240356634946377,"[1.272805264431427, 0.3850197594824709, 0.2008808336375365, 0.1331319475268615]"
581,,"[0.0, 0.0, 0.2814583343747843, 0.21562491070952272]",2,0.22944269841442969,1.5616385471023941,4.4527716548073535,0.2,4.560284044107036,"[1.2904568701687298, 0.3955619645141061, 0.2093669456866846, 0.1402672791462817]"
582,,"[0.0, 0.1836573433331939, 0.0, 0.20907117177772697]",2,0.10488389593118726,1.2917618200814427,3.997407671506564,0.1,2.1230741431412032,"[1.2886278771483652, 0.3909043890344041, 0.2056836121948915, 0.13872458998205164]"
583,,"[0.22733026885750715, 0.26764132720305345, 0.0, 0.0]",2,0.17969797659285985,0.8976606017970878,5.256457227043182,0.2,10.4084765682535,"[1.325572872105998, 0.39629884866648973, 0.20950498217813832, 0.14188878456462845]"
584,,"[0.26096740913583705, 0.0, 0.0, 0.0758319310126828]",2,0.24219384534092833,0.7517840372244593,0.6586412008835428,0.0,60.35334788748102,"[1.310440318359278, 0.3957605650800834, 0.20729266861031112, 0.13618765936844984]"
585,,"[0.2087649237616792, 0.0, 0.0, 0.0]",1,0.16777131326934258,0.7159035396013007,2.6515804702456163,0.0,20.762299711475865,"[1.2998391452010989, 0.39062194473951695, 0.20366031703923496, 0.13474798266001725]"
586,,"[0.0, 0.0, 0.12707530774109316, 0.0]",1,0.0868460774846978,1.7770586657658725,0.421975692081463,0.1,1.4505496385196948,"[1.2760202926058442, 0.3839695946147004, 0.19974579892920938, 0.1347907957126807]"
587,,"[0.0, 0.2647510414316325, 0.0, 0.0]",1,0.11770630226048567,1.71558543837592,1.081114946069588,0.1,2.0523984426439625,"[1.2925558622286197, 0.3856882617171708, 0.20201318653719538, 0.13923573401382583]"
588,,"[0.21930779911695072, 0.0, 0.18829883729140678, 0.0]",2,0.16600986471504284,0.8991760281881341,2.9063561570948964,0.2,11.543553484835813,"[1.3108016177330688, 0.39613228738565937, 0.20719716783755535, 0.13958052887137856]"
589,,"[0.0, 0.14574111179345994, 0.0, 0.0]",1,0.1995663728458187,1.309905420626499,5.0957166635909,0.1,4.304448280468734,"[1.2807997266627318, 0.3833499960543749, 0.19971202779271216, 0.13566040119049638]"
590,,"[0.0, 0.0, 0.0, 0.1516479852408739]",1,0.23497492879344548,0.8551032192416514,3.8220703578592765,0.2,28.2021822836903,"[1.2731467381009787, 0.3855478073941659, 0.2012964439935876, 0.13325721892537565]"
591,,"[0.0, 0.2358805069862004, 0.0, 0.0]",1,0.09933012181134121,1.9469380667343998,1.9519506700922296,0.2,2.0151824619047245,"[1.2893857308567338, 0.3850883473042256, 0.20139995573794275, 0.1383093424682806]"
592,,"[0.1186893970677049, 0.0, 0.2085435531271907, 0.0]",2,0.12718589906515532,1.405854667049766,5.359497421239825,0.0,2.385969016593843,"[1.296359845279298, 0.39149033248226844, 0.2045246847320795, 0.1385795358166999]"
593,,"[0.3495732789973697, 0.0, 0.0, 0.0]",1,0.12417404273667881,1.6161077018919572,5.183439019990018,0.1,2.310013067038319,"[1.3270770123661657, 0.39970678206774707, 0.2091052599151652, 0.13673733454839446]"
594,,"[0.16478292769928293, 0.0, 0.11808889160669273, 0.0]",2,0.23567296695266404,1.679040717599156,0.20398179786416037,0.0,4.063842814579813,"[1.2981093046597445, 0.39115574126994945, 0.20411771750672833, 0.13688215192040448]"
595,,"[0.2477219252110121, 0.0, 0.16982744930920168, 0.0]",2,0.05247513676699747,1.1364524870937591,4.550639641387119,0.2,1.3796655366099861,"[1.3146944986531603, 0.3972494319233769, 0.20781800412886095, 0.13951012180607933]"
596,,"[0.0, 0.0, 0.0, 0.0]",0,0.15294460278475935,1.7938985871501907,6.204057962436051,0.0,2.559791905338761,"[1.2700425053309454, 0.3808910665053068, 0.197519503266245, 0.13203631127589696]"
597,,"[0.06512274280262383, 0.0, 0.0, 0.3215588078902152]",2,0.19756113552711327,0.9897468806486608,5.098241458639693,0.0,8.28664621789056,"[1.2861023785638073, 0.39581596305224664, 0.20868435286866696, 0.1357295979194948]"
598,,"[0.0, 0.0, 0.0, 0.0]",0,0.06282831695059073,1.024983959179183,0.12360454567244668,0.2,2.942904408323319,"[1.2700425053309456, 0.38089106650530674, 0.19751950326624493, 0.13203631127589696]"
599,,"[0.0, 0.0, 0.30000275767723833, 0.0]",1,0.19886732662276133,1.286300732830291,3.3488476745546856,0.0,4.231430646718585,"[1.2872675938353133, 0.38941045956692477, 0.20377835833993713, 0.1393746509085661]"
600,,"[0.10809469035785194, 0.27471311803152065, 0.0, 0.0]",2,0.1669337333645595,0.6592659033585785,5.038788105606088,0.2,14.80505523321968,"[1.3078112265546418, 0.39041040227586166, 0.20546976397979938, 0.1407453360794826]"
601,,"[0.0, 0.2409907480934267, 0.0, 0.24282707822554067]",2,0.07776887362049999,0.9641964397713574,5.523375405450043,0.1,3.6576007043808354,"[1.295219425817636, 0.3934856838314482, 0.20776576617885276, 0.14094956802909428]"
602,,"[0.0, 0.0, 0.0, 0.29250476454966223]",1,0.05372570163051241,0.870565229895587,4.6122575159322174,0.2,5.2051613801085095,"[1.2769273716350558, 0.3916354544274113, 0.20585600014424088, 0.13450782503362266]"
603,,"[0.0, 0.0, 0.22478916622900766, 0.2813548394325313]",2,0.11420278715490295,0.6690364082549165,3.6208569943278777,0.1,8.610551546906567,"[1.288297206306065, 0.3966565824971865, 0.2101780896185278, 0.13927609182897754]"
604,,"[0.2879532878690427, 0.0, 0.0, 0.0]",1,0.06938577379065006,0.9998814291089109,3.3693386768006333,0.0,2.707685426047058,"[1.314188304545411, 0.3953938855341451, 0.2065640380921921, 0.13585068072468667]"
605,,"[0.0, 0.0, 0.23180547670081283, 0.0]",1,0.16932993782436784,1.4417182392694865,5.052466268855393,0.2,3.328999334372568,"[1.2822796570792065, 0.387047468389926, 0.20201218631798265, 0.13743574145359674]"
606,,"[0.0, 0.0, 0.0, 0.32658495413637173]",1,0.07611351075691891,1.2224612490359472,4.47466958755867,0.1,1.76171556497178,"[1.2780286039806066, 0.3934860753346333, 0.20715944340221018, 0.13482858721461824]"
607,,"[0.0, 0.06598913940380277, 0.23201061179442603, 0.0]",2,0.24191591060729747,1.5762285962191587,2.2677507974518227,0.2,4.721139092484962,"[1.2867622175317281, 0.38809596361271026, 0.20284305304450942, 0.13905516159117332]"
608,,"[0.15306020553072164, 0.21349106686253455, 0.0, 0.0]",2,0.08637883385846679,1.6570502492097718,0.6546229541674173,0.1,1.5286912713308596,"[1.3078144534247527, 0.39131944846887695, 0.20555880626811193, 0.13938105888445199]"
609,,"[0.0, 0.32138785388311075, 0.0, 0.0]",1,0.17584463593189592,1.1962237122997592,0.4506573344319177,0.0,4.329510101671328,"[1.299514023102973, 0.3869362426301513, 0.20334463982651274, 0.1411761060714593]"
610,,"[0.0, 0.33998525527251183, 0.0, 0.09287427440350672]",2,0.23865942919199407,1.228481769243683,2.3162713274704987,0.0,5.711822599897179,"[1.30377997876769, 0.3900211486051001, 0.20581026974945352, 0.1428565360533692]"
611,,"[0.0, 0.0, 0.0, 0.05636656226393012]",1,0.17625289138928568,1.568664982600089,2.719990288644216,0.0,3.1015763047594787,"[1.2711059839363166, 0.3824494979092632, 0.19881150855302673, 0.13247577441625508]"
612,,"[0.0, 0.0, 0.0, 0.332537150248397]",1,0.21284438324729252,1.3996457129311564,5.655601911012241,0.1,4.1916496083490244,"[1.2782302539764019, 0.39382843343347324, 0.20739647833433011, 0.13488536416214975]"
613,,"[0.3404884214433038, 0.0, 0.0, 0.0]",1,0.0962829410999318,1.5414624384867124,2.06217514260555,0.2,1.880061655714953,"[1.325064488029332, 0.3990323150422596, 0.20871348689169708, 0.13660504201363902]"
614,,"[0.0, 0.22246878564415165, 0.0, 0.0]",1,0.07864243825582068,1.8170429355748259,5.92100211892823,0.05,1.5319419048076628,"[1.2879889862569496, 0.3848172497443581, 0.20112823238177138, 0.13789250244193532]"
615,,"[0.22006107504101594, 0.23794143082192934, 0.0, 0.0]",2,0.1311614627060008,1.2132282063295186,4.558091301269277,0.05,2.6805141838366353,"[1.3210872908146163, 0.3953083574318305, 0.20849561487013968, 0.14090273121984548]"
616,,"[0.0, 0.0, 0.0, 0.0]",0,0.13637315689170654,1.5244131864133377,2.5742431476800647,0.05,2.4338037070197625,"[1.2700425053309454, 0.3808910665053066, 0.19751950326624504, 0.13203631127589696]"
617,,"[0.0, 0.2679661545831945, 0.19349572187781605, 0.0]",2,0.19327832324008687,1.1557687399229108,5.942523096575196,0.05,5.190410707706956,"[1.3026613468560062, 0.39064568645797354, 0.20528735695393502, 0.14399990925338307]"
618,,"[0.2107893365583069, 0.05959514067544197, 0.0, 0.0]",2,0.14743846525912963,1.9538100098212374,3.6983392283649223,0.05,2.730356556565491,"[1.304153459452771, 0.3916617950162206, 0.2046545009568435, 0.13610372921108388]"
619,,"[0.0, 0.17960520495852347, 0.0, 0.3306016569423065]",2,0.0872594958124195,0.9487430901679874,2.3267936664386464,0.1,4.505679550360988,"[1.2917957812205267, 0.3967447223360937, 0.20981646725448688, 0.13989059744369578]"
620,,"[0.0, 0.0, 0.0810030346127221, 0.31557904622250077]",2,0.06892206916588972,1.8762076904185137,2.33948222348505,0.2,1.3985129461098682,"[1.2812777138028946, 0.3946389414813336, 0.20822692624793315, 0.13630637293388229]"
621,,"[0.0, 0.07310630694082158, 0.0, 0.0]",1,0.10376265133382599,1.240742546674016,3.9194753193354734,0.2,2.538661700979352,"[1.275037630783096, 0.38207648488421714, 0.1985507194177054, 0.13376288682601814]"
622,,"[0.0, 0.0, 0.0, 0.0]",0,0.21025201793021298,1.8092896580551376,4.598564244916131,0.1,3.9192849051976357,"[1.2700425053309456, 0.38089106650530674, 0.19751950326624496, 0.13203631127589696]"
623,,"[0.2288837715526785, 0.0, 0.18441829689240863, 0.0]",2,0.23660900832742962,1.4730762153830175,2.5609224969534545,0.2,4.4852953052124,"[1.3122145854593499, 0.39656796335085776, 0.20744415988958884, 0.13962246892211228]"
624,,"[0.0, 0.31095597527798285, 0.0, 0.0]",1,0.056688999144235065,1.7429190403637111,5.502301656272459,0.05,1.0425065039106096,"[1.2981511355130906, 0.38669877773221445, 0.2030852447006112, 0.14080587223535468]"
625,,"[0.0, 0.17617831407257487, 0.0, 0.0]",1,0.09271995555212856,1.112345880413613,5.027739245355906,0.1,2.700663340106524,"[1.2834997817980676, 0.3839158243274952, 0.20024766345834238, 0.1365159611862176]"
626,,"[0.0, 0.0, 0.299674849036381, 0.0]",1,0.21172813074205124,1.1460979078627958,5.427810010856246,0.05,5.874137815298668,"[1.2872414819183886, 0.38939827496213014, 0.20376919716361463, 0.13936487760185112]"
627,,"[0.0, 0.3281948105075443, 0.0, 0.0]",1,0.052208541786084986,1.034013714201063,5.4072788249100725,0.0,1.818087348311816,"[1.300424908951735, 0.3870931626087471, 0.20351766521769668, 0.1414209405022929]"
628,,"[0.0, 0.0, 0.09391027273607898, 0.29049205382517623]",2,0.21734642197286302,0.6427555659105704,6.079678128444409,0.0,12.749656699906097,"[1.2811116120777843, 0.393620395044483, 0.2075224857549059, 0.13635082044412963]"
629,,"[0.0, 0.11773443072299992, 0.0, 0.053859449203421096]",2,0.12474740777118448,1.25216393932554,0.12021571016915521,0.2,3.0896913323342416,"[1.2794747290551438, 0.3843270618295234, 0.20045022087102166, 0.13536447203393373]"
630,,"[0.0, 0.0, 0.05656791198448752, 0.0]",1,0.20076267902289024,1.6850126005980832,0.39117038944746724,0.1,3.7890937758365086,"[1.2725236054307156, 0.3821870363456081, 0.19845178260692858, 0.13320704403893832]"
631,,"[0.30678898108044195, 0.0, 0.0, 0.0]",1,0.19691079892474483,1.2721117245708395,1.5446944503644804,0.0,3.871068301663881,"[1.3179470589803453, 0.39664977112130084, 0.2073126756455991, 0.13611905490080026]"
632,,"[0.0, 0.0, 0.0, 0.0]",0,0.1439056596278174,1.8696211279629276,3.131941859441521,0.05,2.395980000524698,"[1.2700425053309454, 0.3808910665053068, 0.19751950326624512, 0.13203631127589702]"
633,,"[0.0, 0.0, 0.0, 0.0]",0,0.22406723484742086,1.447902789988838,1.2775587889798317,0.1,3.8162438916577903,"[1.270042505330945, 0.38089106650530674, 0.19751950326624504, 0.13203631127589696]"
634,,"[0.0, 0.28701344679674334, 0.0, 0.0]",1,0.1317953639355402,1.8655276203537499,1.6807829447616587,0.1,2.215697422056732,"[1.2951660699137584, 0.3861670238034741, 0.2025148132146666, 0.13997836466623712]"
635,,"[0.0, 0.07610291455741854, 0.0, 0.0]",1,0.08667141862106507,1.6383984984594089,2.631778859565797,0.0,1.491894327546631,"[1.275258346214483, 0.3821270376661773, 0.19859571777921775, 0.13383740545383077]"
636,,"[0.0, 0.0, 0.2099215483849287, 0.16337642062550417]",2,0.19427351146592153,0.9433294594224046,2.2259612179584747,0.05,10.282073358110264,"[1.2841952483422596, 0.3912853022679584, 0.20579989875321936, 0.13799793059512894]"
637,,"[0.0, 0.0, 0.3323872263112308, 0.0]",1,0.2366631503272477,1.4663443232953313,2.317867933676425,0.2,4.896580890957223,"[1.2899624765693232, 0.39065818470223235, 0.20471922496670727, 0.14036254449062027]"
638,,"[0.0, 0.28107344092409464, 0.0, 0.0]",1,0.19971234370160995,1.7424498204091763,5.683594400200046,0.0,3.7498181272218565,"[1.2944546551722382, 0.38603784629865107, 0.20237836909879192, 0.13977773855506198]"
639,,"[0.0, 0.0, 0.0, 0.0]",0,0.1722741972846357,1.3474957082532957,0.8842597996805823,0.1,3.3184152026587186,"[1.2700425053309456, 0.3808910665053068, 0.19751950326624504, 0.13203631127589702]"
640,,"[0.0, 0.08923100868899231, 0.0, 0.11759353507039752]",2,0.05980271267469742,1.961506848347736,5.693611731712052,0.2,1.154986674967474,"[1.278558614466559, 0.3858150639139859, 0.20159280359863363, 0.13516785130384915]"
641,,"[0.0, 0.16384767925016974, 0.0, 0.2288730395399474]",2,0.1643491116718892,1.6526700293055547,2.674881594069732,0.0,2.8957288944140993,"[1.2873458930286115, 0.39137201301017743, 0.20597205471038116, 0.1383212580593449]"
642,,"[0.0, 0.0, 0.0, 0.20435220670206297]",1,0.1857252852208068,1.3878623731028685,1.2755419778074495,0.0,3.020899123476181,"[1.274436647737086, 0.3875761272784625, 0.20286277965586366, 0.1337113693873738]"
643,,"[0.0, 0.0, 0.0, 0.22107400583408165]",1,0.08024647530150253,1.5234019938663041,5.222580783460399,0.1,1.5593704728724287,"[1.274874444221961, 0.3882763285676437, 0.2033924662970775, 0.1338588498705341]"
644,,"[0.0, 0.0, 0.0, 0.0]",0,0.12105271873651349,1.5151749884197858,3.2006190999041757,0.2,2.3438111298487,"[1.2700425053309454, 0.38089106650530663, 0.197519503266245, 0.13203631127589696]"
645,,"[0.0, 0.0, 0.1368226045401432, 0.2769692586241213]",2,0.08937555639173429,1.1591254720167372,0.9341500636965862,0.1,2.1929219883970803,"[1.28292032752736, 0.39400933186789383, 0.20791818245166802, 0.13716276614771278]"
646,,"[0.3086704760843702, 0.0, 0.0, 0.0]",1,0.053289454112648606,1.9840009018244997,3.250265994969435,0.2,1.101572236207326,"[1.318330792641016, 0.3967780891146474, 0.20738877588553606, 0.1361459912617086]"
647,,"[0.0, 0.0, 0.0, 0.0]",0,0.23331512814275382,1.624232508478008,2.168785688978075,0.05,4.238196101223321,"[1.2700425053309454, 0.38089106650530663, 0.19751950326624507, 0.13203631127589704]"
648,,"[0.0, 0.0, 0.26191102512367953, 0.0]",1,0.11581623772483945,1.1569462792546739,0.6471855260839489,0.0,3.0198879692742535,"[1.2843773009407151, 0.3880501327607242, 0.2027589719201655, 0.13826894267470904]"
649,,"[0.0, 0.0, 0.0, 0.0]",0,0.1354881132634344,0.9992589648192345,0.7599655371073204,0.0,5.929576294760106,"[1.2700425053309456, 0.38089106650530663, 0.19751950326624504, 0.13203631127589707]"
650,,"[0.11535455443504666, 0.0, 0.0, 0.0771351583243156]",2,0.18481682175199335,1.5087364967107488,4.233323740151114,0.1,3.01349659222778,"[1.2867785031616261, 0.38800178851673595, 0.20246938082129468, 0.1341565385056341]"
651,,"[0.0, 0.24808572324888575, 0.0, 0.2998812365083862]",2,0.07555400851077365,1.8672138885253469,2.561727154403694,0.0,1.5198464681911132,"[1.2976296178783437, 0.3964020681526779, 0.20984241186385666, 0.14184413891178205]"
652,,"[0.19888689174547172, 0.0, 0.0, 0.3155296554648678]",2,0.13650136561936863,0.9905653050889376,4.728058358030666,0.1,5.219383901442795,"[1.3055656915609841, 0.4018111887848825, 0.21256292594566403, 0.1377294086609527]"
653,,"[0.0, 0.0, 0.0, 0.3432269150658243]",1,0.0658902844004725,0.977744403820153,4.481311160227761,0.2,3.082588716514215,"[1.2785998619435117, 0.3944586665894698, 0.20782952251700948, 0.1349879013981309]"
654,,"[0.0, 0.0, 0.0, 0.0]",0,0.1597904990067509,0.526739961666691,3.3656885524019757,0.2,5.7745653794234215,"[1.270042505330945, 0.38089106650530663, 0.19751950326624504, 0.13203631127589696]"
655,,"[0.0, 0.0, 0.0, 0.33134647889503266]",1,0.22880325469319784,1.8899819755315326,4.40411695398925,0.2,4.484977690350271,"[1.2781896824121868, 0.39375946690994745, 0.20734883064630952, 0.13487398845346407]"
656,,"[0.0, 0.29483188755390244, 0.0, 0.09342600828654633]",2,0.13356695125422588,1.9970697026946431,1.6537607699892996,0.0,2.583699642903129,"[1.2978787660309856, 0.3890088381231048, 0.20473986230597388, 0.14120421488259977]"
657,,"[0.0, 0.0, 0.0, 0.2793195859565807]",1,0.24736728244962736,1.896502334973205,4.779986044163708,0.1,4.352252507661482,"[1.2765240043826889, 0.3909658846542059, 0.20537508485088474, 0.13438567939447874]"
658,,"[0.0, 0.1569985138668734, 0.2530954847132233, 0.0]",2,0.12291127184600158,0.9834529078009955,5.765678770359247,0.2,5.624957295315416,"[1.2954559315396577, 0.39035822136781934, 0.2046313320936603, 0.14214788970197112]"
659,,"[0.0, 0.0, 0.3355779282162681, 0.06783008177928161]",2,0.11528542937864335,1.277079185733844,5.914850659973273,0.2,2.6863442276087097,"[1.2915114401520114, 0.3925723559001877, 0.2065282050071018, 0.14086662917077175]"
660,,"[0.0, 0.08160355876211987, 0.0, 0.15664659466182476]",2,0.20227129227676954,0.6034440121500761,3.8444643259457214,0.0,9.681168420357176,"[1.2788649618039818, 0.3870471401873433, 0.202545068335062, 0.13531725316727175]"
661,,"[0.0, 0.0, 0.33116758156776943, 0.0]",1,0.22149684740227282,1.6074861496371946,5.21350920227809,0.2,4.300056141570632,"[1.2898566299975884, 0.39060953526854947, 0.20468244130276353, 0.14032451138801683]"
662,,"[0.179107711642089, 0.2663040462975983, 0.0, 0.0]",2,0.1332589033712088,1.0551017136546856,5.688637283447787,0.0,4.402352810023665,"[1.3174542173668087, 0.3936718032377487, 0.2076790759428794, 0.1412843528144535]"
663,,"[0.0, 0.0, 0.0, 0.0]",0,0.0525042916992881,1.362593523046367,1.1077748520060346,0.05,0.8909498626848056,"[1.270042505330945, 0.3808910665053068, 0.19751950326624496, 0.13203631127589696]"
664,,"[0.0, 0.0, 0.0, 0.0]",0,0.16005670533420566,1.2727610251221146,6.1041213957831095,0.2,3.9847931003025354,"[1.2700425053309452, 0.38089106650530674, 0.1975195032662451, 0.13203631127589696]"
665,,"[0.0, 0.0, 0.07273954013815896, 0.0]",1,0.12936103571462906,1.4476703230720869,5.88805783891338,0.1,2.5163331569730185,"[1.2732829992579031, 0.3825783794960032, 0.1987347004780466, 0.13355756032397592]"
666,,"[0.10306611534407115, 0.0, 0.0, 0.0]",1,0.21130170220155636,0.8008930831105063,3.168674719658009,0.1,47.82399269109746,"[1.2835715355851087, 0.3852733159256026, 0.20031240571929085, 0.13334013099862052]"
667,,"[0.0, 0.11523097900520378, 0.297842767110376, 0.0]",2,0.13303876070500095,1.685042640330364,4.936331694757383,0.05,2.3973852299130436,"[1.29530087513533, 0.3911928979106224, 0.20515118097470175, 0.1422791545410597]"
668,,"[0.10120155989226412, 0.0, 0.2425925286740505, 0.0]",2,0.193028630142589,1.0599173098115238,5.1688774157950075,0.2,6.654228319421611,"[1.2961143032633686, 0.39176733385649054, 0.20480736828985963, 0.13927404920732042]"
669,,"[0.0, 0.25238255403452065, 0.0, 0.0]",1,0.14269524241300652,1.5428163690113834,2.2204535602915363,0.05,2.5980143213212283,"[1.2911693577883616, 0.38542844518701597, 0.20174555058812146, 0.13883389852820072]"
670,,"[0.0, 0.09892660834553865, 0.0, 0.0]",1,0.142146090343317,1.0591084639103157,4.094127583207079,0.1,4.992696852370665,"[1.2769850453964844, 0.3825174965472631, 0.19894625446944886, 0.1344152877063573]"
671,,"[0.15769060417517541, 0.0, 0.0, 0.08383802059840448]",2,0.18136577697683673,1.8457225340645025,3.5804255893633385,0.1,3.121557005232402,"[1.2932037387505386, 0.39026123998819456, 0.20393552760853353, 0.13479591982204006]"
672,,"[0.11811926932384001, 0.0, 0.1063194629556434, 0.0]",2,0.07029585394574465,1.5789082467898246,1.8885964730360472,0.05,1.3256941322999698,"[1.290546392359122, 0.3885348478457385, 0.20250019408105643, 0.13592480277072763]"
673,,"[0.0, 0.31061532395774355, 0.17716995353481965, 0.0]",2,0.18288029712996828,0.5865316413020603,3.669701105702471,0.1,8.868540416110019,"[1.3068539217452504, 0.39109452033783354, 0.20588238074774728, 0.14506778956219435]"
674,,"[0.07999843472532558, 0.0, 0.0, 0.0]",1,0.13785925496969229,1.021867833480594,0.08219699813372443,0.05,5.571345305162958,"[1.280368672065479, 0.38422994633317836, 0.19965052866070646, 0.1330424791203995]"
675,,"[0.08918324424815534, 0.0, 0.0, 0.0]",1,0.08602161878391995,1.8589073095085875,0.6260073001035693,0.05,1.6513543378551483,"[1.2816308110603736, 0.38464068425502856, 0.19991136304489462, 0.13316058701026315]"
676,,"[0.0, 0.0, 0.0, 0.22127459105761418]",1,0.14799864828141,1.3906345951725874,3.3339553912147255,0.05,2.8215974489250364,"[1.2748797860177963, 0.38828490818320216, 0.20339892166608195, 0.13386062903241625]"
677,,"[0.11933217197666299, 0.0, 0.0, 0.3301110345082611]",2,0.1423321664162632,1.7744691621438329,0.9838418489687641,0.2,2.9149958024503104,"[1.2938539618551288, 0.3986868643429071, 0.21059073611597334, 0.136636885775182]"
678,,"[0.0, 0.26640865273958964, 0.29060372200032664, 0.0]",2,0.05344072465116639,1.809977487607883,2.4497943861398856,0.1,0.841456127760644,"[1.3091592203361806, 0.39380220308105024, 0.20737548147051846, 0.14680889504468236]"
679,,"[0.0, 0.0, 0.0, 0.0]",0,0.11453899921772569,1.2051188783755877,2.4187299256359576,0.05,3.080748433439748,"[1.2700425053309454, 0.38089106650530674, 0.19751950326624493, 0.13203631127589696]"
680,,"[0.0, 0.0, 0.0, 0.3133707225434986]",1,0.10011393144870627,0.8029524835048589,3.068989145527867,0.05,22.77529802423574,"[1.2775911129661972, 0.39274697660752295, 0.20664337993271514, 0.13470334487359598]"
681,,"[0.16539886431661052, 0.0, 0.0, 0.0]",1,0.1839928171367814,1.700247046976096,2.7506390086770844,0.05,3.1553440313852703,"[1.292819528341473, 0.38830458175460336, 0.2022202053564521, 0.13416157494445977]"
682,,"[0.2926146016440142, 0.18975613200481878, 0.0, 0.0]",2,0.08412484060102572,1.054880114489108,0.05461845406277947,0.2,2.9146215018995423,"[1.3295937685092438, 0.39878878318854294, 0.21025753977535805, 0.14043891566400052]"
683,,"[0.0, 0.0, 0.0, 0.3253394061780902]",1,0.22262767627197722,0.6897553178719722,5.685280488003847,0.05,19.14465774850958,"[1.277986773466499, 0.39341518877360465, 0.20711020577143696, 0.13481673474775513]"
684,,"[0.15136772876083338, 0.0, 0.2935484390441513, 0.0]",2,0.1636097288770022,1.6452826989662368,0.7672235232556528,0.1,2.9418366116919112,"[1.3070389624958538, 0.3960240449589234, 0.20744507295841755, 0.14164177561787458]"
685,,"[0.0, 0.0, 0.1101581725095056, 0.0]",1,0.12026550169594326,1.335915140953118,3.727020055953449,0.0,2.344664490651825,"[1.2751355897324237, 0.38352318284417325, 0.19942044867173933, 0.13439736965680787]"
686,,"[0.0, 0.34159281243660633, 0.0, 0.17438774428737358]",2,0.23922554237026034,1.7748398581404403,3.1527066892770037,0.2,4.128972670718133,"[1.305770703468826, 0.39287084160150393, 0.2078956018690541, 0.14385913083014853]"
687,,"[0.268639972975348, 0.0, 0.0, 0.0]",1,0.15894850097552063,0.6681297580268497,3.8803614469975765,0.1,13.727155494457255,"[1.3104826302555594, 0.3941577922278368, 0.20582059793664828, 0.1355779312764672]"
688,,"[0.0, 0.0, 0.25904919430223183, 0.0]",1,0.0715224435943473,0.9047827251222844,3.9834480966613413,0.05,4.7252700899470685,"[1.2841711880818645, 0.3879522024413592, 0.2026858578625964, 0.13818822934965022]"
689,,"[0.0, 0.0, 0.10677638908680726, 0.0]",1,0.11114171418425825,1.6159771021119864,4.517082444402941,0.2,2.0994553678174763,"[1.2749623837671562, 0.3834354297143679, 0.19935659438340095, 0.13431976964639614]"
690,,"[0.0, 0.0, 0.0, 0.0]",0,0.21034980502632744,0.901936225323924,3.933269515079388,0.2,16.403889519918593,"[1.2700425053309456, 0.3808910665053068, 0.19751950326624518, 0.13203631127589696]"
691,,"[0.0, 0.08278617757014844, 0.0, 0.07002555775793597]",2,0.09657462574259326,1.7929108221376762,4.0107801581777025,0.2,1.8728987493749367,"[1.2770817802082874, 0.3841998027058322, 0.20029669653648308, 0.1345878388392091]"
692,,"[0.19463417474676295, 0.0, 0.0, 0.0]",1,0.1917588744143785,1.1735479474547454,2.2165851671257677,0.0,5.054805353635324,"[1.297493588721304, 0.38984617460279325, 0.20318019509695526, 0.1345555504130619]"
693,,"[0.0, 0.07097730560118519, 0.0, 0.0]",1,0.07976075076881195,1.849598716321045,0.3965282149085419,0.0,1.285149509132032,"[1.2748816391977136, 0.3820406670972572, 0.19851888970821183, 0.13371013104153445]"
694,,"[0.0, 0.0, 0.0, 0.0]",0,0.06860253801431689,1.7127027251461222,1.0151206446708583,0.05,1.2044956481782498,"[1.2700425053309456, 0.38089106650530663, 0.19751950326624496, 0.13203631127589696]"
695,,"[0.0, 0.3000211259622951, 0.0, 0.3067996379016473]",2,0.18129435299668573,1.6662128001765617,6.02559641582052,0.1,3.398843803944368,"[1.3038568214041073, 0.39787653650640287, 0.21110868831054455, 0.143845653107072]"
696,,"[0.0, 0.0, 0.3497529163166351, 0.0]",1,0.08885740895375518,0.7965996427070364,4.320016192605117,0.0,18.024008323551413,"[1.2915092547245064, 0.3913659083792386, 0.2052551903218284, 0.14091128896337968]"
697,,"[0.0, 0.06661701581396016, 0.28726342976211405, 0.0]",2,0.059887756530252294,0.5411796315694197,1.3342919215894327,0.1,2.639562714330277,"[1.290780028788631, 0.3899912958649479, 0.20422959927546716, 0.14064985858192455]"
698,,"[0.0, 0.0, 0.15966027120445841, 0.0]",1,0.174103586911696,1.4105643482294643,5.475010353061086,0.2,3.428157752073258,"[1.2778152589716165, 0.3848662607410233, 0.20040189824208218, 0.1355739749772386]"
699,,"[0.0, 0.2619064816923188, 0.0, 0.0]",1,0.2132749854312239,0.572421028272246,1.3255166818082351,0.1,10.349187558195636,"[1.2922330927712085, 0.3856281266254035, 0.20195095859955123, 0.1391426488962707]"
700,,"[0.3469041437160192, 0.0, 0.0, 0.0]",1,0.16074668469040945,1.0647940390475803,5.501442444382924,0.05,5.086495863712124,"[1.3264813635945119, 0.39950713209167343, 0.2089895145674618, 0.13669841074561265]"
701,,"[0.0, 0.0, 0.317971498438608, 0.0]",1,0.07962529119169369,1.9745243686871188,3.8639802384826014,0.0,1.5039319992340554,"[1.2887337548538602, 0.3900916616031726, 0.20429136681355556, 0.13991719030831085]"
702,,"[0.0, 0.0, 0.23520481193341247, 0.1438156513459354]",2,0.170455352415521,1.5896366638234969,6.033169131106782,0.0,3.084648075925444,"[1.2854006485163112, 0.39137869924480734, 0.20584124706013449, 0.1385080318745722]"
703,,"[0.3227859557983029, 0.0, 0.0, 0.15224669955878]",2,0.17682690396322853,0.731289349272766,2.0150456416348748,0.1,38.57877320195665,"[1.324199894774654, 0.40226363723356523, 0.21176407635844244, 0.1379028599999327]"
704,,"[0.0, 0.0, 0.10851949742771086, 0.0]",1,0.11430742880364611,1.6064641204639196,3.5079854057980855,0.05,1.958209457619941,"[1.2750515123521877, 0.38348060052507177, 0.1993894591426167, 0.13435972474798122]"
705,,"[0.0, 0.0, 0.0, 0.0]",0,0.0710796602172664,0.5227735225082992,0.30925062238666934,0.0,2.297846188646678,"[1.2700425053309456, 0.38089106650530674, 0.19751950326624504, 0.13203631127589696]"
706,,"[0.06371816755236547, 0.0, 0.0, 0.0]",1,0.2327433360311738,0.970282887615953,0.27706188865416564,0.0,11.351740291563603,"[1.278172608137019, 0.38351660856812075, 0.19919674334485976, 0.13283444980840212]"
707,,"[0.0, 0.0, 0.0, 0.3164442566310947]",1,0.15103291770966332,0.9563993180216079,0.41956461003711604,0.1,8.338115942236328,"[1.277691644531213, 0.3929163665337368, 0.20676217988703047, 0.134732376480169]"
708,,"[0.19818834207766498, 0.0, 0.0, 0.33016582502466896]",2,0.22414258809314458,1.5129942699580292,1.6221574276178303,0.1,4.396111380557496,"[1.3059230500705508, 0.4025834269133388, 0.21312116997903408, 0.13788077161699122]"
709,,"[0.0, 0.30114617216874773, 0.0, 0.0]",1,0.21362000513720897,1.271382489229743,3.188176437066632,0.0,4.708644528246726,"[1.2969046781717892, 0.38647871739425116, 0.20284744851097064, 0.140463126443516]"
710,,"[0.0, 0.0, 0.0, 0.0]",0,0.10445858655684287,0.8472712231131105,1.304399090815475,0.2,13.74488111637375,"[1.2700425053309452, 0.38089106650530674, 0.19751950326624507, 0.13203631127589702]"
711,,"[0.0, 0.2555507576268706, 0.06275172737712913, 0.0]",2,0.2302186298757969,1.4939334846686245,4.66477715494566,0.2,4.280246074126589,"[1.2942803558669007, 0.38691358717545227, 0.20274494502509824, 0.14030975846517119]"
712,,"[0.11677205576830123, 0.0, 0.32544847151729506, 0.0]",2,0.21560885158793125,1.2310508946491414,5.845246128225419,0.1,5.17516569341908,"[1.3045601700795089, 0.39554073432620335, 0.20734137775352135, 0.14208788335111447]"
713,,"[0.0, 0.0, 0.0, 0.2079793462857444]",1,0.07400237415057524,1.8016597321707373,0.920706579803844,0.1,1.3521485732666396,"[1.2745303672977228, 0.3877255263980946, 0.20297626989281703, 0.13374321902968464]"
714,,"[0.0, 0.12345517805004032, 0.0, 0.10567480748748073]",2,0.07431475729019602,1.9217125757507836,4.124779813258153,0.1,1.348343586221695,"[1.2809895194619, 0.38601806798730054, 0.20180794346527062, 0.13597814812092487]"
715,,"[0.0, 0.0, 0.3151153004871095, 0.0]",1,0.16378817443229607,1.141417123844181,0.5221745311683298,0.0,4.468006290096248,"[1.2884959702162069, 0.38998157276724255, 0.20420834987092823, 0.13983002724183524]"
716,,"[0.0, 0.0, 0.0, 0.0]",0,0.11725054806111652,1.8550697173802855,4.833702028610424,0.2,2.1625328888355466,"[1.2700425053309454, 0.38089106650530674, 0.19751950326624493, 0.13203631127589696]"
717,,"[0.0, 0.0, 0.342561261492961, 0.10451423595626894]",2,0.16822636668262245,1.64589702978887,2.0448384633767493,0.05,3.0696437599565396,"[1.2928785142715218, 0.39392663049616927, 0.20776114738224935, 0.1413075270907592]"
718,,"[0.3162052879257001, 0.0, 0.1927417819017998, 0.0]",2,0.15774369093805066,0.7192638076245901,0.24695144490414958,0.1,28.276308793868616,"[1.3291517208702852, 0.4024128881704005, 0.21080544152151479, 0.1412869062534974]"
719,,"[0.2164308546757491, 0.0, 0.0, 0.19031645036646114]",2,0.1320988665775666,1.4775526751952766,1.3748948012242115,0.05,2.3956909194693226,"[1.3050321956523037, 0.39703408531742035, 0.2088351134492403, 0.13667022646279375]"
720,,"[0.0, 0.0, 0.0, 0.11410788618688995]",1,0.17458113210071333,0.6838584640511463,4.4519308453623765,0.2,15.724423495003155,"[1.2723020518592993, 0.38424856027718324, 0.2002680136990283, 0.13294338221291876]"
721,,"[0.2576071027824618, 0.0, 0.0, 0.0]",1,0.10022221129175149,1.3500932009611035,3.5037508001673845,0.0,1.787470213962198,"[1.308429017912659, 0.3934737814750351, 0.20540648558317157, 0.13542322551630503]"
722,,"[0.2671845543454098, 0.0, 0.0, 0.0]",1,0.1918638582523111,1.683514293169986,2.502176739888355,0.0,3.195861713467303,"[1.310209159240346, 0.39406666167967697, 0.20576553596721994, 0.13555747704731652]"
723,,"[0.0, 0.0, 0.0, 0.0]",0,0.07343650973306014,1.9617497699282294,0.49189850261484436,0.0,1.4692918809244968,"[1.2700425053309452, 0.3808910665053068, 0.19751950326624496, 0.13203631127589696]"
724,,"[0.0, 0.0, 0.0, 0.0]",0,0.12570884003701274,1.526606127147381,5.312622620622096,0.1,2.409782507659406,"[1.2700425053309454, 0.38089106650530663, 0.19751950326624504, 0.13203631127589685]"
725,,"[0.0, 0.18376658396069018, 0.0, 0.34363147471407024]",2,0.23742111278308203,0.5273818854756287,1.268592313180611,0.2,10.882883941171105,"[1.292620426446501, 0.39758563928414703, 0.21039910230362532, 0.14016946140463837]"
726,,"[0.0, 0.0, 0.22102404837303294, 0.0]",1,0.13887135056740046,1.4175425970061568,5.7178230897516205,0.1,2.6127978666907965,"[1.2815646033561658, 0.3867025511870734, 0.20175622810736893, 0.1371457042104408]"
727,,"[0.07958779891958377, 0.1338167789727646, 0.0, 0.0]",2,0.2117679158573087,1.183105905042215,2.1893676887275775,0.05,5.628887020219239,"[1.2900215724054358, 0.3864265709048112, 0.20171220887965827, 0.1362796149434874]"
728,,"[0.0, 0.30156149838048035, 0.1145305772677751, 0.0]",2,0.16416774547380616,1.6614313645827639,1.728259926385629,0.1,2.871077759418315,"[1.3022518591768706, 0.3891835749574968, 0.20458176083679433, 0.14311168565259616]"
729,,"[0.06285247082666526, 0.21718305316677952, 0.0, 0.0]",2,0.07055917735232582,1.2130348077072515,5.113421406470193,0.05,1.7330504349691662,"[1.295408836044797, 0.38725827264572626, 0.20279637777240533, 0.13843865413818127]"
730,,"[0.0, 0.2566281220605293, 0.0, 0.0]",1,0.19685407350041645,1.0634837724394846,5.662892532294517,0.05,6.910393226637239,"[1.2916403606300242, 0.38551714591972536, 0.20183656418000295, 0.1389709823258345]"
731,,"[0.0, 0.0, 0.0, 0.0]",0,0.20439944379039138,1.3750746065287054,5.7824759302706505,0.1,3.863408668414418,"[1.2700425053309452, 0.3808910665053066, 0.19751950326624493, 0.13203631127589696]"
732,,"[0.060846353054125585, 0.0, 0.23869390726876968, 0.0]",2,0.10163492388110025,1.8288791164167748,1.7607660112638537,0.05,1.781485154814699,"[1.290399596411139, 0.3898140968548026, 0.20365747833399334, 0.13853809805894898]"
733,,"[0.0, 0.22470712174933294, 0.0, 0.0]",1,0.07912108922214192,1.7844094660881193,5.667634208456476,0.05,1.3067522184419447,"[1.2882189124573287, 0.38486217126395245, 0.20117303096860728, 0.1379614899597777]"
734,,"[0.06283464707842353, 0.0, 0.0, 0.26157824500681504]",2,0.22928470365014178,0.5215028834425361,0.1654384733262627,0.0,7.36515694336109,"[1.2839568162608919, 0.39263743949430674, 0.2064009431044325, 0.135110658420536]"
735,,"[0.0, 0.26497302949793, 0.0, 0.3192351530934181]",2,0.16836138209849497,1.151150672989988,5.277842698785642,0.0,4.610221481907557,"[1.3001043268968668, 0.39779727710870677, 0.21087106829352295, 0.14267975876581765]"
736,,"[0.0, 0.22131405140637772, 0.0, 0.0]",1,0.1548322209121396,0.8710221525450391,2.1063178748123814,0.0,12.611436135442084,"[1.2878708592669064, 0.38479412517181255, 0.20110520589481176, 0.13785700259959333]"
737,,"[0.0, 0.27728282820477596, 0.13030855638629513, 0.0]",2,0.06878425156653566,1.2505434596669582,0.7201457455784723,0.1,1.4013361371036088,"[1.3001330979482468, 0.3890676432355947, 0.20431446756957955, 0.14265792865246202]"
738,,"[0.21275788468634682, 0.0, 0.16173297423853727, 0.0]",2,0.10365779166388184,1.791307097061062,1.9688954128859608,0.05,1.734256974774698,"[1.3081753477197475, 0.39496539256923435, 0.20646647902953894, 0.13874002632614515]"
739,,"[0.0, 0.17679553362302208, 0.0, 0.0]",1,0.20163464604467696,0.9744030513095758,0.9246447668195297,0.1,9.36722033256268,"[1.2835564902675323, 0.38392751097542693, 0.20025886173652535, 0.13653370522551553]"
740,,"[0.311261534727457, 0.0, 0.0, 0.0]",1,0.21619799662730532,1.2405927890776896,5.725100683145812,0.2,5.08611354520904,"[1.318861779539106, 0.39695567670235704, 0.2074939747997942, 0.1361831242529586]"
741,,"[0.0, 0.0, 0.3356074594145985, 0.3289619608612405]",2,0.21343694811334,0.7542430863031113,2.1881331684017926,0.05,51.111393254723595,"[1.2982100220380943, 0.40276430663248264, 0.21545069974885636, 0.1426081474068526]"
742,,"[0.0, 0.0, 0.0, 0.0]",0,0.14473926343439772,0.9670223618439491,5.474153704032868,0.1,7.393092980078175,"[1.2700425053309454, 0.38089106650530663, 0.19751950326624504, 0.13203631127589696]"
743,,"[0.11151979696664013, 0.344098439447595, 0.0, 0.0]",2,0.10961658744884482,1.581229634944006,2.9314416934243956,0.0,1.8570266911322773,"[1.3171558317774872, 0.3920821588674724, 0.2074094652284121, 0.143149840160037]"
744,,"[0.0, 0.3112989901582782, 0.0, 0.0]",1,0.2387667672814141,1.8732986034284336,2.884456254077729,0.0,4.016727852417075,"[1.2981953277466478, 0.3867065287960347, 0.20309366558476255, 0.14081795116000712]"
745,,"[0.0, 0.11358984473331142, 0.0, 0.3177419094745122]",2,0.16248981588570918,0.6514992671286348,3.211667231228596,0.0,10.190850947470297,"[1.2857509621651426, 0.39483159746762203, 0.20831518615109162, 0.13775164655826302]"
746,,"[0.0, 0.2632531693352661, 0.0, 0.0]",1,0.2038848700830497,1.584417574220251,1.1241674159028543,0.05,3.3894727984730304,"[1.2923856059904208, 0.38565656744415894, 0.20198036784978546, 0.13918666760516102]"
747,,"[0.3227958252327989, 0.0, 0.0, 0.16839140223344917]",2,0.2258998562604501,0.6442297325874426,4.338980830341089,0.0,16.173507182305826,"[1.3245617300438783, 0.4028374423509678, 0.2122324241336274, 0.13807868366033377]"
748,,"[0.0, 0.08505899115414528, 0.0, 0.19767414634251512]",2,0.2405129688470268,0.8930005933486673,6.100548333451479,0.05,17.90182812695911,"[1.2801176831564862, 0.38867671749467475, 0.20379777861348325, 0.13578457483938602]"
749,,"[0.19215830877124035, 0.0, 0.0, 0.0]",1,0.2270356821388569,1.056001752070555,4.910873447907117,0.05,7.117588220722703,"[1.2970885913923975, 0.38971236714719626, 0.20309717504037453, 0.1345219689176436]"
750,,"[0.10322658840663688, 0.0, 0.0, 0.0]",1,0.11427527510422625,0.8418590115907969,6.002595597114974,0.1,13.65011479884949,"[1.2835942061511296, 0.38528071350250753, 0.20031708998045838, 0.13334221357970397]"
751,,"[0.0, 0.0, 0.0, 0.0]",0,0.1251881350290164,1.0991362066970292,4.473753337131014,0.2,3.6130824394814534,"[1.2700425053309454, 0.38089106650530674, 0.19751950326624504, 0.13203631127589696]"
752,,"[0.0, 0.26864771997938197, 0.0, 0.29690390131430927]",2,0.08429315276126458,1.8340965744936728,4.126213831086465,0.0,1.5726490059579135,"[1.2998229136692476, 0.39667534639498364, 0.21012550331511837, 0.14254758718610389]"
753,,"[0.0, 0.3034444302516889, 0.0, 0.247835308689805]",2,0.22627587343321043,1.5409926573656505,4.821765293439228,0.05,4.214608280613519,"[1.3025712314845521, 0.3950434838298666, 0.2091803509282633, 0.1432592964701871]"
754,,"[0.12549476755735847, 0.0, 0.0, 0.0]",1,0.12186790128313041,1.1977685909531561,5.277676387464284,0.2,3.377554535553229,"[1.2867947267759299, 0.3863267616298772, 0.20097815591880092, 0.13363281047761422]"
755,,"[0.10996956821163459, 0.0, 0.0, 0.2904427947725792]",2,0.09270067570118692,0.5989055513101103,2.8497211459570537,0.2,4.939091704006496,"[1.2912584280245882, 0.3961218781805676, 0.20878265605660334, 0.1360864925415504]"
756,,"[0.0, 0.06228184855595166, 0.0, 0.0]",1,0.06212494533977131,1.8515897390979272,2.788168288321004,0.2,1.0405259542952028,"[1.2742514986563822, 0.3818952182270606, 0.19839008069708158, 0.13349626416824625]"
757,,"[0.0, 0.0, 0.31477989795334954, 0.18453269447377108]",2,0.08368691869012948,0.6873927152980177,6.1752789569743936,0.1,7.548696064087947,"[1.2923079338572785, 0.3955442378292515, 0.2093256123348172, 0.14099323408934053]"
758,,"[0.0, 0.1494068920701253, 0.0, 0.19412313237917786]",2,0.0940099267605734,0.5388132223006992,2.315185650621078,0.05,3.6427795170791946,"[1.2851905402406698, 0.3896623059613071, 0.20466637674472032, 0.1375451174465794]"
759,,"[0.0, 0.2754265185950349, 0.0, 0.1804885694580626]",2,0.18867547149864833,1.4538989505542315,1.4894714113916427,0.05,3.4156040744593494,"[1.2974705618241678, 0.3916148326211324, 0.2065697616766215, 0.14145885569628663]"
760,,"[0.0, 0.0, 0.0, 0.0]",0,0.1594157177047577,1.1767778258440356,3.24666811288156,0.05,4.501859313611739,"[1.2700425053309456, 0.3808910665053068, 0.19751950326624507, 0.13203631127589704]"
761,,"[0.0, 0.3183697889300007, 0.0, 0.0]",1,0.07733770767451897,1.8189566573300158,3.6305676446766806,0.2,1.3487807370542575,"[1.2991156656316911, 0.38686716927875925, 0.20326888579058228, 0.14106837687311016]"
762,,"[0.0, 0.0, 0.0, 0.10006693934127994]",1,0.1569985914326678,1.0507654870571734,4.947246341091089,0.2,5.671894643518003,"[1.2720002907707209, 0.3837901205539943, 0.19990043992079573, 0.1328280100788008]"
763,,"[0.2158204569749155, 0.0, 0.11751361658822602, 0.0]",2,0.12420446300262003,1.1390627557997905,1.2269834780247884,0.0,2.7889232855160864,"[1.3063460754468188, 0.3938991848713651, 0.20576873632965587, 0.1376199267661963]"
764,,"[0.0, 0.0, 0.0, 0.0]",0,0.1348954472786079,0.8730749848430182,4.856124949189193,0.05,12.005698695077637,"[1.2700425053309454, 0.38089106650530663, 0.19751950326624496, 0.13203631127589696]"
765,,"[0.0, 0.0, 0.0, 0.10384187817790273]",1,0.0895647232009388,1.9643483728604683,1.7777335704895747,0.0,1.511830029409851,"[1.2720806979501338, 0.3839119792128818, 0.19999838415940266, 0.1328589217876325]"
766,,"[0.32590350970782606, 0.0, 0.0, 0.0]",1,0.14602002317535376,1.7849900835936814,2.912522259990653,0.0,2.378262335716512,"[1.3219190561801222, 0.39797878336326836, 0.20809727043308307, 0.1363937924179655]"
767,,"[0.28253050679873415, 0.0, 0.0, 0.2443492916676472]",2,0.11406997074419403,1.6181878699119212,2.7616594774502343,0.1,2.084997180157381,"[1.3183333971925277, 0.4031909975439071, 0.21301447456394057, 0.13827965705552403]"
768,,"[0.0, 0.0, 0.25439160861139953, 0.0]",1,0.07544437972979845,1.1681583620020866,2.482800296140117,0.2,2.23675429385853,"[1.2838388451670106, 0.387794029378091, 0.20256784632908942, 0.13805755638274142]"
769,,"[0.16005144919249215, 0.0, 0.15776925516573725, 0.0]",2,0.13475610186282555,1.93945582462327,4.943062159322095,0.05,2.288843919145393,"[1.2994944092686802, 0.39201431268798825, 0.20470628914306402, 0.1378315695300909]"
770,,"[0.0, 0.1881790768667814, 0.0, 0.0]",1,0.06304668175657827,0.7761048125289378,6.261122234543566,0.2,18.53467560984183,"[1.2846170182348406, 0.3841446175034964, 0.2004679157568635, 0.13686385440375515]"
771,,"[0.0, 0.20201617411816847, 0.0, 0.0]",1,0.1180355218555891,1.8859782384446757,5.12797719758261,0.1,1.9462110642305372,"[1.285944687831038, 0.38441260538092803, 0.2007286745190407, 0.13727267389422268]"
772,,"[0.1634069537383785, 0.0, 0.0, 0.0]",1,0.11922383235034606,1.082707387304396,4.346320705166256,0.05,3.1153022224346847,"[1.2925093996173491, 0.3882025095561911, 0.20215637953865964, 0.13413493501046708]"
773,,"[0.0, 0.0, 0.0, 0.0]",0,0.20494215554476541,1.0455025795316961,3.6372114345637496,0.0,7.757254200235151,"[1.2700425053309452, 0.3808910665053066, 0.19751950326624493, 0.132036311275897]"
774,,"[0.13218454236101512, 0.0, 0.07670996133863259, 0.0]",2,0.13595836577375117,0.5087489261605703,5.197904824585711,0.2,5.81601735513841,"[1.2911512858347003, 0.3884536801252384, 0.20240118246191408, 0.13541992495046615]"
775,,"[0.0, 0.0, 0.0, 0.34835213584731267]",1,0.11730086830313546,1.8359611355737588,3.0171245960134345,0.0,2.0931337933356824,"[1.2787805750930565, 0.39476807067377095, 0.20804056167225454, 0.13503732358285891]"
776,,"[0.0, 0.11445801773103156, 0.0, 0.0]",1,0.1491660828949506,1.0569776918508502,3.455248114810936,0.2,5.828265217172757,"[1.2782082406752102, 0.38278884705382005, 0.1991930440664966, 0.13481923832212997]"
777,,"[0.0, 0.0, 0.1141549459531356, 0.0]",1,0.19749996265766234,1.7033055397639991,2.519192905412724,0.2,3.5852855642963655,"[1.2753418394177283, 0.383627524468052, 0.19949641700183635, 0.13448952788681193]"
778,,"[0.0, 0.0, 0.0, 0.0]",0,0.13413907136049316,0.5918016968178877,4.272706791287829,0.05,6.470445241731782,"[1.2700425053309454, 0.38089106650530663, 0.19751950326624504, 0.13203631127589696]"
779,,"[0.0, 0.33500975231489893, 0.0, 0.1289251712575472]",2,0.08062453261515566,1.7092394109638198,1.3376442642462478,0.05,1.442478679095346,"[1.3038413893361105, 0.39108377995450155, 0.20655278273539673, 0.14307407953407664]"
780,,"[0.0, 0.27281662574813254, 0.0, 0.25450383372144664]",2,0.15562316495729053,0.9877602277994901,0.5991169369922748,0.05,6.687395966104061,"[1.2990696504652954, 0.3946821657672218, 0.2087606739982297, 0.14220208704926124]"
781,,"[0.30037858287098723, 0.0, 0.07845051884693845, 0.0]",2,0.08783978757410318,1.8257523647134968,4.41340089472974,0.2,1.6842790145328226,"[1.320011530673557, 0.39809523883453063, 0.2082177524955276, 0.13789734606827236]"
782,,"[0.27417782652610895, 0.0, 0.0, 0.0]",1,0.05141111365332762,1.4832259086265855,4.938089968810248,0.0,0.9560077795162867,"[1.3115304629516578, 0.3945070878111562, 0.20603132833577067, 0.13565588715925]"
783,,"[0.0, 0.0, 0.0, 0.0]",0,0.07759861161246667,1.50609093936602,4.94420742579188,0.05,1.4560948566954646,"[1.2700425053309454, 0.38089106650530663, 0.19751950326624487, 0.13203631127589696]"
784,,"[0.0, 0.2789728720971466, 0.0, 0.0]",1,0.139185263580862,0.622934452079611,5.636465788554263,0.05,8.018540842624882,"[1.2942057334381132, 0.3859924185675527, 0.20233058020770253, 0.13970722676422914]"
785,,"[0.0, 0.17979734934425678, 0.0, 0.0]",1,0.22347162517560232,1.9224617112475726,0.8002231311361386,0.1,3.942653593182628,"[1.283833441657121, 0.38398447212707665, 0.2003135224629117, 0.1366202311091876]"
786,,"[0.0, 0.0, 0.0, 0.0]",0,0.1067636869523114,1.6402835402800195,2.494398927054149,0.05,1.8661863271313308,"[1.2700425053309454, 0.38089106650530646, 0.19751950326624504, 0.13203631127589702]"
787,,"[0.0, 0.0, 0.0, 0.0]",0,0.2079964695552231,1.6990350057305652,3.906948217334591,0.0,3.4917122040960975,"[1.2700425053309454, 0.38089106650530674, 0.19751950326624498, 0.13203631127589696]"
788,,"[0.13157015944998834, 0.0, 0.0, 0.0]",1,0.16009786292883543,0.6314798923363397,3.1121305205077268,0.0,8.846363478067818,"[1.2876873081716886, 0.386619077722056, 0.20116240238381536, 0.13371264868422703]"
789,,"[0.0, 0.2015145272350843, 0.08245849967524325, 0.0]",2,0.24362110290903816,0.5305302899763655,1.5321416235026504,0.0,10.301145594141143,"[1.2895963605618195, 0.3863030767431385, 0.2020013781468977, 0.13906115889334508]"
790,,"[0.0, 0.0, 0.16627303290864612, 0.0]",1,0.05689929612753169,1.8691313532239249,6.051744618202808,0.0,1.0325028843663362,"[1.2781950754803544, 0.3850544891181888, 0.20054006582410838, 0.13573712772757027]"
791,,"[0.0, 0.0, 0.0, 0.0]",0,0.13697381749911455,1.8649951799676625,4.0924909059248655,0.2,2.4272196417818432,"[1.2700425053309454, 0.38089106650530663, 0.19751950326624498, 0.1320363112758969]"
792,,"[0.0, 0.0, 0.0, 0.0]",0,0.08619347289795465,0.5721103618435666,2.7418565725176327,0.05,3.4815422958447266,"[1.2700425053309452, 0.3808910665053066, 0.19751950326624496, 0.132036311275897]"
793,,"[0.0, 0.0, 0.0, 0.0]",0,0.08080871504037264,1.6297359138331058,4.356084452238505,0.0,1.4715978792315823,"[1.2700425053309452, 0.38089106650530663, 0.19751950326624484, 0.13203631127589693]"
794,,"[0.0, 0.0, 0.0, 0.0]",0,0.12801673115767123,1.2304478974949442,5.3363500261082075,0.2,3.3227636716054314,"[1.2700425053309456, 0.38089106650530674, 0.197519503266245, 0.132036311275897]"
795,,"[0.0, 0.0, 0.0, 0.0]",0,0.07821446442525998,0.9612922756755308,6.123221293119838,0.0,4.097934604425944,"[1.2700425053309452, 0.38089106650530663, 0.197519503266245, 0.13203631127589696]"
796,,"[0.0, 0.0, 0.09318781425753239, 0.0]",1,0.21983230565263048,1.7204105280316084,3.2443928709341168,0.2,3.973382045892149,"[1.2742782311316114, 0.3830876525004976, 0.19910385833875918, 0.13401140749808899]"
797,,"[0.22138687380371747, 0.0, 0.0, 0.0]",1,0.2081755318655687,0.6775616996913043,6.1349298281678655,0.1,17.961488677981933,"[1.3019849737777924, 0.391332832542189, 0.20409842982089074, 0.13492097667306482]"
798,,"[0.0, 0.0921568428503485, 0.0, 0.0645236324662342]",2,0.20638865137169746,1.8161662110710992,2.5098153822201206,0.0,3.7491561371254667,"[1.2776797514158071, 0.38419523614798773, 0.20030506676462342, 0.1347822687145944]"
799,,"[0.1834094563740425, 0.0, 0.0, 0.0]",1,0.0785003452082904,1.0075812874271486,5.409436811727745,0.2,3.4399538722820022,"[1.295671326121079, 0.3892444544119099, 0.2028063956304361, 0.1344036250772293]"
800,,"[0.0, 0.0, 0.06328756791509427, 0.0]",1,0.15291982730182124,0.5421820231404186,3.556332303719441,0.2,5.985375738840969,"[1.2728362705112308, 0.3823484568304854, 0.1985684006984426, 0.13335180462623686]"
801,,"[0.1577386466994064, 0.07765542968190088, 0.0, 0.0]",2,0.18699543208947822,1.2717712386068931,2.5967687370361494,0.2,4.375326230294243,"[1.2969205816843627, 0.3891452785814119, 0.20316602783841586, 0.13583505077597902]"
802,,"[0.0, 0.0, 0.0, 0.0]",0,0.17264464859757722,1.0611319960633485,4.623818878733564,0.0,5.099183232050521,"[1.2700425053309454, 0.38089106650530663, 0.19751950326624498, 0.13203631127589696]"
803,,"[0.0, 0.0, 0.0, 0.32348031553957907]",1,0.09318762270145134,1.497648079596179,4.437301036570979,0.2,1.7617197858458211,"[1.2779245706999176, 0.39330986383123673, 0.20703694658670693, 0.13479906226746066]"
804,,"[0.0, 0.09570476947232745, 0.19453743898140607, 0.0]",2,0.21498243019081664,1.8740459739289883,1.578568602544842,0.05,4.1568613068473494,"[1.286567370624658, 0.38742546143974893, 0.20240816873442816, 0.13882311780562753]"
805,,"[0.13912702234587426, 0.0, 0.30107094254475364, 0.0]",2,0.10061064627387949,0.8140628244235905,0.4310546929166711,0.2,15.865029273222731,"[1.3058057592711354, 0.39568895968161766, 0.2072927072204203, 0.14167581126705991]"
806,,"[0.0, 0.1483473009006019, 0.0, 0.0]",1,0.22497114851245292,1.1672927642241615,3.044215926545226,0.05,6.222944672902839,"[1.281023757422288, 0.3833976587069552, 0.1997566605152393, 0.1357321928489784]"
807,,"[0.0, 0.0, 0.0, 0.17618714411085082]",1,0.15869708750993072,0.6614906306721626,4.074732813693591,0.1,11.167064772480344,"[1.273731175952677, 0.3864602899183217, 0.20200699149239196, 0.13346667521952987]"
808,,"[0.0, 0.0, 0.0, 0.0]",0,0.1985467982444527,0.8557235082567844,1.186406042817946,0.05,21.315683453286102,"[1.270042505330945, 0.38089106650530674, 0.19751950326624496, 0.13203631127589696]"
809,,"[0.0, 0.09318546223913857, 0.0, 0.0]",1,0.24700029070859478,0.8261645792083596,4.976882283022405,0.05,36.970797711438145,"[1.276542952299899, 0.3824183639366821, 0.19885675211456078, 0.13426818716969988]"
810,,"[0.0, 0.0, 0.0, 0.0]",0,0.10483365336839999,1.0173801243899836,3.7682148392527477,0.2,4.672505520317213,"[1.2700425053309454, 0.38089106650530663, 0.19751950326624504, 0.132036311275897]"
811,,"[0.0, 0.11203424702979548, 0.0, 0.10955438786153082]",2,0.12365702641195882,1.941162479619572,4.539827161699384,0.2,2.4645983451147306,"[1.2801536031947418, 0.38594333688299526, 0.2017289234483946, 0.1357024056470768]"
812,,"[0.0, 0.10444238404026937, 0.0, 0.3437986940952937]",2,0.14205597155989458,1.1960736632979263,1.8694384623511922,0.1,3.7048351507045956,"[1.2859112472727885, 0.39617436942327955, 0.20921396781366558, 0.13776001746914485]"
813,,"[0.0, 0.0, 0.2764572833096072, 0.0]",1,0.21610354147461264,0.8683814621178704,5.042304237602524,0.2,20.799324239048705,"[1.285448034162947, 0.38855685990569166, 0.20313788307558248, 0.13868422442076295]"
814,,"[0.0, 0.3116703195411392, 0.0, 0.0]",1,0.17756448263207728,1.7260780425537874,5.573466202450787,0.2,3.153973869250118,"[1.2982432148573713, 0.3867149240139747, 0.20310278977219853, 0.14083103438054054]"
815,,"[0.0, 0.1826395393662445, 0.05013841919871801, 0.0]",2,0.21864054306277345,0.6236756011092649,0.16804467936204528,0.05,11.952819226536969,"[1.2862792427852836, 0.38516634688932905, 0.20113177029030668, 0.1377709038466098]"
816,,"[0.0, 0.0, 0.0, 0.0]",0,0.1471581847996877,1.1089125469555265,6.271660166902717,0.0,4.763761854502496,"[1.2700425053309454, 0.38089106650530674, 0.19751950326624493, 0.13203631127589696]"
817,,"[0.0, 0.185379818629261, 0.0, 0.0]",1,0.21406774532373288,1.9132723209936837,5.794506292234883,0.05,3.8528082829091885,"[1.2843536272980942, 0.38409095253336084, 0.20041606013049637, 0.13678215780325814]"
818,,"[0.14206433337477806, 0.0, 0.0, 0.0]",1,0.1659997150391978,0.8050389759519373,1.5850074768312625,0.0,29.432319019064906,"[1.2892494634286416, 0.38713127435795003, 0.20148469412583073, 0.13385111766902888]"
819,,"[0.0, 0.0, 0.0, 0.18944659645854733]",1,0.1506744067044664,0.767912678887211,0.36912052808194235,0.05,36.08560537999652,"[1.274058482860402, 0.3869760529730548, 0.20240434328755552, 0.13358129544294053]"
820,,"[0.0, 0.05960101919989939, 0.0, 0.31302052167057465]",2,0.14302445770725403,1.7010156108983692,4.988444823870207,0.0,2.622686089798543,"[1.281557667890395, 0.3936663349056689, 0.20738773293808999, 0.13621373985792926]"
821,,"[0.0, 0.24102192359162175, 0.0, 0.22202157935314804]",2,0.08439588694456895,0.7243104589754095,3.778713210923378,0.2,12.853385734535461,"[1.2946698270885997, 0.3925757732227881, 0.20711079802359644, 0.14072149628458838]"
822,,"[0.0, 0.0, 0.24220411164452232, 0.0]",1,0.21554939974783505,1.9977395712090906,3.610944193092483,0.1,4.4094375939640535,"[1.2829869348961296, 0.38738705092153275, 0.20226465823110085, 0.13771960525174803]"
823,,"[0.0, 0.0, 0.08019572238408938, 0.0]",1,0.09003816988235779,1.4443244132308566,1.1988398824192017,0.05,1.4654316868425463,"[1.2736412561398835, 0.382762169866247, 0.19886779641552504, 0.13372165448813306]"
824,,"[0.0, 0.0, 0.0, 0.0]",0,0.24510962412709314,1.9638993397257836,3.7532798799355875,0.1,4.424510779302644,"[1.2700425053309452, 0.3808910665053066, 0.19751950326624504, 0.132036311275897]"
825,,"[0.0, 0.0, 0.0, 0.0]",0,0.0956545461487562,0.5780982692724554,4.069522618872356,0.05,4.407593574997175,"[1.270042505330945, 0.3808910665053066, 0.19751950326624504, 0.13203631127589696]"
826,,"[0.0, 0.0, 0.0, 0.0]",0,0.24622265716441527,1.2599445306964894,3.3447881332898173,0.05,5.969338697211448,"[1.2700425053309452, 0.38089106650530674, 0.19751950326624504, 0.132036311275897]"
827,,"[0.17607820956561848, 0.0, 0.0, 0.0]",1,0.22842010399388957,0.8696996461925296,5.686052845454108,0.2,20.703335187030714,"[1.2944999946130193, 0.3888581440319965, 0.2025657927522903, 0.13430484244745244]"
828,,"[0.0, 0.0, 0.0, 0.0]",0,0.21187716844130758,0.5670826096697824,5.068914113461186,0.2,10.33243687042775,"[1.2700425053309452, 0.38089106650530663, 0.19751950326624498, 0.13203631127589696]"
829,,"[0.0, 0.0, 0.0, 0.0]",0,0.18756094235850182,1.8381072971700847,3.68776395099945,0.0,3.345106280478247,"[1.2700425053309454, 0.38089106650530674, 0.19751950326624493, 0.13203631127589693]"
830,,"[0.33925489747169396, 0.0, 0.0, 0.1422648681365215]",2,0.17645560342353675,1.8690131678118829,5.018700180712949,0.1,3.1383174580450603,"[1.3275062730114966, 0.4030927642805034, 0.2121771754285058, 0.1380521194747115]"
831,,"[0.0674306537111018, 0.0, 0.0, 0.18771037389277817]",2,0.237496309026074,1.38723599290534,0.8755159148274362,0.2,4.287832107492298,"[1.2826022581323222, 0.38965735914121963, 0.20412857700442832, 0.13448641551193263]"
832,,"[0.0, 0.0, 0.24171922364547083, 0.17759529385473405]",2,0.15282996655542,1.6401951951855864,5.698254321257317,0.0,2.680895142457283,"[1.286636721500936, 0.39278676687157654, 0.20703466756035704, 0.13892300354137505]"
833,,"[0.0, 0.0, 0.0, 0.1702135457482196]",1,0.19099709910070897,1.7973903381617748,2.5384752923284863,0.0,3.3409206372512377,"[1.273586411618779, 0.3862332529946832, 0.20183110179852745, 0.1334153691657902]"
834,,"[0.05189079840249011, 0.0, 0.0, 0.3486351651492853]",2,0.16305722786779892,1.8783072999205757,3.5509734849598207,0.0,2.906094803421199,"[1.2852898845916816, 0.3968401901657283, 0.2094148850458847, 0.1358036238059649]"
835,,"[0.0, 0.0, 0.169439633590838, 0.0]",1,0.22582855926040313,1.1479885797143865,4.179106648109174,0.1,5.551263061999763,"[1.2783789035340434, 0.3851454055644921, 0.20060685666113193, 0.13581577159139377]"
836,,"[0.0, 0.0, 0.0, 0.10369265880147563]",1,0.21522866194608445,1.1025357261865154,2.459190672777311,0.1,7.141712149507411,"[1.2720775095649959, 0.3839071430340448, 0.1999945003619463, 0.1328576983994249]"
837,,"[0.0, 0.0, 0.0, 0.0]",0,0.23568654982679527,1.5555099566364397,1.290586782510877,0.2,4.132510228131517,"[1.2700425053309452, 0.3808910665053066, 0.19751950326624498, 0.13203631127589693]"
838,,"[0.0, 0.1154734378327331, 0.09163398777889008, 0.0]",2,0.20403784152279,1.3965207079222721,2.6503879943364583,0.1,3.7783444170645226,"[1.282444257916768, 0.38494615217076716, 0.20070307963253944, 0.1368247377776023]"
839,,"[0.230900658696197, 0.0, 0.0, 0.0]",1,0.22659278389700382,0.8492876540061473,2.0290733269392005,0.0,20.30284109356028,"[1.3036353867864925, 0.39188031910302085, 0.20443458747293938, 0.1350520631796849]"
840,,"[0.0, 0.0, 0.0, 0.0]",0,0.13993097466545806,1.1333078320990941,0.4364960576180317,0.1,4.189643130256797,"[1.2700425053309456, 0.38089106650530674, 0.197519503266245, 0.13203631127589693]"
841,,"[0.0, 0.25685460941424304, 0.06762710267887168, 0.0]",2,0.0949139762775732,1.0095478294414983,2.5466730801782704,0.0,3.7333699865663723,"[1.2946539476781695, 0.38705695504998344, 0.20284864090383178, 0.14046410933996697]"
842,,"[0.32374985882549684, 0.2692794314232679, 0.0, 0.0]",2,0.240785590529205,1.231265350423369,2.942783944176686,0.0,5.183870334437484,"[1.3440698383289371, 0.4023554781762573, 0.21357690253565192, 0.14309536390765704]"
843,,"[0.0, 0.0, 0.0, 0.2985343509284679]",1,0.06290858214002237,0.9807620974371254,3.3309240693709845,0.1,3.115306147055861,"[1.2771158919306047, 0.39194993596996647, 0.20608015549616301, 0.13456404323533497]"
844,,"[0.0, 0.0, 0.0, 0.0]",0,0.1232965784418862,1.0257944417003073,2.1237233271028813,0.05,4.788065946927098,"[1.2700425053309456, 0.3808910665053068, 0.19751950326624507, 0.13203631127589696]"
845,,"[0.0, 0.0, 0.3120200132955754, 0.07407205515219954]",2,0.09230267196960036,1.018909419099977,1.7874438724714774,0.2,3.6247052133437476,"[1.2896365549503923, 0.3918395420492433, 0.2059818154469159, 0.14019108210386588]"
846,,"[0.09170388604914145, 0.0, 0.0, 0.28128054027252736]",2,0.20326828907786634,1.7405038043296919,3.1687131634258425,0.1,3.7822358881362823,"[1.2884306633606717, 0.3948413086628528, 0.2079140048513872, 0.13572299921755476]"
847,,"[0.10226833227118606, 0.0, 0.0, 0.0]",1,0.2257762885942314,1.1088812979318898,1.9776327550911343,0.2,6.9878609756270045,"[1.283458911759396, 0.3852365684638706, 0.2002891348049494, 0.13332978001281104]"
848,,"[0.0, 0.0, 0.17965652823900738, 0.0]",1,0.15034798747802683,1.698101979777931,5.33388738753961,0.2,2.8292953704354673,"[1.2789808206952529, 0.3854422652494302, 0.20082518727252963, 0.13607181868510232]"
849,,"[0.06109532051722724, 0.33582607511862467, 0.0, 0.0]",2,0.22826612634562443,1.0263179764250516,1.473729282521906,0.0,6.6375364608090495,"[1.3091448786534043, 0.3897028404725504, 0.20554279108685816, 0.14232582134617272]"
850,,"[0.0, 0.0, 0.17391075310797452, 0.0]",1,0.10980135275496715,1.4853788227788007,4.424565661981078,0.05,1.9466101533382323,"[1.2786406458393524, 0.3852746503389843, 0.2007018657968226, 0.1359273877460843]"
851,,"[0.0, 0.17534059753189607, 0.0, 0.0]",1,0.2459713342800951,1.3936514787066738,3.4696103523791084,0.05,4.514500975737091,"[1.2834229433047275, 0.3838999765462452, 0.20023248682899183, 0.1364919038027724]"
852,,"[0.27082007923421647, 0.23328673193965913, 0.0, 0.0]",2,0.17643423885075615,1.2396055358522358,3.153530695300831,0.2,4.152892165900243,"[1.3296802400074412, 0.39820390289964236, 0.21037351206518587, 0.14138415794154455]"
853,,"[0.0, 0.0, 0.0, 0.28999873448633834]",1,0.1868022384659969,1.3274783129229148,3.147576236916797,0.0,3.817308828821683,"[1.2768497785375414, 0.3915063017037913, 0.20576362529301806, 0.13448452629362065]"
854,,"[0.0, 0.2906432536822158, 0.0, 0.07388732142521919]",2,0.1000575744104032,1.5933917824138617,5.5137648753737345,0.2,1.9536735486710597,"[1.2969758478092763, 0.38831441427605995, 0.20418892827939564, 0.14085146694030512]"
855,,"[0.0, 0.16351129743802678, 0.3205843417273925, 0.0]",2,0.11767088047932468,1.1024544000556222,4.9302697821913215,0.05,3.169750267713902,"[1.3012225592210334, 0.39291069067950163, 0.20645083315992008, 0.1443951148192535]"
856,,"[0.3129780361487924, 0.0, 0.0902983391930339, 0.0]",2,0.19854708931150666,1.3823745051968817,2.365491079532556,0.2,3.864246342103347,"[1.323118451310287, 0.3992607210476898, 0.20890666145428083, 0.1383901919293859]"
857,,"[0.0, 0.09874498738513368, 0.0, 0.0]",1,0.20083510736331553,1.572758376930042,2.7558781205074787,0.1,3.5968827891061093,"[1.27697097803718, 0.38251435091473435, 0.1989434090651992, 0.13441061602778925]"
858,,"[0.0, 0.0, 0.0, 0.10473989661330163]",1,0.17114485982980343,1.2934306349892362,2.1931701113412645,0.05,3.8598210812158364,"[1.272099903417205, 0.3839411174700494, 0.20002177849988667, 0.13286628684779064]"
859,,"[0.0, 0.0, 0.0, 0.0]",0,0.18725805585607813,1.6039458096889097,3.8984270360024307,0.1,3.068789334077019,"[1.2700425053309456, 0.38089106650530674, 0.19751950326624498, 0.13203631127589696]"
860,,"[0.16160903219607206, 0.0, 0.06044861631714243, 0.0]",2,0.24248485516269389,1.5111074082203508,4.9380655408544865,0.0,4.533476332848688,"[1.2948359638854654, 0.38951841752813116, 0.20303633987616762, 0.13545184189170437]"
861,,"[0.20001867858078448, 0.0, 0.0, 0.0]",1,0.15851282766574096,1.0403282836937622,3.5653692305017786,0.0,5.7458805794858865,"[1.298380459873337, 0.39013933604109574, 0.20336187453685656, 0.13462872201771486]"
862,,"[0.16505580438390047, 0.0, 0.0, 0.0]",1,0.19579674450449713,0.7602328391838136,3.856394499232076,0.05,49.702472174664386,"[1.2927660426074588, 0.3882869761124226, 0.2022091987803159, 0.13415698499667386]"
863,,"[0.0, 0.0, 0.0, 0.0]",0,0.1413963342021315,1.2518780029338876,2.130624776139224,0.1,3.5543630479616493,"[1.2700425053309456, 0.38089106650530674, 0.197519503266245, 0.13203631127589696]"
864,,"[0.0, 0.0, 0.0, 0.0]",0,0.11649662659332312,1.1913468194867813,5.909774067625195,0.1,3.447150092794342,"[1.2700425053309452, 0.3808910665053069, 0.19751950326624498, 0.13203631127589696]"
865,,"[0.0, 0.0, 0.3013050198235737, 0.0]",1,0.07924067906227705,1.5951477047649434,1.0958277400923142,0.2,1.4446808508423323,"[1.2873715177157101, 0.3894589351068929, 0.20381481068086799, 0.13941350946009112]"
866,,"[0.0, 0.0, 0.0, 0.0]",0,0.15897058333131658,1.336671300830277,4.877412804439832,0.2,3.3528126922536017,"[1.2700425053309454, 0.38089106650530663, 0.19751950326624504, 0.13203631127589696]"
867,,"[0.0, 0.0, 0.20615206709829248, 0.0]",1,0.22183939784426798,1.1455687267377548,4.000374002355973,0.1,5.897954443686603,"[1.2806074259992914, 0.3862382627313702, 0.2014124600770096, 0.13675262169225177]"
868,,"[0.0, 0.0, 0.2758895689062905, 0.29051410941434963]",2,0.1008845450412353,1.3793930809402593,3.2935794877622717,0.0,1.9308061477810197,"[1.2921553929135505, 0.3987057159956364, 0.21194960693473855, 0.14066848425307718]"
869,,"[0.0, 0.06457400666340782, 0.2702932162668513, 0.0]",2,0.24055678668037128,1.937988779962898,0.975900993560017,0.0,4.328658028514924,"[1.289353955193547, 0.389356092941499, 0.2037619648119648, 0.1400990500224599]"
870,,"[0.0, 0.1037869035864096, 0.0, 0.0]",1,0.127252810603446,1.099257516045638,2.9083577460010828,0.1,4.20426636271619,"[1.2773635039337212, 0.3826019098898544, 0.19902274305213172, 0.1345407485816591]"
871,,"[0.21622759093361144, 0.0, 0.0, 0.15387207417420634]",2,0.24744001992091483,1.6506732345075878,1.9635604636965762,0.1,4.39031604249495,"[1.304147495740115, 0.39567157794716545, 0.2077529023412087, 0.13629941475871943]"
872,,"[0.0, 0.2518936887578505, 0.0, 0.20455277076307005]",2,0.06688442568320203,1.0392085869620722,5.435869759225339,0.05,2.434874871809934,"[1.2953989831770472, 0.3920713381934325, 0.20679101829765867, 0.14090212395429746]"
873,,"[0.0, 0.19972970769431586, 0.0, 0.0]",1,0.132602098172761,1.4706763727984749,2.0419563777828813,0.05,2.494262368620907,"[1.285722302663671, 0.38436800740662014, 0.2006850690841126, 0.1372045428263662]"
874,,"[0.0, 0.0, 0.3099118413929013, 0.0]",1,0.07905068752545825,1.4930165259161763,4.424140147282346,0.05,1.3922947152652425,"[1.288067433337694, 0.3897827917660432, 0.20405855726982708, 0.13967213543583903]"
875,,"[0.0, 0.0, 0.0, 0.2784561699614984]",1,0.16486344752364235,1.1244475400317246,2.218951035875885,0.0,4.8056029585072935,"[1.2764980044575711, 0.39092288239565354, 0.2053440277606073, 0.13437771846149987]"
876,,"[0.12823726993246826, 0.0, 0.0, 0.25079256153481777]",2,0.1098953332098822,1.5872870666522165,2.525083936133476,0.05,1.9183499214399247,"[1.2927333535136107, 0.3950577707140552, 0.2079200993354096, 0.13596095839993333]"
877,,"[0.0, 0.0, 0.1689641660272218, 0.0]",1,0.1915168030133047,1.0992682323229874,4.874680491326829,0.2,5.791471390803265,"[1.2783512202393394, 0.3851317218030193, 0.20059680176650316, 0.13580394170823223]"
878,,"[0.0, 0.0, 0.0, 0.0]",0,0.06130536213028573,0.668637630931479,2.483570391113637,0.1,4.570622876444343,"[1.2700425053309456, 0.38089106650530674, 0.19751950326624504, 0.13203631127589704]"
879,,"[0.0, 0.0, 0.0, 0.2621507267701632]",1,0.1793485792353724,1.3778320880264991,3.2991987056275405,0.05,3.3016294473902663,"[1.2760161932584313, 0.3901294726308356, 0.20476728943544478, 0.13422824068361075]"
880,,"[0.0, 0.0, 0.0, 0.3219141574427286]",1,0.11632868036029867,1.140403338392287,3.0938339096639327,0.2,3.8885360078172635,"[1.2778723842195043, 0.3932215773508643, 0.20697544568354906, 0.13478419146161796]"
881,,"[0.0, 0.07822759077133283, 0.0, 0.15265379144832375]",2,0.11881518715756839,1.232412751873201,4.781611496435283,0.2,2.787461442330575,"[1.278521795846741, 0.3868453993297378, 0.2023840002409738, 0.1351931995215638]"
882,,"[0.0, 0.0, 0.0, 0.27324190108632335]",1,0.22390507298251464,1.437981167630271,1.4545437437997162,0.1,4.234073419814364,"[1.2763420432105648, 0.3906653333254967, 0.20515758735831197, 0.1343297393826835]"
883,,"[0.0, 0.0, 0.17521491245521092, 0.0]",1,0.08353469744548783,1.2630518403912658,4.092091209467342,0.0,1.5594780434603237,"[1.2787174789283038, 0.3853125437651658, 0.2007297351468005, 0.13596007179430833]"
884,,"[0.0, 0.0, 0.0, 0.0]",0,0.18160551067920408,0.9800777245501074,2.104081669991482,0.1,8.269489977910709,"[1.2700425053309454, 0.38089106650530663, 0.19751950326624507, 0.13203631127589693]"
885,,"[0.21661853718348117, 0.0, 0.08864104977528917, 0.0]",2,0.23638001746600934,1.2010552844846445,0.5471454984665824,0.1,5.7664843511016945,"[1.3050617421728898, 0.3931846242455822, 0.2053052066032267, 0.13690770669615296]"
886,,"[0.0, 0.0, 0.0, 0.0]",0,0.23242850299262285,1.4912223364582893,0.49994712769089317,0.0,4.094675236248368,"[1.2700425053309459, 0.3808910665053068, 0.19751950326624504, 0.13203631127589704]"
887,,"[0.0, 0.09922740762389873, 0.19720274837564075, 0.0]",2,0.15428742812566454,0.5976115525310166,6.271579538203063,0.1,7.564440575982462,"[1.2870035292927526, 0.3875654783115998, 0.20251571255913575, 0.13898684132193262]"
888,,"[0.11210428127081438, 0.0, 0.27122980445949585, 0.0]",2,0.11733427701880868,1.4530260337575192,1.7931829470057485,0.05,2.1779217697396134,"[1.299658761110422, 0.39326990431449776, 0.20579137746856666, 0.14029610962571956]"
889,,"[0.0, 0.15373172613956038, 0.17850518278892713, 0.0]",2,0.1147711389355982,1.2174390627075857,5.486199962056469,0.2,2.9040014363179574,"[1.290346227405723, 0.38797098981628547, 0.2029462536583495, 0.1400061375726651]"
890,,"[0.29227102012123685, 0.1614737535383394, 0.0, 0.0]",2,0.22440078108108807,0.9653269391628061,4.876643572415529,0.05,8.377589138322785,"[1.3269753984855461, 0.39826843029774794, 0.20963132984229302, 0.13968407570377375]"
891,,"[0.2468753385478176, 0.0, 0.2348316325481115, 0.0]",2,0.11814755923291027,0.7214017175561105,2.325106344500892,0.0,18.40141541976452,"[1.3184807347048653, 0.39925555531462353, 0.20908548921868522, 0.14140624819717496]"
892,,"[0.0, 0.0, 0.31654219942248496, 0.2507102385701033]",2,0.08324223015992115,1.0074921738154459,3.5975670673460525,0.05,3.3797097580627775,"[1.2941872701792738, 0.39826671157665094, 0.21167669791829322, 0.1415012510357152]"
893,,"[0.0, 0.0, 0.0, 0.0]",0,0.16230912004667028,0.5605687285950742,5.040642393079673,0.0,6.84520944540733,"[1.2700425053309454, 0.38089106650530646, 0.19751950326624493, 0.13203631127589696]"
894,,"[0.3411529657225141, 0.0, 0.0, 0.0]",1,0.16600680158261724,1.9909105793126467,2.974675787863377,0.2,3.998386686270024,"[1.3252102855729413, 0.399081167662538, 0.20874193559163942, 0.13661470065425774]"
895,,"[0.0, 0.0, 0.0, 0.33959562760145234]",1,0.05760168267489514,1.1293322110559396,6.020385628959023,0.05,1.7122433823738676,"[1.2784732127093301, 0.3942423189773416, 0.2076813472692023, 0.1349529874860718]"
896,,"[0.0, 0.3210384867290265, 0.0, 0.0]",1,0.2165727289466693,1.8325990572904964,3.2400449623719565,0.05,3.5856518261539527,"[1.2994677382643542, 0.38692823113161917, 0.2033358407098821, 0.14116360964664432]"
897,,"[0.0, 0.0, 0.0, 0.0]",0,0.08127488513343793,1.3464431413126838,6.041136420874952,0.05,1.6126606949922604,"[1.2700425053309452, 0.3808910665053064, 0.19751950326624504, 0.13203631127589696]"
898,,"[0.3108966600212346, 0.0, 0.1892218258249376, 0.0]",2,0.20568957273345764,1.9347563249599289,2.3796938985001588,0.2,4.2246177277220065,"[1.3278604356612305, 0.401932565374832, 0.2105304928029983, 0.1410935039137461]"
899,,"[0.05617701012503611, 0.0, 0.0, 0.0]",1,0.08168533106515737,1.5920830905913366,6.26270225054949,0.2,1.5463449902725497,"[1.2771726253549314, 0.3831923572297618, 0.1989901652612177, 0.13273865845857746]"
900,,"[0.24296894743373149, 0.0, 0.3100009830233139, 0.0]",2,0.06610608253643804,1.0482732937453654,5.803382370745106,0.0,2.2094137219591206,"[1.3231820533483518, 0.401763747930837, 0.21068232735836678, 0.14379186295770158]"
901,,"[0.1539303165237054, 0.1940242124524455, 0.0, 0.0]",2,0.1661480897380683,1.1685656833414415,5.465161483917004,0.05,4.466129926753272,"[1.3060562084305223, 0.3909947369429932, 0.2051782448278593, 0.13883100311629057]"
902,,"[0.0, 0.0, 0.17568216615477183, 0.0]",1,0.12367571463389437,1.8524451549125505,2.106467154288501,0.05,2.0411293081155484,"[1.278745060535013, 0.3853261417379263, 0.20073973749395266, 0.135971795859432]"
903,,"[0.0, 0.1901295944459184, 0.0, 0.0]",1,0.17692031158740484,1.2640388943444312,4.31936062408832,0.2,3.5979447805810563,"[1.2848015679711413, 0.38418211934777274, 0.20050422434733295, 0.1369209794057828]"
904,,"[0.0, 0.0784337343912557, 0.19385209527177993, 0.0]",2,0.10772732491236287,1.521079855608094,5.216250985354495,0.0,1.9933753568524188,"[1.2852217624866278, 0.38711475739093254, 0.20215160999675186, 0.13835312910180506]"
905,,"[0.0, 0.0, 0.1464938217679585, 0.0]",1,0.17028175388376496,1.2848511575277324,3.1555079497865703,0.1,3.8583461924083378,"[1.2770749806455575, 0.3844978992796871, 0.2001319454369539, 0.1352534100410814]"
906,,"[0.07613552152306112, 0.0, 0.0, 0.0]",1,0.19748869296405655,0.6593938708721608,1.277402328340397,0.05,13.932775417680208,"[1.2798429036485819, 0.38405900867462295, 0.19954187637159537, 0.1329929663663476]"
907,,"[0.18329346880332353, 0.17709630895479728, 0.0, 0.0]",2,0.15439737140156395,0.7295972786437415,3.808604532759543,0.2,31.507660439577492,"[1.3090644853936408, 0.39217970636417177, 0.20583255819129226, 0.13871665464673028]"
908,,"[0.0, 0.0, 0.0, 0.0]",0,0.15799208772861026,0.522186315678879,5.06034863101639,0.0,6.174408231555377,"[1.2700425053309448, 0.3808910665053068, 0.19751950326624504, 0.13203631127589702]"
909,,"[0.0, 0.23183154851895937, 0.32031718147463983, 0.0]",2,0.1649252943668359,1.6539595024736922,3.299627991869832,0.05,2.879272140319538,"[1.3077789812825946, 0.3942073443478529, 0.20751652490713487, 0.1465707517810057]"
910,,"[0.0, 0.0, 0.0, 0.23100041952756947]",1,0.10118575356364211,1.0074918641133095,2.626227177144524,0.0,4.355286898487562,"[1.2751414429754246, 0.38870621768692093, 0.2037148810774726, 0.13394718385390586]"
911,,"[0.0, 0.0, 0.0, 0.19707671426154016]",1,0.23165418724597345,1.4282584376114151,4.5232016264964745,0.05,4.144937727702559,"[1.2742506800181623, 0.3872804774975628, 0.2026374326914302, 0.133647717146945]"
912,,"[0.341691238816847, 0.0, 0.08179733721530685, 0.0]",2,0.23470472681068705,1.571467743152385,3.3191743695955984,0.05,4.053159240845287,"[1.3288140504955968, 0.40109405499901535, 0.20995848544677828, 0.1386122623350703]"
913,,"[0.0, 0.0, 0.0, 0.0]",0,0.05392060934398446,0.5442413897802594,3.7321094512375126,0.1,2.005295105575044,"[1.2700425053309459, 0.3808910665053066, 0.19751950326624496, 0.13203631127589693]"
914,,"[0.0, 0.22690742459503874, 0.0, 0.0]",1,0.059026853713293484,1.2854542732878944,5.742093959260387,0.05,1.3072584099433109,"[1.2884461605420383, 0.3849064546509946, 0.20121728082333887, 0.13802953065826976]"
915,,"[0.0, 0.0, 0.0, 0.0]",0,0.2435609300283654,1.5654570608116247,0.24635553415226874,0.05,4.275638944463527,"[1.2700425053309452, 0.38089106650530663, 0.19751950326624515, 0.132036311275897]"
916,,"[0.053082855695370273, 0.0, 0.0, 0.0]",1,0.0654437207542143,1.3368512987805785,5.93670615572106,0.05,1.2985519081886883,"[1.2767654101804404, 0.38306041825579185, 0.19890605630174168, 0.13269945905753472]"
917,,"[0.0, 0.2150381010301703, 0.0, 0.0]",1,0.147948722741462,0.998892156461536,4.609292557736386,0.1,5.653652789115911,"[1.2872345996899777, 0.38466903356429055, 0.2009810526599647, 0.13766512754600252]"
918,,"[0.0, 0.2818184628270166, 0.19326234772267326, 0.0]",2,0.15812465072194648,1.9920608731155351,4.608985708198088,0.05,2.960454565483884,"[1.3042632795078701, 0.3909336432237237, 0.20556563638327224, 0.14447513022092226]"
919,,"[0.0, 0.0, 0.0, 0.05382070806757912]",1,0.12127564552534154,0.7736225659103805,1.6761605399970445,0.1,31.724957886836645,"[1.2710558587318266, 0.38237516382840503, 0.19875051946995936, 0.13245556873179654]"
920,,"[0.0, 0.0, 0.0, 0.0]",0,0.1806661582909932,0.9542003587842769,5.776587608757675,0.1,9.680090014622582,"[1.2700425053309454, 0.38089106650530663, 0.19751950326624498, 0.13203631127589693]"
921,,"[0.0, 0.0, 0.0, 0.18131437893450852]",1,0.1449379117702491,1.9913514958074474,0.4639615514242288,0.05,2.79521022413613,"[1.2738567514232992, 0.38665777013376157, 0.2021594971672536, 0.13351087629004005]"
922,,"[0.12815920369225936, 0.19488500724229127, 0.0, 0.0]",2,0.18233966758811898,1.5302349346799788,3.9729553670658864,0.2,3.572472372423756,"[1.302296167729689, 0.38976094221770013, 0.20435139806861122, 0.13854649803417685]"
923,,"[0.0, 0.0, 0.10147335075480444, 0.0]",1,0.12128996303345081,1.7257206266197282,0.056941944744809056,0.0,2.0790744394563143,"[1.2746931573584612, 0.38329879463831074, 0.19925723693651573, 0.13419877553742984]"
924,,"[0.09837043564068446, 0.2526368602859277, 0.0, 0.0]",2,0.2065509222754283,0.6322165952422634,0.26179696479311804,0.1,13.036481403922242,"[1.3039557860435604, 0.38951685498931216, 0.2046435681996115, 0.13993210058015934]"
925,,"[0.0, 0.0, 0.0, 0.0]",0,0.0645454581346769,0.6748819905578954,5.3840822228532526,0.1,4.87075955369559,"[1.2700425053309456, 0.38089106650530674, 0.19751950326624504, 0.132036311275897]"
926,,"[0.0, 0.0, 0.0, 0.0]",0,0.17336958380624268,1.6433781759487915,2.941478685204982,0.1,3.0888751125344633,"[1.2700425053309456, 0.38089106650530674, 0.19751950326624504, 0.132036311275897]"
927,,"[0.0, 0.0, 0.10460817330934764, 0.33909203586158615]",2,0.14093474912142798,0.920590190817695,2.515402194389331,0.05,8.738294652599562,"[1.2832327709353062, 0.39652236530798146, 0.20965779751502375, 0.13700920833289343]"
928,,"[0.0, 0.0, 0.0, 0.0]",0,0.13513404368834128,1.6830079964090587,1.080283165584331,0.1,2.3359918543478386,"[1.2700425053309454, 0.38089106650530663, 0.19751950326624504, 0.13203631127589696]"
929,,"[0.19963342045103824, 0.0, 0.0, 0.0]",1,0.21426077929493775,1.4172829994643652,3.9064819120504035,0.05,3.8622346483302916,"[1.2983167255102521, 0.3901182615269723, 0.20334882387439793, 0.1346234803178339]"
930,,"[0.0, 0.16164032397202843, 0.0, 0.0]",1,0.21873594678598604,1.5706797300301591,5.088121148312693,0.05,4.074388702574466,"[1.282186959414785, 0.38364303046491927, 0.19998783847210308, 0.13610260089491236]"
931,,"[0.0, 0.0, 0.0, 0.0]",0,0.06154376188636271,1.4527447436186571,3.5495646995890993,0.05,1.1555940662561688,"[1.2700425053309456, 0.38089106650530663, 0.19751950326624493, 0.13203631127589688]"
932,,"[0.0, 0.0, 0.21050198791599123, 0.0]",1,0.11023549027609379,0.5510266706082612,4.890561370475825,0.2,5.09071114847376,"[1.2808839828537637, 0.3863727168731578, 0.20151192048346547, 0.1368667657055557]"
933,,"[0.0, 0.0, 0.0, 0.0]",0,0.1758760172018078,1.3581584416735968,3.349862999907512,0.05,3.409067194709653,"[1.2700425053309454, 0.38089106650530674, 0.19751950326624493, 0.13203631127589702]"
934,,"[0.0, 0.0, 0.12220078833468731, 0.0]",1,0.13878570805701607,0.8404636386831172,2.748853125242787,0.1,18.604925301734042,"[1.2757622009091998, 0.3838396751812839, 0.19965102326741646, 0.13467653011116115]"
935,,"[0.08715374814318673, 0.0, 0.0, 0.0]",1,0.051858867143468525,0.9720031068947711,2.2113636317529606,0.05,2.4060767825232694,"[1.2813504531444213, 0.3845493998995095, 0.19985342404746467, 0.13313444329231625]"
936,,"[0.0, 0.0, 0.0, 0.0]",0,0.06917534773340102,0.5473560337023106,0.5156212344304956,0.0,2.4530348880134083,"[1.2700425053309454, 0.38089106650530663, 0.19751950326624504, 0.132036311275897]"
937,,"[0.0, 0.09655966186875743, 0.09876647761709048, 0.0]",2,0.15540612121513003,1.6635454550892244,3.0322668064052225,0.2,2.9898985149502524,"[1.2813129465420452, 0.3847987858180796, 0.20054131057734656, 0.1364897134447982]"
938,,"[0.0, 0.0, 0.1273236795562776, 0.22029889033582337]",2,0.24145868848922702,1.2403444260395107,1.7357306944718338,0.05,5.633059496519775,"[1.2808189291530458, 0.39120570219790496, 0.20574187439943412, 0.1364779403766663]"
939,,"[0.0, 0.0, 0.07899348541225829, 0.2046554251230153]",2,0.12147834962248825,1.9571545157292092,5.533970225428392,0.05,2.1589737179566377,"[1.2779701664989254, 0.38936463934556886, 0.2042741963159988, 0.1352990125768643]"
940,,"[0.0, 0.0, 0.09567488184124093, 0.09581914612169189]",2,0.17514897101435264,1.310647126268297,4.425465944524321,0.05,3.2630937730455503,"[1.2762614768516574, 0.38588089187729036, 0.20146037400583885, 0.1347834086940339]"
941,,"[0.33683340696654224, 0.0, 0.21614438145567455, 0.0]",2,0.2498594961777899,1.6377494576661291,4.076169141101188,0.1,4.346561644183781,"[1.3348926412421898, 0.4046488832466379, 0.2120800043103873, 0.14235434977203662]"
942,,"[0.0, 0.0, 0.0, 0.0]",0,0.2282890914626602,1.7061532511512127,1.9785546924325736,0.2,4.444393237786306,"[1.2700425053309452, 0.38089106650530674, 0.19751950326624504, 0.13203631127589696]"
943,,"[0.0, 0.13084679337124466, 0.2714737825548762, 0.0]",2,0.17819822229265703,1.30572370194001,4.645158361905129,0.2,3.6320987986211706,"[1.2945555531405486, 0.3905191333659707, 0.20469026162373474, 0.14192839770443072]"
944,,"[0.0, 0.0, 0.0, 0.0]",0,0.16910397860531,1.8211154381886474,3.171270585961297,0.1,2.870429230536954,"[1.2700425053309454, 0.38089106650530696, 0.19751950326624493, 0.13203631127589696]"
945,,"[0.0, 0.0, 0.0, 0.0]",0,0.08271868562863112,1.8454114125019043,0.4005582444189558,0.0,1.3401323865101364,"[1.2700425053309454, 0.38089106650530663, 0.19751950326624493, 0.13203631127589696]"
946,,"[0.08841377975066192, 0.0, 0.0, 0.0]",1,0.13876228147191025,0.519968683897037,2.7548131261337505,0.2,4.850367583104587,"[1.2815244168244448, 0.3846060391845512, 0.19988937556682948, 0.13315067176743864]"
947,,"[0.0, 0.16754529462685136, 0.21350463397577527, 0.0]",2,0.09891340747663394,0.9912847434560528,5.0158568759948094,0.0,3.7454401664056274,"[1.2937278376508872, 0.3892744379668205, 0.20390069579631478, 0.1413438892412333]"
948,,"[0.054131525678244787, 0.18352721007583736, 0.0, 0.0]",2,0.05565245270234374,1.5462250537455944,2.8222928611906375,0.1,1.01619042902875,"[1.2910015370854977, 0.38624149723314416, 0.20187882481459915, 0.1373496783251355]"
949,,"[0.0, 0.0, 0.0, 0.24779075023601455]",1,0.08493337202401237,1.5656535835622867,0.9790813967806081,0.1,1.4418971553376216,"[1.2756057668677285, 0.38945889021796537, 0.20427430113795284, 0.13409794581123796]"
950,,"[0.0, 0.0, 0.0, 0.13796913404256284]",1,0.061618562097175734,0.7976337960246922,4.651163021437412,0.0,15.307449569461031,"[1.2728323116955096, 0.3850614463923791, 0.20091376210748216, 0.13314194863490703]"
951,,"[0.27327682382083673, 0.1252882045450971, 0.0, 0.0]",2,0.20960295511336433,1.7313091079988978,3.9886558475509304,0.05,3.8412299551014417,"[1.320271566197065, 0.3964342702955524, 0.2081393425099751, 0.13851313296596396]"
952,,"[0.0, 0.21354894471135144, 0.0, 0.0]",1,0.19240942777817427,1.9045096362283849,1.088601437764746,0.1,3.7756839648249843,"[1.287085040170599, 0.38463949699272126, 0.20095183758858473, 0.13761986217975566]"
953,,"[0.12009095849330577, 0.0, 0.0, 0.09751992820888908]",2,0.21957193910997724,1.4913417417797672,2.7582745240782565,0.05,3.980075244778061,"[1.287877397246299, 0.38885464081269394, 0.20312569527679192, 0.13440073715282874]"
954,,"[0.0, 0.06271574853241872, 0.246435898276286, 0.0]",2,0.22988029243813823,1.4482930382709887,3.2702649441796194,0.0,4.25328288438068,"[1.2875121874496311, 0.3885145327668094, 0.20314438411295496, 0.13937154218501266]"
955,,"[0.0, 0.15007839750738014, 0.0, 0.10915412318254217]",2,0.08450132593300558,1.4512515897430847,2.820089474466649,0.2,1.719850494159711,"[1.2832951583825225, 0.386610542967155, 0.2023279512761471, 0.136754469552057]"
956,,"[0.0629749464944738, 0.0, 0.07823701321180931, 0.0]",2,0.17848107372293315,1.2074730898052224,0.022644850164767916,0.2,4.875947143497811,"[1.281551151309076, 0.3853165533469908, 0.20045770298393165, 0.1345102233355777]"
957,,"[0.0, 0.14134921017073265, 0.0, 0.11276723076419731]",2,0.13091114357781006,1.0173679267001812,6.042579138987464,0.0,5.284492993898811,"[1.2826261313105363, 0.3865702970502603, 0.20227722580157315, 0.13654028442185567]"
958,,"[0.2458025450114088, 0.0, 0.246748257138325, 0.0]",2,0.15349418966935946,1.810759139588486,3.562823400154148,0.1,3.0538993231763394,"[1.3190787357609668, 0.3995970691618677, 0.209304724623719, 0.14175876255333708]"
959,,"[0.17924024632774838, 0.0, 0.0, 0.19085540977215865]",2,0.16456667078108853,0.6820655613572927,3.2819622941539444,0.05,14.362588138769741,"[1.2989398147174123, 0.39505488803454425, 0.2075936433419444, 0.1361200304286894]"
960,,"[0.0, 0.0, 0.0, 0.0]",0,0.13244894974213897,1.3553090765363738,2.5035785655164484,0.1,2.6213073570417547,"[1.2700425053309452, 0.38089106650530674, 0.19751950326624504, 0.13203631127589702]"
961,,"[0.2892057419090718, 0.0, 0.0, 0.0]",1,0.2262154375719464,1.492580644136683,5.115870594597911,0.1,4.295381241196771,"[1.314433683381819, 0.39547581200316595, 0.20661308361674896, 0.13586845328470493]"
962,,"[0.0, 0.08758371459915995, 0.0, 0.0]",1,0.08158917312400234,1.8597089129595514,0.5118153299585723,0.0,1.597511614884347,"[1.276116677789252, 0.3823222361462508, 0.19877029339298638, 0.13412579277597042]"
963,,"[0.34584280799873535, 0.0, 0.21783855771855234, 0.0]",2,0.23071260706932262,0.5867877373745651,4.953132145388157,0.0,12.429716888269759,"[1.3369547447670078, 0.4053756538254431, 0.212482696410256, 0.1425633009123073]"
964,,"[0.0, 0.22273801768037824, 0.2578588349521591, 0.0]",2,0.10482202477057297,1.651228372138914,5.412446603281194,0.2,1.8231461888413156,"[1.302016378542811, 0.39176491730301366, 0.20581377249960142, 0.14432378780827107]"
965,,"[0.0, 0.07019964808664658, 0.0, 0.0]",1,0.19231711248771002,0.6287667160228644,3.094105386613781,0.05,10.308095963923908,"[1.2748248292166695, 0.38202760429606414, 0.19850729219348026, 0.13369089969766862]"
966,,"[0.0, 0.0, 0.0, 0.0887438405559403]",1,0.23121013512351204,1.9547680055530083,4.535918361273807,0.0,4.632107095548493,"[1.2717622109604692, 0.3834305782100051, 0.19961044933145727, 0.13273575518766786]"
967,,"[0.0, 0.0, 0.0, 0.0]",0,0.18057183575037986,1.1886416721535378,0.16943317274514322,0.05,4.935102924968275,"[1.2700425053309454, 0.3808910665053066, 0.19751950326624493, 0.13203631127589688]"
968,,"[0.0, 0.0, 0.0, 0.0]",0,0.08368504888155089,0.5766639520231787,0.18323361944643346,0.0,3.301566390503181,"[1.2700425053309452, 0.38089106650530674, 0.19751950326624496, 0.13203631127589666]"
969,,"[0.0, 0.0, 0.0, 0.0]",0,0.08338772345414469,1.7695513752639547,2.8722501083091094,0.05,1.4414353568461664,"[1.2700425053309456, 0.38089106650530646, 0.19751950326624496, 0.132036311275897]"
970,,"[0.0, 0.0, 0.0, 0.0]",0,0.21458652460092004,0.9549977738205302,3.0010489267758587,0.05,11.7036874685313,"[1.2700425053309456, 0.3808910665053066, 0.197519503266245, 0.13203631127589696]"
971,,"[0.0, 0.28384391980283546, 0.0, 0.0]",1,0.1472200911883522,0.8392084944906972,5.680350120435203,0.1,16.468228688556216,"[1.294785076086452, 0.3860979636298582, 0.20244176623680377, 0.13987108533976503]"
972,,"[0.0, 0.0, 0.0, 0.0]",0,0.13189607905361142,1.3746518183501981,5.658117159583079,0.2,2.6853761455823824,"[1.2700425053309454, 0.38089106650530663, 0.197519503266245, 0.13203631127589696]"
973,,"[0.0, 0.0, 0.0, 0.24770562756517564]",1,0.1801443963545976,1.006860693015503,3.536879252566346,0.1,7.949025375733647,"[1.2756033712947754, 0.3894549906101383, 0.20427141938600982, 0.13409717719211978]"
974,,"[0.25397615017229475, 0.0, 0.24884796809017837, 0.0]",2,0.21789008497324336,0.7112165337084361,0.11476069921363392,0.0,29.34318121463209,"[1.3206839337355112, 0.40017040834610845, 0.20963248764495926, 0.14196399127228726]"
975,,"[0.0, 0.3060060633551568, 0.12599038943601795, 0.0]",2,0.07410254736529097,1.889019036599676,3.7949729246460864,0.1,1.3057531758747223,"[1.3034107033788978, 0.3895811227279522, 0.2048746498306751, 0.14355767814987927]"
976,,"[0.0, 0.10207688765137014, 0.21651132253602243, 0.0]",2,0.19450315918188885,1.5964229677958568,5.099606614720989,0.2,3.8637971530316566,"[1.2884467997853055, 0.38820672966471187, 0.20298081624170117, 0.13957916133486492]"
977,,"[0.0, 0.0, 0.24700584564860398, 0.0]",1,0.08852168885813193,1.7371004631074924,4.267356874606973,0.0,1.5773157941436537,"[1.2833195620871858, 0.3875462184898803, 0.20238315533421053, 0.13785207121608556]"
978,,"[0.0, 0.0, 0.0, 0.0]",0,0.06890522799314867,1.31979843359009,2.1009689328139287,0.05,1.4864800574028338,"[1.2700425053309454, 0.38089106650530674, 0.197519503266245, 0.13203631127589696]"
979,,"[0.0, 0.0, 0.0, 0.22365017435548593]",1,0.20822554620162675,1.7455385496605875,0.30569086517530375,0.0,3.525203779479585,"[1.2749432166984997, 0.3883868520942558, 0.20347556048070095, 0.1338817183468077]"
980,,"[0.0, 0.0, 0.0, 0.2653347106288407]",1,0.11658842716070617,1.355084616790485,3.3697585206415988,0.1,2.2545776242810986,"[1.2761089294608188, 0.39028166759549493, 0.20487847028641004, 0.13425730100275116]"
981,,"[0.0, 0.0, 0.0, 0.0]",0,0.1854162134138252,0.5715311674393078,4.852242317295079,0.2,8.859733544810085,"[1.2700425053309454, 0.38089106650530663, 0.19751950326624493, 0.13203631127589693]"
982,,"[0.0, 0.0, 0.0, 0.0]",0,0.1377764380745687,1.2127065745437788,1.0881439476613968,0.1,2.96321589781594,"[1.2700425053309456, 0.3808910665053068, 0.19751950326624504, 0.13203631127589702]"
983,,"[0.2707501980289301, 0.07324338837461829, 0.0, 0.0]",2,0.2126014228277753,0.9410658866306489,2.0601319820880493,0.05,9.70821446884356,"[1.3158152878963685, 0.3954222463567501, 0.20709015815857662, 0.13722807851086835]"
984,,"[0.29900826668575736, 0.0, 0.0, 0.0]",1,0.10226535599374198,1.975518444677009,3.3188507623975414,0.0,2.036694099814926,"[1.3163763592806195, 0.3961247322682783, 0.20700053686325146, 0.13600791034850496]"
985,,"[0.0, 0.27414890589746643, 0.0, 0.11396941218109836]",2,0.24475906968631617,1.3407741184329138,3.2735137242297863,0.05,4.635249444036228,"[1.2958296866490204, 0.3892208160897497, 0.2047831155224915, 0.14069773812725506]"
986,,"[0.05731604067438936, 0.0, 0.0, 0.0]",1,0.09937728707448884,1.2174920343129418,4.8242393834397745,0.2,2.3672049669247075,"[1.2773229793508194, 0.38324108755798847, 0.19902122262232927, 0.1327531039029245]"
987,,"[0.34807375386573947, 0.11458949274229797, 0.0, 0.0]",2,0.17255237781222096,1.2525020768482238,2.350509407059799,0.0,3.6173362034466887,"[1.334762579436051, 0.401363969910875, 0.21106798358156054, 0.13926272167178952]"
988,,"[0.0, 0.0, 0.0, 0.0]",0,0.19977435713519232,1.5412350295469521,5.915945137143679,0.05,3.64433702246745,"[1.2700425053309454, 0.3808910665053068, 0.19751950326624496, 0.13203631127589696]"
989,,"[0.0, 0.0, 0.21803534793134655, 0.1903514218908495]",2,0.23154318306470317,1.4318281819625696,5.86413811144172,0.2,4.955671932405442,"[1.28536970846191, 0.3925318934090134, 0.20683643422408693, 0.1384046463042061]"
990,,"[0.0, 0.0, 0.0, 0.0]",0,0.11432956494781144,0.623911745328599,0.04414732742247448,0.1,5.939276426034623,"[1.2700425053309456, 0.3808910665053068, 0.19751950326624507, 0.1320363112758969]"
991,,"[0.0, 0.054343777121785536, 0.24743685098091475, 0.0]",2,0.11733791265422729,1.446844971345248,1.8924581890460088,0.0,2.2048224244826375,"[1.286986202299288, 0.388412086101627, 0.20306072067136083, 0.1391866922529166]"
992,,"[0.05592178831212773, 0.0, 0.2632098493932465, 0.0]",2,0.2161861400768017,1.7781851126993184,2.494157236786516,0.0,3.5486274295138154,"[1.29146905107135, 0.39042900112745327, 0.20412999337000273, 0.13916457859347803]"
993,,"[0.0, 0.0, 0.2063692507731391, 0.12872285519320265]",2,0.21758624099183796,1.0355010067136423,3.2639091487460252,0.0,8.337885085068406,"[1.2831780551438128, 0.38998009065038786, 0.20469864977831984, 0.13765369161568816]"
994,,"[0.0, 0.0, 0.0, 0.0]",0,0.24212398458209106,0.9809443479365583,2.8823539478011595,0.1,12.317979929322643,"[1.2700425053309456, 0.38089106650530663, 0.197519503266245, 0.13203631127589693]"
995,,"[0.0, 0.0, 0.0, 0.0]",0,0.08818356740418186,0.8199560599241107,4.223677881581515,0.2,18.024531607292268,"[1.2700425053309454, 0.38089106650530663, 0.1975195032662449, 0.13203631127589696]"
996,,"[0.18950658240938845, 0.0, 0.0, 0.2901857575991125]",2,0.22208832669207607,0.511751516794532,1.0798124313961324,0.2,9.902729006889388,"[1.3032616618274067, 0.39999216121155784, 0.21127913327020953, 0.137304236659601]"
997,,"[0.1789006950928953, 0.175776492778347, 0.0, 0.0]",2,0.18092981232827854,1.5449645762683795,6.03017283091772,0.1,3.183955882874177,"[1.308244190670413, 0.39192643768114027, 0.2056539195364721, 0.13862617617747017]"
998,,"[0.0, 0.0, 0.0, 0.0]",0,0.18542774654085908,1.004992019915138,3.450589517203398,0.05,8.439126277908304,"[1.270042505330945, 0.38089106650530663, 0.19751950326624504, 0.13203631127589696]"
999,,"[0.0, 0.0, 0.0, 0.0]",0,0.09388650561073725,1.1442981956955696,4.068054787562334,0.2,2.550052477991548,"[1.2700425053309456, 0.3808910665053068, 0.19751950326624504, 0.132036311275897]"
1000,,"[0.15577537108246642, 0.22994522235113532, 0.0, 0.0]",2,0.14692720920987887,0.6016255251702955,1.6933508907400359,0.0,8.102604603547185,"[1.3098958872758852, 0.3917712818017195, 0.206011162235698, 0.13989936126358193]"
1001,,"[0.1102913436581024, 0.0, 0.0, 0.15950211643864584]",2,0.16923468067801317,1.574318757928519,4.822320812518466,0.1,3.2823045434417173,"[1.2878316719793683, 0.3905001394200626, 0.20452038944532053, 0.13482642871640219]"
1002,,"[0.0, 0.2298976936134495, 0.0, 0.30265008748208905]",2,0.14923095770953274,0.6493134474651667,3.026651355196177,0.2,10.697239446035478,"[1.295791205239696, 0.3961787545261762, 0.20961190417519754, 0.1412426788170596]"
1003,,"[0.0, 0.09544460065163987, 0.0, 0.26111445647455656]",2,0.07913304909361174,1.4419567493396381,4.233774192558376,0.1,1.3755202530353527,"[1.2826091232228216, 0.39162104377092477, 0.20599805160733706, 0.13667147241673172]"
1004,,"[0.0, 0.20352776270488623, 0.0, 0.0]",1,0.16161139803480237,1.2014767681124252,3.3699383224447703,0.0,4.149133292346397,"[1.2860923711713965, 0.3844421586041113, 0.20075761674707518, 0.13731784220359652]"
1005,,"[0.0, 0.0, 0.09725549378183991, 0.0]",1,0.18693794806081476,1.504404097429862,5.780492674967534,0.1,3.4372159495825247,"[1.274481071581139, 0.38319095699250066, 0.19917887711789192, 0.13410313968894705]"
1006,,"[0.0, 0.0, 0.0, 0.0]",0,0.1799016681141113,0.523497962081916,2.2669354379527484,0.1,6.503612768581712,"[1.2700425053309454, 0.38089106650530663, 0.19751950326624496, 0.13203631127589693]"
1007,,"[0.10362992090880713, 0.0, 0.0, 0.0]",1,0.07840715056945186,0.6493704134050331,3.8043015982327284,0.2,5.450027391393234,"[1.2836512106045421, 0.3852993152435145, 0.2003288683409395, 0.13334744866218032]"
1008,,"[0.0, 0.0, 0.0, 0.24518086075537684]",1,0.07673826275072278,1.5443359158950922,4.758207104476813,0.2,1.4678822212933922,"[1.2755325137635172, 0.38933972226795893, 0.20418615980075222, 0.13407439965622756]"
1009,,"[0.0, 0.13407573881359192, 0.0, 0.0]",1,0.2464106963489188,1.7937506129138168,0.08276382796219915,0.2,4.385475361902536,"[1.279812626784479, 0.3831384039625963, 0.19951494106104406, 0.1353423328103993]"
1010,,"[0.15939278113232827, 0.0, 0.0, 0.11716590863882748]",2,0.16869036944934124,0.9636497608732584,2.964991990817445,0.0,8.131438704573844,"[1.2941564127041407, 0.39140307297782884, 0.20485153537326678, 0.13512537998685187]"
1011,,"[0.248760745534441, 0.0, 0.0, 0.0]",1,0.1677545819002899,1.9483340577884525,0.5247161525308275,0.05,3.0709559358877585,"[1.3068140257708676, 0.3929364190788638, 0.20507983836741958, 0.13529975947933523]"
1012,,"[0.26870569017992363, 0.0, 0.0, 0.32701103528239983]",2,0.09139458105469499,0.7433308039109916,2.909668064606147,0.05,22.09486758384413,"[1.3181250776350195, 0.40641474782710213, 0.21554594401604515, 0.1390048975640866]"
1013,,"[0.1975906646177505, 0.0, 0.0, 0.0]",1,0.10866601549597438,0.8443492660724513,4.713318504446968,0.1,11.069969735172796,"[1.2979795080628262, 0.39000677376577825, 0.2032797584724067, 0.1345957034922379]"
1014,,"[0.050986147436098195, 0.0, 0.33903262527169487, 0.0]",2,0.07137744612834858,1.1137863569475879,1.3047078802766479,0.2,1.9076381992406723,"[1.2968648556370812, 0.39306806687548573, 0.20608350974531747, 0.14141448057158873]"
1015,,"[0.0, 0.0, 0.0, 0.0]",0,0.1195751285825894,1.9346585110551147,1.2633932463680182,0.2,2.329440401218088,"[1.270042505330945, 0.3808910665053068, 0.19751950326624498, 0.132036311275897]"
1016,,"[0.15309095207523246, 0.19008334496989848, 0.0, 0.0]",2,0.102918837275717,0.9985845489763099,2.858532500465012,0.0,4.149625592717932,"[1.3055562661935853, 0.39087966125620965, 0.2050693881794327, 0.13870931222529073]"
1017,,"[0.0, 0.0, 0.08805725139674311, 0.0]",1,0.16937727647288656,1.1558013427041987,2.4655969381796594,0.2,5.05371039511381,"[1.2740247271294618, 0.3829583134061936, 0.19900999831256386, 0.13389639830259037]"
1018,,"[0.0, 0.0, 0.0, 0.0]",0,0.15233002653295058,1.6340002005018683,3.8909656357657565,0.2,2.714911764933788,"[1.2700425053309452, 0.3808910665053066, 0.19751950326624504, 0.13203631127589696]"
1019,,"[0.14686568939848552, 0.0, 0.0, 0.262267343659259]",2,0.2044325696516815,0.8381119565394706,5.909985303109434,0.1,23.193820783256665,"[1.2958132863478837, 0.39648116975866293, 0.2088914007208147, 0.13635544229593358]"
1020,,"[0.34581357506064364, 0.0, 0.0, 0.22884240009378537]",2,0.06763653260376812,1.1572991953835894,4.855969656097015,0.2,1.8120574849331175,"[1.3309618923237998, 0.4068335604371243, 0.21510187305424516, 0.13913390379237459]"
1021,,"[0.0, 0.1837526811692876, 0.2596266931044371, 0.0]",2,0.14212770958770934,1.6619448362594873,3.74014704175185,0.05,2.5204541980704254,"[1.298338376616774, 0.39107326460283487, 0.2052045670922308, 0.14314258297230023]"
1022,,"[0.2174010034641904, 0.0, 0.0, 0.0]",1,0.15787522336321114,0.9042259857702744,4.799769902165205,0.05,9.344518065738972,"[1.30130203726004, 0.39110646576918273, 0.2039591191250573, 0.13486623398487702]"
1023,,"[0.0, 0.0, 0.0, 0.0]",0,0.1135385753737936,1.2509835909366347,5.447137763221931,0.05,2.8318703158148697,"[1.2700425053309452, 0.3808910665053068, 0.19751950326624496, 0.13203631127589693]"
1024,,"[0.0, 0.0, 0.24026642815597357, 0.0]",1,0.05142286607778901,0.6127661936745361,0.7987614888943442,0.1,2.7962701104404397,"[1.2828537976300614, 0.38732324709923605, 0.20221718604863842, 0.13766639959618115]"
1025,,"[0.0, 0.0, 0.0, 0.32530216955559016]",1,0.23059392628487577,1.7281384578485675,1.9351858148666774,0.05,4.19046089351747,"[1.2779855248439589, 0.3934130735439444, 0.20710873570034846, 0.13481638056119788]"
1026,,"[0.0, 0.3444073191197529, 0.0, 0.0]",1,0.14873710821015404,1.7681755863236353,3.6830424217947297,0.0,2.3404148954804445,"[1.3026664204351344, 0.3874733972116045, 0.20394234677329687, 0.14201463186973728]"
1027,,"[0.0, 0.0, 0.0, 0.0]",0,0.197321264051031,1.496771098920809,2.582654333337242,0.1,3.577849011381557,"[1.2700425053309454, 0.38089106650530674, 0.19751950326624498, 0.13203631127589693]"
1028,,"[0.0, 0.15748759345239755, 0.0, 0.0]",1,0.10079966373648808,0.5161118108556659,1.589222223802351,0.1,4.194023583681925,"[1.281819841252624, 0.38356596591399145, 0.19991497669017305, 0.13598612010131167]"
1029,,"[0.0, 0.0, 0.10778165255690948, 0.06996574046746351]",2,0.1351520808203148,1.36186955311207,5.176431221217124,0.1,2.5741008239944274,"[1.2763415444149138, 0.38539703930119695, 0.20102988582209305, 0.13485693743804117]"
1030,,"[0.0, 0.3155448173470955, 0.0, 0.0]",1,0.09433126463122166,0.5486138766346063,4.464661956357332,0.0,4.213356985566033,"[1.2987458077369514, 0.3868027908718454, 0.2031985041573813, 0.14096799597155063]"
1031,,"[0.0, 0.31044839686417286, 0.0, 0.0]",1,0.11810475200823488,1.2503599921548978,3.0657288430629706,0.2,2.8016130103292918,"[1.298085818124372, 0.3866873150940062, 0.20307279715677723, 0.14078801012848183]"
1032,,"[0.0, 0.0, 0.0, 0.0]",0,0.11620695032618651,0.5795962141802629,5.507492366454772,0.2,5.659569441040697,"[1.2700425053309454, 0.38089106650530663, 0.19751950326624493, 0.13203631127589696]"
1033,,"[0.1007246713850912, 0.0, 0.0, 0.0]",1,0.14350046483639742,1.7409450076055224,0.32246996425120855,0.2,2.5798401815055834,"[1.283241376720885, 0.3851656020571557, 0.20024418553109039, 0.13330976308749914]"
1034,,"[0.0, 0.0, 0.0, 0.0]",0,0.15129898053599145,0.8046388899192602,4.10582604496453,0.1,36.7897851292328,"[1.2700425053309452, 0.3808910665053066, 0.19751950326624504, 0.13203631127589696]"
1035,,"[0.0, 0.0, 0.0, 0.2792705384516723]",1,0.2319750286237306,1.5867715034941097,6.184068893981535,0.2,4.3441305907695495,"[1.2765225260815392, 0.3909634391252887, 0.20537331919566112, 0.134385227039422]"
1036,,"[0.11653311713340053, 0.0, 0.0, 0.26966620236765876]",2,0.08856195405194996,1.120446452518539,5.636066062074694,0.1,2.7159082857772674,"[1.291576852091668, 0.3953953267103452, 0.20822512104906957, 0.13597555486547835]"
1037,,"[0.0, 0.0, 0.3172074026980767, 0.0]",1,0.17096789277265645,1.4951205406906378,5.8343647324912755,0.2,3.1701782651023063,"[1.2886699626845954, 0.3900621419147815, 0.20426910221051098, 0.13989383771447242]"
1038,,"[0.0, 0.0, 0.18067085641670116, 0.0]",1,0.11676744501286054,1.6549188690826455,1.4907852986082755,0.05,2.1457124511866064,"[1.27904132461727, 0.3854720352483959, 0.20084710283891896, 0.1360974326778711]"
1039,,"[0.2245514777186437, 0.0, 0.1943541614434545, 0.0]",2,0.16629073402366826,0.5552676052928345,3.8224215578903187,0.0,6.988836001284403,"[1.3120548206572131, 0.39662135562643946, 0.20749300903354306, 0.13983676803114423]"
1040,,"[0.0, 0.0, 0.0, 0.0]",0,0.22817302256426464,1.0629385039091626,2.2065736288106113,0.05,8.108507394098787,"[1.2700425053309456, 0.38089106650530674, 0.19751950326624498, 0.13203631127589693]"
1041,,"[0.08420400732341317, 0.0, 0.0, 0.17285508655928022]",2,0.2203667452699865,1.5021003774842172,1.8814373031114489,0.05,4.191916019073076,"[1.284507274497338, 0.38981728193070897, 0.20415478330914863, 0.13458429276223294]"
1042,,"[0.17833346220822022, 0.0, 0.0, 0.0]",1,0.06098709029544933,0.8830472788272505,1.4184001612086787,0.0,4.315587052063852,"[1.2948587643985283, 0.3889764281575761, 0.2026395133031906, 0.13433519274507358]"
1043,,"[0.11737056775646096, 0.0, 0.0, 0.2869834169004992]",2,0.22719115694190903,1.4845243543504019,5.862557248072785,0.05,4.084972291433944,"[1.2922080944388823, 0.39628587253561737, 0.20887542282703006, 0.13616259281886767]"
1044,,"[0.2808637149445951, 0.24696369315660163, 0.0, 0.0]",2,0.1562443802863468,1.6501221855283046,2.9623510174492726,0.0,2.6523633926087538,"[1.3330250956527554, 0.3990916174235618, 0.21112654770061978, 0.14190735819862169]"
1045,,"[0.0, 0.0, 0.0, 0.0]",0,0.1397167304127649,1.5557645524471448,0.9507438249468253,0.2,2.650193815081098,"[1.2700425053309456, 0.3808910665053068, 0.197519503266245, 0.13203631127589696]"
1046,,"[0.0, 0.0, 0.0, 0.0]",0,0.11222932707481713,1.8101979180005219,3.5071747523496786,0.1,2.177369311012685,"[1.2700425053309456, 0.3808910665053068, 0.19751950326624507, 0.13203631127589704]"
1047,,"[0.0, 0.0, 0.0, 0.0]",0,0.2276951954181616,1.6339950092579534,5.356198447220462,0.05,4.10285783405831,"[1.2700425053309454, 0.3808910665053068, 0.197519503266245, 0.13203631127589696]"
1048,,"[0.0, 0.0, 0.0, 0.0]",0,0.21737580588229632,0.8084104193682387,5.643621306503546,0.05,47.27584010897337,"[1.270042505330945, 0.38089106650530663, 0.19751950326624507, 0.132036311275897]"
1049,,"[0.06509497812989672, 0.0, 0.0, 0.0]",1,0.061388424079267215,0.8511240766134076,4.7565594868149805,0.05,6.35386416170827,"[1.2783563402470912, 0.38357622397529284, 0.19923470366514387, 0.13285197757190254]"
1050,,"[0.0, 0.33304319209478106, 0.0, 0.051962662621004296]",2,0.05182480889409127,0.5272825520964122,4.358158524509655,0.1,2.3019196682232455,"[1.3020241893242381, 0.3886268702977404, 0.20471688016209225, 0.14214644204392307]"
1051,,"[0.0, 0.0, 0.2442788345349249, 0.0]",1,0.14563743574475102,1.0653221869283211,5.040407091501071,0.05,4.773096768436621,"[1.283130180839387, 0.3874556381044439, 0.20231570760772744, 0.13777673254417105]"
1052,,"[0.0, 0.0, 0.12556827343894633, 0.0]",1,0.07158588477074031,1.9636541313766795,2.921066215611461,0.2,1.4736911136504172,"[1.2759402205962576, 0.38392931476076647, 0.19971640715251443, 0.1347553898919809]"
1053,,"[0.0, 0.0, 0.0, 0.0]",0,0.15387250563039914,1.9111814427679663,1.9722267030065612,0.1,2.6059128220378467,"[1.2700425053309456, 0.38089106650530674, 0.19751950326624496, 0.13203631127589702]"
1054,,"[0.0, 0.0, 0.0, 0.14823695949066035]",1,0.10461897090398531,1.0714458427762343,0.4326713081795991,0.05,3.7270987130818383,"[1.273067592956704, 0.38542508188677477, 0.2012001398843786, 0.1332283756108567]"
1055,,"[0.07359310628242442, 0.0, 0.0, 0.0]",1,0.22590554902592383,1.9110483021888243,0.7170478364572843,0.2,4.580333523581304,"[1.2794984732486265, 0.3839470800638919, 0.1994707008129457, 0.1329604308580863]"
1056,,"[0.2733506604522249, 0.0, 0.0, 0.29047381567139346]",2,0.10545455665167194,1.448608447149962,2.499669672127701,0.05,1.9677304466812477,"[1.3178741480893372, 0.40477765504270047, 0.21430473119059443, 0.13865534552472208]"
1057,,"[0.0, 0.0, 0.0, 0.0]",0,0.1379902736910241,1.2659230760164628,2.745617478840393,0.0,3.2751957462789125,"[1.2700425053309456, 0.38089106650530663, 0.19751950326624484, 0.1320363112758969]"
1058,,"[0.0, 0.0, 0.05371561591171153, 0.10646900379325532]",2,0.12203972325439068,0.6723802359786932,3.9097892483947243,0.0,8.835769604767533,"[1.2744812733780349, 0.3852055478881677, 0.2009732485761039, 0.13396537816379075]"
1059,,"[0.0, 0.21158422737574314, 0.0, 0.34721483998138786]",2,0.17445243145553505,1.270859940733542,6.270549341423286,0.1,4.009388321262045,"[1.2954015335883347, 0.39833367472174847, 0.21100121008179082, 0.14113025296595783]"
1060,,"[0.0, 0.0, 0.268167903539415, 0.12724634044233538]",2,0.10161531893030357,0.5315108240564412,5.345081870365173,0.05,3.9296188348533785,"[1.2873499282386287, 0.3919045416736831, 0.20622121399258211, 0.13928145991574903]"
1061,,"[0.0, 0.0, 0.0, 0.0]",0,0.19201556492442604,0.9578246291118961,0.27947620962318204,0.1,10.623686368068201,"[1.2700425053309454, 0.3808910665053068, 0.19751950326624504, 0.13203631127589696]"
1062,,"[0.0, 0.3073023967888773, 0.0, 0.3460122890213896]",2,0.07704698674171001,0.5979708616967954,0.935363860376595,0.0,4.016580370969327,"[1.3060417391910422, 0.4002600768773082, 0.212734242197503, 0.14462549812052586]"
1063,,"[0.07637845953309376, 0.0, 0.0, 0.0]",1,0.10067486356231035,1.7121046294407245,2.3215766052554065,0.05,1.751874259712632,"[1.2798758819974274, 0.3840697277431041, 0.19954869136855707, 0.1329960774170343]"
1064,,"[0.0, 0.0, 0.0, 0.31959763401083424]",1,0.13075221480193341,1.6984270967442159,2.378209490536313,0.0,2.255659225948637,"[1.2777955524340439, 0.3930917277478257, 0.2068848375125467, 0.1347622244481958]"
1065,,"[0.0, 0.12699354202242086, 0.0, 0.3272685032232017]",2,0.2344868407799545,0.729047416846994,5.84462052017917,0.05,32.82348135403157,"[1.2871407597730322, 0.39560009328820483, 0.20887929148095918, 0.13824085571256872]"
1066,,"[0.0, 0.21552197371144166, 0.0, 0.0]",1,0.0829362549019514,1.9176315757729632,3.3053427097533055,0.05,1.4385026456875374,"[1.28728331192739, 0.3846786428284419, 0.20099056553189562, 0.1376798572634161]"
1067,,"[0.14888063871059193, 0.0, 0.0, 0.0]",1,0.128919672042446,0.9211732488837171,0.7147319561017657,0.05,7.615154990241094,"[1.2902783049368898, 0.38746901684936436, 0.20169682015946466, 0.13394144018552986]"
1068,,"[0.19196971357132447, 0.0, 0.0, 0.0]",1,0.09993105129638716,0.8495806474549094,5.6731837597711525,0.2,10.576736588605092,"[1.297057812938988, 0.389702199965904, 0.20309086442771734, 0.13451941254602362]"
1069,,"[0.0, 0.12074588700955677, 0.0, 0.0]",1,0.17009951358652023,1.8318357994874885,0.043327878916098364,0.1,2.8687739141796387,"[1.278715089409594, 0.3829000453967511, 0.1992949512732482, 0.13498531458400873]"
1070,,"[0.0, 0.3065152709520205, 0.0, 0.0]",1,0.07696947015481995,1.2442552575345756,0.09490334818509971,0.0,1.7904509419950014,"[1.2975827544323144, 0.38659877706022266, 0.20297687845321358, 0.14065007437385546]"
1071,,"[0.0, 0.1719495282971006, 0.0, 0.2636639954255939]",2,0.21512315506686702,1.575755514112618,4.419662813186805,0.2,4.139893390457343,"[1.289031436813244, 0.39310353434226997, 0.20725027558011055, 0.13892838012738454]"
1072,,"[0.0, 0.2852097110281713, 0.0, 0.057810772950272565]",2,0.07682296263679574,1.0649675889929924,3.5944960732021896,0.0,2.6030006943816257,"[1.296007217243476, 0.3877185616331955, 0.20370215718500068, 0.14049688324273216]"
1073,,"[0.0, 0.0, 0.0, 0.0]",0,0.156059561403392,1.3415910990836513,5.060312911118791,0.1,3.1776343876876973,"[1.2700425053309456, 0.3808910665053069, 0.19751950326624504, 0.13203631127589696]"
1074,,"[0.12206009020288275, 0.05386763204827717, 0.0, 0.0]",2,0.1194859308189411,1.6866599922313965,4.656413248818881,0.05,2.2189624117091795,"[1.2898814351960068, 0.3870121195146011, 0.20166838946443313, 0.13481028617273594]"
1075,,"[0.32605669524596365, 0.0, 0.0, 0.0]",1,0.16154687341926813,0.6113394688572049,5.369569272707918,0.1,9.554146741350326,"[1.3219515630813141, 0.3979896668054085, 0.20810366245529974, 0.13639600390597778]"
1076,,"[0.0, 0.0, 0.2630332720990616, 0.0]",1,0.14440168328137692,0.6438348463642305,0.31200250791175643,0.0,8.667868204182179,"[1.2844585272312399, 0.3880886911424384, 0.20278776958051528, 0.13830068194483233]"
1077,,"[0.3257381901849033, 0.27289486267383395, 0.0, 0.0]",2,0.16907452553013336,0.5615982448816248,5.20949566594327,0.0,8.238851962181757,"[1.3448976270866217, 0.402563250742262, 0.21376696026260814, 0.14322828375141017]"
1078,,"[0.3021179580189967, 0.0, 0.23443943833290207, 0.0]",2,0.1792341253082396,0.5415098622151489,2.459764282847678,0.1,7.600966709536957,"[1.328858876151815, 0.4028001854981615, 0.21107849732707445, 0.14233358868792506]"
1079,,"[0.07156375647924729, 0.1758925160896311, 0.0, 0.0]",2,0.07584006553015797,1.789836165882995,1.5187414234146988,0.1,1.3422129769557163,"[1.2926060151558256, 0.38684194403846967, 0.2022405320175663, 0.1373361461146763]"
1080,,"[0.2579969038980742, 0.12770393730403368, 0.0, 0.0]",2,0.14124074342544773,1.6261686071538315,4.45825642792174,0.1,2.530218826465954,"[1.3176169047543622, 0.3955302390131128, 0.20759052471620937, 0.13837178901787342]"
1081,,"[0.0, 0.0, 0.0, 0.10694088953935826]",1,0.2432213166317317,1.417345903349628,2.5711869599713713,0.05,4.55032121147073,"[1.2721471016840231, 0.38401277833882536, 0.20007927106938636, 0.1328843569028199]"
1082,,"[0.09731404962276234, 0.0, 0.0, 0.0]",1,0.23745555832434734,0.6366145062245475,2.0142843788657134,0.2,17.618921651520075,"[1.2827625367092423, 0.38500944614577354, 0.20014523844153828, 0.1332655911084476]"
1083,,"[0.0, 0.0, 0.0, 0.10191753260600123]",1,0.228122502497624,1.8834952485067045,3.2075865629683706,0.2,4.423545966599952,"[1.2720396433558476, 0.38384973313370613, 0.19994837530122, 0.13284315422435133]"
1084,,"[0.17328785016638415, 0.0, 0.0, 0.0864520582664018]",2,0.1403044333028933,0.861224659809431,3.7362645689066256,0.1,12.197606744788553,"[1.295684921835076, 0.3911378490225787, 0.20450164327792256, 0.13503700038943467]"
1085,,"[0.13924855279870968, 0.0, 0.0, 0.23766842203119135]",2,0.15004192920434375,1.40250389341063,3.0867729580703642,0.2,3.0368593722588093,"[1.2939954781994178, 0.3949942558486407, 0.20781409319516694, 0.1359935095594646]"
1086,,"[0.0, 0.34037454721807753, 0.2778865093332385, 0.0]",2,0.15591794590508742,0.8558559118091911,3.31647198884038,0.05,12.575724500603704,"[1.3175094787737356, 0.39499023822679263, 0.2085987161173781, 0.1491745977142964]"
1087,,"[0.0, 0.0, 0.0, 0.0]",0,0.05055113319257696,1.5977694296798277,3.137404701200223,0.0,0.883600620545617,"[1.2700425053309454, 0.3808910665053064, 0.1975195032662449, 0.13203631127589696]"
1088,,"[0.2169802393886884, 0.0, 0.10321667189199908, 0.0]",2,0.08975525653859569,1.1678502363252317,5.488537072931713,0.2,2.6113254827195265,"[1.3058294680350524, 0.3935841109413665, 0.20556227977121103, 0.1372749573221067]"
1089,,"[0.0, 0.0, 0.0, 0.0]",0,0.05282566370347395,1.9506805802273635,2.8397845833580857,0.1,0.9314041602511484,"[1.2700425053309454, 0.38089106650530674, 0.19751950326624504, 0.13203631127589696]"
1090,,"[0.0, 0.0, 0.13701335580971347, 0.0]",1,0.09010371869578152,0.7155890084840795,0.7001526549543345,0.1,10.603186108208561,"[1.2765546764218692, 0.38423779296906435, 0.19994167900817417, 0.1350260591643096]"
1091,,"[0.0, 0.0, 0.24198285530947225, 0.30967165616305325]",2,0.1926134663787813,0.8049897465877207,1.2192072350672398,0.2,41.65736516560013,"[1.290331841118444, 0.3986014206950821, 0.21174998307508497, 0.13993401125474286]"
1092,,"[0.31129050101924305, 0.0, 0.0, 0.0]",1,0.16006323165607855,1.425409765494202,5.603401666011583,0.2,3.2237217456983505,"[1.3188677323287685, 0.3969576677898586, 0.20749515347605516, 0.13618353962485766]"
1093,,"[0.05141399397410036, 0.0, 0.0, 0.0]",1,0.11734505566979635,1.02818939167811,4.567983141901949,0.2,4.049553857075555,"[1.2765465101802176, 0.3829895188495698, 0.19886084711285987, 0.13267834157405042]"
1094,,"[0.16965529445168037, 0.0, 0.0, 0.0]",1,0.1729056889111646,1.1974666877858806,3.0985445542919043,0.1,4.561170061568252,"[1.2934856944005777, 0.3885239285645045, 0.20235725604089175, 0.1342185873936738]"
1095,,"[0.0, 0.0, 0.0, 0.2499434352261022]",1,0.10522449588207956,1.1751888793105096,1.2653531900396568,0.1,2.4531991539242637,"[1.2756664931093389, 0.3895577990464424, 0.2043473355801623, 0.1341173981906467]"
1096,,"[0.11536939237599456, 0.2722343617664503, 0.0, 0.0]",2,0.09071953351191352,0.8451901482341131,0.7959542560855197,0.0,8.199573196737777,"[1.308556302512083, 0.3906913768504877, 0.20564625112062393, 0.14074671116119425]"
1097,,"[0.0, 0.0, 0.0, 0.0]",0,0.22392566637232764,1.7155255580603594,0.7420361055548207,0.05,3.7548060298147217,"[1.2700425053309454, 0.3808910665053066, 0.19751950326624496, 0.13203631127589696]"
1098,,"[0.2146448923298711, 0.0, 0.33684127199765324, 0.0]",2,0.1085094690638526,1.6734276737193083,1.94657815646897,0.1,2.04699557590138,"[1.3205365869213601, 0.40117882105837055, 0.21046881698846434, 0.14421517174843504]"
1099,,"[0.0, 0.0, 0.0, 0.29854506987949014]",1,0.1751666169973351,1.370842786959582,1.7230090349104716,0.0,3.320970845144098,"[1.2771162293947909, 0.3919504997885829, 0.2060805563901475, 0.1345641433784162]"
1100,,"[0.08878709391818437, 0.21422499914991422, 0.0, 0.0]",2,0.084399642019505,1.0354661129598273,4.656427089539406,0.1,2.6145581725819635,"[1.2986072539479012, 0.38832600790301686, 0.20351395031299097, 0.13864833765959617]"
1101,,"[0.0, 0.0, 0.0, 0.15893962554375551]",1,0.22369980493821623,0.8989452186511199,5.121606643684157,0.1,16.94977564534257,"[1.2733176060973337, 0.385813451469011, 0.20150429814206539, 0.13331909793649463]"
1102,,"[0.0, 0.08177928995849751, 0.0, 0.0]",1,0.14372931339032083,1.1017458419494994,3.749478531386148,0.2,4.701045013567232,"[1.275680182533129, 0.38222324574585226, 0.1986815969228137, 0.13397941545629236]"
1103,,"[0.07408348674493476, 0.0, 0.0, 0.0]",1,0.13580189123220152,1.5139787020848563,6.248685080460677,0.0,2.4038420924364052,"[1.2795648080267918, 0.38396863345513055, 0.1994844085219416, 0.1329667031000802]"
1104,,"[0.0, 0.0, 0.0, 0.0]",0,0.13201012006909096,1.6451200249205178,2.019783291617117,0.05,2.467632108421678,"[1.2700425053309452, 0.38089106650530674, 0.19751950326624504, 0.13203631127589702]"
1105,,"[0.0, 0.2587358345489427, 0.3210109021744296, 0.0]",2,0.22947296955749377,0.8274796505776638,2.4441030999983036,0.2,27.61137034381235,"[1.310741059283223, 0.39478316133312, 0.20800145175548732, 0.14752090148676958]"
1106,,"[0.08051462590805608, 0.1622770560816047, 0.0, 0.0]",2,0.19203977498466848,1.4434792625411348,4.227767437911848,0.2,3.264936419962596,"[1.2925897600771463, 0.386980579593827, 0.20225021802155724, 0.13706162165355076]"
1107,,"[0.07502472989748736, 0.0, 0.0, 0.0]",1,0.13229708291235914,1.1911703485151195,1.7668638546431035,0.2,3.5051588490529393,"[1.2796922641970183, 0.38401005065495836, 0.1995107468768272, 0.13297874641317675]"
1108,,"[0.1339876020872992, 0.0, 0.15385086544482443, 0.0]",2,0.05232956881122648,1.5484463776246604,5.404281541793449,0.2,0.9814709718791458,"[1.2953609447945167, 0.3905967092236835, 0.20384812124940227, 0.1373414682139789]"
1109,,"[0.0, 0.0, 0.0, 0.33808096551734557]",1,0.18211535024130893,1.1047765608776778,6.189043667333967,0.0,5.765245951637785,"[1.2784207208818057, 0.3941527698807521, 0.2076198686873321, 0.13493844943462344]"
1110,,"[0.0, 0.0, 0.2378667158278018, 0.0]",1,0.19221289274864384,1.180929432384478,4.512309618877741,0.0,4.207360694642875,"[1.2826897737546386, 0.3872445658965565, 0.20215866714802164, 0.13760070514306635]"
1111,,"[0.0, 0.0, 0.0, 0.0]",0,0.18939202317489395,0.9472535017177455,0.7014284527563299,0.1,11.06875899132254,"[1.2700425053309456, 0.38089106650530663, 0.19751950326624504, 0.13203631127589696]"
1112,,"[0.0, 0.0, 0.0, 0.0]",0,0.1947014022538602,1.916097853995863,1.4945500989521712,0.1,3.629945365123585,"[1.2700425053309454, 0.3808910665053068, 0.19751950326624504, 0.13203631127589696]"
1113,,"[0.3024975625800913, 0.0, 0.0, 0.0]",1,0.1965057563958863,0.5061062108996449,5.066895683539966,0.05,7.77427364176541,"[1.3170775486987691, 0.3963590801671824, 0.2071400083419209, 0.13605770425621086]"
1114,,"[0.2513059718453986, 0.0, 0.0, 0.2364322925136729]",2,0.17891518864542613,0.956390933724915,2.696715184834666,0.05,8.723736512104296,"[1.3123016949120077, 0.40092889632524853, 0.211560893483262, 0.13769457860453485]"
1115,,"[0.1395193519075776, 0.20594070927256505, 0.0, 0.0]",2,0.19644193200497562,0.7690072311991796,4.597402999871385,0.0,52.002366337723686,"[1.305036027504146, 0.3905138033775792, 0.20494864917955424, 0.1390002414404264]"
1116,,"[0.05383215962171964, 0.3163324935908626, 0.0, 0.0]",2,0.2210674144447865,1.922425759831989,5.954314582637091,0.1,3.9105331426411047,"[1.3055871491915412, 0.38895833278516223, 0.2048021857063921, 0.14155778186609358]"
1117,,"[0.0, 0.0, 0.0, 0.0]",0,0.21130761124923314,0.980524637992096,0.9541726696355293,0.0,9.707562074822254,"[1.270042505330945, 0.3808910665053066, 0.19751950326624493, 0.13203631127589696]"
1118,,"[0.0, 0.0, 0.3452610665024174, 0.22617894141568387]",2,0.14361722443168323,1.257136667295561,1.7255802651381724,0.05,3.26982567311442,"[1.2959984425803404, 0.3983142101213666, 0.21173046786442792, 0.14217351667554562]"
1119,,"[0.0, 0.0, 0.0, 0.0]",0,0.23362458650467688,1.7720242577123366,2.4708239023806864,0.0,4.144242931310233,"[1.2700425053309456, 0.38089106650530663, 0.19751950326624507, 0.13203631127589696]"
1120,,"[0.0, 0.0, 0.2351496399384259, 0.0]",1,0.18059446942617915,1.7434268744985504,1.1322184766541687,0.1,3.170441897252414,"[1.2825051949984858, 0.38715592453442177, 0.20209277033638126, 0.13752658564403927]"
1121,,"[0.0, 0.0, 0.0, 0.0]",0,0.11904306402839826,1.518609237870477,2.5043386554771243,0.05,2.1749793714734453,"[1.2700425053309454, 0.38089106650530663, 0.19751950326624493, 0.1320363112758969]"
1122,,"[0.30790683799053714, 0.3019644454536492, 0.0, 0.0]",2,0.18055218971958323,0.989862053559531,5.360225065329167,0.0,6.366176811773687,"[1.3446638037102703, 0.4019239716974002, 0.21379695576707258, 0.1439118918493224]"
1123,,"[0.0, 0.0, 0.0, 0.0]",0,0.14360866850690132,0.8171805554494924,0.13744801428871808,0.1,29.269158523940625,"[1.2700425053309452, 0.38089106650530674, 0.1975195032662449, 0.13203631127589696]"
1124,,"[0.0, 0.0, 0.09380135172361265, 0.15454617792738057]",2,0.1851907201076549,1.3761022105187435,0.7034899969811563,0.0,3.232400958701249,"[1.2774671679955663, 0.3878091055595655, 0.20303989832779903, 0.13520468516248074]"
1125,,"[0.2706747972782073, 0.0, 0.10986122895468062, 0.0]",2,0.1498041665940882,0.5459021496517544,2.403182663593952,0.05,6.261579925519222,"[1.3157484316741324, 0.3969780705392693, 0.20758812869757115, 0.1382498512668805]"
1126,,"[0.0, 0.08814638148689125, 0.0, 0.0]",1,0.07437231985467521,1.5059209282472326,4.412723479300632,0.05,1.2865749019583896,"[1.2761592705921214, 0.3823318652180126, 0.19877893933616217, 0.13414004529331502]"
1127,,"[0.3289392180708763, 0.0, 0.11524117545419639, 0.0]",2,0.20932161079288036,0.7658832430834379,2.074412921170531,0.0,50.41759861790162,"[1.3276558189828418, 0.40105124175243323, 0.20995862662569265, 0.13929359856012022]"
1128,,"[0.06229749037493126, 0.0, 0.0, 0.0]",1,0.10055594870949969,0.6859979991729344,3.1097961754827614,0.0,7.992874706920653,"[1.2779834005797839, 0.3834552291614612, 0.1991576531395526, 0.132816376181098]"
1129,,"[0.0, 0.0, 0.0, 0.0]",0,0.1857392027098052,1.5954116945691013,4.76218000032117,0.1,3.6407574689999462,"[1.2700425053309452, 0.3808910665053068, 0.197519503266245, 0.13203631127589696]"
1130,,"[0.0, 0.0, 0.0, 0.2645736732082901]",1,0.19060034805453402,0.9398181922808873,0.5230434784418407,0.2,11.70118945351458,"[1.2760867051650353, 0.3902451714173136, 0.20485183304017798, 0.13425034934099964]"
1131,,"[0.06519170200435435, 0.0, 0.0, 0.3334807416850298]",2,0.2048742263025969,1.5246741856765265,5.0347687571727695,0.2,4.066540065776119,"[1.2865093955204345, 0.39649665512862436, 0.2091607274993201, 0.13585001258867677]"
1132,,"[0.1843883772018773, 0.0, 0.0, 0.1648108468910435]",2,0.1300266995319626,0.7661318363376708,2.185066085694329,0.1,35.314423759060105,"[1.2991435567600311, 0.3943408942820482, 0.20698753005455575, 0.13593883368906656]"
1133,,"[0.21613978782454374, 0.0, 0.0, 0.2086711433113284]",2,0.19830980066390813,1.1616277437781701,0.035713801268234646,0.2,5.685591306713491,"[1.3054341346887883, 0.39774497491371263, 0.2093952518649965, 0.13685478909966023]"
1134,,"[0.28199138000832913, 0.0, 0.0, 0.0]",1,0.11105298932802712,1.7932135128540727,4.724882102651427,0.1,1.9307417385148677,"[1.313028866648598, 0.3950068982837995, 0.20633197933008857, 0.1357662219905174]"
1135,,"[0.0, 0.0, 0.0, 0.22228126165912052]",1,0.10096083738708479,1.8731664840072748,2.570491262286131,0.0,1.7629979691699358,"[1.274906627706375, 0.38832803249128917, 0.2034313559484387, 0.13386956167481673]"
1136,,"[0.0, 0.0, 0.0, 0.08021862893911448]",1,0.13727903874208877,1.2788358707890275,0.5906635731874404,0.05,2.9229209488920525,"[1.2715859622549481, 0.38316564279589377, 0.1993958019394396, 0.13266675478230025]"
1137,,"[0.0, 0.0, 0.0, 0.0]",0,0.2442962984249063,1.5422272269127906,1.5712261268977499,0.05,4.49601523857303,"[1.2700425053309454, 0.3808910665053068, 0.19751950326624498, 0.13203631127589704]"
1138,,"[0.0, 0.0, 0.0538848516003584, 0.0]",1,0.24952416271115296,1.563910429015611,1.0584192868314184,0.0,4.086661185559702,"[1.2723998847057427, 0.3821230484403261, 0.19840558535664973, 0.13314959147039873]"
1139,,"[0.0, 0.0, 0.0, 0.3112200287810321]",1,0.10262187659676564,0.9707285083323591,4.851671652851177,0.1,4.591657294571265,"[1.2775211990156081, 0.3926293347525945, 0.2065606881670386, 0.1346830656408096]"
1140,,"[0.0, 0.327112225192036, 0.0, 0.2833492831195627]",2,0.2377409664710164,1.656305186961557,3.787800742823835,0.1,4.397404087937061,"[1.3066362495472252, 0.39727577833814487, 0.21086826494897645, 0.14461849620978587]"
1141,,"[0.0, 0.0, 0.0, 0.07866021346568347]",1,0.08787057806390652,0.9100424414416821,0.4897318992812666,0.0,5.913867926436042,"[1.2715540169035005, 0.38311773543442007, 0.19935690085080646, 0.13265418382701002]"
1142,,"[0.0, 0.24142574719899718, 0.0, 0.0]",1,0.212567521772192,1.6680214149581036,4.088432759349127,0.05,3.6117140369920557,"[1.2899768907537683, 0.38520181378893315, 0.20151466693573133, 0.13848415707469441]"
1143,,"[0.0, 0.0, 0.0, 0.0]",0,0.08726441708059172,1.1484318298388634,0.3050437865393073,0.05,2.489227474830618,"[1.2700425053309452, 0.38089106650530663, 0.19751950326624498, 0.13203631127589696]"
1144,,"[0.0, 0.3115639367913553, 0.27700825718701755, 0.0]",2,0.11711938280843909,1.2065246872351505,3.0182864473183044,0.1,2.9639597314208195,"[1.3135900499430198, 0.3942971202851183, 0.20795032013809547, 0.14803006592243265]"
1145,,"[0.0, 0.14466933717159658, 0.0, 0.0]",1,0.06260018196379169,1.763240198486028,3.213411076576421,0.0,1.1874840737686534,"[1.2807079711934923, 0.3833304368714185, 0.19969373742133054, 0.13563095547298706]"
1146,,"[0.0, 0.2164960011820727, 0.3402349257488601, 0.0]",2,0.11777375727517683,0.84445750873388,0.3901578489005926,0.05,11.173353756229114,"[1.307922120254588, 0.39469370729781306, 0.207809251947394, 0.1467165743238352]"
1147,,"[0.0, 0.0, 0.0, 0.0]",0,0.18444862632562417,1.2404277992174795,3.323078798061505,0.2,4.79865720154029,"[1.2700425053309452, 0.3808910665053068, 0.19751950326624504, 0.13203631127589696]"
1148,,"[0.055512335597639385, 0.0, 0.3370855332843302, 0.0]",2,0.24570871525647536,0.7769155586466322,0.28422019550010136,0.0,64.3941076761144,"[1.2972767936845098, 0.39318680056161404, 0.20613317729923308, 0.14142741536084086]"
1149,,"[0.0, 0.0, 0.3295878243059118, 0.0]",1,0.13185605264216324,1.487505346125821,1.5512945476340745,0.2,2.4007730999399715,"[1.2897200592930058, 0.3905467221128137, 0.20463495999567394, 0.14027534645979378]"
1150,,"[0.0, 0.1398056383019763, 0.07400659436654748, 0.0]",2,0.2333579096565215,0.5887776019576277,0.879443589509381,0.05,11.647118874717128,"[1.2835912451099682, 0.38494290404333054, 0.20078753129119806, 0.1370851440372705]"
1151,,"[0.0, 0.0, 0.3450354719175039, 0.0]",1,0.2417392165002502,1.4900447092671054,2.997792917109919,0.2,4.522649397037961,"[1.2910815774227493, 0.3911708205162574, 0.20510729100700692, 0.14076087675546292]"
1152,,"[0.0, 0.056454845603515526, 0.08968601838359958, 0.0]",2,0.0600391202751768,0.5651974227100863,1.7979821639633464,0.0,2.645983532436733,"[1.2778961682277403, 0.3838979271272668, 0.19979711912858997, 0.1352678711093096]"
1153,,"[0.0, 0.14462569358531696, 0.22708585034689385, 0.0]",2,0.17057967878533112,1.7509220036545914,1.859009812631265,0.0,3.1846308197540703,"[1.2926071089820157, 0.38928451175314427, 0.2038427054193919, 0.14105092429372054]"
1154,,"[0.0, 0.30235176018455373, 0.23958047395046986, 0.0]",2,0.08130106215077243,1.9026315679387187,4.064108033476731,0.0,1.5128661162758539,"[1.3097556884289432, 0.3928235522462593, 0.20693503292893714, 0.14654014503858617]"
1155,,"[0.19326673010638074, 0.29302454546729706, 0.0, 0.0]",2,0.1112053264024731,0.6407657803134678,5.121535383937149,0.2,8.54523390512134,"[1.3228522959053772, 0.39495749310916334, 0.20888032322947858, 0.14229857185396694]"
1156,,"[0.0, 0.0, 0.1693273950338835, 0.0]",1,0.07381981386627652,1.3470368192702569,4.100689830923306,0.1,1.3253691807539207,"[1.2783723660321693, 0.3851421743432786, 0.20060448227186686, 0.13581297835252487]"
1157,,"[0.0, 0.0, 0.19517964899789278, 0.0]",1,0.13964392187444574,1.544176729711856,2.1002627652548336,0.0,2.578984265232449,"[1.279921962249017, 0.38590391483526326, 0.20116545896775181, 0.1364677001512554]"
1158,,"[0.24075817854135548, 0.21694969256817642, 0.0, 0.0]",2,0.19803327103813914,0.5713861650463832,5.937113700480398,0.0,8.500058397123036,"[1.3225359633488634, 0.39609071746496227, 0.2087951360885595, 0.14054322152125917]"
1159,,"[0.0, 0.0, 0.0, 0.07104495732308358]",1,0.23431822956797962,0.8794344215312311,0.3812991119562279,0.0,19.889745733136746,"[1.2713991079261464, 0.3828859153487934, 0.19916828463914923, 0.13259294292264484]"
1160,,"[0.0, 0.13998943413738202, 0.2548172817718473, 0.0]",2,0.2204331981330204,1.9585475578856877,6.103217033818037,0.0,3.9733726349669,"[1.2941143584456671, 0.3901101174489289, 0.20441664951487035, 0.14170341991747057]"
1161,,"[0.0, 0.0, 0.18083148056803156, 0.0]",1,0.18528349342060868,1.032578278234771,1.6671643130427407,0.2,6.587472369409277,"[1.2790509182502134, 0.3854767544781768, 0.20085057730627542, 0.1361014920184999]"
1162,,"[0.05338721670448247, 0.0, 0.0, 0.289424601958475]",2,0.2490998164598639,1.2667996331250688,2.9616381695108482,0.1,5.897628222471761,"[1.2835416533286244, 0.39360871596545105, 0.20713972115929496, 0.13524181885761752]"
1163,,"[0.0, 0.0, 0.0, 0.10937813168527823]",1,0.2069984390043007,1.6255185729199768,3.57193649464731,0.05,3.625982795776209,"[1.2721995773230985, 0.3840925390580159, 0.20014319171712786, 0.1329043975958792]"
1164,,"[0.0, 0.0, 0.0, 0.0]",0,0.13413005926729374,1.5461237538511021,2.459668787226911,0.1,2.4779648966082504,"[1.2700425053309454, 0.38089106650530674, 0.19751950326624518, 0.13203631127589693]"
1165,,"[0.059258478975326906, 0.0, 0.0, 0.0]",1,0.0821585670777993,1.3400253840523857,2.561353407805686,0.1,1.6388533685849294,"[1.2775799446618084, 0.38332438992033924, 0.1990743043919308, 0.13277775726556057]"
1166,,"[0.0, 0.0, 0.05564791281227393, 0.055161138999906156]",2,0.21970340582263928,1.2014426712062154,0.7069333525897893,0.0,5.283983690864882,"[1.2735179878555536, 0.38367822588887657, 0.1997108809265318, 0.13360410941358858]"
1167,,"[0.0, 0.0, 0.28494802109414435, 0.0]",1,0.18756676282741724,0.5216656600982785,1.2498722300223069,0.2,7.841864239505016,"[1.2860914883363042, 0.38885978358979706, 0.20336486444951282, 0.1389305680268173]"
1168,,"[0.2137707496281074, 0.2851958139413912, 0.0, 0.0]",2,0.1899119039424004,0.591576357093106,2.4548124936551448,0.05,9.840090895895054,"[1.3252977937810952, 0.3958985957557197, 0.20944241352429777, 0.14228166879065887]"
1169,,"[0.13700105069430613, 0.0, 0.114092059378542, 0.0]",2,0.13435510563043704,1.6421734770351448,5.883471199741293,0.05,2.4088790677047154,"[1.2936960390637027, 0.38965150656017755, 0.20319688462913393, 0.13638206047299556]"
1170,,"[0.276315226890683, 0.0, 0.0, 0.0]",1,0.05701347870957683,1.703784884095641,3.98668802825209,0.2,1.0558520228039436,"[1.3119380054653347, 0.3946429923099416, 0.20611318269336956, 0.13568602927201365]"
1171,,"[0.0, 0.2093084990805123, 0.0, 0.0]",1,0.09884107051254723,1.4889643543707571,3.0708801477293117,0.05,1.802818764961506,"[1.286662085548689, 0.38455569200657014, 0.20086915119177545, 0.13749151451190067]"
1172,,"[0.0, 0.0, 0.26553884393967936, 0.05445974576410158]",2,0.17763584472752417,1.0274856208021736,5.498772612392208,0.0,6.66580886489743,"[1.285653031093375, 0.3896151416303941, 0.2041775745872727, 0.13872131379279873]"
1173,,"[0.0, 0.0, 0.0, 0.10476907434798989]",1,0.15891238694387533,1.3821612578917648,4.398115529974686,0.0,2.579744172667825,"[1.2721005279283657, 0.38394206517615354, 0.20002253922218702, 0.13286652622189413]"
1174,,"[0.0, 0.0, 0.23832603412606068, 0.0]",1,0.1782406542304107,1.8507223154337704,2.2989260116081396,0.05,2.87221997047383,"[1.2827210956302166, 0.38725959725334425, 0.20216984474520208, 0.13761326253042377]"
1175,,"[0.2552322570159055, 0.0, 0.0, 0.0]",1,0.1980407043393705,1.6109995693477432,2.9356918432388586,0.2,3.8614622881326137,"[1.3079927473419457, 0.3933285700087378, 0.20531832885332815, 0.13539002981646409]"
1176,,"[0.24276337307771373, 0.0, 0.0, 0.0]",1,0.13193783404211756,1.9576472302183883,3.6299729443220596,0.1,2.7524633810780186,"[1.3057346514753057, 0.39257756214695433, 0.20486106686503155, 0.13521634932047116]"
1177,,"[0.0, 0.0, 0.0, 0.0]",0,0.15404111753739413,1.2616599891929523,1.178991663306965,0.0,2.959447269728538,"[1.2700425053309456, 0.38089106650530674, 0.197519503266245, 0.13203631127589696]"
1178,,"[0.0, 0.0, 0.0, 0.1026281453228637]",1,0.07736388001738535,1.6272730826747284,3.133100949904518,0.2,1.4576118269384892,"[1.2720547878790605, 0.3838726883661131, 0.19996682291801376, 0.13284897443029284]"
1179,,"[0.0, 0.0, 0.0, 0.0]",0,0.19916025312372998,0.7695044630355288,5.911038185272754,0.1,48.50767821952256,"[1.2700425053309454, 0.38089106650530674, 0.1975195032662451, 0.13203631127589696]"
1180,,"[0.15852424608485485, 0.0, 0.24739788123216114, 0.0]",2,0.11512737456531595,1.3186268863001211,5.385753060229874,0.1,2.2655681353832984,"[1.3047803905315045, 0.3947402097042617, 0.20653950669335708, 0.1403299997974149]"
1181,,"[0.0, 0.0, 0.0, 0.0]",0,0.20005476119106452,0.5897080104112618,0.5477801874856429,0.1,8.884680977042553,"[1.2700425053309454, 0.38089106650530674, 0.19751950326624498, 0.13203631127589696]"
1182,,"[0.0, 0.21198798973375926, 0.0, 0.0]",1,0.12086672918851137,1.2538051012252422,1.2772203823182193,0.05,2.3100476566066845,"[1.2869288444980052, 0.3846085956208699, 0.20092131321552392, 0.1375725218863664]"
1183,,"[0.0, 0.0, 0.0, 0.0]",0,0.09955045979167426,0.6938873346374741,5.918899014980484,0.2,8.957158945836277,"[1.2700425053309456, 0.38089106650530674, 0.19751950326624493, 0.13203631127589693]"
1184,,"[0.1346268591099567, 0.0, 0.0, 0.3387348197834052]",2,0.06611122399397416,0.7839517763366118,3.542323282924221,0.0,16.29148587718162,"[1.2963639883239468, 0.39989717456662544, 0.2114065885103271, 0.13696522464608885]"
1185,,"[0.0, 0.0, 0.0, 0.0]",0,0.17096791416801813,1.8699871524290557,0.419223216033294,0.2,3.2219264673530184,"[1.2700425053309459, 0.3808910665053068, 0.19751950326624504, 0.13203631127589696]"
1186,,"[0.0, 0.25099329165369744, 0.06524523934260319, 0.0]",2,0.07670721470890035,1.7684257799866652,2.023599570167774,0.2,1.33827027973811,"[1.2938931655429724, 0.38687821515643406, 0.20268917196457392, 0.14021804697112833]"
1187,,"[0.0, 0.2825951905507955, 0.0, 0.298421953651804]",2,0.09109337003269398,0.5407274501345458,1.4828622981400377,0.1,4.257494873157689,"[1.30148936825481, 0.39705261989339496, 0.21045411726338414, 0.14308101996638667]"
1188,,"[0.0, 0.0, 0.07366028116043756, 0.0]",1,0.1407459192401344,1.1364411797939376,3.229142071211261,0.05,4.198061284581351,"[1.2733269568353744, 0.3826009587739437, 0.19875104395969093, 0.1335777381426866]"
1189,,"[0.0, 0.0, 0.0, 0.0]",0,0.22372986106206824,1.3332864289185868,1.008508125986827,0.2,4.532750364330817,"[1.270042505330945, 0.38089106650530674, 0.197519503266245, 0.13203631127589702]"
1190,,"[0.3174375489904982, 0.0, 0.0, 0.0]",1,0.22763464272303563,0.7406121774115355,5.903199353705147,0.05,53.33422831764002,"[1.3201394573646932, 0.39738312617830307, 0.2077466059983617, 0.1362718123457939]"
1191,,"[0.17667071647112492, 0.0, 0.0, 0.0]",1,0.10128269160179655,1.695428129801598,3.8130876488515133,0.0,1.671129327855936,"[1.294594118672922, 0.38888917271505236, 0.20258513565002254, 0.13431281295271158]"
1192,,"[0.0, 0.06315629154483733, 0.055194272683153446, 0.0]",2,0.06720598261304236,1.1347942519001155,2.7220623844016476,0.2,2.0911645059572384,"[1.2767309875126451, 0.3831668554494371, 0.19929286800803933, 0.1346702386438612]"
1193,,"[0.0, 0.0, 0.0, 0.28411165834753027]",1,0.11128718705184389,0.6775406799760872,2.859327120931759,0.05,8.443177059958623,"[1.2766692225630352, 0.3912064161285824, 0.20554842046463112, 0.13442994754983115]"
1194,,"[0.0, 0.0, 0.1084831300805841, 0.0]",1,0.18093699897466387,1.9759394664023329,0.6174705078422378,0.05,3.2293093653528193,"[1.2750496495901478, 0.3834796567865711, 0.19938877242016992, 0.13435889020911956]"
1195,,"[0.2111343173399808, 0.0, 0.0, 0.08438262227341292]",2,0.18695090486101792,1.3335204782619132,3.0623993584591473,0.1,3.728007004861069,"[1.3018123391637342, 0.39310535769991684, 0.20571601562367398, 0.13555215529469122]"
1196,,"[0.0, 0.1663436668164738, 0.0, 0.3488644592897923]",2,0.15471954549559452,1.8077614042763126,1.7792107221676727,0.1,2.735530260604526,"[1.2912234813970531, 0.39757631551239525, 0.2103351640458679, 0.13967180997209008]"
1197,,"[0.29979015463606334, 0.0, 0.11288898952136037, 0.0]",2,0.09478734285498878,1.5971896484634942,0.07041207678370515,0.0,1.6472885658633363,"[1.3215372866855744, 0.39895979688138933, 0.20875009398328953, 0.13877621834566412]"
1198,,"[0.0, 0.0, 0.0, 0.0]",0,0.07114890449420234,1.2518821748048494,5.305101461910246,0.05,1.7423087070359875,"[1.2700425053309452, 0.38089106650530674, 0.19751950326624504, 0.13203631127589696]"
1199,,"[0.29003816243564234, 0.0, 0.1642138101576008, 0.0]",2,0.12015752448071154,0.9274557879617586,2.200385236750741,0.05,5.834815348089741,"[1.322291247207732, 0.3997609479006232, 0.20926412555670937, 0.14002693795495583]"
1200,,"[0.0, 0.0, 0.0, 0.0]",0,0.09546808457140475,0.8050869557241579,5.585155904161226,0.1,22.641308319826134,"[1.2700425053309452, 0.3808910665053066, 0.19751950326624493, 0.132036311275897]"
1201,,"[0.0, 0.0, 0.33854150809440386, 0.0]",1,0.20307040392519293,1.7601128850421819,3.0695203976211385,0.2,3.690222675461252,"[1.290502065102429, 0.39090575039040726, 0.2049065276758748, 0.14055546686437229]"
1202,,"[0.0, 0.0, 0.0, 0.0]",0,0.21884093215218972,1.5150742052682085,0.31781616454705625,0.0,3.8511690677924033,"[1.2700425053309459, 0.38089106650530663, 0.19751950326624504, 0.13203631127589696]"
1203,,"[0.0, 0.0, 0.0, 0.20406502727694845]",1,0.19359597166341744,1.2785827561840173,4.613358293549532,0.0,4.084455332005902,"[1.2744292563231372, 0.3875643560747091, 0.20285382679872763, 0.13370885099799965]"
1204,,"[0.0, 0.0, 0.0, 0.0]",0,0.14497037539527555,1.3823228238962921,3.9849758264562056,0.0,2.4752873741070927,"[1.2700425053309452, 0.38089106650530674, 0.19751950326624498, 0.1320363112758971]"
1205,,"[0.0, 0.0, 0.0, 0.34575932698539985]",1,0.10779912518223755,0.9521856554399455,4.001407442362935,0.0,5.541042562755244,"[1.278688864485721, 0.3946109475807525, 0.20793351847451932, 0.13501230012450433]"
1206,,"[0.22177331990877722, 0.0, 0.0, 0.0]",1,0.16406434514434765,0.9142236007857609,4.556886067821445,0.05,9.240724100783359,"[1.3020514517520336, 0.3913548731580141, 0.20411198411315126, 0.13492628975147525]"
1207,,"[0.08454604770964357, 0.0, 0.0, 0.1918103744743455]",2,0.16808941645929568,0.973017063607049,1.3530119332362898,0.05,7.210845903953464,"[1.2850156107176127, 0.39056317136842195, 0.20473261686848976, 0.13476331947075465]"
1208,,"[0.0, 0.07763326636510724, 0.0, 0.09378811228825162]",2,0.165157874538902,1.2165392410183862,1.7549861790373849,0.1,4.060929230299711,"[1.277184334471207, 0.38484544094736745, 0.20080834703582634, 0.13465970543338332]"
1209,,"[0.0, 0.14512894576686258, 0.0, 0.0]",1,0.0955255182464311,0.5003396708443757,1.7637922384629616,0.1,3.711964726665567,"[1.2807472919497647, 0.3833388214570476, 0.19970157628711852, 0.135643577107901]"
1210,,"[0.08118594491165429, 0.3188508720371306, 0.0, 0.0]",2,0.11847067413513278,1.725791599204019,4.816334659287103,0.05,2.269856067631479,"[1.309540355773688, 0.39017073755551857, 0.20572018470380926, 0.14193542412380536]"
1211,,"[0.0, 0.0775776234884704, 0.10900407208690074, 0.0]",2,0.23190826314451585,0.7800248517317799,1.5254548306540459,0.05,63.714242531979956,"[1.2803982577607353, 0.3847396924623975, 0.20044848026909745, 0.13623865619393574]"
1212,,"[0.0, 0.13983885853065373, 0.0, 0.2145900023655738]",2,0.07035571453079381,1.110607733957168,2.309075138482127,0.1,2.1545456477701057,"[1.2848967649349567, 0.39032527270086015, 0.20513923465319564, 0.13746793536882396]"
1213,,"[0.0992145431873421, 0.0, 0.0, 0.24175879387596313]",2,0.09543711525667545,1.0785905805901281,3.315750072382295,0.2,3.33608424117524,"[1.2883430825347815, 0.3933134291497832, 0.20675197936027542, 0.13544593686134485]"
1214,,"[0.0, 0.0, 0.0, 0.0]",0,0.16804221528999938,1.2889794002131305,2.1957371282545535,0.1,3.9248256818426874,"[1.2700425053309452, 0.38089106650530674, 0.197519503266245, 0.13203631127589693]"
1215,,"[0.0, 0.06807798031572741, 0.0, 0.06543787209823294]",2,0.05654531421789655,0.6146846454351984,1.1646878354259935,0.0,3.0431744168036414,"[1.2759067107604898, 0.38381495031295065, 0.1999692358538743, 0.13417639746432605]"
1216,,"[0.2842434310577139, 0.15055873586092985, 0.0, 0.0]",2,0.07907831698308224,0.634936393504683,1.0052376076518046,0.1,5.870415089522016,"[1.3244675165466375, 0.39756043016040343, 0.20907789020144418, 0.13929677402057508]"
1217,,"[0.0, 0.0, 0.0, 0.0]",0,0.15523660322612914,1.6637336948390804,1.2125180946966565,0.1,2.8087281509343085,"[1.2700425053309454, 0.38089106650530663, 0.19751950326624498, 0.13203631127589696]"
1218,,"[0.0, 0.24871861457607172, 0.0, 0.0]",1,0.12488147228390163,1.847853349473199,1.4930402804501393,0.05,2.1485470416430608,"[1.2907669337513012, 0.3853522961860827, 0.20166770830576008, 0.13871630083881495]"
1219,,"[0.13752182698181187, 0.0, 0.0, 0.0]",1,0.0759701768092586,1.2600195824389049,4.94837449679628,0.05,1.7442624514074692,"[1.288570060913801, 0.3869084204375456, 0.20134455362317016, 0.13379109246276408]"
1220,,"[0.0, 0.07214791988836398, 0.0, 0.0]",1,0.21192585298324462,1.7466951619704327,5.238463743920418,0.0,4.0177760231545845,"[1.2749673259379743, 0.3820603511233628, 0.19853637665423404, 0.13373911915778192]"
1221,,"[0.0, 0.0, 0.0, 0.18156012097958565]",1,0.22519226949218554,1.2457171545335433,4.9065744186749,0.2,5.444595691241906,"[1.273862801153576, 0.3866672965184639, 0.2021668425718204, 0.13351299861370028]"
1222,,"[0.0, 0.0, 0.1837442442909244, 0.0]",1,0.10218080475845524,0.5275484416436094,1.7950118350174806,0.1,4.321251789143203,"[1.279225486320748, 0.3855625711359473, 0.2009137751247894, 0.1361752578845252]"
1223,,"[0.0, 0.08259052945888591, 0.06487264846190262, 0.0]",2,0.18128967883435804,0.7776798185422897,2.487780452364767,0.05,48.60064410800217,"[1.2786072268234439, 0.38372346507712224, 0.1997409497964093, 0.13536766763441235]"
1224,,"[0.0, 0.0, 0.0, 0.0]",0,0.07098495889893129,1.4793816299660585,4.256644797335694,0.0,1.2407329972664036,"[1.2700425053309456, 0.38089106650530674, 0.19751950326624498, 0.132036311275897]"
1225,,"[0.0, 0.0, 0.0, 0.0]",0,0.11147158228479088,1.8422270571979293,4.0009412735598575,0.1,1.9417556469030521,"[1.2700425053309452, 0.38089106650530663, 0.19751950326624498, 0.13203631127589696]"
1226,,"[0.0, 0.2521243814734073, 0.0, 0.0]",1,0.18132716163005444,0.8741009835956327,4.33961088533068,0.1,14.3631972665347,"[1.2911408794817911, 0.3854230674042019, 0.20174004438365617, 0.13882559086849142]"
1227,,"[0.0, 0.09513297592459251, 0.0, 0.0]",1,0.14531359123290696,1.232483681586234,3.958293570367582,0.05,3.1108924583899924,"[1.276692323351066, 0.3824519218517225, 0.19888701109636722, 0.13431795411472677]"
1228,,"[0.07894882934215268, 0.16735707815227116, 0.0, 0.0]",2,0.2352684635117512,0.6823039920906118,3.55724469119371,0.1,20.872965348853516,"[1.2928296694064916, 0.38700524047091006, 0.2022981056274409, 0.13718396147600498]"
1229,,"[0.0, 0.3336590539634076, 0.0, 0.0]",1,0.16067906861763714,0.5223392055011867,2.3288042849830934,0.05,5.800475940210294,"[1.3011688531500898, 0.3872202819392757, 0.20365878433185544, 0.14161936389926003]"
1230,,"[0.0, 0.0, 0.0, 0.0]",0,0.19160711607734643,1.9475615817532268,2.0834918283403177,0.2,4.179027944159042,"[1.2700425053309454, 0.38089106650530674, 0.197519503266245, 0.13203631127589693]"
1231,,"[0.0, 0.0, 0.3167338391215643, 0.0]",1,0.05931885843631184,0.5208712693571252,6.030720971303338,0.05,1.9516779508835582,"[1.2886304921982141, 0.39004387166907967, 0.20425532376067934, 0.13987937716016588]"
1232,,"[0.0, 0.0, 0.1411351130470287, 0.0]",1,0.1920019968730513,1.0316914245162139,5.608426933217009,0.0,7.313234376382627,"[1.276779602922275, 0.384350359638678, 0.20002398514977612, 0.13512454974422608]"
1233,,"[0.0, 0.0, 0.0, 0.0]",0,0.19836812094869052,0.7381309357958907,4.074252119236382,0.1,28.64681808332599,"[1.2700425053309452, 0.38089106650530663, 0.19751950326624504, 0.13203631127589702]"
1234,,"[0.0, 0.0, 0.17397017321400673, 0.11148406701955368]",2,0.21220120423062194,1.7013557795593082,4.766395172580456,0.05,3.993281628650635,"[1.2808286643769082, 0.3884684283029751, 0.20347786274742186, 0.13672066800740262]"
1235,,"[0.0, 0.0, 0.05470634940112339, 0.3453088514116755]",2,0.21806729634232347,0.7429805452527221,4.582899959867788,0.2,39.98280850404691,"[1.2810509203674632, 0.39574484698127876, 0.20891502808078294, 0.13605062622230954]"
1236,,"[0.0, 0.0, 0.3460787320563696, 0.21331798715112896]",2,0.2408315612596088,1.8451428825525928,0.7886664316146356,0.2,4.557829779796835,"[1.2957344731452292, 0.39783213899128966, 0.21130521646233322, 0.14211234091314356]"
1237,,"[0.0, 0.0, 0.0, 0.07140876059886146]",1,0.23852840602493336,1.3863663722710804,0.21045492770567714,0.1,4.517766941222672,"[1.271406463709067, 0.3828969047552139, 0.1991772400670956, 0.1325958615149399]"
1238,,"[0.0, 0.0, 0.0, 0.0]",0,0.2435193573636264,1.6860541287326223,0.5949996575517872,0.1,4.554752868894204,"[1.2700425053309454, 0.38089106650530674, 0.19751950326624493, 0.13203631127589702]"
1239,,"[0.20491242973244, 0.0954032410027161, 0.0, 0.0]",2,0.2454173039682057,1.6903083023950214,4.506359213050766,0.0,4.402870746265892,"[1.3057942667315943, 0.3919204632186611, 0.20505290571496215, 0.13687720446653664]"
1240,,"[0.0, 0.0, 0.0, 0.0]",0,0.09376059897643599,1.9388156947361586,5.048267089204583,0.0,1.5315141320683678,"[1.2700425053309454, 0.3808910665053068, 0.19751950326624496, 0.13203631127589704]"
1241,,"[0.0, 0.0, 0.0, 0.0]",0,0.12167690268647634,1.9618226345014522,3.594029834938337,0.0,2.44802136326348,"[1.2700425053309456, 0.3808910665053068, 0.19751950326624504, 0.13203631127589696]"
1242,,"[0.11742879526998293, 0.12283681949577775, 0.0, 0.0]",2,0.13765632995375174,1.2661657506047899,2.3249620506529514,0.2,3.2611361660236415,"[1.2944124118329579, 0.38795130548882717, 0.20265747303217596, 0.13645437442627442]"
1243,,"[0.0, 0.27103016791857204, 0.0, 0.2982507133732137]",2,0.21820029748256933,1.8902340274717877,0.4955313030451476,0.05,3.8343979476112207,"[1.300136587474612, 0.3967960486009042, 0.21021990522045106, 0.14265076445830752]"
1244,,"[0.0, 0.0, 0.17815270477462897, 0.0]",1,0.07442032427374726,0.6320915316493145,2.911969388927485,0.05,4.148201303350289,"[1.278891369208065, 0.3853982287690326, 0.20079277616265218, 0.13603390861000814]"
1245,,"[0.0, 0.10695191431752325, 0.0, 0.0]",1,0.06618863037278828,1.5462775983121466,0.29721670941517675,0.0,1.1514205653146212,"[1.27761205362157, 0.3826571237801192, 0.1990729116748917, 0.1346229107222477]"
1246,,"[0.0, 0.0, 0.0, 0.0]",0,0.08212306426285809,1.0802937678787243,4.295863334587414,0.05,2.4583299568130514,"[1.2700425053309452, 0.38089106650530646, 0.197519503266245, 0.1320363112758969]"
1247,,"[0.0, 0.0, 0.0, 0.19003199252489097]",1,0.11272558962489974,1.3978359330464252,5.298693810410147,0.2,2.1259204927433086,"[1.27407312742174, 0.3869992081888162, 0.2024221102213237, 0.13358637939447943]"
1248,,"[0.2718008115303426, 0.0, 0.0, 0.17483451258732796]",2,0.14136738615052727,1.7174701488484054,4.767575929690153,0.1,2.683586632902978,"[1.3145663883903649, 0.39971080339580833, 0.21038883345732018, 0.1373534839277243]"
1249,,"[0.13024527240421038, 0.0, 0.0, 0.0]",1,0.16927620739869417,1.6760022130512258,3.217873010197369,0.05,2.9766967846667516,"[1.2874919305657098, 0.38655507103879344, 0.2011220780366298, 0.13369521768132173]"
1250,,"[0.0, 0.2215171343776773, 0.0, 0.0]",1,0.17978666442241328,1.7534635739544893,4.048371973398729,0.0,3.148828009614336,"[1.2878916101947444, 0.38479818962953144, 0.20110925140240948, 0.13786324151761734]"
1251,,"[0.0, 0.2995096518158187, 0.0, 0.2960924536877206]",2,0.16785468223032474,0.9517969597351166,3.675289755234153,0.05,8.297784912019535,"[1.3034653918203423, 0.3973011487962383, 0.21071593889808996, 0.14369379243522118]"
1252,,"[0.0, 0.0, 0.30391832930002005, 0.0]",1,0.08475841099842307,1.0791464830844375,4.847663773461559,0.05,2.568747033270185,"[1.2875811456050519, 0.38955662700277444, 0.20388829801071626, 0.13949170452107118]"
1253,,"[0.1825270295451892, 0.0, 0.0, 0.3295179496097184]",2,0.0518083249722364,1.4865600711750482,1.2285807003597025,0.2,1.0421123595200092,"[1.3033767421193645, 0.4017287742013376, 0.21256734330637805, 0.13762209684756838]"
1254,,"[0.0, 0.0, 0.0, 0.0]",0,0.2482416016863748,0.9396336807690862,1.2535999811525644,0.0,13.768313600637109,"[1.2700425053309454, 0.38089106650530674, 0.19751950326624504, 0.13203631127589696]"
1255,,"[0.09940697893408615, 0.0, 0.0, 0.06830449004879316]",2,0.21308188156296023,1.765852024393151,4.440285233723699,0.2,4.477404578444548,"[1.2843383082367767, 0.38699982716085507, 0.20178379021636025, 0.13386566653477516]"
1256,,"[0.0, 0.0, 0.0, 0.0]",0,0.15816587854542066,1.990265286457569,0.25526873370157765,0.2,3.3293832766559537,"[1.2700425053309452, 0.38089106650530624, 0.19751950326624498, 0.13203631127589696]"
1257,,"[0.0, 0.12341937279758633, 0.0, 0.05523547303034029]",2,0.06217122029666862,1.6433577706489797,5.856940168263802,0.05,1.1349961534403032,"[1.2799620954064386, 0.38446772198612983, 0.200573418212208, 0.1355294518673284]"
1258,,"[0.0, 0.0, 0.0, 0.0]",0,0.08603212897685393,1.8277978191687962,2.154621994275449,0.2,1.4961154938284356,"[1.2700425053309456, 0.38089106650530674, 0.19751950326624493, 0.13203631127589696]"
1259,,"[0.24438546644372336, 0.0, 0.0, 0.0]",1,0.1365419353608691,1.5823957484331252,6.194646984983998,0.05,2.414190697614165,"[1.3060253706999392, 0.3926741935969659, 0.2049200260077905, 0.13523888565777212]"
1260,,"[0.0, 0.2294739149748506, 0.2747611482525075, 0.0]",2,0.10128616862521418,0.7351192747224344,2.009240185055147,0.05,18.172364369262116,"[1.303940604407719, 0.3924809623910075, 0.2063282957681102, 0.14505387230841707]"
1261,,"[0.09777555832770593, 0.0, 0.27144058447403785, 0.0]",2,0.12633162383608665,1.6244924740061104,3.1116347564527844,0.05,2.2424277134203257,"[1.2976736463443446, 0.3926021432881456, 0.20541219412503017, 0.14007116753539353]"
1262,,"[0.0, 0.0, 0.0, 0.09553798588700962]",1,0.20854063469889977,1.4760709381857136,2.704742598145654,0.2,4.055301693076276,"[1.2719045105674913, 0.38364524653873644, 0.1997837720803932, 0.13279102671989748]"
1263,,"[0.13418716900435432, 0.3413306171094282, 0.0, 0.0]",2,0.23003828260753645,1.4866161686780708,2.384088407085238,0.05,4.080456195235826,"[1.3200289022429628, 0.39306435926578315, 0.20810516253549755, 0.1432901338966469]"
1264,,"[0.22590595134189273, 0.0, 0.09912341233288514, 0.0]",2,0.1368564456670964,1.7823769201369157,2.437286353726237,0.1,2.251244407044408,"[1.3071575807557878, 0.3939878342305091, 0.2057999057148659, 0.13730423619819873]"
1265,,"[0.0, 0.0, 0.0, 0.1485469872442428]",1,0.22340529112524551,0.9959289267456828,3.9815499706459674,0.1,10.034079836694776,"[1.2730747659584687, 0.3854361962631219, 0.2012088686769254, 0.1332309944535632]"
1266,,"[0.27243508167240343, 0.0, 0.0, 0.0]",1,0.2222413710140527,1.3933722358381608,3.3145689371487324,0.2,4.436655021696307,"[1.3111994620771026, 0.3943967282996269, 0.20596480294192765, 0.13563133287519027]"
1267,,"[0.3307153688458413, 0.0, 0.14827454443009824, 0.0]",2,0.13086316921736782,0.9474176306934845,3.6253712688684976,0.1,6.254735733710238,"[1.3297200532257245, 0.402106729597706, 0.21058763153525545, 0.1402317197836037]"
1268,,"[0.0, 0.0, 0.0, 0.15985295828400756]",1,0.08187417236403989,0.7807031649958628,2.9396617555262243,0.1,22.848799828283994,"[1.2733391721298346, 0.38584704640898304, 0.20153052620027453, 0.13332687008441957]"
1269,,"[0.0, 0.0, 0.2429818960144832, 0.0]",1,0.11063421824129055,1.1693603054994988,0.19338013628212727,0.2,3.116520346874709,"[1.2830405515448062, 0.3874127303543685, 0.20228376920174748, 0.13774100220116411]"
1270,,"[0.11859352361891162, 0.0, 0.0, 0.20131862778828719]",2,0.13564389048949535,1.7448170866367438,3.3171990329768337,0.1,2.293928982933984,"[1.2900296665455884, 0.39248580782941, 0.20601661198023274, 0.13533703522652415]"
1271,,"[0.0, 0.0, 0.21700372706936852, 0.0]",1,0.05100179755581172,1.2685719389489531,3.3613403394582155,0.05,1.1758557396108555,"[1.2813025757063272, 0.38657574837004494, 0.201662252282644, 0.13703864951830047]"
1272,,"[0.0, 0.0, 0.0, 0.0]",0,0.18109928296934363,1.3745585128483666,6.087157431015437,0.2,3.532636098342721,"[1.2700425053309454, 0.3808910665053068, 0.19751950326624496, 0.13203631127589696]"
1273,,"[0.20591829608032186, 0.0, 0.0, 0.27440273812384186]",2,0.21792798074460165,1.5195087596733874,5.156029682415802,0.0,4.078580983691485,"[1.305483555685496, 0.40008842429464303, 0.21125947383848542, 0.13739179159381526]"
1274,,"[0.0, 0.0, 0.0, 0.0]",0,0.06215581408383031,1.523934224877736,2.2046820144884856,0.05,1.174279562850764,"[1.2700425053309456, 0.38089106650530663, 0.19751950326624498, 0.13203631127589704]"
1275,,"[0.0, 0.0, 0.0, 0.1748946172484244]",1,0.20134087543719462,1.9355434472587176,0.9763879058966848,0.0,3.5732878656972487,"[1.2736997132919465, 0.3864108898146455, 0.20196877119965043, 0.13345555652656912]"
1276,,"[0.0, 0.0, 0.0, 0.0]",0,0.08512706028518383,1.8282354779754009,2.315825285068701,0.0,1.4008012056478112,"[1.2700425053309452, 0.3808910665053066, 0.19751950326624493, 0.13203631127589696]"
1277,,"[0.0, 0.0, 0.0, 0.0]",0,0.06457081772771256,1.5314236068699247,5.074089587887742,0.05,1.2133147830740492,"[1.2700425053309459, 0.38089106650530663, 0.19751950326624504, 0.13203631127589693]"
1278,,"[0.0, 0.1198146089244028, 0.0, 0.0]",1,0.23092847855064708,1.3039252267587356,2.600825097049706,0.0,4.926982271107265,"[1.278639588615665, 0.3828835265716759, 0.1992797838739902, 0.13496062399497996]"
1279,,"[0.0, 0.0, 0.0, 0.0]",0,0.21879948140427669,1.6276661104415333,2.0754328618753837,0.0,3.9964029821890907,"[1.2700425053309456, 0.38089106650530674, 0.19751950326624496, 0.13203631127589696]"
1280,,"[0.0, 0.0, 0.0, 0.0]",0,0.11943578087303569,0.6240872169324949,3.369497321571161,0.2,6.738700684110809,"[1.2700425053309454, 0.38089106650530663, 0.19751950326624493, 0.13203631127589696]"
1281,,"[0.0, 0.0, 0.15041868446175288, 0.0]",1,0.19539306320074615,1.1468281888770888,1.6083865462238267,0.2,5.339785299759359,"[1.2772934711244255, 0.3846068274789453, 0.20021171244521208, 0.13534837807049083]"
1282,,"[0.16876944266935648, 0.30655683591507665, 0.0, 0.0]",2,0.139300561790445,1.1864925969864952,4.292032462731295,0.0,2.83077176686428,"[1.3206392210569202, 0.39398157665477235, 0.20835072361106982, 0.14246837568473986]"
1283,,"[0.0, 0.0, 0.2329512555315448, 0.0]",1,0.23029351227872477,0.7043796655779715,0.38676655173733215,0.1,24.37104788013177,"[1.282356728367288, 0.3870845482101449, 0.2020397316313233, 0.13746681923410245]"
1284,,"[0.0, 0.0, 0.33303846800887743, 0.3078849430915301]",2,0.19822774100604146,1.6503545065389993,1.4944079299224502,0.2,3.8389651202927446,"[1.2972969033950366, 0.40156472552851386, 0.2144643259360461, 0.1423818876938912]"
1285,,"[0.0, 0.0, 0.0, 0.0692210448947173]",1,0.05284591496255982,0.508884460431259,5.2779178072075545,0.2,2.1070643251504997,"[1.2713622969800569, 0.3828309481708938, 0.1991234700309507, 0.13257832134595918]"
1286,,"[0.0, 0.0991338935674968, 0.0, 0.28418259301341]",2,0.13688469456049168,0.5481173456489782,3.05094428506501,0.2,5.4768910540754,"[1.2835709159170905, 0.3928104588326638, 0.20686116946363398, 0.13700173235865026]"
1287,,"[0.0, 0.059296937429443586, 0.0, 0.0]",1,0.10901382329894689,1.9081710920602117,1.4668327615487857,0.1,1.93154227710723,"[1.2740377355538937, 0.381845598338417, 0.19834629958672753, 0.13342343809843585]"
1288,,"[0.0, 0.20586194069424785, 0.0, 0.051366120891978284]",2,0.1466469516227484,1.28999008314171,2.6488091443605626,0.2,3.4349329611010315,"[1.2872669701029407, 0.38589344252705393, 0.2019210039119574, 0.13786108235928604]"
1289,,"[0.0, 0.0, 0.0, 0.0]",0,0.11945358846302319,1.6721181623719021,0.4805711010741473,0.1,2.169324095233963,"[1.2700425053309454, 0.38089106650530663, 0.19751950326624487, 0.13203631127589693]"
1290,,"[0.26093666517743225, 0.1725938084757342, 0.0, 0.0]",2,0.0902437999019281,0.5615203623068548,4.923152614004362,0.1,4.53881720604136,"[1.321990548893239, 0.3964867600470883, 0.2086058765569856, 0.13957147407556222]"
1291,,"[0.0, 0.16724296784801715, 0.0, 0.0]",1,0.2306595066523408,1.4656333716007288,5.688083024305762,0.2,4.498870744934916,"[1.2826877510307024, 0.3837476018858367, 0.2000870847611341, 0.13626086667992846]"
1292,,"[0.0, 0.2680329219617029, 0.0, 0.0]",1,0.06699507917946439,0.7991425574827891,5.533536678631964,0.0,12.70803320631043,"[1.2929312042660666, 0.3857579290641277, 0.202085493519192, 0.1393436316558258]"
1293,,"[0.0, 0.27434413903190474, 0.0, 0.2745778609677665]",2,0.07992263145242495,0.9010471826967514,2.6426108268157233,0.1,5.32243492825048,"[1.2998148726160383, 0.39567030963208877, 0.20945975785343124, 0.14249191553488605]"
1294,,"[0.33039760943938107, 0.0, 0.0, 0.0]",1,0.15689498794700307,1.5960156102943166,1.0367822057359248,0.05,2.69324890654579,"[1.3228773392301547, 0.39829966149692414, 0.2082854985790062, 0.13645873639737593]"
1295,,"[0.23745462693002975, 0.0, 0.0, 0.2166391969630158]",2,0.11293255025198823,1.4217036676455694,0.8257112514758703,0.1,1.977534808879091,"[1.3093182178927887, 0.39927998607204135, 0.2104055478808225, 0.13726560334958568]"
1296,,"[0.0, 0.0, 0.2085788288068426, 0.24660777951153998]",2,0.1948549172184546,1.065552481964393,4.3150337995807835,0.1,5.734805660228025,"[1.2862439680844866, 0.3945673846734461, 0.20849056266145335, 0.1385991322240913]"
1297,,"[0.22794989063209384, 0.0, 0.0, 0.0]",1,0.18940273071494135,0.6310157129679319,0.9131445678054113,0.2,13.077405047700173,"[1.3031203959272983, 0.3917094171825401, 0.2043297725666439, 0.13501134205046478]"
1298,,"[0.20333634884512344, 0.2754880002496219, 0.0, 0.0]",2,0.18189889295721667,1.505867847302277,1.1105694513073547,0.05,3.2323461015647754,"[1.3224219903971086, 0.39513371325965796, 0.2087957456223538, 0.14185338647464263]"
1299,,"[0.0, 0.08513247152485807, 0.31893215812180986, 0.0]",2,0.17445513227039977,1.983632965727966,3.8763782763927894,0.0,3.754692854643075,"[1.294685217557841, 0.39147972452169555, 0.20533367579906367, 0.14210395895279165]"
1300,,"[0.0, 0.0, 0.0, 0.0]",0,0.08960214786432351,1.9325357331574233,2.53769440117392,0.05,1.5882946358912886,"[1.2700425053309452, 0.38089106650530663, 0.19751950326624507, 0.13203631127589696]"
1301,,"[0.15416857809550358, 0.0, 0.0622924162288736, 0.0]",2,0.06959636671067718,1.631295692250836,5.917574124786358,0.0,1.2043278324132327,"[1.2937771216178424, 0.38918565560224067, 0.20283332140997198, 0.13539093427216511]"
1302,,"[0.12706860906621725, 0.0, 0.0, 0.07258160003593832]",2,0.08491600659860302,1.7666217893613765,3.839084971201648,0.05,1.4402928150834347,"[1.288386281393237, 0.3884188162990099, 0.20270777587698083, 0.13427536610198426]"
1303,,"[0.0, 0.0, 0.0, 0.0]",0,0.18204123923958399,0.9974817768149792,5.603171535393988,0.1,8.03081185590916,"[1.2700425053309452, 0.38089106650530674, 0.197519503266245, 0.13203631127589704]"
1304,,"[0.18240130483364983, 0.0, 0.0, 0.0]",1,0.12584235158365936,1.217003772419822,6.215962877848343,0.1,3.256536935879079,"[1.2955093799983561, 0.3891910216657137, 0.2027731449776581, 0.13439002021231083]"
1305,,"[0.0, 0.0, 0.0, 0.10632389863998457]",1,0.1893122184862357,1.4596206242949334,5.916141736868288,0.2,3.806065497236903,"[1.2721338526772086, 0.38399265493694856, 0.2000631323682702, 0.13287928875299382]"
1306,,"[0.0, 0.3395433922276839, 0.0, 0.0]",1,0.09336053801979749,0.9987959347566358,5.8103452421258845,0.0,3.7633481753851474,"[1.3019830116133062, 0.3873583444128023, 0.20381302739149598, 0.14183493950925888]"
1307,,"[0.0, 0.0, 0.0, 0.0]",0,0.06491552808507604,0.6510837258952066,2.338886672615848,0.1,4.2492874948856505,"[1.2700425053309456, 0.38089106650530663, 0.19751950326624504, 0.13203631127589696]"
1308,,"[0.28137964565748086, 0.0, 0.0, 0.0]",1,0.10997352315713838,1.2148127097405217,5.372681379845264,0.05,2.696704899712981,"[1.312910696864419, 0.3949674682462233, 0.20630829918807192, 0.1357575691852306]"
1309,,"[0.0, 0.0, 0.0, 0.0]",0,0.1851762783138614,1.2582336169291977,1.7602598586386442,0.2,4.218846882859235,"[1.2700425053309452, 0.3808910665053066, 0.19751950326624507, 0.13203631127589696]"
1310,,"[0.0, 0.19820246601281744, 0.0, 0.0]",1,0.19909049407672544,0.9930910389665706,4.112668007029957,0.0,8.249490960451494,"[1.2855744301275709, 0.3843382883473448, 0.2006560583708304, 0.13715916287219865]"
1311,,"[0.0, 0.0, 0.0, 0.0]",0,0.13656134620412355,1.9423431535338254,6.147231575671812,0.05,2.713587336517745,"[1.2700425053309456, 0.3808910665053068, 0.197519503266245, 0.13203631127589696]"
1312,,"[0.0, 0.0, 0.18185797605006032, 0.0922456222982924]",2,0.11015753853365154,1.9627773197062097,3.1701313193747334,0.0,2.2769813218260353,"[1.280889497890264, 0.38808944320841954, 0.20313508893777152, 0.13677427523535604]"
1313,,"[0.0, 0.0, 0.0, 0.062243323347021366]",1,0.13491166994763024,1.4751672229533765,3.7250417631665957,0.0,2.409497469965056,"[1.271222491419802, 0.3826226079371409, 0.19895329232890654, 0.1325225474858715]"
1314,,"[0.16314252471233182, 0.08230737521762437, 0.0, 0.0]",2,0.06603768715443066,0.9041631993775547,4.460304181248933,0.0,4.010175290163806,"[1.2980984598180594, 0.38949572234621904, 0.20341837476861593, 0.13601702978291366]"
1315,,"[0.0, 0.0, 0.23194520247778444, 0.0]",1,0.09639603310015446,1.6961272304058985,4.903187234998232,0.05,1.7614488627423763,"[1.2822890445290447, 0.3870519857917511, 0.20201554184037565, 0.1374395287011718]"
1316,,"[0.0, 0.0, 0.0, 0.0]",0,0.053610467829645986,0.7511583584823762,1.7192427932063503,0.1,9.420158483777168,"[1.2700425053309456, 0.38089106650530674, 0.19751950326624493, 0.13203631127589696]"
1317,,"[0.14089171498546468, 0.0, 0.27189644851623707, 0.0]",2,0.17716908484597035,1.803501543263884,3.703447165137263,0.2,3.118593746279333,"[1.3038628737037625, 0.3947003856867099, 0.20660723087001973, 0.1407867630421412]"
1318,,"[0.0, 0.0, 0.0, 0.206358954270509]",1,0.14240194598610212,0.8371509281575203,3.50162600035911,0.05,18.967279623243645,"[1.27448841525394, 0.38765861688097475, 0.2029254742170946, 0.1337289809032475]"
1319,,"[0.0, 0.0, 0.0, 0.0]",0,0.07784965542734115,1.8359828658808883,2.2662212899778904,0.0,1.2819019000767256,"[1.2700425053309452, 0.3808910665053068, 0.19751950326624493, 0.13203631127589702]"
1320,,"[0.3136767811105002, 0.0, 0.0, 0.0]",1,0.08061173593544924,0.5337933127851481,3.447559594427527,0.1,2.966373845331914,"[1.3193594086242533, 0.3971221376430837, 0.20759245431156406, 0.13621777747903716]"
1321,,"[0.0, 0.21220336865601824, 0.0, 0.0]",1,0.24281519721795033,1.4194315586908308,0.018042453685475805,0.05,4.514597397313592,"[1.2869503613478002, 0.3846128557595527, 0.20092551891442137, 0.13757904731795087]"
1322,,"[0.16920601907386892, 0.23310811262420417, 0.0, 0.0]",2,0.16155301265546693,1.0342594776457381,1.8177001955043777,0.0,5.0790182081930135,"[1.3122947827001887, 0.39250684471588954, 0.20654383935910248, 0.14015240296054804]"
1323,,"[0.0, 0.0, 0.14574505654224307, 0.0851392076577271]",2,0.22026190319807962,1.1930437616091472,2.3532168718899227,0.05,5.915525760878646,"[1.278666820976698, 0.38685709414845415, 0.20217356525234786, 0.1358476818400245]"
1324,,"[0.0, 0.0, 0.0, 0.3300830829302344]",1,0.0533397964663837,0.9198343916645663,1.5983154348637967,0.05,3.131997047923652,"[1.2781467612216002, 0.39368655270815006, 0.2072983996942842, 0.13486192783979492]"
1325,,"[0.0, 0.0, 0.23505286889413948, 0.192109588931272]",2,0.22214278449373576,0.749302127541974,4.826530731526544,0.0,41.39239088302332,"[1.2865394976945441, 0.39312318974015725, 0.2073229593408448, 0.13885499266507384]"
1326,,"[0.0, 0.0, 0.33623104157273787, 0.3082162132659872]",2,0.15183657414509086,1.2148852655580342,2.7887342982082832,0.1,3.761980069471589,"[1.297585862657902, 0.4016997659100441, 0.21458751601422188, 0.14247629936880052]"
1327,,"[0.0, 0.0, 0.21588663552969295, 0.18721286239676732]",2,0.21902120582351597,1.4834553888358348,3.118503094094887,0.1,3.9751992498406086,"[1.2851529623467763, 0.3923470285152034, 0.20668354150525522, 0.13832660118562667]"
1328,,"[0.0, 0.0, 0.0, 0.0]",0,0.09110859252002074,1.3719298699603066,5.308830658409847,0.2,1.9698068786519325,"[1.2700425053309452, 0.38089106650530663, 0.197519503266245, 0.13203631127589696]"
1329,,"[0.0, 0.17317809478454804, 0.0, 0.0]",1,0.10797007629308855,1.6983515903382664,1.632812283536043,0.05,1.981172321816087,"[1.2832252723799473, 0.3838591401022314, 0.20019342688407868, 0.13642993730178732]"
1330,,"[0.0, 0.0, 0.0, 0.08589553305362459]",1,0.07001181135349542,1.6514188579038334,5.7696676683049395,0.2,1.3000456582245195,"[1.2717030426116027, 0.38334151978402004, 0.19953838638434002, 0.13271265819496117]"
1331,,"[0.2781071740349685, 0.0, 0.0, 0.0]",1,0.184802492738237,0.6958657870279187,1.6064637407465592,0.0,20.026011691635134,"[1.3122810346722424, 0.3947574045237573, 0.20618203249568007, 0.1357113229502797]"
1332,,"[0.16285111458402352, 0.0, 0.07776526825540626, 0.0]",2,0.05412594232093815,1.5868256331565633,4.609718866441139,0.0,0.9895615149407494,"[1.295830977799144, 0.3900103840840424, 0.2033607456499351, 0.13587383421841015]"
1333,,"[0.3487757882382379, 0.0, 0.0, 0.0]",1,0.12910128187141626,1.100046468840803,2.908509639727106,0.1,3.81253214470018,"[1.3268986576925588, 0.39964699877343285, 0.20907062089617023, 0.13672569990344055]"
1334,,"[0.20133504804632105, 0.0, 0.0, 0.0]",1,0.23499501303874182,1.168108439059816,4.650067534948184,0.1,5.525746489399284,"[1.2985985579297603, 0.3902114604728852, 0.20340652701550282, 0.1346466394687204]"
1335,,"[0.0, 0.0, 0.0, 0.18363162208801692]",1,0.1931973809841656,1.9108400766219553,5.896720439935682,0.1,3.5001854103171883,"[1.2739139116395326, 0.3867478251457469, 0.20222889290866858, 0.13353090281591032]"
1336,,"[0.0, 0.0, 0.0, 0.22089784471447158]",1,0.20570216760671092,0.7246704795962731,3.1530845882365646,0.2,29.02084914827863,"[1.2748697546644305, 0.38826879724391195, 0.2033867989753627, 0.1338572875445411]"
1337,,"[0.0, 0.0, 0.0, 0.0]",0,0.12872141406575385,1.4304846807223877,3.7859817076234643,0.0,2.3393261874769173,"[1.270042505330945, 0.3808910665053068, 0.197519503266245, 0.13203631127589696]"
1338,,"[0.0, 0.0, 0.33614769783021226, 0.0]",1,0.1902221051638426,1.642547144076597,3.3863724194461913,0.0,3.3333982177412818,"[1.2902910861188595, 0.3908090397573001, 0.20483333498564707, 0.14048022586941988]"
1339,,"[0.0, 0.3031336923233161, 0.0, 0.0]",1,0.18501133760670208,1.3561132326311738,1.2406574339193757,0.1,3.044035459659608,"[1.2971545339615755, 0.38652305347793336, 0.20289515969053315, 0.14053214984467657]"
1340,,"[0.0, 0.0, 0.2533924528972357, 0.09835493642940352]",2,0.09842875292343166,1.1073943357149452,3.6032338681938656,0.1,3.0180285952222445,"[1.285666213874742, 0.3904929658011276, 0.2050180542031031, 0.13867819520263083]"
1341,,"[0.0, 0.11028744671832583, 0.0, 0.15763514351421565]",2,0.05468050763193269,1.8883139551792971,1.0407785990232956,0.05,0.9609194652489256,"[1.281087744103486, 0.38757480384331416, 0.2029977390044287, 0.1360928747004452]"
1342,,"[0.0, 0.0, 0.06385324879833203, 0.13171160747684846]",2,0.2436455398926466,1.870493644759009,5.21426357484516,0.0,4.689367599106205,"[1.2755035491227775, 0.3862846794191302, 0.20183600889362488, 0.13438027635700334]"
1343,,"[0.09791133062340587, 0.31995631669935204, 0.0, 0.0]",2,0.060938666346356564,1.9708362910461892,2.9981031322146663,0.1,1.1470320822757896,"[1.3119739822697831, 0.39092754459239604, 0.20628786896824824, 0.14215222783104248]"
1344,,"[0.2318505071347481, 0.28896286486409395, 0.0, 0.0]",2,0.10600947903137292,1.819792133022294,3.1406405253064587,0.2,1.951678389455329,"[1.32883719856248, 0.39698503364483945, 0.21024258183377692, 0.1426106852839698]"
1345,,"[0.0, 0.0, 0.2939393348904363, 0.0]",1,0.20352903848100282,1.051201579837671,3.7315594276423565,0.1,7.2987843877620495,"[1.286788362307334, 0.38918653745877085, 0.20361008491049135, 0.13919465956814042]"
1346,,"[0.0, 0.14059877100994952, 0.0, 0.192199558480471]",2,0.12923589412563752,0.5765655094012179,5.567941551385831,0.0,5.6151070439542075,"[1.2843928701161658, 0.38942646623627936, 0.20446866792587687, 0.13727068903126885]"
1347,,"[0.0, 0.0, 0.25332200619477024, 0.0]",1,0.22391498228063914,1.167785504437716,1.171772169079793,0.2,5.539320099433916,"[1.2837630601408514, 0.3877579143227395, 0.20254091500523547, 0.13802766720672516]"
1348,,"[0.0, 0.0, 0.0, 0.0]",0,0.13421948766414354,1.2520651734371313,2.487790181376528,0.0,3.303884001569804,"[1.2700425053309456, 0.38089106650530674, 0.19751950326624496, 0.13203631127589693]"
1349,,"[0.0, 0.0, 0.0, 0.0]",0,0.20440694567311427,1.0414631552396507,5.421384747164246,0.2,8.37792021456471,"[1.2700425053309454, 0.38089106650530663, 0.19751950326624493, 0.13203631127589704]"
1350,,"[0.0, 0.3432079319603661, 0.0, 0.0]",1,0.15805214159705472,0.876014156272972,3.1179939707237425,0.2,13.016155853747195,"[1.3024970103189772, 0.387444947392891, 0.20391030261959817, 0.14197019500721092]"
1351,,"[0.0, 0.0, 0.2526426666373605, 0.0]",1,0.19025752578012645,1.1375468214129416,6.257448636486307,0.1,5.72213375331223,"[1.2837150298129067, 0.38773501669204863, 0.20252384270145057, 0.13800870670995816]"
1352,,"[0.0, 0.16088193415998128, 0.0, 0.0]",1,0.23034519176879803,1.3472232240431539,0.1755148886321564,0.1,4.588450038825781,"[1.2821196577596032, 0.3836289284804495, 0.19997448795702275, 0.13608127631508038]"
1353,,"[0.0, 0.21396753710694807, 0.0, 0.09871880588870771]",2,0.23488542601018614,1.9002151813489414,4.025669528135442,0.0,4.023939345240876,"[1.2890148770554362, 0.3874883612206542, 0.20319586528164532, 0.13856460746993576]"
1354,,"[0.0, 0.22575316865369585, 0.08590349465573048, 0.0]",2,0.0759690029186382,1.68030485113711,5.943245393922291,0.0,1.312729802968322,"[1.2921933358349695, 0.38686546902998403, 0.20251667418308372, 0.13988857111200964]"
1355,,"[0.0, 0.0, 0.0, 0.0]",0,0.09519053381479455,0.8593213819593641,5.172762222451752,0.1,10.021612890037645,"[1.2700425053309452, 0.38089106650530674, 0.19751950326624496, 0.13203631127589693]"
1356,,"[0.0, 0.0, 0.15880314020211983, 0.17935927430994472]",2,0.17593966472569164,0.6707941263747752,3.7949500987360043,0.0,12.813392651829957,"[1.2815062365398266, 0.3904100869356261, 0.205112245542704, 0.1368720268812039]"
1357,,"[0.0, 0.0, 0.0, 0.214335664817296]",1,0.05357820033513179,1.8686581140425638,2.023987674948261,0.2,1.055245302512187,"[1.2746962525623178, 0.3879906263603151, 0.20317701943928643, 0.13379922078298692]"
1358,,"[0.0, 0.0, 0.0, 0.0]",0,0.2291295431487127,0.9344507134667465,4.504192770139374,0.05,13.306963694078982,"[1.2700425053309456, 0.38089106650530674, 0.197519503266245, 0.13203631127589693]"
1359,,"[0.0, 0.0, 0.17400018660837957, 0.0]",1,0.05154014073270763,1.4572625161318455,5.53203982791271,0.2,1.026331610197324,"[1.2786459076561947, 0.3852772460822041, 0.20070377468399875, 0.1359296272334796]"
1360,,"[0.0, 0.2912624761154982, 0.0, 0.07994421520435673]",2,0.07431140472902097,0.8107020162970048,5.980184524696601,0.05,11.649885485238011,"[1.297170966136228, 0.3885120150735638, 0.20434269092789792, 0.14093637010715526]"
1361,,"[0.0, 0.0, 0.0, 0.0]",0,0.08904317085386491,1.0832615619293757,6.230918184497482,0.0,3.1062166809637404,"[1.2700425053309454, 0.38089106650530674, 0.19751950326624484, 0.1320363112758969]"
1362,,"[0.0, 0.0, 0.21872831957926586, 0.27451579154609124]",2,0.1171277062967368,0.5736175315619609,2.490415611465569,0.05,5.030465994007464,"[1.2876970015983569, 0.3961477778594749, 0.20976288201435148, 0.13907079238695708]"
1363,,"[0.0, 0.0, 0.20201316533058353, 0.08635257420880381]",2,0.12226925087737826,0.8160582124089247,4.143780835101953,0.0,19.493086484929105,"[1.2820005543822524, 0.38850461339297276, 0.20343703277884703, 0.13723894750505855]"
1364,,"[0.05789972629446839, 0.3400699594398257, 0.0, 0.0]",2,0.11687310871252886,1.578201619296285,1.2339836689463266,0.05,2.0915269926697735,"[1.3093143273630683, 0.3896679713113101, 0.20555933518551692, 0.14244607170131934]"
1365,,"[0.0, 0.16693670479534323, 0.25002778550189164, 0.0]",2,0.14432057628875736,1.7637773809386466,3.155835342416156,0.1,2.8471974125644257,"[1.2961214923461297, 0.39043741699065904, 0.2047126810999111, 0.14235372215882397]"
1366,,"[0.0, 0.0, 0.0, 0.0]",0,0.11418729872513418,0.8102894488889307,3.1411512753925632,0.0,23.238428245780295,"[1.2700425053309456, 0.38089106650530663, 0.197519503266245, 0.13203631127589696]"
1367,,"[0.0, 0.21559655733237484, 0.0, 0.0]",1,0.17514584650451315,1.3828000188215401,2.4565920238418633,0.1,3.2421105581290575,"[1.2872908254426119, 0.3846801245113323, 0.20099203271054386, 0.13768212863038248]"
1368,,"[0.14718989702940755, 0.0, 0.0, 0.09862720654036193]",2,0.23891683623808882,1.129551428150754,0.6747740945826921,0.0,6.456918805425913,"[1.2919058752145332, 0.39019697669283515, 0.20398172094058206, 0.13478434136375386]"
1369,,"[0.0, 0.13798948458170532, 0.16150138759300917, 0.0]",2,0.06985851598128182,1.7185774486438545,5.625009130594478,0.0,1.3233787365769158,"[1.2880082214556983, 0.3872006962998951, 0.2023569350053443, 0.1391232505981551]"
1370,,"[0.0, 0.060676722041832123, 0.0, 0.0]",1,0.09021037869971332,1.9146835781479452,6.191275919167868,0.05,1.7966092698394283,"[1.2741363881524117, 0.3818685158165421, 0.1983665101762005, 0.1334570650398522]"
1371,,"[0.0, 0.0, 0.32770075335360277, 0.0]",1,0.11576114512866678,0.5221708978412076,5.574375419285283,0.0,3.9421502515977496,"[1.289557697212256, 0.3904719845636309, 0.20457848185016603, 0.14021676173657288]"
1372,,"[0.0, 0.07834490119756934, 0.0, 0.0]",1,0.06264247560016271,1.8938397530333684,4.9814712226322,0.05,1.0314142597810814,"[1.2754243695488139, 0.38216496651741794, 0.1986295366044062, 0.13389336118586184]"
1373,,"[0.0, 0.0, 0.0, 0.0]",0,0.0817644105087086,1.696944364013159,0.2702009000344525,0.1,1.4854210179532485,"[1.2700425053309454, 0.3808910665053073, 0.19751950326624507, 0.13203631127589696]"
1374,,"[0.0, 0.0, 0.0, 0.0]",0,0.056012868406946775,1.6500955621139706,5.844556407266869,0.0,0.9650638988904441,"[1.2700425053309454, 0.38089106650530663, 0.19751950326624504, 0.13203631127589696]"
1375,,"[0.0, 0.09239757572049542, 0.0, 0.0]",1,0.24022444850511268,1.948744306078388,0.5392066109175466,0.1,4.3077173552215084,"[1.2764826953513049, 0.38240480803152843, 0.1988445400912183, 0.1342480919486243]"
1376,,"[0.17841639913603854, 0.053320823075201564, 0.0, 0.0]",2,0.10642330399406957,0.5446049057523964,2.6243268205083194,0.0,4.047680659510531,"[1.2984108946924078, 0.38981289946248376, 0.20345068719427917, 0.1355294633412489]"
1377,,"[0.26329280028800506, 0.0, 0.0, 0.16867461915324006]",2,0.055509177812348945,0.6667625423794367,5.596743640878076,0.0,4.460103932822793,"[1.3128331296711444, 0.3989582137906925, 0.20988440891518564, 0.13715823720091483]"
1378,,"[0.2921059339957, 0.0, 0.3155621151341202, 0.0]",2,0.10976305360749182,1.2456723778057457,4.28292411619228,0.05,2.055470869143115,"[1.3326939460509573, 0.4051315064392735, 0.21252216111923108, 0.14489020857974114]"
1379,,"[0.0, 0.0, 0.0, 0.26342605324263296]",1,0.1473603214199672,1.8425167549558514,0.48010190505567113,0.1,2.558704115270911,"[1.2760532611751936, 0.39019027731426786, 0.20481173954688625, 0.1342398731716018]"
1380,,"[0.2980686008444046, 0.0, 0.06285487661877612, 0.0]",2,0.05857875783560878,1.0905737338699322,3.0703768211888676,0.0,1.7399335262997075,"[1.3188417597136142, 0.39754768171925625, 0.20788464751904487, 0.13747484143340685]"
1381,,"[0.3039758989477908, 0.0, 0.10537171419447666, 0.0]",2,0.1756599818697607,0.9605495499953671,4.114480422866512,0.2,8.145321485292806,"[1.3220081489054072, 0.3990409047409506, 0.20879087619231126, 0.13864317121101088]"
1382,,"[0.0, 0.32976785885163845, 0.0, 0.0]",1,0.2216513875999542,0.563490801420409,0.28466822984398454,0.2,10.265004563582334,"[1.300637899252052, 0.3871296516126516, 0.20355808512503185, 0.1414778898281904]"
1383,,"[0.053781382941069045, 0.0, 0.0, 0.0]",1,0.17641942238548394,1.4337023053782867,1.408404536582056,0.0,2.9878456827668334,"[1.2768571867240366, 0.3830901488920537, 0.19892501164428716, 0.1327083033165329]"
1384,,"[0.0, 0.0, 0.0, 0.0]",0,0.1500742449123134,1.6246607732965797,4.307428469105786,0.2,2.79937584223112,"[1.2700425053309456, 0.38089106650530663, 0.19751950326624504, 0.13203631127589696]"
1385,,"[0.0, 0.0, 0.0, 0.2228736511585034]",1,0.20163179862579428,1.7028801675827125,2.7276011390196615,0.0,3.5138235898321337,"[1.2749224488446294, 0.38835346121263964, 0.20345047118908377, 0.1338748210368063]"
1386,,"[0.0, 0.21452305633086396, 0.0, 0.0]",1,0.18550531809687917,1.656898012344844,1.0711810811140645,0.0,3.347402719035416,"[1.2871828117682451, 0.38465881168375393, 0.20097093773988292, 0.1376494605635428]"
1387,,"[0.0, 0.0, 0.0, 0.0]",0,0.06654445048151439,1.6971523918694738,3.7527981017042826,0.2,1.2650698344366664,"[1.2700425053309456, 0.38089106650530674, 0.197519503266245, 0.13203631127589693]"
1388,,"[0.0, 0.1415583900729665, 0.0, 0.0]",1,0.08836165698788614,1.9838175759348742,0.13496094801049743,0.2,1.7888636997373408,"[1.2804428703218935, 0.3832738010844913, 0.19964085874604406, 0.1355457423946167]"
1389,,"[0.0, 0.0, 0.0, 0.09433290934509594]",1,0.1219516706727706,0.8197448463044038,2.765737838961999,0.1,22.457947054682055,"[1.2718791502675575, 0.3836069389528688, 0.1997528819293458, 0.13278120491438763]"
1390,,"[0.2926644080377002, 0.0, 0.20107767853970787, 0.0]",2,0.11743020462397323,0.7670462618166211,3.5946611120951224,0.05,29.092417494003975,"[1.3249206629520127, 0.4010657799859067, 0.21005500543371883, 0.14114465627299455]"
1391,,"[0.06965847459567781, 0.23355321341677496, 0.0, 0.0]",2,0.15938529705329907,0.8830770653754842,0.6660064429676544,0.05,11.470527600677888,"[1.2979959390154083, 0.38787320124788177, 0.20334103970202416, 0.1390139340964738]"
1392,,"[0.0, 0.0, 0.07297744007146525, 0.10372935613005521]",2,0.15162218569406227,1.6420131478474678,5.873806825449303,0.1,2.7620616595050973,"[1.2753231243853265, 0.3855747501034514, 0.20124636295497184, 0.1343511580024808]"
1393,,"[0.057061961289703506, 0.0, 0.0, 0.19809306762288065]",2,0.22475951149989426,1.1349120753341873,2.086295425685944,0.0,6.263520028621883,"[1.2814882085042045, 0.389627610096942, 0.204161169705154, 0.13443690861957153]"
1394,,"[0.0, 0.29778424146147037, 0.0, 0.0]",1,0.21711821500990164,1.9807649221915504,2.2142509991185544,0.0,3.7953019064534907,"[1.2964850900233518, 0.3864040066941871, 0.20276727505420777, 0.14034685241184272]"
1395,,"[0.0, 0.0, 0.25319691452716353, 0.0]",1,0.22987851864133954,1.768656087684704,1.2651122179738052,0.2,4.353482045677243,"[1.2837542099575647, 0.3877536956737262, 0.2025377694561752, 0.13802417452741456]"
1396,,"[0.1520802798773187, 0.0, 0.0, 0.15392417733507463]",2,0.08618680820837105,1.0498821079151672,4.654248289334215,0.1,2.7596605499190643,"[1.2938483333123176, 0.3922978404166767, 0.2056327475372792, 0.135366405115369]"
1397,,"[0.0, 0.196559994510267, 0.0, 0.0]",1,0.1702412208586237,1.0440167184086748,4.8969343764581375,0.0,5.418319351949584,"[1.28541599499189, 0.38430638936034844, 0.20062496132952667, 0.13711047309983077]"
1398,,"[0.3084609798965249, 0.0, 0.0, 0.0]",1,0.1501335735175045,1.032640489027162,2.5586330660289933,0.2,5.567903553247105,"[1.3182879892019554, 0.39676377504457383, 0.2073802904192618, 0.13614299086219342]"
1399,,"[0.0, 0.0, 0.3433650047301356, 0.0]",1,0.09918428512117766,1.4321338439236493,2.859645615465444,0.2,2.0593102368850564,"[1.2909314962808096, 0.3911022531839144, 0.20505533707164442, 0.1407078569052474]"
1400,,"[0.0, 0.0, 0.0, 0.0]",0,0.24396266440227743,1.666190501413684,3.9384581157606573,0.05,4.10312871023124,"[1.2700425053309452, 0.38089106650530674, 0.19751950326624496, 0.13203631127589693]"
1401,,"[0.057139739026238215, 0.0, 0.28596774519173035, 0.0]",2,0.15055288582984758,0.8542221233293751,4.133773060618588,0.05,13.85008772854622,"[1.2933137340151426, 0.3912905251274903, 0.2047440255366591, 0.13985764405108167]"
1402,,"[0.07761893874624455, 0.0, 0.0, 0.0]",1,0.1615636089803688,1.3717240170374096,2.31364981481829,0.1,3.154964470051579,"[1.280044456493062, 0.3841245260521481, 0.19958352767061407, 0.1330119687796341]"
1403,,"[0.0, 0.29671676835995275, 0.0, 0.0]",1,0.11079947822411546,0.909217633415254,3.343762923599191,0.05,6.856718859376481,"[1.296352657590363, 0.38638035908396495, 0.20274195689166497, 0.14031005913416075]"
1404,,"[0.050782744303431854, 0.0, 0.0, 0.0]",1,0.05912556644020764,1.7926080180735977,0.5928668481935804,0.05,0.9530912838796349,"[1.2764638445450456, 0.3829627488554212, 0.19884377501135095, 0.13267035843100772]"
1405,,"[0.0, 0.283275246652671, 0.0, 0.0]",1,0.18583744222239806,1.892629847389784,0.48029601579061065,0.0,3.130584333700512,"[1.2947170561101282, 0.38608560503911565, 0.2024287189354196, 0.13985189249295063]"
1406,,"[0.0, 0.0, 0.07360835702657073, 0.0]",1,0.2284153301973905,0.6670207191486953,5.632285622253993,0.2,17.910874783392636,"[1.2733244757949362, 0.38259968457393384, 0.19875012160163466, 0.13357659959799106]"
1407,,"[0.31376552361482957, 0.24214538972870686, 0.0, 0.0]",2,0.18203327159493907,0.5925140927936249,0.469127240212623,0.2,10.1462767253094,"[1.339037013394701, 0.4011547441436925, 0.21241260507499607, 0.14217279711142317]"
1408,,"[0.0, 0.11678085078635528, 0.0, 0.06650500680538517]",2,0.20576314425233383,1.68757081120856,4.181571029100149,0.1,3.590563366862242,"[1.2796464143561128, 0.38468221241093836, 0.20073408947361976, 0.13544902658926303]"
1409,,"[0.31602880407132056, 0.07972101096018666, 0.0, 0.0]",2,0.23064937852313477,1.900934902940163,5.997631323590777,0.0,3.9365921698906736,"[1.3252386145789208, 0.39850695438287886, 0.209026045302281, 0.1379997275422474]"
1410,,"[0.0, 0.0, 0.1859093586212336, 0.1280799458501355]",2,0.08398351462683842,1.6706503146575369,0.8260906364457805,0.0,1.4218944760425813,"[1.2819011076929623, 0.3893546589723722, 0.20420593159711187, 0.13713637208174614]"
1411,,"[0.0, 0.0, 0.0, 0.28112499850638867]",1,0.15540671876563278,1.322624029027384,1.4321507034617638,0.0,3.0179208092225496,"[1.276578532598895, 0.3910561327677614, 0.20544019661822005, 0.13440234070706697]"
1412,,"[0.18388427111698477, 0.0, 0.0, 0.2555997578517774]",2,0.06447467584617932,0.5574793115007862,4.829822905638787,0.1,3.0962627261232973,"[1.301362522464834, 0.39803442095451497, 0.2098515528624003, 0.13685001149070275]"
1413,,"[0.0, 0.0, 0.0, 0.3434709045792007]",1,0.19264444667490627,0.866573396592503,3.619735639116022,0.2,19.443173681440246,"[1.278608412619436, 0.3944732878800011, 0.20783951847048734, 0.13499025033674789]"
1414,,"[0.24686878410557778, 0.0, 0.07873866314006552, 0.0]",2,0.15285449942575172,1.7411500445137933,0.28870127164345216,0.1,2.6150673400380233,"[1.3098794873124733, 0.39469841193519106, 0.206205195535481, 0.13710761087749782]"
1415,,"[0.0, 0.0, 0.0, 0.28022370127425694]",1,0.08053202163199467,1.4327814001792907,2.455675985616805,0.1,1.6264801039589316,"[1.2765512835741186, 0.3910110232159865, 0.20540766257818155, 0.13439402053126423]"
1416,,"[0.0, 0.0, 0.0, 0.11829114250433279]",1,0.06872054917150064,1.9174023259201214,0.6917945557892969,0.1,1.238398334838255,"[1.2723933974212727, 0.3843879312172391, 0.20037927517094956, 0.13297796527181815]"
1417,,"[0.3081205330547413, 0.0, 0.34414560255642507, 0.0]",2,0.09364484037890855,0.8207045304908873,2.4967508739661506,0.1,9.54050352134173,"[1.3382027724612233, 0.407431717071706, 0.21382362343407438, 0.14624886649405486]"
1418,,"[0.0, 0.0, 0.0, 0.0]",0,0.13139256523322485,1.1054163535693742,3.525720359735086,0.05,4.257833791710064,"[1.2700425053309454, 0.38089106650530674, 0.197519503266245, 0.13203631127589696]"
1419,,"[0.0, 0.0, 0.1125684775449626, 0.20264973872798342]",2,0.2449728547205936,1.1384821241646415,1.5093176413086693,0.0,5.969300433201702,"[1.2795890725556962, 0.39010573034836044, 0.2048681103801811, 0.13600580219062605]"
1420,,"[0.0, 0.17823579987186666, 0.0, 0.0]",1,0.15709548890460892,1.408396247894168,3.123351615369292,0.1,2.942173502339653,"[1.283689131887165, 0.3839548151833678, 0.20028504667296815, 0.1365751728013022]"
1421,,"[0.0856441006902602, 0.0, 0.2893155102217877, 0.0]",2,0.058354681750509375,0.6592200983852132,4.6910253715055354,0.05,4.365440061544783,"[1.2973520809475745, 0.3926882070933356, 0.20555107360829106, 0.14041854835275175]"
1422,,"[0.0, 0.0, 0.0, 0.09651035320760847]",1,0.1553365694363279,0.5949674284200583,1.1602508262005735,0.0,7.537824344705797,"[1.2719250118216003, 0.38367623016860175, 0.1998087439065049, 0.13279895762637606]"
1423,,"[0.0, 0.0, 0.07723248652294648, 0.16958413551902296]",2,0.08026954091576013,1.4643242031771295,1.2359339050186124,0.2,1.3904947313580016,"[1.2770148900474196, 0.387956912434231, 0.20316645971045155, 0.13497087598463184]"
1424,,"[0.2722566162494248, 0.0, 0.0, 0.3019376507679805]",2,0.1775910229473677,1.2578134771187366,0.6125871784321578,0.05,3.6977957344887296,"[1.318009857120483, 0.40529165232601766, 0.2146964356092389, 0.13877010847627205]"
1425,,"[0.0, 0.0, 0.0, 0.0]",0,0.21613452952031253,0.7683430065298107,4.594220303025176,0.05,49.80343519008591,"[1.2700425053309454, 0.38089106650530663, 0.19751950326624498, 0.132036311275897]"
1426,,"[0.0, 0.0, 0.3456131082716475, 0.0]",1,0.14374047607996415,0.8166633080872273,4.728920167151227,0.2,24.150431843189647,"[1.2911336391134989, 0.39119459285191677, 0.20512530689699698, 0.14077924002083764]"
1427,,"[0.0, 0.0, 0.34948135773455696, 0.2525820600455729]",2,0.19534033062178752,1.7774370526187686,2.904560008964978,0.2,3.6338745049298025,"[1.297102250552049, 0.39958858237612166, 0.21284137082201054, 0.14247794231873723]"
1428,,"[0.30143380530251157, 0.0, 0.0, 0.0]",1,0.1891362833273934,0.5542690088303399,5.472575380155362,0.1,8.513741908400464,"[1.3168632348849518, 0.3962874464796165, 0.20709740137827184, 0.13604251542915538]"
1429,,"[0.0, 0.3400957111472881, 0.17006605043526893, 0.0]",2,0.24351484867221562,1.5807169344506862,2.1757684886837216,0.1,4.286166373022156,"[1.3103833393974789, 0.3915673956785765, 0.20644340325769026, 0.14597967772577533]"
1430,,"[0.0, 0.0, 0.09164138675266498, 0.18707328795214798]",2,0.18500256977445262,1.9811311897436772,2.808538004693513,0.05,3.5125196374664664,"[1.278142477713639, 0.3889713302999358, 0.2039683535046657, 0.13542235626263707]"
1431,,"[0.0, 0.0, 0.2754429917069012, 0.0]",1,0.1230854981168126,0.8945703891962831,3.575457930306868,0.05,8.757234931808359,"[1.2853720943405273, 0.3885210310075195, 0.20311105929779977, 0.13865499229626566]"
1432,,"[0.0, 0.0, 0.0, 0.29180594065372323]",1,0.15208482326676787,1.8060964731950042,3.0140968558937513,0.05,2.585036485556081,"[1.2769056897785196, 0.39159934847588407, 0.20583019447295897, 0.13450132408007917]"
1433,,"[0.0, 0.0, 0.0, 0.0]",0,0.2207183948390814,0.7856489955624355,4.655007382212035,0.1,61.514085906229845,"[1.2700425053309454, 0.3808910665053068, 0.19751950326624504, 0.13203631127589693]"
1434,,"[0.0, 0.0, 0.0, 0.0]",0,0.1712001446663737,1.98062825906479,5.4544861645228835,0.0,2.823631839981025,"[1.2700425053309454, 0.38089106650530674, 0.197519503266245, 0.13203631127589693]"
1435,,"[0.0, 0.0, 0.0, 0.0]",0,0.12829075908843598,0.9866604619827878,0.6345181724400513,0.05,6.048867372183853,"[1.2700425053309452, 0.3808910665053068, 0.19751950326624496, 0.1320363112758969]"
1436,,"[0.0, 0.26523958031645567, 0.31429098623478396, 0.0]",2,0.2454503430676152,0.6150518693951668,3.9990161457394766,0.0,13.642859603314932,"[1.3109152784742666, 0.39466001283414237, 0.20794466876965498, 0.14753000068953245]"
1437,,"[0.0, 0.0, 0.0, 0.0]",0,0.15726050465451993,1.4424068728989576,6.2793109034833545,0.05,3.0633369384036264,"[1.2700425053309456, 0.38089106650530663, 0.19751950326624498, 0.13203631127589696]"
1438,,"[0.0, 0.0, 0.0, 0.0]",0,0.08429628086177308,1.9092681684657629,3.544756232468448,0.05,1.659112529726465,"[1.2700425053309454, 0.38089106650530674, 0.197519503266245, 0.132036311275897]"
1439,,"[0.2727287969770358, 0.1680503696845112, 0.0, 0.0]",2,0.22377708295775584,1.746009277965784,2.487418142151493,0.1,4.195057555431764,"[1.3237872038073057, 0.3971349763472031, 0.20897709473392576, 0.13960252317718222]"
1440,,"[0.0, 0.0, 0.0, 0.0]",0,0.07603450561450426,0.5992265190112225,2.197204306066958,0.0,3.6848916321413157,"[1.2700425053309456, 0.38089106650530624, 0.19751950326624482, 0.13203631127589696]"
1441,,"[0.0, 0.27824380209033533, 0.0, 0.0]",1,0.06740832667668166,0.7514502916557573,1.410241973112083,0.05,14.676429683907353,"[1.2941196578118586, 0.38597668210546265, 0.20231404928377675, 0.13968280630924126]"
1442,,"[0.0, 0.0, 0.31523181239540454, 0.24471522232420959]",2,0.07222607623691706,0.83734301396219,5.708736300361851,0.0,7.948717026414277,"[1.2939116325150979, 0.3979594128046839, 0.21141489215574236, 0.1414215156249875]"
1443,,"[0.08169941013137613, 0.0, 0.3330802784565248, 0.0]",2,0.07935071496160931,0.8167937699748011,0.06935504662406758,0.05,11.045190700425836,"[1.3003764042326273, 0.3941981206862124, 0.2066553757565896, 0.1417393505624245]"
1444,,"[0.0, 0.050003498297984, 0.0, 0.0]",1,0.24492357301200285,1.2898921586691698,3.463674531446971,0.2,5.756491449101418,"[1.2733803479722516, 0.38169210421801913, 0.19821138289297874, 0.1331985966504251]"
1445,,"[0.0, 0.0, 0.18434765230722394, 0.0]",1,0.12056954225038788,1.2311284808060328,4.453662981403918,0.2,2.8686706827375796,"[1.279261791895462, 0.38558040553793255, 0.20092691280591912, 0.13619057571212315]"
1446,,"[0.24810760295595208, 0.33105588561010196, 0.0, 0.0]",2,0.10634546185228638,1.3087977393110684,2.845823773689084,0.2,2.045515184279253,"[1.3370357941966606, 0.39880140300752454, 0.2121081755038537, 0.14417554419052822]"
1447,,"[0.0, 0.0, 0.22195651420797652, 0.23270446742171505]",2,0.08349171226418149,1.2598041687922392,5.981780468523835,0.1,1.9817978229347397,"[1.2867233740234154, 0.39436160535604414, 0.20834088021035876, 0.13882533287285945]"
1448,,"[0.0, 0.0, 0.24551799201038882, 0.2613505532489222]",2,0.2215120647078029,1.88016081012019,3.6900403183057655,0.2,4.141989873555574,"[1.2891075617225494, 0.39634927511900775, 0.2099812977754959, 0.1396474015122485]"
1449,,"[0.0, 0.0, 0.34942527469214, 0.30728087438693363]",2,0.2090904772767343,0.6356294559979725,0.6096888099964397,0.05,12.991274127179118,"[1.2987334000407054, 0.40214994103520674, 0.21500992194077942, 0.142854390533335]"
1450,,"[0.0, 0.06781529170278067, 0.0, 0.0]",1,0.0885967371956774,1.4991476379231294,0.6882934681958064,0.05,1.5317428361812113,"[1.274651205685961, 0.3819876202775285, 0.19847182913997105, 0.13363206356913918]"
1451,,"[0.0, 0.0, 0.0, 0.0]",0,0.18788273590646787,1.401333253024062,2.5841265631594412,0.05,3.497215203793671,"[1.270042505330945, 0.38089106650530663, 0.197519503266245, 0.13203631127589696]"
1452,,"[0.15212792658331686, 0.0, 0.0, 0.0]",1,0.2352166432290022,1.591223634980965,4.921815047709807,0.05,4.332521579675552,"[1.290772456034312, 0.38763134713926156, 0.2017986605220425, 0.1339845759248824]"
1453,,"[0.0, 0.08309943648772904, 0.16874923744372355, 0.0]",2,0.05142403600821908,0.6645593158322814,6.177372732553657,0.2,4.060059405200216,"[1.284069219881312, 0.3864571665804925, 0.2016881478793526, 0.13782900853393423]"
1454,,"[0.0, 0.0, 0.0, 0.3351434661308597]",1,0.1354060299004854,1.498809344257821,4.8207660451057235,0.2,2.985590096833243,"[1.2783194758095262, 0.3939802486951541, 0.207501183843048, 0.13491029663665338]"
1455,,"[0.0, 0.0, 0.0, 0.0]",0,0.22917002377220308,0.5462365187720133,2.966777000853741,0.05,8.200798297975371,"[1.2700425053309452, 0.38089106650530674, 0.19751950326624504, 0.13203631127589696]"
1456,,"[0.0, 0.19071784913740403, 0.0, 0.12207327722322232]",2,0.18567114050265693,0.8889464234097084,6.274778120338557,0.2,15.377109385468948,"[1.287246022002331, 0.38779959736917174, 0.20335941525250562, 0.13807438002387148]"
1457,,"[0.2127859685387858, 0.0, 0.0, 0.12537172839069485]",2,0.1343742475081625,0.8377523942260736,0.06557609996512358,0.1,14.74381743801496,"[1.3029385642601081, 0.39450046015354046, 0.20684203778034227, 0.13596844611809578]"
1458,,"[0.0, 0.0, 0.0, 0.0]",0,0.06857331979810813,1.7115128436470524,6.007607688349584,0.0,1.193709899674345,"[1.2700425053309452, 0.38089106650530663, 0.197519503266245, 0.132036311275897]"
1459,,"[0.0, 0.0, 0.31070703071968575, 0.2781593668997324]",2,0.12477326626264401,1.4425142758278093,3.2030490419474056,0.2,2.4642217487202522,"[1.2945000185969953, 0.3993016524003859, 0.21253162099030448, 0.141531919280867]"
1460,,"[0.0, 0.0, 0.0626501104782351, 0.2852661431732753]",2,0.12436770452620137,1.9492000693521887,1.328933057804115,0.2,2.4109215662953964,"[1.2794519697297826, 0.39262781686159054, 0.20671702632283637, 0.13565987601115337]"
1461,,"[0.0, 0.0, 0.10534083457333637, 0.2664449695215099]",2,0.11657043069163153,0.812617951946819,2.6701402648206733,0.2,23.726655007285938,"[1.2809623168847368, 0.39271510683275035, 0.20687320562119013, 0.13638432447170956]"
1462,,"[0.0, 0.0, 0.34790888489670496, 0.26000793322114296]",2,0.19742190813881355,0.719362334535337,1.3600584702522869,0.1,27.541369145975946,"[1.2971701041389776, 0.39985342402751656, 0.21306783250273034, 0.14248154612318806]"
1463,,"[0.0, 0.0, 0.299060276863, 0.0]",1,0.1415323927406855,1.4584242265068132,3.232545391617897,0.05,2.60120365661343,"[1.2871926030360696, 0.3893754615911168, 0.2037520460291265, 0.13934657247019494]"
1464,,"[0.0, 0.342608699297706, 0.0, 0.0]",1,0.09351758577615127,1.0576627366867504,5.315073690301984,0.05,3.093320235643923,"[1.3024125894754093, 0.38743075289010637, 0.2038943311665553, 0.1419480248140108]"
1465,,"[0.1299790167422712, 0.2527044618911609, 0.0, 0.0]",2,0.09944773933809344,1.0473151203630133,3.903585033217649,0.0,3.295607405733076,"[1.3084693446551812, 0.3909732004772791, 0.20566481756478383, 0.140294024968681]"
1466,,"[0.0, 0.0, 0.0, 0.0]",0,0.11420445209197422,1.6463923190298289,2.0077905545661268,0.1,2.1344653423895146,"[1.270042505330945, 0.38089106650530674, 0.19751950326624493, 0.132036311275897]"
1467,,"[0.056216771757169694, 0.0, 0.0, 0.32307524216804306]",2,0.23233428446942753,1.5217878685085895,5.088798459636317,0.05,4.5409535726706745,"[1.2849809695663097, 0.3955278754073643, 0.20849867415347675, 0.1356127146210963]"
1468,,"[0.0, 0.12940232532736573, 0.0, 0.0]",1,0.24408649225109472,0.9241462083470102,3.6058246207273044,0.1,15.645229689942283,"[1.279424207556633, 0.38305442530268324, 0.19943719125163306, 0.13521639017499323]"
1469,,"[0.12567235031370058, 0.0, 0.22809843234608837, 0.0]",2,0.09507078052474396,1.83212804372533,5.901509291972619,0.1,1.672934694540546,"[1.2986169595432273, 0.3924532516493115, 0.2051521570407635, 0.1392399482008482]"
1470,,"[0.06326958276201737, 0.0, 0.31920666336526093, 0.0]",2,0.13623797468833795,1.198507110017279,2.333954768151873,0.0,3.4895150679815083,"[1.296760260836325, 0.3928150401518279, 0.20580208838984726, 0.14098397433258644]"
1471,,"[0.0, 0.0, 0.0, 0.0]",0,0.1719719190200942,1.5537791240131695,4.688874331574329,0.0,3.164173844918702,"[1.2700425053309454, 0.38089106650530663, 0.19751950326624493, 0.13203631127589696]"
1472,,"[0.3402521233660342, 0.0, 0.0, 0.33937409348977]",2,0.09396585345798457,1.954818837666073,2.6920915793675286,0.05,2.091113568434416,"[1.3329094644803654, 0.41182645250067645, 0.2189798190648772, 0.14038622070861947]"
1473,,"[0.0943264255630679, 0.0, 0.33835875153907824, 0.0]",2,0.1741504607792266,0.8560895259481114,0.4532506957261202,0.05,15.36443439629353,"[1.3025440196672307, 0.39499758904465326, 0.20712697421741935, 0.14212882451636347]"
1474,,"[0.0, 0.0, 0.3271293569175961, 0.3043357758244615]",2,0.058796698146338436,0.7301083861469868,5.337276169474368,0.2,10.366751541006519,"[1.2966753627050942, 0.4011682465040484, 0.2141172085680132, 0.14218691843314293]"
1475,,"[0.0, 0.0, 0.15469364726605106, 0.2738135290229515]",2,0.13478449673934287,0.9504072937287197,1.514181980552324,0.1,6.743724358544053,"[1.283811158187681, 0.39432225610362587, 0.20819728761400402, 0.1375394010287162]"
1476,,"[0.0, 0.34931455003763645, 0.0, 0.0]",1,0.2383095374002889,1.918353870266154,5.725832075300857,0.1,5.124385215273975,"[1.3033657056987416, 0.3875903435518177, 0.20407452965786746, 0.14219731290963375]"
1477,,"[0.0, 0.0, 0.15143187634267452, 0.0]",1,0.23712040725120775,0.9907255695902913,2.98536664416234,0.2,11.494769795422634,"[1.2773501721655693, 0.38463506716948737, 0.20023240041707388, 0.13537297491952838]"
1478,,"[0.0, 0.0, 0.11955179007594281, 0.0]",1,0.056852357757509187,0.9903286686699495,4.014135443653661,0.2,2.723302976699953,"[1.27562303223627, 0.3837695140335709, 0.19959987133699736, 0.13461474227953327]"
1479,,"[0.0782629278514567, 0.0, 0.0, 0.0]",1,0.12847977923009918,0.6562204655184938,4.935818319833402,0.05,8.826449796225635,"[1.280132091397565, 0.3841530173520526, 0.19960163778957735, 0.1330202225697836]"
1480,,"[0.0, 0.0, 0.0, 0.0]",0,0.1737972177338773,1.093796106445055,1.4997270878460007,0.2,5.342489703673744,"[1.2700425053309456, 0.38089106650530663, 0.19751950326624496, 0.13203631127589696]"
1481,,"[0.12920269679173127, 0.15016269981850622, 0.0, 0.0]",2,0.0565492638183909,1.5959611053283327,0.5219379686068689,0.05,0.9564701420036469,"[1.2984025260981644, 0.3889901076665331, 0.20351682825055095, 0.1373196864997481]"
1482,,"[0.0, 0.0, 0.1196584715112227, 0.1440177160979519]",2,0.22891851558600207,1.1456552613421551,5.38064258900119,0.2,6.78622746626835,"[1.2785405082448127, 0.3880881689140689, 0.20324454649033058, 0.13569369216663857]"
1483,,"[0.0, 0.0, 0.0, 0.0]",0,0.1717275771062058,1.867968577478395,4.843374771127963,0.1,3.0915702484434298,"[1.2700425053309456, 0.3808910665053068, 0.19751950326624496, 0.1320363112758969]"
1484,,"[0.0, 0.29040896783172576, 0.0, 0.20222401602030995]",2,0.18249222177962837,0.5976135201965682,0.8980658762276986,0.05,9.338389216720543,"[1.2997798972793349, 0.3927969521516533, 0.20750910437549022, 0.1422414708796004]"
1485,,"[0.05678059135215873, 0.0, 0.0, 0.0]",1,0.23116845438605807,0.6580158196087367,2.6805624271173167,0.1,15.884785900664333,"[1.2772522689455157, 0.3832181690171022, 0.1990066164240555, 0.1327463121917072]"
1486,,"[0.0, 0.0, 0.0, 0.0]",0,0.15461943152873825,1.5670093650154846,4.302928571419918,0.2,2.8096799503515775,"[1.270042505330945, 0.38089106650530674, 0.19751950326624493, 0.132036311275897]"
1487,,"[0.34674670761717025, 0.0, 0.08267781003807843, 0.0]",2,0.09671871961173562,0.8046686022262295,2.8306207857854244,0.0,11.923650437545053,"[1.3299685390456986, 0.40149252696007665, 0.21018716755851913, 0.1387129809329288]"
1488,,"[0.24072976653068057, 0.0, 0.0, 0.0]",1,0.10588179202865089,1.4035520159158152,3.674701707974112,0.2,2.0634743770323993,"[1.3053714405356927, 0.39245685982422024, 0.20478737032930347, 0.13518812017273624]"
1489,,"[0.3357473259976545, 0.0, 0.0, 0.22102950160849527]",2,0.24021304085437814,0.9909383972646475,2.8465598454122216,0.2,9.84381308251491,"[1.328568905004895, 0.4057815501010082, 0.2144105074167573, 0.13887785865172314]"
1490,,"[0.0, 0.0, 0.0, 0.10985621918035351]",1,0.13605787037977854,1.0891598038757173,0.11573919639379594,0.1,4.692774957395576,"[1.2722098970801945, 0.38410823544351785, 0.20015576215573777, 0.13290833259457624]"
1491,,"[0.17442358791553866, 0.31035028250905705, 0.0, 0.0]",2,0.23984593647693686,0.78251354017516,3.093478116518766,0.1,50.03484715712972,"[1.3220015219941612, 0.394348359207884, 0.20865856868719446, 0.14265802640716155]"
1492,,"[0.2718644539648715, 0.0, 0.0, 0.0]",1,0.20902278335358684,0.6208282811350605,0.7314671290739749,0.0,12.008178555810868,"[1.311091333081505, 0.39436068085329223, 0.20594306236181395, 0.13562329740964293]"
1493,,"[0.0, 0.0, 0.0, 0.21669422076616565]",1,0.2018513581591974,0.9980410932683182,1.2206803028978368,0.1,8.226391177247343,"[1.2747583469333752, 0.3880900752264632, 0.20325211972616544, 0.13382006149033]"
1494,,"[0.0, 0.2832913876957795, 0.0, 0.14523081963441897]",2,0.07557743276323758,1.394528328686117,4.859939558984132,0.05,1.4004114398759433,"[1.2975842949416145, 0.39048474623029, 0.20577791622167077, 0.1413514431011365]"
1495,,"[0.0, 0.22728668603825478, 0.0, 0.0]",1,0.11555929348198651,1.2011949189063207,2.4427088535041883,0.05,2.9933280542194285,"[1.2884854546284283, 0.38491410027317075, 0.20122492949047358, 0.13804128133620622]"
1496,,"[0.0, 0.0, 0.0, 0.2037591667111716]",1,0.19569707711423942,0.7021105968717202,4.71726895340564,0.05,18.65472157103138,"[1.2744213887272768, 0.38755182837836194, 0.20284429682020727, 0.13370616932022222]"
1497,,"[0.0, 0.26475472600495026, 0.0, 0.2044040209460246]",2,0.12631637881494776,1.5274198454778827,0.5474034088761843,0.1,2.2607879531644306,"[1.2968284693001015, 0.39233426116298326, 0.20704172621712513, 0.14134716573874784]"
1498,,"[0.0, 0.0, 0.19518355237311108, 0.0]",1,0.20252076718749462,0.700820438415405,0.4852627464514551,0.05,19.190990972636897,"[1.2799222030651312, 0.3859040325744904, 0.2011655458655683, 0.13646780075328654]"
1499,,"[0.2318906053635183, 0.0, 0.3087566774667667, 0.0]",2,0.21678447057002068,1.2343920205828134,3.5220835045569125,0.0,4.659506225062284,"[1.3211550753210162, 0.4010481999898834, 0.21028698232039167, 0.1435494382703231]"
1500,,"[0.0, 0.0, 0.0, 0.0]",0,0.1356912655772706,0.9824192064013093,4.821265818810242,0.1,6.019568766584057,"[1.2700425053309452, 0.38089106650530663, 0.19751950326624496, 0.13203631127589693]"
1501,,"[0.0, 0.0, 0.0, 0.19463958873303175]",1,0.17266333465230246,1.355887370764816,3.574742318926733,0.2,3.3772998786262773,"[1.27418897857077, 0.3871826220296463, 0.20256262422352875, 0.13362646449667387]"
1502,,"[0.0, 0.3211200869967199, 0.0, 0.0]",1,0.0802888331621626,1.425597540694268,1.3996152514492772,0.2,1.3902766357669483,"[1.2994785447911386, 0.38693010197677413, 0.20333789517960307, 0.14116652777932362]"
1503,,"[0.0, 0.19809619981938187, 0.2921583852498282, 0.0]",2,0.12139930009845062,0.8790578898515816,6.052960179430024,0.0,8.770341156544442,"[1.3021253054113269, 0.3924894392100512, 0.20623128486089637, 0.1445722441674025]"
1504,,"[0.0, 0.0, 0.0, 0.0]",0,0.15921232738939575,1.2233494967426688,4.407088269624095,0.0,3.288255337436346,"[1.2700425053309454, 0.3808910665053066, 0.197519503266245, 0.1320363112758969]"
1505,,"[0.06995343557223167, 0.0, 0.0, 0.0]",1,0.16900717110332392,1.799413125932683,5.064710578158394,0.1,3.468955392923724,"[1.279007595743342, 0.38378763314216724, 0.1993692669563619, 0.1329139251809182]"
1506,,"[0.07128001432198526, 0.13554961779854086, 0.0, 0.0]",2,0.22851387987346342,1.627756068725402,0.08023551838742612,0.1,4.046792591410995,"[1.289043697411113, 0.3860944044069253, 0.2015006569750909, 0.13622555549750895]"
1507,,"[0.0, 0.0, 0.0, 0.0]",0,0.09230903021486575,1.350453470468963,5.684506318118806,0.2,1.948318774141483,"[1.2700425053309454, 0.38089106650530663, 0.19751950326624498, 0.132036311275897]"
1508,,"[0.0, 0.0, 0.21431667352458372, 0.18501340041921435]",2,0.1974758255996424,1.8432641534542202,2.908958886728518,0.05,3.74546019707286,"[1.2849976350807797, 0.3922161815247538, 0.2065753819686348, 0.1382703547870318]"
1509,,"[0.14508483442028855, 0.0, 0.0, 0.181642293890659]",2,0.20906617999379767,1.7268337245970737,0.3468669161700388,0.1,3.5298588876129755,"[1.293440794526317, 0.39297856472928155, 0.2062236632798739, 0.13553047834208945]"
1510,,"[0.0, 0.0, 0.0, 0.20657858764558384]",1,0.10039963664185188,0.787018415035422,1.80798502946112,0.0,27.073532900708805,"[1.2744940936379683, 0.38766767019594317, 0.20293235023442538, 0.1337309098793985]"
1511,,"[0.1348926165070528, 0.22543403093616438, 0.0, 0.0]",2,0.1378915125435148,1.074191960502903,5.448269161580316,0.0,4.331753660558093,"[1.3063009350225658, 0.39066646966404883, 0.20521357467547213, 0.13951927717904533]"
1512,,"[0.0, 0.08386162508792816, 0.0, 0.05275197480467898]",2,0.17610234389009316,1.0207753534246176,5.433270726694614,0.05,6.986413221464192,"[1.2768211962256397, 0.38370820785858045, 0.19990053817638512, 0.13446888080280486]"
1513,,"[0.0, 0.0, 0.2763630947533259, 0.0]",1,0.1901778490267041,0.5947331060407615,1.0058953720619062,0.05,9.551825050147587,"[1.2854409740520538, 0.3885535295996606, 0.20313538959266453, 0.1386815081332178]"
1514,,"[0.0, 0.0, 0.0, 0.19180599602930057]",1,0.10798557078589642,1.4577823807115733,5.019270974391242,0.05,2.0897613132470543,"[1.274117608826676, 0.38706958096522365, 0.20247606901882942, 0.13360179817200038]"
1515,,"[0.0, 0.057682404064594656, 0.0, 0.0]",1,0.13069407542499453,0.7373634064899928,0.7652641136776857,0.0,17.83848603072598,"[1.2739226465302569, 0.38181882418286917, 0.19832270993653375, 0.1333841708916033]"
1516,,"[0.0, 0.0, 0.0, 0.0]",0,0.09531320230587953,0.6149891578781772,0.7956034996467447,0.1,4.985887744933374,"[1.2700425053309454, 0.3808910665053066, 0.19751950326624504, 0.13203631127589696]"
1517,,"[0.0, 0.25630831954830074, 0.25926979022368873, 0.0]",2,0.16649060558061848,1.7032473400100099,4.302470156261442,0.05,3.123683240196637,"[1.3056941620089293, 0.39249218053587637, 0.20645126629705388, 0.1454901650875726]"
1518,,"[0.0, 0.0, 0.18465174313940677, 0.189447447146297]",2,0.08269759349618228,0.9890508736221684,2.7943629626324227,0.0,3.7444361455403787,"[1.283263679806191, 0.3915159643409487, 0.2060079498851586, 0.13756835995653838]"
1519,,"[0.0, 0.0, 0.0, 0.0]",0,0.2355718718134808,1.5185383339072425,0.3943808641637121,0.1,4.427623451890118,"[1.2700425053309452, 0.38089106650530663, 0.19751950326624496, 0.13203631127589693]"
1520,,"[0.0, 0.2741313008118532, 0.0, 0.0]",1,0.14806461098361076,0.798927671173789,6.054343364107034,0.05,28.926282229123238,"[1.2936371932123292, 0.3858882109563688, 0.20222133546206578, 0.13954556524400866]"
1521,,"[0.0, 0.0, 0.1811826738352139, 0.0]",1,0.19868323784379094,0.8088538156023304,3.0528838628472266,0.1,40.491203227540446,"[1.2790719059925595, 0.3854870775034246, 0.20085817782005028, 0.13611037055811842]"
1522,,"[0.27820074504012376, 0.26916220290150555, 0.0, 0.0]",2,0.1792576004663246,1.6009626584808778,0.20831509590339065,0.05,3.144639157302398,"[1.3349606830188363, 0.3993537171667905, 0.2115909671768268, 0.142540294437553]"
1523,,"[0.2636647139667938, 0.0, 0.0, 0.0]",1,0.09538395454726262,1.2238151415658587,5.351739905112215,0.0,2.277716731228785,"[1.3095510340051855, 0.3938474045112184, 0.20563291932628858, 0.1355080675125305]"
1524,,"[0.0, 0.0, 0.0, 0.06796573476301815]",1,0.16481385476065671,1.4167335558018626,4.976878113301705,0.1,3.136311841005624,"[1.2713370264522308, 0.3827932402352381, 0.19909270655289973, 0.13256826834712987]"
1525,,"[0.0, 0.0, 0.0, 0.22050622431026504]",1,0.14053042375152058,1.6976239933420905,4.89484372759953,0.2,2.66244790290401,"[1.2748593354196525, 0.38825206655739747, 0.20337420680524243, 0.13385381502960103]"
1526,,"[0.0, 0.34083381487544356, 0.0, 0.0]",1,0.07368324439266452,1.357065785441614,0.895533153445087,0.1,1.2543241385772517,"[1.3021633931355956, 0.3873887856277659, 0.20384717384329037, 0.14188247984969124]"
1527,,"[0.0, 0.0, 0.0, 0.0]",0,0.09275078902332819,1.1158075749540082,1.5669040515197532,0.1,2.5226510349303153,"[1.2700425053309456, 0.38089106650530663, 0.19751950326624504, 0.13203631127589702]"
1528,,"[0.0, 0.33884560189689783, 0.0, 0.15199494472143762]",2,0.14952518487070673,0.8928965807731746,5.325452183473364,0.05,9.54452541325491,"[1.3048765632240211, 0.3919804957020041, 0.2072340222864352, 0.14348808311869535]"
1529,,"[0.0, 0.2461420620409869, 0.0, 0.0]",1,0.20543862888370398,0.6172765697031111,6.016974941319237,0.0,10.589572929245985,"[1.2904861600492912, 0.3852989665952182, 0.2016133526724433, 0.1386339930020133]"
1530,,"[0.2977588079244396, 0.0, 0.0, 0.0]",1,0.11999046773007688,1.0243186098085537,4.15078963520599,0.1,4.1038941662541335,"[1.31612652435371, 0.39604124949555153, 0.20695079414345077, 0.13599009949972518]"
1531,,"[0.0, 0.16741816420644162, 0.34974481990061146, 0.0]",2,0.07354319073337949,0.6046410299652742,1.7957115706680382,0.2,4.539023135532671,"[1.304118666144292, 0.39415254622047674, 0.20733934111289887, 0.14546730105323294]"
1532,,"[0.0, 0.0, 0.0, 0.0]",0,0.11381564755154139,1.6189360901424579,5.8997878326163296,0.0,1.9755801209157353,"[1.2700425053309454, 0.3808910665053068, 0.19751950326624512, 0.13203631127589696]"
1533,,"[0.0, 0.24841371624227063, 0.0, 0.0]",1,0.06560258290900092,1.3244870645663211,4.873400720544531,0.1,1.313911157771286,"[1.2907336130949347, 0.3853459759514479, 0.20166125961111264, 0.13870654415868405]"
1534,,"[0.0, 0.25290780857437406, 0.0, 0.0]",1,0.12283057150785355,0.5057767182041326,0.12311974917320828,0.1,3.935036751010133,"[1.2912273547002913, 0.3854393920159479, 0.20175676298793324, 0.1388508105651454]"
1535,,"[0.0, 0.0, 0.2556900782055435, 0.0]",1,0.0690054138622797,1.0591446985985218,5.856085089025234,0.0,2.4633919979906973,"[1.2839311144278371, 0.38783797659685265, 0.2026006251012669, 0.13809390095086566]"
1536,,"[0.10193729622331046, 0.0, 0.0, 0.0]",1,0.22170798799422564,1.154179105099477,2.8002677024507494,0.1,6.453140614335968,"[1.2834122189350923, 0.3852213345396808, 0.20027948678028723, 0.13332548612222497]"
1537,,"[0.0, 0.0, 0.0, 0.15319487390503186]",1,0.056676546323411486,1.3447212024355952,3.367915294018126,0.05,1.1410041885228295,"[1.2731827944360388, 0.3856037848879265, 0.2013403120048541, 0.1332703210172358]"
1538,,"[0.0, 0.0, 0.19247318767575153, 0.0]",1,0.1769037457815017,1.938406927919574,5.25142265159238,0.1,3.108680716275757,"[1.2797555001495478, 0.3858224817236101, 0.20110537098382522, 0.13639807498518788]"
1539,,"[0.31903657320844087, 0.0, 0.07143071189321348, 0.0]",2,0.15417064820536677,0.5150201714806784,0.5976677358112702,0.1,5.679675271471307,"[1.323500705229529, 0.39919888499513484, 0.20885692053914173, 0.13800270015612282]"
1540,,"[0.0, 0.0878705187669457, 0.11530340159971438, 0.0]",2,0.20029672920741012,1.2375267062398976,5.060246789403368,0.0,4.770122834833904,"[1.2814934823844444, 0.3850765841920524, 0.20071432391785599, 0.1366495078403776]"
1541,,"[0.17957002581958076, 0.0, 0.0, 0.0]",1,0.0775285740394543,1.9666805463059656,2.9031243785547782,0.2,1.7451514580771486,"[1.295056064203498, 0.3890414916816456, 0.20268004520852584, 0.13435184803603248]"
1542,,"[0.0, 0.0, 0.26662592084595005, 0.0]",1,0.1374078162498043,1.8853384220311629,3.611054764503872,0.0,2.797031703381224,"[1.2847200896215805, 0.38821272329525663, 0.20288044319462342, 0.13840262407792833]"
1543,,"[0.0, 0.0, 0.0, 0.3473532121494544]",1,0.12205425098676866,1.8874155668975425,5.316454799831569,0.2,2.369313680308984,"[1.2787451714677012, 0.39470739042190284, 0.20799925326295213, 0.13502767773396812]"
1544,,"[0.0, 0.0, 0.06776054124873025, 0.34948328606459317]",2,0.226646398983394,1.7168372364071112,2.3684292123177393,0.2,4.1264916621146375,"[1.281803288603088, 0.39628689830193886, 0.20934300831815472, 0.13634882736302598]"
1545,,"[0.0, 0.0, 0.0, 0.0]",0,0.08590853781618268,1.676340825986001,1.169973446968279,0.05,1.534995852025362,"[1.2700425053309456, 0.3808910665053069, 0.19751950326624504, 0.1320363112758969]"
1546,,"[0.0, 0.0, 0.0, 0.0]",0,0.22751620707671355,0.8726645990582139,4.812094394240934,0.1,21.287764242481146,"[1.2700425053309456, 0.3808910665053068, 0.19751950326624504, 0.13203631127589702]"
1547,,"[0.0, 0.27321220493621023, 0.0, 0.2787122684009019]",2,0.13241129005925256,0.6941673388451219,0.2717415347373506,0.2,15.136449624671089,"[1.2998041532205813, 0.39584949718269996, 0.2095785103509996, 0.14249921368939866]"
1548,,"[0.0, 0.275067561608103, 0.0, 0.0]",1,0.10038019761226272,1.2558942129222528,3.8466145971205994,0.05,2.0468934276872126,"[1.2937465765181888, 0.38590830869532555, 0.20224236370825596, 0.13957673406409665]"
1549,,"[0.0, 0.0, 0.17037150047575145, 0.0]",1,0.09669841639742688,1.0857827405444835,4.298774106298955,0.1,2.706593994158994,"[1.278433243700492, 0.38517225785375075, 0.20062659017970164, 0.13583897896299746]"
1550,,"[0.2257577918806408, 0.0, 0.0, 0.0]",1,0.06767584985042867,1.8159495073784184,1.020506108748624,0.2,1.3019396393454994,"[1.302739629962686, 0.3915830963260766, 0.20425222963088174, 0.13498112779140878]"
1551,,"[0.0, 0.0, 0.0, 0.0]",0,0.12860129541945822,1.963719434875668,2.6575986406447094,0.1,2.497151203184975,"[1.2700425053309454, 0.3808910665053069, 0.19751950326624504, 0.13203631127589696]"
1552,,"[0.0, 0.0, 0.0, 0.0]",0,0.21295189534795755,0.5870425562052517,2.8040247773220477,0.2,9.852796390250598,"[1.2700425053309454, 0.3808910665053066, 0.19751950326624504, 0.13203631127589693]"
1553,,"[0.3405564642719979, 0.0, 0.0, 0.136268723189646]",2,0.062181792801401195,1.4026612757716166,3.31838111026685,0.2,1.2097464694146955,"[1.3276623532096288, 0.4029852675079075, 0.2120657876546231, 0.13800739467846523]"
1554,,"[0.0, 0.0, 0.0, 0.25437372971788436]",1,0.24848128410574793,0.9664335909152157,1.1411520721986073,0.1,12.125086226631712,"[1.2757923492329277, 0.3897631329260563, 0.20449860028285693, 0.1341575203903028]"
1555,,"[0.0, 0.0, 0.06924645084308372, 0.09702843304519601]",2,0.07835298724033538,0.7665057592950795,2.2124500364468993,0.0,17.85782912848897,"[1.2750041688641287, 0.3852712865239523, 0.2010031005007603, 0.1342187016796869]"
1556,,"[0.0, 0.15730056151783728, 0.0, 0.23071614832336587]",2,0.17486766197617917,1.3008978393147426,2.464491294224016,0.2,3.9285574979861173,"[1.2868186202080671, 0.39133173636144886, 0.2059251969429988, 0.1381432325909718]"
1557,,"[0.0, 0.31504733210139196, 0.0, 0.0]",1,0.09200249361265322,1.302250762351484,2.066761601044052,0.0,1.8974398249886226,"[1.2986809737652927, 0.38679148108518036, 0.20318616192313907, 0.14095036408882222]"
1558,,"[0.0, 0.0, 0.2660762729229766, 0.0]",1,0.24141611992205067,0.5507443321192094,3.8230112264879548,0.2,11.57588361768305,"[1.2846799203959292, 0.388193688251572, 0.2028662168340091, 0.1383869945285957]"
1559,,"[0.15448281232750222, 0.0, 0.0, 0.0]",1,0.19376343781893698,0.6705199564916714,4.242883018106698,0.0,15.069216799799818,"[1.2911324479771653, 0.3877496513641304, 0.20187283283901183, 0.13401590020296697]"
1560,,"[0.0, 0.16029395420067247, 0.0, 0.0]",1,0.08242528150737571,1.9726468352618385,5.608965213355339,0.1,1.5448947644688984,"[1.282067558022967, 0.3836180038718867, 0.1999641509271705, 0.13606475948651306]"
1561,,"[0.0, 0.1498237309236216, 0.0, 0.11744448247529973]",2,0.12753655470771683,1.298270533167451,0.2293250361714348,0.0,2.672935615247722,"[1.2834507531938535, 0.386879185526911, 0.20253725716689347, 0.13682419767849768]"
1562,,"[0.0, 0.0, 0.2763418720652043, 0.0]",1,0.1954516281569519,0.9267936245437047,5.910930760211035,0.2,12.095144242834815,"[1.2854393834915336, 0.38855277930085086, 0.20313482783109754, 0.1386808961452855]"
1563,,"[0.0, 0.08141086067433377, 0.0, 0.0]",1,0.234520479899967,1.5980405621168692,3.9364373141879914,0.0,3.7699297867807617,"[1.2756526529886967, 0.3822169834071092, 0.19867599721824722, 0.1339701641758834]"
1564,,"[0.0, 0.0, 0.0, 0.0]",0,0.1643298219346721,1.8639487218256645,2.6686458392226493,0.2,3.0167897578912086,"[1.2700425053309454, 0.38089106650530663, 0.19751950326624504, 0.13203631127589696]"
1565,,"[0.0, 0.0, 0.25781244875769027, 0.05220079264982827]",2,0.10739729035705117,1.2215472211458849,0.057690922794737774,0.0,2.662300985577982,"[1.285051497517817, 0.3892895542651753, 0.20391909966833896, 0.13849088326392098]"
1566,,"[0.0, 0.0, 0.0, 0.0]",0,0.1441360972470904,1.5412167593837225,6.1012554056466595,0.2,2.6536763076945817,"[1.2700425053309454, 0.38089106650530674, 0.197519503266245, 0.132036311275897]"
1567,,"[0.0, 0.08522352941914867, 0.0, 0.0]",1,0.20805222511003157,1.3062106570165861,3.648911490805636,0.2,4.45437456828524,"[1.2759385574363815, 0.3822819097028102, 0.19873411938844754, 0.134066130277527]"
1568,,"[0.0, 0.0, 0.0, 0.0]",0,0.18247671206694005,0.9770763430570251,3.421530927504281,0.1,9.224768792429243,"[1.2700425053309454, 0.38089106650530663, 0.19751950326624498, 0.132036311275897]"
1569,,"[0.0, 0.0, 0.0, 0.19979297122703213]",1,0.18502436769282005,1.8936424641216916,4.119135978209366,0.1,3.430443276707162,"[1.2743197974868208, 0.38739023480883633, 0.2027212083684574, 0.13367144493204378]"
1570,,"[0.16624518791170959, 0.0, 0.09075922148140085, 0.0]",2,0.21551173563556159,1.1209005070153637,4.347147661724705,0.05,5.051038941583006,"[1.2969780019637562, 0.3905144816879885, 0.20368683448352537, 0.13623218877772492]"
1571,,"[0.0, 0.18510288873968414, 0.10468295532339504, 0.0]",2,0.2022731975061847,1.7002211118257624,2.8162126824034655,0.05,3.4924544603718726,"[1.2891316516557303, 0.38654450970180565, 0.20208388462998034, 0.13908919404550021]"
1572,,"[0.0, 0.0, 0.0, 0.0]",0,0.15197981015805206,0.6462372309422214,1.7972597622195898,0.0,9.577091419506477,"[1.2700425053309454, 0.3808910665053069, 0.197519503266245, 0.13203631127589696]"
1573,,"[0.0, 0.0, 0.0, 0.2150816774127081]",1,0.14982553018163178,1.5446807185253388,0.30442747320263136,0.1,2.678573413213868,"[1.2747158610934437, 0.3880220182171667, 0.20320073773483463, 0.13380580914241588]"
1574,,"[0.325471279177083, 0.0, 0.0, 0.0]",1,0.22672548646005175,1.2212999646495304,4.724565389035096,0.2,5.086964227958847,"[1.3218273935954574, 0.397948094899931, 0.20807924367367162, 0.13638755328393132]"
1575,,"[0.23792868980539136, 0.24964623152894785, 0.0, 0.0]",2,0.24440966815482826,0.8579610962934601,4.97920230809342,0.05,18.13677361955061,"[1.3254296879392808, 0.3965500029301736, 0.20946333332036013, 0.14146669385789395]"
1576,,"[0.0, 0.09428893670969665, 0.0, 0.06405284030874096]",2,0.23865023563766008,1.209964268892865,2.617181962966777,0.0,6.214366843179509,"[1.2778333760727134, 0.38421786077693576, 0.20032620486462874, 0.1348335716467409]"
1577,,"[0.19577905372421228, 0.3497396475043406, 0.0, 0.0]",2,0.12160750053356606,0.5631163885322912,6.221274368142169,0.0,5.008931477144411,"[1.330701295822057, 0.39631383939991083, 0.2106062337694468, 0.1442461669701973]"
1578,,"[0.0, 0.08094554379881956, 0.0, 0.0]",1,0.1595264299541812,0.6288588576012442,5.739961530448799,0.1,9.118170010945958,"[1.2756179137682364, 0.3822090777912248, 0.1986689300487978, 0.13395848681204559]"
1579,,"[0.2738598762363768, 0.0, 0.0, 0.2562743041261493]",2,0.22059699366738722,1.5531909791754412,2.695105497577015,0.2,4.095601441037658,"[1.3170015513209032, 0.4031800826533801, 0.21308940998580628, 0.13827390658676555]"
1580,,"[0.0, 0.0, 0.08725956132840891, 0.3012931164010467]",2,0.2459683070489229,0.6285373492873338,5.490694390613982,0.2,15.180017652047155,"[1.2811219534638925, 0.39402034730957897, 0.20779784197291679, 0.1363074975754901]"
1581,,"[0.0, 0.0, 0.0, 0.0]",0,0.19465630781734888,1.7993495631659988,5.654851741066865,0.2,3.5371707611685963,"[1.2700425053309452, 0.38089106650530674, 0.19751950326624504, 0.13203631127589696]"
1582,,"[0.3362517444716562, 0.2237940024654043, 0.0, 0.0]",2,0.06475750216207687,1.9161345787289035,4.607789029241915,0.05,1.2200512291146575,"[1.3418793384253538, 0.40238286080907476, 0.21295368305394985, 0.14193389627630168]"
1583,,"[0.0, 0.0, 0.2395445550473495, 0.0]",1,0.17109813119919726,0.8710073137819505,3.3745784390865756,0.0,14.616818696773706,"[1.2828043568992284, 0.38729953948625456, 0.20219955096022038, 0.137646614641444]"
1584,,"[0.0, 0.23156346194530378, 0.0, 0.0]",1,0.06679348169485753,0.7134535678297143,0.6732441363699598,0.2,8.675254741433376,"[1.2889310999236927, 0.3850005746243287, 0.20131162010320383, 0.13817425198979405]"
1585,,"[0.0, 0.18426626979633226, 0.06753251315731426, 0.0]",2,0.2340467633921356,1.0450049636027599,4.002161078642971,0.2,9.714485210373601,"[1.2872372183750143, 0.3856092658912923, 0.2014415911340245, 0.13820604987932697]"
1586,,"[0.07484246431907823, 0.2634305668735387, 0.0, 0.0]",2,0.18514170374030853,1.4578464736365715,2.3711271330619117,0.0,3.328824389530248,"[1.3019425408304905, 0.3887046452488309, 0.204158940472154, 0.14001120358314856]"
1587,,"[0.0, 0.0, 0.0, 0.0868079756249681]",1,0.24669409732966244,1.917005271973747,2.718470550316223,0.0,4.946098742045995,"[1.2717219658190086, 0.3833699895701851, 0.19956143316728414, 0.13272005243388205]"
1588,,"[0.16581797680318094, 0.0, 0.0, 0.0]",1,0.20135030774295176,1.7300670372651932,2.7757355430086497,0.2,3.492900091297647,"[1.292884912782943, 0.3883261051460916, 0.20223365992958986, 0.1341671834734741]"
1589,,"[0.0, 0.0, 0.28971301145169154, 0.16553784947209807]",2,0.1795920244237536,1.65407071185481,0.7553742318140149,0.1,3.1434722230561136,"[1.2898458804774335, 0.39395352072696865, 0.20797228057882203, 0.14014589116420412]"
1590,,"[0.2954476403316177, 0.0, 0.0, 0.0]",1,0.07238164172359221,0.8721913501075249,4.648287093484939,0.1,5.426769297011223,"[1.3156661161859344, 0.39588742553999606, 0.20685905934596932, 0.1359571812831908]"
1591,,"[0.0, 0.0, 0.08607380473151174, 0.0]",1,0.16063594876310683,0.5120950963807843,6.036046998112941,0.05,5.013950451396825,"[1.2739274149576838, 0.38290859529861593, 0.19897393757303522, 0.1338521421227917]"
1592,,"[0.3419621767780386, 0.22145951999497362, 0.0, 0.0]",2,0.136651557059381,0.688648520894622,0.2239822835787804,0.0,15.823753770652713,"[1.342885967283793, 0.4027519696678542, 0.2131556582805136, 0.1419417027913071]"
1593,,"[0.06963217453747812, 0.0, 0.0642448821990954, 0.0]",2,0.10577289017939005,1.8734435234506601,1.7050962960362788,0.2,2.2092336465134346,"[1.2817791706027157, 0.38526245928850633, 0.20039768689640797, 0.13428472126020483]"
1594,,"[0.0, 0.0, 0.0, 0.0]",0,0.2348862256786269,0.7841731299343164,3.319059306581696,0.0,62.95126701761884,"[1.2700425053309452, 0.3808910665053066, 0.19751950326624504, 0.13203631127589685]"
1595,,"[0.0, 0.0, 0.0, 0.0]",0,0.05744470053538622,1.0311869170199377,4.252497619316827,0.05,2.0561127724716988,"[1.2700425053309452, 0.38089106650530663, 0.19751950326624496, 0.13203631127589696]"
1596,,"[0.0, 0.0, 0.0, 0.18952243896765789]",1,0.21420520372262863,1.3322373445793525,2.963305039015901,0.05,4.426043797300666,"[1.274060379235029, 0.38697905104324226, 0.2024066440479575, 0.1335819539948821]"
1597,,"[0.3287298015672275, 0.0, 0.0, 0.0]",1,0.1780118238213561,0.7366702768525935,3.286484854408131,0.1,41.61334472983124,"[1.322520592779232, 0.39818019624867895, 0.20821547530122997, 0.13643461949600624]"
1598,,"[0.0, 0.08800508582408678, 0.0, 0.0]",1,0.18749259721116326,0.8237485835142302,1.2884653475558185,0.1,30.496480744913274,"[1.276148570097764, 0.3823294466329726, 0.1987767673843362, 0.13413646518062664]"
1599,,"[0.0, 0.0, 0.0, 0.0]",0,0.23185054203643674,1.5598299767453137,4.7322455227317235,0.1,4.4546850888540614,"[1.2700425053309454, 0.38089106650530663, 0.19751950326624496, 0.13203631127589696]"
1600,,"[0.0, 0.0, 0.0, 0.0]",0,0.17887669050670246,0.8443170615224685,0.4553846318848607,0.0,21.622497214643985,"[1.2700425053309454, 0.38089106650530674, 0.19751950326624493, 0.13203631127589693]"
1601,,"[0.0, 0.0, 0.0, 0.15385890663171792]",1,0.20257482471733176,1.33887382373398,0.3297370061394253,0.2,4.231965352337454,"[1.2731983039715447, 0.38562787636687684, 0.20135918061478522, 0.13327594951916844]"
1602,,"[0.0, 0.0, 0.0, 0.15785311089610032]",1,0.07128050768152272,1.7323165190364296,1.4442284310228573,0.2,1.3511729052962747,"[1.2732919985466968, 0.3857735801769315, 0.20147315302561625, 0.1333098582658152]"
1603,,"[0.0, 0.26092356558623003, 0.0, 0.28371721354049984]",2,0.2213270262338405,1.332149093622423,4.381497529933705,0.0,3.8280882351028915,"[1.2985544247804355, 0.39583916527579266, 0.20951197398871382, 0.14211298143155365]"
1604,,"[0.0, 0.0, 0.0, 0.0]",0,0.12623361100845054,1.974800986123057,2.662609575307508,0.2,2.2349560396786545,"[1.2700425053309452, 0.38089106650530674, 0.19751950326624493, 0.13203631127589696]"
1605,,"[0.0, 0.2450194738351394, 0.0, 0.2814073123921645]",2,0.12540552185786963,1.8972068693183775,3.910608005060173,0.05,2.2604500697839693,"[1.2967424150743276, 0.39539429182204183, 0.20913114254618662, 0.14152343711678583]"
1606,,"[0.0, 0.09355792173241707, 0.14665561880712305, 0.0]",2,0.05809900404792567,1.5944130442857316,6.225504491779625,0.0,1.007346632055,"[1.283607245934143, 0.38601335439186024, 0.20139487541583898, 0.13755084164397105]"
1607,,"[0.0, 0.08639388075570052, 0.0, 0.0]",1,0.14608478795527544,0.5419780770604746,5.729560155631851,0.0,5.290293489010594,"[1.2760267734210387, 0.3823018935712721, 0.1987520384282771, 0.134095690744699]"
1608,,"[0.0, 0.0, 0.33490920838321275, 0.05596808195793134]",2,0.16037048500272943,1.0446322618801398,2.561307434481914,0.05,5.839752309341733,"[1.2912204364204174, 0.3922151708585244, 0.20619393976359338, 0.14077392678294937]"
1609,,"[0.0, 0.0, 0.0, 0.0]",0,0.07302586914628857,1.1872239860800617,1.1549644540895831,0.0,1.5774994835975087,"[1.2700425053309454, 0.38089106650530663, 0.19751950326624507, 0.13203631127589696]"
1610,,"[0.0, 0.0, 0.0, 0.0]",0,0.07001942691240091,1.6121211647383702,0.8835878689397398,0.2,1.217346078373738,"[1.2700425053309452, 0.38089106650530663, 0.197519503266245, 0.13203631127589702]"
1611,,"[0.16704183499025443, 0.0, 0.0, 0.128195409214087]",2,0.20922757961128938,1.826122618157203,0.44893816873195824,0.0,3.4381352546090547,"[1.295579126980632, 0.3921579119207404, 0.20539278246095277, 0.13533688801225455]"
1612,,"[0.0, 0.0, 0.0, 0.14697977532784656]",1,0.1158724676584835,1.894479184627607,5.4321599753583945,0.05,2.3376657608066305,"[1.2730385477216006, 0.38538009411237045, 0.2011647935815022, 0.13321776159521279]"
1613,,"[0.0, 0.0, 0.14329017233691316, 0.0]",1,0.16337408391562608,1.8532299765092775,3.4142505399806784,0.2,2.8393437887689577,"[1.2768979883494982, 0.38440953127000493, 0.2000672719847693, 0.13517626141321665]"
1614,,"[0.0, 0.33257390561249855, 0.0, 0.0]",1,0.06820920870700557,0.6337377550067496,2.7037542095734635,0.1,4.257884175032537,"[1.3010201955503766, 0.3871949545586388, 0.20363059917298057, 0.1415798244059372]"
1615,,"[0.23605206136307835, 0.0, 0.0, 0.0]",1,0.1422436176256626,1.0786567876777196,1.0466301467592034,0.05,3.878727790368623,"[1.3045412561405472, 0.3921810764790701, 0.20461877710481666, 0.13512329084832916]"
1616,,"[0.051678415098073284, 0.0, 0.0, 0.0]",1,0.12074365030603312,1.9224899080868871,4.212039220579492,0.1,2.1442773409480655,"[1.276581159359789, 0.3830007401932572, 0.198868002982406, 0.13268168634112973]"
1617,,"[0.2806895799197541, 0.0, 0.0, 0.2208974222891922]",2,0.24880696242541242,1.6396584886522216,1.0876660850487714,0.1,4.518419267199324,"[1.3173719984759973, 0.4020731608139387, 0.21216256958438587, 0.13798937558326008]"
1618,,"[0.0, 0.1294410885671635, 0.0, 0.0]",1,0.06907193924256942,1.1493808010852473,2.0167399612626205,0.2,1.905421811959109,"[1.2794274130134329, 0.38305512002087516, 0.19943783335199972, 0.13521743134391198]"
1619,,"[0.2822153200899406, 0.0, 0.0, 0.0]",1,0.17414103943191073,1.0279925411243709,5.514646456179403,0.0,6.175561036155811,"[1.3130721623492767, 0.3950213454284519, 0.20634065407387867, 0.13576939017544015]"
1620,,"[0.23930991596231488, 0.0, 0.1482570312204332, 0.0]",2,0.10730815260929503,0.9429991658958398,0.7975033577380465,0.2,5.399492846213609,"[1.31201182653221, 0.39611609953655863, 0.2071244207992023, 0.13878519148055815]"
1621,,"[0.0, 0.17226420542105822, 0.0, 0.0]",1,0.16702377492713125,1.7564952930982616,3.35072705753259,0.0,2.7689271641566404,"[1.2831420293639066, 0.3838419140410291, 0.2001769705006051, 0.13640380852254638]"
1622,,"[0.0, 0.0, 0.0, 0.15702671668268553]",1,0.13211498151586212,0.6904835988581508,4.155387500773084,0.0,11.084875703385832,"[1.2732725562730258, 0.38574332238440917, 0.20144950508150541, 0.1333028351519435]"
1623,,"[0.05918055357005652, 0.0, 0.23682408400611282, 0.0]",2,0.11797580172234515,0.7794628242116188,6.267318939643747,0.1,33.22593378738155,"[1.2900549212560917, 0.3896796768081738, 0.2035709521017957, 0.13846004610978252]"
1624,,"[0.25952276340261965, 0.16435400634975045, 0.0, 0.0]",2,0.08895478970309799,1.482612370034062,3.1161954375196785,0.05,1.5751068978749843,"[1.3209974243373646, 0.39625520538853887, 0.20837864261864122, 0.13933468090519233]"
1625,,"[0.0, 0.3234015897192843, 0.0, 0.0]",1,0.22005486370963,0.8124223689934402,6.086792319607309,0.05,32.53769279714795,"[1.2997816883792646, 0.38698250087288844, 0.20339551140118067, 0.14124826715757902]"
1626,,"[0.0, 0.0, 0.0, 0.0]",0,0.1336029437360506,0.6707128207081173,2.0351488632545998,0.0,9.561055124142136,"[1.270042505330945, 0.38089106650530663, 0.197519503266245, 0.13203631127589696]"
1627,,"[0.0, 0.0, 0.11932874566088825, 0.0]",1,0.24919806096267214,1.984759889298984,0.038791248261242625,0.2,5.274335834839681,"[1.2756113489791476, 0.38376362059595415, 0.19959557561510224, 0.13460954964130667]"
1628,,"[0.0, 0.0, 0.0, 0.2558325992732907]",1,0.22030065451288336,1.814580901480206,6.176428951740241,0.0,4.270045083391656,"[1.2758340545975901, 0.3898312770464731, 0.20454869494371763, 0.13417075853245577]"
1629,,"[0.0, 0.0, 0.18392338153878907, 0.0]",1,0.1353205379969951,0.5646077661821679,0.7873273422983509,0.2,6.29816469686891,"[1.2792362594606437, 0.3855678637034225, 0.20091767374463945, 0.13617980406747096]"
1630,,"[0.0, 0.0, 0.0, 0.0]",0,0.23559756434040235,1.1821993625252056,3.2339925081692678,0.1,6.713140288786964,"[1.2700425053309454, 0.3808910665053068, 0.19751950326624487, 0.13203631127589693]"
1631,,"[0.0, 0.0, 0.0, 0.33471366864241675]",1,0.17359935856821068,1.9127823450516577,6.1403193254885196,0.1,3.4305771433079846,"[1.2783047233705633, 0.3939551325599657, 0.20748387864180529, 0.13490618212408595]"
1632,,"[0.12428980141293298, 0.0, 0.0593242656840841, 0.0]",2,0.20251667089169426,0.7518310212120211,1.5919760285157176,0.2,49.218520437141436,"[1.2891868643208138, 0.38764500352710246, 0.20187517338002597, 0.1349115581891506]"
1633,,"[0.23396668828283348, 0.0, 0.0, 0.0]",1,0.17458686893057118,0.773147497232245,0.3021420254853032,0.2,50.5362671778005,"[1.3041734949653814, 0.39205895479971875, 0.20454402858849807, 0.13509443565870188]"
1634,,"[0.0, 0.0, 0.0, 0.0]",0,0.19795197447242643,1.5230336285337114,0.6981702039421069,0.1,3.2969882751246877,"[1.2700425053309454, 0.3808910665053066, 0.19751950326624487, 0.13203631127589702]"
1635,,"[0.0, 0.0, 0.0, 0.0]",0,0.11158807557068624,1.4702610105434022,0.571415648366297,0.2,2.138149227919698,"[1.2700425053309456, 0.38089106650530663, 0.19751950326624493, 0.1320363112758969]"
1636,,"[0.0, 0.0, 0.0, 0.0]",0,0.10392188021117191,1.1442617436052023,5.877739609917229,0.05,3.053909838395776,"[1.2700425053309454, 0.38089106650530674, 0.19751950326624496, 0.132036311275897]"
1637,,"[0.0, 0.19860337985112902, 0.0, 0.18131529853638534]",2,0.14287730104976734,0.9901877189931199,1.7718931434612117,0.2,5.994732661107279,"[1.28935265179983, 0.3900832920617083, 0.2051190457518784, 0.1389069101192659]"
1638,,"[0.0, 0.0, 0.0, 0.2461325517259691]",1,0.18907004226406857,0.8134483848234653,1.0213137896963915,0.2,40.18329775172753,"[1.2755591785207905, 0.3893830821409696, 0.20421824915028952, 0.13408298093505594]"
1639,,"[0.14897243184077438, 0.0, 0.0, 0.058057034569439]",2,0.18694440609474083,1.2860537600303643,0.2561613863817243,0.0,3.9487101479085664,"[1.2913641612232212, 0.3890583651836986, 0.20302793379899306, 0.13444539732389024]"
1640,,"[0.0, 0.0, 0.0, 0.0]",0,0.2490289839874185,0.7457032851354616,3.6790058013591755,0.1,38.771633369708915,"[1.2700425053309454, 0.38089106650530674, 0.19751950326624493, 0.1320363112758969]"
1641,,"[0.268678954989798, 0.13976198002708592, 0.0, 0.0]",2,0.07488396739604174,1.024308884033678,1.981262702135838,0.0,2.477624006537345,"[1.320592095417448, 0.39639228810654625, 0.20824041220815456, 0.1388166393442098]"
1642,,"[0.0, 0.0, 0.05821950919197508, 0.0]",1,0.12808445870996524,1.5934090375255003,1.787715343119185,0.05,2.4206344358639322,"[1.2726000802632458, 0.38222655636761027, 0.19848032353388784, 0.1332425083341021]"
1643,,"[0.19593038815641467, 0.0, 0.0, 0.28013905342645995]",2,0.23651523020737233,1.3544047486178412,3.8843902719316654,0.0,4.228879178408241,"[1.3040063123976902, 0.39983162615837015, 0.21112623122902321, 0.13729689545261958]"
1644,,"[0.33024608111676534, 0.0, 0.21082461812642375, 0.0]",2,0.07390075485493815,1.7205255726913902,1.3120820350798958,0.0,1.3045912161440842,"[1.3331611893486779, 0.40399291753103883, 0.2117102138221655, 0.1420753570626047]"
1645,,"[0.26741273204688365, 0.0, 0.05043021037562398, 0.0]",2,0.12609461717205853,1.5494621705999494,4.547331825051894,0.0,2.2661823336898195,"[1.3123680146462298, 0.39525752708278117, 0.20651636870716505, 0.13672280850994753]"
1646,,"[0.0, 0.0, 0.0, 0.0]",0,0.0868939569302758,0.6103827513373308,0.7675555414963766,0.1,4.425450811915225,"[1.2700425053309454, 0.38089106650530696, 0.19751950326624496, 0.13203631127589693]"
1647,,"[0.0, 0.0, 0.0, 0.0]",0,0.20470595250198317,1.341906062077002,1.0681723760897863,0.2,4.010128310626618,"[1.2700425053309456, 0.38089106650530663, 0.197519503266245, 0.13203631127589693]"
1648,,"[0.0, 0.0, 0.0, 0.0]",0,0.17434454324231372,1.479930613140413,3.919018080613842,0.05,2.997480300858235,"[1.2700425053309452, 0.38089106650530663, 0.19751950326624496, 0.13203631127589696]"
1649,,"[0.0, 0.22115661364219652, 0.0, 0.05735551586626027]",2,0.16033249505742564,0.7402620551278827,1.3194803757934055,0.05,27.194771882117248,"[1.2889136360285838, 0.3863698139610276, 0.20235121766138575, 0.13838974004080565]"
1650,,"[0.0, 0.21277806543083902, 0.0, 0.166705167300493]",2,0.07188226012208723,0.7861141048026716,1.1377997090881256,0.2,20.92373144954971,"[1.2903937323381092, 0.3898066037679717, 0.20495937594943517, 0.13920641058717015]"
1651,,"[0.0, 0.07396874640318447, 0.0, 0.0]",1,0.1755185479899689,1.056031064390527,5.874176914439991,0.05,6.535049375659456,"[1.2751010150709483, 0.3820910175973676, 0.19856364644446903, 0.1337843019929774]"
1652,,"[0.1108906264784153, 0.0, 0.0, 0.1900930388708309]",2,0.13987852179844504,0.538778818231687,3.4808960871473156,0.2,5.695475505062218,"[1.2886481371223402, 0.39168311815727647, 0.20544270939297213, 0.13512016790193146]"
1653,,"[0.17702450294822875, 0.0, 0.0, 0.0]",1,0.19502571598177876,1.9022330689152454,3.4655326558901205,0.05,3.4002493279209145,"[1.294650365389249, 0.388907716019504, 0.20259669386643672, 0.13431757324304439]"
1654,,"[0.0, 0.0, 0.0, 0.0]",0,0.18631943729371556,1.0069425148304334,0.8693804204479613,0.05,7.940335557038992,"[1.270042505330945, 0.3808910665053066, 0.197519503266245, 0.1320363112758969]"
1655,,"[0.0, 0.12264159267133218, 0.0, 0.0]",1,0.21198022113499335,1.8866099659912263,4.9377239382430576,0.0,3.5456447943616443,"[1.2788692477416252, 0.38293372461132186, 0.1993259064286824, 0.13503567563942886]"
1656,,"[0.22748391160789402, 0.0, 0.0, 0.30804670701075937]",2,0.2357306629566099,0.5049576215782894,3.3764757527694274,0.05,7.695172994818959,"[1.3101364801547692, 0.40297481672173513, 0.21327036658657195, 0.13810651149067998]"
1657,,"[0.0, 0.0, 0.0, 0.0]",0,0.22994321202376322,0.8993937873155557,1.5754207498243447,0.05,16.57293006638821,"[1.270042505330946, 0.3808910665053068, 0.19751950326624507, 0.13203631127589696]"
1658,,"[0.0, 0.0, 0.3053549631671281, 0.09619211254481719]",2,0.2029307597695407,0.6871521073304101,4.79663450670541,0.1,19.388409249649357,"[1.2895452505149914, 0.392243694654237, 0.2063884752537951, 0.14013484294839681]"
1659,,"[0.0, 0.2886574233610511, 0.0, 0.0]",1,0.1299615087283981,1.9413427257774087,4.313495429336984,0.1,2.4802928071304766,"[1.2953649501435014, 0.3862029642293203, 0.20255292154020998, 0.14003421431443197]"
1660,,"[0.0, 0.23471755382534326, 0.0, 0.3139989249138541]",2,0.16350334465181665,1.719090281931849,0.9380573098420625,0.1,2.953062088275655,"[1.296649244516711, 0.3968858900665718, 0.21011665707832017, 0.1415395452602945]"
1661,,"[0.0, 0.0, 0.0, 0.0]",0,0.056306430935136924,0.5124931898255645,2.3580965678559034,0.1,1.9836593694409548,"[1.2700425053309454, 0.38089106650530663, 0.19751950326624496, 0.1320363112758969]"
1662,,"[0.24905677415141844, 0.06141066788113128, 0.0, 0.0]",2,0.13133310309061938,1.6703802191297616,3.113835834863242,0.05,2.292656240920933,"[1.3109609744852406, 0.39390258589873617, 0.20606520258497746, 0.13666002728077284]"
1663,,"[0.0, 0.12296475204189518, 0.0, 0.0]",1,0.24753743036842102,1.1432342595601255,3.0971112836586823,0.0,7.0745270355026175,"[1.27889558998583, 0.38293947306278503, 0.19933119413214573, 0.1350442741879496]"
1664,,"[0.0, 0.0, 0.0, 0.2543635640287991]",1,0.09591565045176359,0.6167541279384852,1.324755928597422,0.2,5.840085759424913,"[1.27579205907928, 0.3897626590092005, 0.20449825170920694, 0.13415742818981538]"
1665,,"[0.12154106052216504, 0.0, 0.0, 0.0]",1,0.2291575744908707,1.1114094120996207,3.6942404595274363,0.0,6.720930354930828,"[1.2862184065971007, 0.38613815385543954, 0.20085916042178886, 0.13358098188959205]"
1666,,"[0.0, 0.07393284580501713, 0.0, 0.14656562695293032]",2,0.24189923877886677,1.7995028459808584,6.154758978691526,0.2,4.14189781699013,"[1.2780655074051186, 0.3865549849921646, 0.20215244998982546, 0.1350274190109495]"
1667,,"[0.09230548998581349, 0.0, 0.16690027228596102, 0.0]",2,0.23425132091009643,0.5303817190328055,0.20937079855597648,0.05,8.001482907260923,"[1.2901588352717972, 0.38900005141938704, 0.20292060084260835, 0.1370678779744293]"
1668,,"[0.3353784504674257, 0.0, 0.0, 0.0]",1,0.0724855337055252,0.8421952036658468,1.4978885852963697,0.05,6.342199570414266,"[1.3239507034237534, 0.39865917008155777, 0.20849582213905307, 0.1365308694387816]"
1669,,"[0.0, 0.1822513137419329, 0.0, 0.0]",1,0.07094599237088649,0.9243748466015969,1.0917151076218152,0.0,4.077935047092094,"[1.2840612782486416, 0.38403119073006087, 0.20035845363088745, 0.13669124835701263]"
1670,,"[0.0, 0.0, 0.0, 0.0]",0,0.24579151270631433,1.376196134795388,3.667103451700945,0.05,4.376744325788292,"[1.2700425053309456, 0.38089106650530663, 0.19751950326624507, 0.13203631127589696]"
1671,,"[0.0, 0.0, 0.11945140188946249, 0.18702928098518232]",2,0.17880704681835075,1.678432909151468,2.3360947036192057,0.1,3.1592650488322205,"[1.2795527803439133, 0.3896639410231528, 0.20451834244781195, 0.13603127902520845]"
1672,,"[0.22707543051703943, 0.14447744093396395, 0.0, 0.0]",2,0.07257521693299876,1.277924654589523,2.1924763396721403,0.05,1.545296792045895,"[1.3134907490987329, 0.3939949547898027, 0.20675054208096047, 0.1383976704149631]"
1673,,"[0.17479488611175648, 0.06176619416444604, 0.0, 0.0]",2,0.23893500383528504,1.9372322390776566,2.296520183598066,0.1,4.219061570855027,"[1.2984315319452198, 0.3897596103696182, 0.20346569830573522, 0.13567889091435123]"
1674,,"[0.06630467928007622, 0.0, 0.0, 0.06457243921883964]",2,0.17803865941934116,1.4561347433220098,2.0963519335316168,0.1,3.3933637420249085,"[1.279732789859694, 0.3854186530907922, 0.20075608025890943, 0.13339589909403768]"
1675,,"[0.0, 0.26662945287035383, 0.0, 0.2262944275539687]",2,0.1300026859275576,1.3313915600975839,5.499755319787053,0.2,2.6219621004907854,"[1.2976011897624793, 0.39329080176140085, 0.2077412734302085, 0.14165804143706673]"
1676,,"[0.18963815874330084, 0.24137164245406914, 0.0, 0.0]",2,0.1931105003559175,0.8037609091549893,0.5731734107391973,0.1,29.110330514319465,"[1.3164046070314306, 0.39372485332286794, 0.20745670618476217, 0.14064211317725422]"
1677,,"[0.0, 0.0, 0.0, 0.0]",0,0.15832441480820392,1.2566450848229191,4.471775979805122,0.05,3.1965234544810364,"[1.2700425053309456, 0.38089106650530663, 0.19751950326624487, 0.1320363112758969]"
1678,,"[0.0, 0.3293991655032649, 0.0, 0.14071638678751935]",2,0.11215340040399886,1.9202846954306154,1.235910206517678,0.05,1.967049904673934,"[1.3033332187285642, 0.3913600025686699, 0.20671317310189694, 0.1429945739302057]"
1679,,"[0.0, 0.0, 0.0, 0.1817681448336084]",1,0.19478743269039092,0.7936282929932812,2.1505942446876576,0.05,50.851527054595294,"[1.273867924563019, 0.38667536514708567, 0.20217306313844502, 0.13351479546193806]"
1680,,"[0.0, 0.0, 0.2799836058747751, 0.06889245766243575]",2,0.08303309391822476,1.9108226477441548,6.1707467254825845,0.0,1.5184290338240742,"[1.2870086376916123, 0.390525173441845, 0.20493691433792707, 0.13922398017874607]"
1681,,"[0.23502060010433676, 0.24523319546851088, 0.0, 0.0]",2,0.08232939103488615,0.8736205029589141,5.8815976182080245,0.2,6.167005363736987,"[1.3244446416095705, 0.3962968028020975, 0.2092421467414272, 0.1412996733456527]"
1682,,"[0.0, 0.0, 0.0, 0.18720404756080353]",1,0.11978881192727137,1.7122306892304482,5.714126482331522,0.05,2.0946756115076717,"[1.2740025359484308, 0.38688765444643347, 0.20233645832553818, 0.13356183819324746]"
1683,,"[0.0, 0.0, 0.0, 0.15282102434809272]",1,0.1258761601079824,1.3416253499579218,3.8561521548630573,0.2,2.6042356653273155,"[1.2731740709595138, 0.3855902378323749, 0.20132969889463162, 0.13326715327998584]"
1684,,"[0.1398392012131483, 0.0, 0.0, 0.0]",1,0.18584963092305964,1.5925465582608234,4.071553155123834,0.2,3.191322576349589,"[1.2889160430574857, 0.38702188992288306, 0.20141592522680796, 0.13382169780587252]"
1685,,"[0.0, 0.0, 0.18373990362764991, 0.2756265308436407]",2,0.20051019652460872,1.84633089735483,2.9219008427169193,0.2,3.867874934982175,"[1.2855493287129407, 0.3951970323031325, 0.2089374950606613, 0.1382302944262118]"
1686,,"[0.0, 0.11753379641728566, 0.0, 0.0]",1,0.06259217342524044,1.8805311177674935,4.368583423375982,0.2,1.2606970091846055,"[1.2784553159495142, 0.3828431429248403, 0.19924274645275272, 0.13490029137315893]"
1687,,"[0.1220569188360486, 0.0, 0.0, 0.0]",1,0.06008621043918952,0.5506536648228,3.065076854102411,0.1,2.259298571849867,"[1.2862934002940762, 0.386162690444438, 0.20087464600902977, 0.13358773848172084]"
1688,,"[0.06418739798678541, 0.0, 0.3132969199875202, 0.0]",2,0.158245147587945,0.8407737586450237,6.2774050242109025,0.05,16.704918208947472,"[1.2963927834559688, 0.39262581097926375, 0.2056583771228042, 0.14081260198894363]"
1689,,"[0.0, 0.0, 0.23614644154115796, 0.10492805580943287]",2,0.11857615055270998,1.6514405657829867,3.8233331215275186,0.1,2.116581927325192,"[1.2846110359393585, 0.3901356998201708, 0.2047587413287466, 0.138258703356415]"
1690,,"[0.0, 0.0, 0.0, 0.0]",0,0.06317275127110844,1.9781394366869856,2.461702960607045,0.05,1.067956297476335,"[1.2700425053309456, 0.3808910665053066, 0.19751950326624498, 0.13203631127589696]"
1691,,"[0.0, 0.0, 0.0, 0.2982319354413191]",1,0.07065573516803639,1.04647143003158,2.6431969982652763,0.2,2.8264129256889783,"[1.2771063744272917, 0.39193403587789505, 0.20606884854913293, 0.13456121817907543]"
1692,,"[0.0, 0.0, 0.20771254544007625, 0.0]",1,0.11154162508752832,1.642391365351961,2.9311229263701333,0.2,2.2297653388595426,"[1.2807063182710472, 0.38628637030716867, 0.2014480382712282, 0.13679349115403425]"
1693,,"[0.0, 0.0, 0.11635786582351429, 0.0]",1,0.1150529864395546,1.8831032958852758,0.3328866111626885,0.0,2.1412726206154336,"[1.2754562421999887, 0.3836853295358518, 0.19953852356255145, 0.13454053104417482]"
1694,,"[0.1805161038511943, 0.0, 0.0, 0.34262830133368843]",2,0.07054086944566361,1.6677881287258391,2.4299542199985074,0.2,1.3962852374694812,"[1.3034951833958026, 0.4023808534787233, 0.21303593888156436, 0.13773485163686694]"
1695,,"[0.1600146505156633, 0.0, 0.0, 0.0]",1,0.1684815216874627,0.8651840817912473,0.8734560295681313,0.1,14.84659942318321,"[1.2919835927968022, 0.3880295147431072, 0.20204813440576427, 0.1340896256367881]"
1696,,"[0.0, 0.24072425119470417, 0.0, 0.2039275341273675]",2,0.07670845271709044,1.680505753891123,2.727898341858298,0.0,1.3286013439851987,"[1.2941759484895556, 0.39181606664935265, 0.2065564906943128, 0.1405148227105967]"
1697,,"[0.0, 0.0, 0.11283321562974769, 0.13344340745567784]",2,0.08095356678123788,1.6727711872228157,1.8761444026107854,0.2,1.4854435225186575,"[1.277946962714064, 0.38754784998241254, 0.20280959074706909, 0.1354574791819362]"
1698,,"[0.3080818539860004, 0.23634579771167746, 0.0, 0.0]",2,0.18024504748428008,1.8911971281043911,5.935606705363355,0.0,3.747875492006206,"[1.33726951204456, 0.4006625365724554, 0.21201741639401128, 0.1419346202312344]"
1699,,"[0.0, 0.2917573761991915, 0.0, 0.0]",1,0.21897813155918672,0.5806206429214149,1.9986652389198607,0.1,11.306182403427476,"[1.2957423445014407, 0.3862709600564213, 0.2026251939089341, 0.14013991117992802]"
1700,,"[0.0, 0.15934065326334804, 0.0, 0.3478892098923562]",2,0.14005414231537908,1.2580008631069846,4.2439451492956985,0.2,2.828918312480757,"[1.2905724948953632, 0.39738895391227175, 0.2101872351623232, 0.13944173448228264]"
1701,,"[0.2311428806677996, 0.0, 0.0, 0.18730211975690278]",2,0.19068551936436817,0.92043299700085,5.7996455213926845,0.2,11.694726945415335,"[1.307489653033708, 0.39774943627516524, 0.20926223942984737, 0.13686190453262131]"
1702,,"[0.20715391182628057, 0.0, 0.0, 0.22238756394576295]",2,0.13666845837886143,0.6721974519885915,1.4113344149807454,0.05,11.586385324385384,"[1.3042723466830868, 0.39781597970619237, 0.20952368501774682, 0.13686009570182978]"
1703,,"[0.0, 0.0, 0.0, 0.2601374960042677]",1,0.052705913814643957,0.5899906728235659,6.186547851537582,0.2,2.472745936538364,"[1.2759578860050034, 0.39003390805551447, 0.20469734447163535, 0.13420989789144808]"
1704,,"[0.32921867214988126, 0.0, 0.0, 0.0]",1,0.10081861297276451,0.9074409142007768,3.8126080612384214,0.0,5.613066721888964,"[1.3226250256184624, 0.39821516695047837, 0.2082359798216563, 0.13644168678621207]"
1705,,"[0.3337010494560146, 0.1298701725588764, 0.0, 0.0]",2,0.243415168208276,0.5667508499753198,4.793192997527836,0.05,12.297349232255382,"[1.3328369977837038, 0.4005661564302443, 0.21073827877803966, 0.13943696669739566]"
1706,,"[0.26326952293635464, 0.0, 0.0, 0.0]",1,0.15998706975162025,1.7154533399271161,5.646863123035167,0.05,2.814547648702811,"[1.3094774278033836, 0.39382288712367247, 0.20561807791777023, 0.1355025251464472]"
1707,,"[0.0, 0.0, 0.15258945642771907, 0.0]",1,0.23759984033954396,1.5916424046945241,1.4210327486801355,0.05,4.398848145454221,"[1.277415104457622, 0.38466739199337213, 0.20025608530626332, 0.13540111791524198]"
1708,,"[0.0, 0.0, 0.0, 0.0]",0,0.12088834933496898,1.5138625556736627,1.705939329552194,0.1,2.3464955138980903,"[1.2700425053309454, 0.3808910665053069, 0.19751950326624498, 0.13203631127589696]"
1709,,"[0.0, 0.0, 0.0, 0.0]",0,0.2208178098184402,0.8472913594170755,5.596895664447967,0.0,25.680996724712017,"[1.2700425053309452, 0.3808910665053068, 0.19751950326624498, 0.132036311275897]"
1710,,"[0.10566030412170152, 0.0, 0.28797560350106577, 0.0]",2,0.18025286020084666,1.8949743422360115,4.031548608239851,0.2,3.525434873513056,"[1.3000019154661935, 0.3935698960551869, 0.2060408006946607, 0.14070427892480677]"
1711,,"[0.0, 0.27774022971319845, 0.09804720477674438, 0.0]",2,0.10053933832688176,0.8190108699606587,1.0099170102483228,0.0,13.027951877078019,"[1.2985216795712957, 0.38824444480179765, 0.2037814117752272, 0.1418787365200645]"
1712,,"[0.1252143790040607, 0.0, 0.0, 0.28339734155247903]",2,0.23394016835558948,1.8299411333640627,3.5154063050691655,0.05,3.9988346328195896,"[1.2932314136524992, 0.39647045452858826, 0.20898027724370577, 0.1362442284751322]"
1713,,"[0.0, 0.0, 0.24719155084068842, 0.0]",1,0.10255519331321494,0.8179396578607174,3.7771063580453967,0.1,16.8589937522763,"[1.2833325043459072, 0.38755240471993513, 0.2023877629026688, 0.13785721204692322]"
1714,,"[0.09063625534409206, 0.05863364530623662, 0.0, 0.0]",2,0.1917046640908373,0.5374596677889785,4.554562645744971,0.05,8.298625724265035,"[1.2857620038498245, 0.3856375683756145, 0.20080676047853185, 0.13452402225972063]"
1715,,"[0.0, 0.0, 0.0, 0.0]",0,0.06694408279334188,0.9600138410717012,0.5366368607920979,0.05,3.562677007917622,"[1.2700425053309456, 0.3808910665053066, 0.19751950326624493, 0.13203631127589696]"
1716,,"[0.0, 0.0, 0.0, 0.2060309590032803]",1,0.23694747306136685,1.6685428396663273,4.261578088255176,0.0,4.286819649528029,"[1.274479939913211, 0.3876451060924441, 0.2029152109812329, 0.13372610074555605]"
1717,,"[0.0, 0.0, 0.0, 0.0]",0,0.20345170701631532,1.5635842262637512,3.2360034447408443,0.0,3.5750745076372157,"[1.2700425053309456, 0.38089106650530663, 0.197519503266245, 0.13203631127589696]"
1718,,"[0.0, 0.0, 0.14396552388205577, 0.0]",1,0.24209643595892394,1.6437001520681571,2.0889857037970114,0.1,4.34596618435304,"[1.2769351993880422, 0.3844281194468638, 0.20008087322640788, 0.13519249742844897]"
1719,,"[0.0, 0.22730698911227729, 0.0, 0.0]",1,0.07545006378828319,0.6815315443693603,2.637188463389888,0.1,6.37789741823601,"[1.2884875591962497, 0.38491450967233937, 0.2012253391261761, 0.13804191057558615]"
1720,,"[0.0, 0.0, 0.0, 0.0]",0,0.06956673220158903,1.73707324178342,4.524523173549896,0.0,1.2710714146216424,"[1.2700425053309456, 0.38089106650530663, 0.19751950326624504, 0.13203631127589696]"
1721,,"[0.31719840285772105, 0.11996587305478343, 0.0, 0.0]",2,0.24568815900205107,1.8910422112914487,1.5454550099847584,0.2,4.406082349336385,"[1.3285520062319458, 0.39923998738787075, 0.20983138374387278, 0.1389707403428818]"
1722,,"[0.0, 0.0, 0.0, 0.0]",0,0.09915752352606243,0.724106794064173,6.101395696747211,0.1,12.140367071359083,"[1.270042505330945, 0.3808910665053068, 0.19751950326624515, 0.1320363112758969]"
1723,,"[0.0, 0.0, 0.0, 0.0]",0,0.23183800349763412,0.6710004458002807,4.672314004009184,0.05,16.881921722971505,"[1.2700425053309452, 0.38089106650530663, 0.19751950326624504, 0.13203631127589702]"
1724,,"[0.15466797659571022, 0.0, 0.0, 0.15601724579199958]",2,0.21884823927519173,1.1868098065270405,3.209356791234699,0.1,5.876699463924359,"[1.2942903868141868, 0.392501537364867, 0.20577394127091236, 0.1354233517454161]"
1725,,"[0.0, 0.31058375501372204, 0.0, 0.09246629586877284]",2,0.056745832177111113,1.9980548959175728,3.000344811672905,0.0,1.1086400516001944,"[1.2998385671393504, 0.38933009807988733, 0.20508138279131558, 0.14175891366165025]"
1726,,"[0.0, 0.0, 0.0, 0.0]",0,0.24060179977804205,1.2815810742072204,1.4140382293274545,0.05,4.906141109303652,"[1.2700425053309454, 0.3808910665053068, 0.19751950326624473, 0.13203631127589693]"
1727,,"[0.3476811850056843, 0.0, 0.2958247530971648, 0.0]",2,0.22074693097540365,0.5313872742405439,6.262156625824329,0.05,8.33424087015758,"[1.3426315503102317, 0.40832439288039474, 0.2141851736591114, 0.14522249205483062]"
1728,,"[0.0, 0.0, 0.0, 0.0]",0,0.18853192040746694,1.798541110610466,5.991735655404034,0.05,3.246523870785128,"[1.270042505330945, 0.38089106650530674, 0.19751950326624507, 0.132036311275897]"
1729,,"[0.0, 0.32316472457789625, 0.0, 0.11164358845497258]",2,0.06153033054133861,1.2158494545862362,2.6292019244740112,0.05,1.5154445509717562,"[1.3018756318136038, 0.3902318246313248, 0.20583938561366266, 0.14243196356616103]"
1730,,"[0.1861864864451425, 0.0, 0.33742055745483296, 0.0]",2,0.2051112598781126,1.5568888512611225,0.02228749978835666,0.05,3.700362405672122,"[1.315964705099145, 0.3996027435091063, 0.20962043041323822, 0.14371713152797136]"
1731,,"[0.0, 0.0, 0.0, 0.31813688723018474]",1,0.2477532508997402,0.5866167354633209,1.4440639624746643,0.05,12.406635849551655,"[1.2777473219940014, 0.3930102955666372, 0.20682792093854363, 0.1347483900621963]"
1732,,"[0.11247676255923714, 0.0, 0.0, 0.0]",1,0.052722724293318195,1.0609162530940006,5.17434689397634,0.1,1.8317890642235661,"[1.2849104033911143, 0.385710490685152, 0.20058901362519568, 0.13346253966090346]"
1733,,"[0.21586747848876253, 0.0, 0.0, 0.0]",1,0.23569647520678913,1.7829792912439015,4.873224669094857,0.0,4.089852652331448,"[1.301040600070299, 0.3910198383868985, 0.20390575789085905, 0.13484520008886064]"
1734,,"[0.24205261003661369, 0.20431935689615588, 0.0, 0.0]",2,0.2056305560081998,1.5820784734198867,5.944446289212809,0.1,3.6100745117331403,"[1.3215255522105585, 0.3959317405585152, 0.2085594790008364, 0.1402013742786952]"
1735,,"[0.0, 0.0, 0.0, 0.0]",0,0.23104340782478403,1.2695920464532862,5.3292995197185675,0.05,5.423512434996718,"[1.270042505330945, 0.38089106650530663, 0.19751950326624515, 0.13203631127589704]"
1736,,"[0.27350654115020806, 0.0, 0.27202076883294035, 0.0]",2,0.2394098176600172,1.682563254600864,3.52311182438926,0.2,4.842781014081796,"[1.3258791400454626, 0.4022290664790879, 0.21083264679216057, 0.14305263731481646]"
1737,,"[0.0, 0.2791532559939853, 0.3163699193052003, 0.0]",2,0.10323729175241891,1.4922770937681897,6.05069814209906,0.2,1.9100987284407571,"[1.3126949812659903, 0.3950347058646981, 0.20825556883465687, 0.14809843114174967]"
1738,,"[0.0, 0.0, 0.0, 0.0]",0,0.12667973397742116,0.6691591556988832,4.293618981862801,0.1,9.382440091126696,"[1.2700425053309456, 0.38089106650530663, 0.19751950326624496, 0.13203631127589696]"
1739,,"[0.0, 0.0, 0.0, 0.23600883679664555]",1,0.24564942963347666,1.608019577945389,1.9841490417728855,0.0,4.573832659599689,"[1.2752782462390038, 0.38892731105464495, 0.20387987727154563, 0.1339919771490819]"
1740,,"[0.0, 0.0, 0.0, 0.27956828580392956]",1,0.1472107849806821,0.9518396301081863,2.173863574300667,0.05,7.611072986502904,"[1.2765315027314652, 0.39097828999658474, 0.20538404039360272, 0.13438797333119457]"
1741,,"[0.0, 0.0, 0.0, 0.0]",0,0.2207749155808213,1.4729540233233411,6.278367519182207,0.05,4.126906819183015,"[1.2700425053309454, 0.3808910665053068, 0.197519503266245, 0.13203631127589696]"
1742,,"[0.2217744594703885, 0.0, 0.0, 0.30062292690721926]",2,0.24759452638805973,1.0445205047373476,2.574396768391244,0.0,8.705153607707608,"[1.3089290671195208, 0.4022675463963552, 0.21278276951207561, 0.13793121585235588]"
1743,,"[0.0, 0.0, 0.0, 0.0]",0,0.20032579552440882,0.7519078951953273,4.992195948280386,0.05,34.43764982435953,"[1.2700425053309454, 0.38089106650530646, 0.19751950326624493, 0.13203631127589696]"
1744,,"[0.0, 0.27711623078498465, 0.0, 0.0]",1,0.14389758704739086,1.942870127938199,3.9611669447061018,0.1,2.608346061880861,"[1.2939868579324394, 0.38595237530410875, 0.20228853901368102, 0.13964509149178306]"
1745,,"[0.0, 0.0, 0.0, 0.0]",0,0.09288178730778403,0.5303379257213321,3.6665866256534088,0.05,3.2537578323973713,"[1.2700425053309452, 0.38089106650530674, 0.197519503266245, 0.1320363112758969]"
1746,,"[0.07984174366624906, 0.0, 0.20425926107894501, 0.0]",2,0.07991422595004363,1.416351450941432,2.2359358379421574,0.2,1.62424573907734,"[1.2906896833347772, 0.3895545763614215, 0.20336840027299152, 0.13787333254085965]"
1747,,"[0.0, 0.20698376536374433, 0.0, 0.30794156524122596]",2,0.1794659035291233,0.5795899415348984,0.9316126740210235,0.1,8.871284027971946,"[1.2936524447470619, 0.39600856516917, 0.20940681118898258, 0.14052963650725953]"
1748,,"[0.07433999468978679, 0.0, 0.0, 0.0]",1,0.1270528767900506,1.8189147756077824,4.540926984064315,0.0,2.272967219271387,"[1.2795995251787564, 0.38397991431427536, 0.19949158266299052, 0.13296998458998627]"
1749,,"[0.0, 0.0, 0.0, 0.12645314722283488]",1,0.1552094095217928,1.4201296398219239,0.29620658609626754,0.05,2.933414207002845,"[1.2725735792388568, 0.3846636538098964, 0.20059872125693975, 0.13304571998933065]"
1750,,"[0.0, 0.09237177851879154, 0.09997416967984979, 0.0]",2,0.17871231619670944,0.8330394504490045,2.1243339024833277,0.2,25.800696870419973,"[1.2810524019823055, 0.38475797343903634, 0.20050056824375972, 0.13640881013079267]"
1751,,"[0.27204090438136, 0.0, 0.0, 0.15984626690431197]",2,0.11976944850427398,0.8845118084752484,2.421171929713313,0.0,7.721227500544704,"[1.3142692617200615, 0.3991806777103916, 0.2099589351044283, 0.1371997223809414]"
1752,,"[0.10821255969894748, 0.25280318937958685, 0.0, 0.0]",2,0.20315613905308968,0.600421305407784,5.187151651816426,0.05,11.18808883971704,"[1.3053536547831492, 0.38996501448636456, 0.20495980537113112, 0.14004884529643533]"
1753,,"[0.0, 0.19037120313685313, 0.0, 0.0]",1,0.2431659640345054,1.6699505001251316,5.066776205575936,0.0,4.344125048605898,"[1.284824486591601, 0.3841867708751457, 0.20050873196182448, 0.13692806683556158]"
1754,,"[0.0, 0.0, 0.0, 0.0]",0,0.22916069198692723,0.6412428886004191,1.6478586192696958,0.05,14.334032109535643,"[1.2700425053309456, 0.38089106650530663, 0.19751950326624504, 0.13203631127589702]"
1755,,"[0.0, 0.0, 0.0, 0.2725837785389419]",1,0.07665180567056983,1.152276361323112,2.7176060728349465,0.2,2.403995256499546,"[1.2763224860461446, 0.3906330859664054, 0.205134191040031, 0.13432369559382235]"
1756,,"[0.0, 0.0, 0.0, 0.0]",0,0.18678848732267184,1.4579141096853878,2.974851515807304,0.05,3.52454050448832,"[1.2700425053309454, 0.38089106650530663, 0.19751950326624498, 0.13203631127589693]"
1757,,"[0.12301426890620581, 0.0, 0.0, 0.06994632273994592]",2,0.10211793434623054,1.6758827033033281,4.0238201358338985,0.1,1.7619608308096337,"[1.2877425062957943, 0.3881470977198702, 0.20252082025837864, 0.13419731111265137]"
1758,,"[0.06022655397042931, 0.0, 0.0, 0.2916476267926951]",2,0.21908362486002889,1.7887924341474981,2.3871245988630716,0.1,3.6777142863691115,"[1.2845055469774254, 0.39400829514091523, 0.20740868930013212, 0.1353628512403293]"
1759,,"[0.0, 0.28439768036986607, 0.22277556099325516, 0.0]",2,0.23256151973920383,1.8248111395473139,3.226333711609625,0.2,4.20662681699522,"[1.3064366044404667, 0.3918927525530982, 0.2062104647957781, 0.14539836856940347]"
1760,,"[0.0, 0.0, 0.0, 0.0]",0,0.08558090747313395,1.3232241743833904,2.9196648354215387,0.1,1.8358239775806047,"[1.270042505330945, 0.38089106650530663, 0.19751950326624504, 0.13203631127589704]"
1761,,"[0.0, 0.0, 0.2878136718169729, 0.11044992479592237]",2,0.19085983114090505,1.692253639462171,3.8105352477316337,0.2,3.676047332445033,"[1.2884622993680825, 0.3920480594259389, 0.20628417187399659, 0.13972026312838165]"
1762,,"[0.0, 0.0, 0.0, 0.061866070168600365]",1,0.18350603808812616,0.7389451165383456,1.7049767979173045,0.0,25.269895976041116,"[1.2712149785339761, 0.38261143105207374, 0.19894414852440157, 0.13251953943154945]"
1763,,"[0.23194298571957878, 0.19946280136910494, 0.0, 0.0]",2,0.22137480863087508,1.4956157691107541,0.4989001514166035,0.0,3.7452538403912827,"[1.319278090247414, 0.39525633762439266, 0.20806648062138489, 0.13993958718414842]"
1764,,"[0.1846102353733713, 0.0, 0.0, 0.0]",1,0.2019710522443561,1.5330313067396448,4.434592121388488,0.2,3.762888864443688,"[1.2958645812598344, 0.38930822652786057, 0.2028460682817025, 0.13441983809752828]"
1765,,"[0.0, 0.0, 0.0, 0.0]",0,0.20127589289786849,1.2555253797387422,2.5030665570964796,0.2,5.179598997586955,"[1.2700425053309452, 0.3808910665053068, 0.19751950326624504, 0.13203631127589702]"
1766,,"[0.0, 0.2468428207742722, 0.0, 0.0]",1,0.11958538346852102,1.1575102974849614,4.933494625001029,0.1,3.007104255403984,"[1.2905623434807314, 0.3853134530452851, 0.20162810485441035, 0.13865634700633375]"
1767,,"[0.0, 0.0, 0.0, 0.26647967650815574]",1,0.17053765518365727,1.617169097877263,0.5783588788591173,0.1,3.081340859871502,"[1.2761424350215063, 0.3903367163982082, 0.20491862004741276, 0.13426776633421017]"
1768,,"[0.0, 0.0, 0.3123686889590981, 0.33697343065266255]",2,0.08165616318391188,1.7526955430241293,2.2323670295107862,0.0,1.3737445067640401,"[1.2965136989985049, 0.4023716135464872, 0.21501602306804635, 0.14201237111581486]"
1769,,"[0.0, 0.0, 0.0, 0.0]",0,0.07686267416561864,1.357392831995321,1.6415282860055558,0.05,1.4721246951470737,"[1.2700425053309454, 0.38089106650530674, 0.19751950326624496, 0.1320363112758969]"
1770,,"[0.20364962711428627, 0.0, 0.0, 0.0]",1,0.08067806047149383,1.8500156198706101,5.2107463149974595,0.1,1.4536993651050119,"[1.2989832743545315, 0.3903387142393162, 0.2034852666650554, 0.13467817137881882]"
1771,,"[0.16503300137463273, 0.2773182318370293, 0.0, 0.0]",2,0.20931879698169265,0.9981841068173583,2.742215575101967,0.1,8.230403768810948,"[1.3165177605321399, 0.3931811550850486, 0.20745407725284729, 0.14147131849618427]"
1772,,"[0.07343148112943275, 0.0, 0.180361261204939, 0.0]",2,0.1496099264764383,0.5141057934202544,3.9447823758720966,0.1,5.649073432201282,"[1.2883760683597842, 0.3885443907559416, 0.20268737362752398, 0.1371423649853877]"
1773,,"[0.1559372778325476, 0.0, 0.0, 0.0]",1,0.14132472179517871,1.200796129659615,4.371367953967409,0.05,2.9482913413750014,"[1.2913554867878976, 0.3878229678381384, 0.2019187791733684, 0.13403526526260168]"
1774,,"[0.0, 0.0, 0.3247874821796219, 0.0]",1,0.11711252218745363,1.9538265973554054,3.116630430424373,0.2,2.2679995199068568,"[1.2893086853632187, 0.39035722914123894, 0.20449179889608365, 0.14012662584956356]"
1775,,"[0.0, 0.0, 0.0, 0.0]",0,0.13571329624408793,1.9604671670970506,6.033527502895429,0.0,2.3539238407691325,"[1.2700425053309456, 0.38089106650530663, 0.19751950326624504, 0.13203631127589702]"
1776,,"[0.0, 0.3016807597341775, 0.0, 0.14394886367700588]",2,0.16204589637220224,0.8262537693312532,2.8494796668089957,0.2,21.379698468856333,"[1.2998006916015166, 0.39084354093753554, 0.20614975103954353, 0.14199810732528909]"
1777,,"[0.0, 0.28867736679260686, 0.0, 0.0]",1,0.05335666567131878,1.6501697746665924,1.9823810140440472,0.1,0.9683520734510916,"[1.2953673681441278, 0.3862034007365578, 0.2025533847699416, 0.1400348927041116]"
1778,,"[0.0, 0.0, 0.0, 0.10340691973409494]",1,0.0913887088858496,1.3173153498820627,1.138848104308483,0.2,1.9263338967159174,"[1.2720714064488516, 0.38389788670613617, 0.1999870661092323, 0.13285535608293736]"
1779,,"[0.0, 0.0, 0.0, 0.0]",0,0.19460844097663108,0.9612738309778868,2.010286189013694,0.2,9.852391417226281,"[1.2700425053309452, 0.38089106650530674, 0.19751950326624493, 0.13203631127589696]"
1780,,"[0.0, 0.0, 0.0, 0.0]",0,0.08277550579025723,0.7842065880028217,5.85445354740837,0.1,23.31071033879654,"[1.2700425053309452, 0.38089106650530674, 0.197519503266245, 0.132036311275897]"
1781,,"[0.1440584723666776, 0.0, 0.0, 0.2856997918030502]",2,0.16285426231094652,1.3620189598307182,1.6042468339814508,0.05,3.046348687809106,"[1.2960744936115418, 0.39748090328121877, 0.20964369256535784, 0.13655360343492437]"
1782,,"[0.0, 0.0, 0.0, 0.15691497594922083]",1,0.16721994862647435,1.438043735662795,1.8844141600962558,0.05,3.2299999033322813,"[1.273269929680789, 0.38573923558055595, 0.20144631022884, 0.13330188582152794]"
1783,,"[0.0, 0.0, 0.29102401347282747, 0.25150269130354863]",2,0.13085258667569202,1.0881290882376105,3.555387696366965,0.0,4.068758394684408,"[1.2921614562444919, 0.39739983929354883, 0.21091695656414272, 0.1407898948636263]"
1784,,"[0.0, 0.0, 0.12910959086573878, 0.0]",1,0.1055725299133124,1.0982659826282994,1.8307568801399834,0.2,3.398633529955065,"[1.276128777416082, 0.3840241285432961, 0.19978560291696904, 0.13483870089636368]"
1785,,"[0.0, 0.3042559625008531, 0.0, 0.0]",1,0.11464373783616554,0.975523448307942,2.747376295604323,0.05,5.254897131643884,"[1.2972962139411366, 0.3865481438263335, 0.20292220419668636, 0.14057121811120685]"
1786,,"[0.0, 0.0, 0.16143423858801376, 0.3200989126548261]",2,0.17815560939937847,1.5204440757596287,4.3314508396311675,0.1,3.372629143065552,"[1.2856389865264932, 0.39687383029574475, 0.21013552696475996, 0.138084520393719]"
1787,,"[0.0, 0.0, 0.2933530139150752, 0.2025503572409824]",2,0.11699529481088558,1.4400800539422083,2.1188837603087465,0.05,2.251354047892706,"[1.2910352193968027, 0.395456249900608, 0.20927295347524552, 0.14050520435600206]"
1788,,"[0.16972014406453814, 0.0, 0.16892950399445225, 0.0]",2,0.13271019777207338,1.4707149191912978,4.249454351776418,0.0,2.1424255568335133,"[1.3016170763157568, 0.39283863039322225, 0.20522040330089922, 0.13827504278226851]"
1789,,"[0.0, 0.09716655660776988, 0.0, 0.21636372372356674]",2,0.10210027716216213,0.8147647888714105,2.505251266998125,0.05,17.50545317943619,"[1.2815150773688437, 0.3896519353541025, 0.20455122318388866, 0.13628636924089563]"
1790,,"[0.0, 0.12698446968685792, 0.0, 0.0]",1,0.07317389725393253,0.5606841384787526,3.5067903793536517,0.1,2.9391665613449236,"[1.2792248005040787, 0.38301115265638475, 0.19939723173846172, 0.13515156090129282]"
1791,,"[0.0, 0.0, 0.06696055641994635, 0.12080549004735289]",2,0.23632836908885782,1.990177663304435,1.6509366128477494,0.2,4.4287152839422115,"[1.275407527235747, 0.38598972487423083, 0.20159364155246834, 0.13435835892698847]"
1792,,"[0.0, 0.29457328306211755, 0.0, 0.14083491648835952]",2,0.05121404297599108,1.0917709120226529,6.170402235506478,0.1,1.6841796308822272,"[1.298850923330414, 0.39057673236660195, 0.20591000789352412, 0.14170629907858456]"
1793,,"[0.23074737719367258, 0.0, 0.0, 0.3056385954524459]",2,0.18591074328788604,1.0476864099893537,1.695781622120695,0.0,5.839489221958168,"[1.3106267686242299, 0.403032309309972, 0.21329445892669943, 0.13813228694934418]"
1794,,"[0.0, 0.0, 0.0, 0.0]",0,0.16308358658618138,0.985539320366136,2.2897274569766743,0.1,7.498883050077976,"[1.2700425053309459, 0.3808910665053066, 0.19751950326624493, 0.13203631127589685]"
1795,,"[0.0, 0.0, 0.0, 0.13860234901259338]",1,0.06663229688163415,0.5941825273362205,5.528924846469011,0.1,3.1886577330275503,"[1.27284669461838, 0.3850836239704104, 0.200931271921548, 0.13314726138964253]"
1796,,"[0.14707293942168181, 0.0, 0.0, 0.1651867594973613]",2,0.14286059822519567,1.2682237843338728,5.881966311903898,0.2,3.3924499410033473,"[1.2933501004810302, 0.3924590652797559, 0.20579994908212718, 0.13540165033405863]"
1797,,"[0.3374968003357979, 0.0, 0.3132886652369564, 0.0]",2,0.22975162726674198,1.8815381300864118,4.683372433866835,0.05,4.190206701052388,"[1.341757058925391, 0.40825482672894814, 0.21418094031185692, 0.14566323029679984]"
1798,,"[0.0, 0.0, 0.0, 0.0]",0,0.23331046386789367,1.2920205858247125,1.7495931626085246,0.05,5.02212581865061,"[1.2700425053309452, 0.38089106650530674, 0.19751950326624498, 0.13203631127589696]"
1799,,"[0.2887184292967316, 0.0, 0.0, 0.0]",1,0.125503329987354,0.8283922768833447,6.173457608524483,0.05,13.409847439576689,"[1.3143381345645886, 0.3954439093450587, 0.2065939884205284, 0.1358615369966641]"
1800,,"[0.0, 0.19976602212120242, 0.0, 0.0]",1,0.20871634660007649,1.5811290439386017,3.0846539956330825,0.1,3.679910330648338,"[1.2857258252521835, 0.38436871474204404, 0.20068576001718755, 0.13720562310805126]"
1801,,"[0.0, 0.0, 0.0, 0.33527387217835986]",1,0.21273115065099807,1.8389443098078275,1.4406831549958776,0.1,3.9526001473832078,"[1.278323954961704, 0.39398787559217546, 0.20750643748588396, 0.13491154526629529]"
1802,,"[0.0, 0.0, 0.0, 0.0]",0,0.07281643270383753,0.860349553896632,2.331167224890952,0.0,7.351088977902747,"[1.2700425053309456, 0.38089106650530674, 0.19751950326624504, 0.13203631127589688]"
1803,,"[0.3271515934630019, 0.0, 0.0, 0.3277129093860212]",2,0.09548628401630524,1.9405495116208955,0.9580634447970867,0.0,1.9885868455884568,"[1.3297327068169755, 0.4102523516254969, 0.21793496805279036, 0.14001071606010337]"
1804,,"[0.0, 0.0, 0.0, 0.0]",0,0.08938188854903997,0.905018095452403,6.114175985083805,0.0,6.328666426844629,"[1.2700425053309454, 0.3808910665053063, 0.19751950326624498, 0.13203631127589696]"
1805,,"[0.0, 0.0, 0.0, 0.0]",0,0.061563122331369825,0.704717972574028,1.8122105673317708,0.1,6.316044566743599,"[1.2700425053309454, 0.3808910665053066, 0.19751950326624493, 0.13203631127589696]"
1806,,"[0.0, 0.0, 0.0, 0.0]",0,0.23975008495294559,1.9856793499764298,0.410267523198227,0.1,4.855315691976396,"[1.2700425053309454, 0.3808910665053066, 0.19751950326624504, 0.13203631127589696]"
1807,,"[0.0, 0.0, 0.0, 0.0]",0,0.11484905068467588,0.9879416699181611,4.228436597788893,0.2,5.654097914191925,"[1.2700425053309454, 0.38089106650530674, 0.19751950326624498, 0.13203631127589696]"
1808,,"[0.23122432671499035, 0.0, 0.0, 0.0]",1,0.05221010241138975,0.6228362471554393,2.6914761945938523,0.1,3.0375637518893246,"[1.3036920476746214, 0.39189912583290476, 0.20444611505812596, 0.13505653334458392]"
1809,,"[0.0, 0.0, 0.0, 0.06234650176063619]",1,0.11778631685712751,1.9711283959067813,6.025844259803783,0.0,2.00471216253003,"[1.271224546999613, 0.3826256663502399, 0.19895579416273337, 0.13252337031772052]"
1810,,"[0.0, 0.0, 0.0, 0.2538711832279223]",1,0.05523537040821596,1.3806329311007315,1.966425718364359,0.05,1.0806075666514552,"[1.2757780128788532, 0.3897397198651418, 0.20448137655088816, 0.13415296316124795]"
1811,,"[0.0, 0.30944944791343043, 0.0, 0.0]",1,0.09649420153628913,0.6470162143559326,1.7437612571210186,0.1,6.771991857610662,"[1.2979575344804535, 0.3866647803579272, 0.20304834582170436, 0.14075289721943424]"
1812,,"[0.0, 0.0, 0.12219597858088607, 0.10707089951295357]",2,0.21405500759983942,0.5847098478113727,0.014174465296270065,0.1,9.52795997309485,"[1.27785717817025, 0.38691618219173846, 0.20227313659086807, 0.13546535672632812]"
1813,,"[0.26326055454935765, 0.0, 0.0, 0.0]",1,0.19801603841216642,0.5078920298179959,3.7729932005487843,0.05,6.937413605898051,"[1.3094757580631797, 0.39382233096359176, 0.20561774122227675, 0.1355023993810429]"
1814,,"[0.0, 0.08040274479846916, 0.0, 0.0]",1,0.16100625134910712,1.4603921730348879,4.029770743212595,0.1,2.8059312507767022,"[1.2755774320654312, 0.3821998607897133, 0.19866069329670466, 0.1339448745346793]"
1815,,"[0.0, 0.0, 0.0, 0.0]",0,0.09508521916505781,1.217481825055708,1.8858162519918906,0.2,2.5611273588345305,"[1.2700425053309456, 0.3808910665053068, 0.19751950326624504, 0.13203631127589693]"
1816,,"[0.21936955814934753, 0.0, 0.0, 0.0]",1,0.19699134086496295,0.6524674820697729,5.9623908080036845,0.2,14.883069847154406,"[1.301638708191753, 0.3912180454890063, 0.2040278107639521, 0.1348932574272861]"
1817,,"[0.1675937068497064, 0.0, 0.2195672708082708, 0.0]",2,0.226924113125482,0.9947970752835975,2.2281501430187642,0.0,8.967921926703788,"[1.304336336466004, 0.39428690415603485, 0.2061931006758589, 0.13965557202739845]"
1818,,"[0.0, 0.0, 0.0, 0.0]",0,0.1967946336383113,0.74748137776374,5.434122282646669,0.0,30.132141764517545,"[1.2700425053309456, 0.38089106650530674, 0.19751950326624504, 0.13203631127589696]"
1819,,"[0.0, 0.0, 0.09838200043945772, 0.0]",1,0.10236408731698875,0.8851890161430719,3.037668257953188,0.2,9.056551931802659,"[1.2745375395229557, 0.38321968628521097, 0.19919974824735567, 0.13412863047485574]"
1820,,"[0.0, 0.0, 0.20268433176211761, 0.0]",1,0.2177601859987064,1.5366710868928264,1.4697943726224372,0.1,4.057261950748111,"[1.280388930637445, 0.38613185770602065, 0.2013338020434757, 0.13666211250536317]"
1821,,"[0.0, 0.0, 0.21257116090173206, 0.0]",1,0.053278847898427566,1.5917203957639736,3.884951225576151,0.0,0.865382411485101,"[1.2810165146149317, 0.3864370610368117, 0.2015595447081805, 0.13692130121473212]"
1822,,"[0.0, 0.34882767340540666, 0.0, 0.28019737632531666]",2,0.10154698481918684,1.4475025283935041,0.6099444131719512,0.2,1.8766305393140703,"[1.3095383535304441, 0.3976289381777753, 0.21125974899453476, 0.1454643875002256]"
1823,,"[0.0, 0.0, 0.20549483643177463, 0.20777351792366344]",2,0.14639259544207114,1.301351533537284,3.9861312424604236,0.0,2.889123952955895,"[1.2850088861655617, 0.3928402508987794, 0.20709180797317608, 0.13822148474940757]"
1824,,"[0.21690694216916506, 0.0, 0.0, 0.0]",1,0.09894540225864584,1.3152421422135177,4.054681838848166,0.2,1.8878966896850227,"[1.3012177296643475, 0.3910785286367677, 0.203941913198733, 0.1348594557305873]"
1825,,"[0.0, 0.0, 0.0, 0.0]",0,0.0728082031224601,0.7059564467350857,1.1083359554452639,0.1,7.282687729992282,"[1.2700425053309452, 0.38089106650530674, 0.19751950326624504, 0.13203631127589696]"
1826,,"[0.0, 0.0, 0.0, 0.0]",0,0.11616823322576222,1.1302797242566611,3.2177064012905663,0.1,3.629919339738824,"[1.2700425053309452, 0.3808910665053068, 0.19751950326624507, 0.13203631127589696]"
1827,,"[0.0, 0.0, 0.0, 0.11483001644652736]",1,0.19840226305924716,1.1118591017050754,1.6168365562375517,0.2,6.0477971006675135,"[1.2723177723386607, 0.3842725261581015, 0.20028716205271022, 0.13294934516981344]"
1828,,"[0.0, 0.3300299968055872, 0.0, 0.16426471399663248]",2,0.1524458231575937,0.6588123648027209,3.5072995350049387,0.2,12.08042428207014,"[1.3039468370088358, 0.3922213095893372, 0.20734326065950182, 0.14329026000537287]"
1829,,"[0.08434883765238829, 0.0, 0.0, 0.0]",1,0.1774705561241131,1.9847238114270718,2.499330966099398,0.0,3.1454548940270524,"[1.2809643593985285, 0.38442373229163607, 0.19977363332394413, 0.13309835406792062]"
1830,,"[0.08617184068969079, 0.0, 0.21277235943345912, 0.0]",2,0.06722083069263517,0.974496455810638,6.019492003974533,0.1,3.2658779892965124,"[1.292084419380179, 0.39010658432313466, 0.2037244559093787, 0.13820112869277673]"
1831,,"[0.10981379429529753, 0.0, 0.3491946853419877, 0.0]",2,0.09236090673733661,1.9663086055524113,1.5795906630822845,0.0,1.7656220632939283,"[1.3056435914057551, 0.3961833361170563, 0.20784299743172238, 0.14276171227449044]"
1832,,"[0.0, 0.19409750825565458, 0.0, 0.27570055165098595]",2,0.07563282019320175,1.1398676450833036,2.416705625616217,0.2,2.3825811229763003,"[1.2914306345260926, 0.39410364248162805, 0.20803133043707595, 0.1397544747673844]"
1833,,"[0.0, 0.0, 0.0, 0.14036307974066156]",1,0.1256168862150758,1.8813250666374435,2.012939464168987,0.05,2.088638066903207,"[1.2728867749768868, 0.3851454610228168, 0.20098006375529442, 0.13316204599444115]"
1834,,"[0.0, 0.2193761777754356, 0.22600535880436526, 0.0]",2,0.1280870217807166,0.7038640239616609,0.41655325552741057,0.05,13.932786175163551,"[1.2994891539271614, 0.3906547228140311, 0.20504277094848047, 0.1432909712471156]"
1835,,"[0.19061231655379166, 0.0, 0.0, 0.25575864766363665]",2,0.21734998507159195,0.7814996594826966,3.9926903164164482,0.2,62.16042203324261,"[1.3024487192625451, 0.39839411102857664, 0.21008135905117606, 0.13695515841208314]"
1836,,"[0.0, 0.0, 0.0, 0.0]",0,0.16070280588675812,1.6717820018580376,3.305647088118584,0.2,3.066185473686872,"[1.2700425053309456, 0.38089106650530713, 0.19751950326624504, 0.13203631127589702]"
1837,,"[0.0, 0.0, 0.0, 0.28534323534570805]",1,0.13394753246876598,0.6304422485231063,3.5080104600476383,0.1,7.532055802235354,"[1.2767067968238062, 0.391268748346556, 0.2055932339614459, 0.13444134760674836]"
1838,,"[0.0, 0.0, 0.34518469956973075, 0.22897279842563775]",2,0.12170740614374526,0.7763652823323881,2.3299266512852377,0.1,33.994173806808575,"[1.2960661070280353, 0.3984251631217281, 0.2118277254859146, 0.14218996591878086]"
1839,,"[0.0, 0.0, 0.0, 0.0]",0,0.18049894765127225,0.5991809772633928,4.2669783362865195,0.0,8.804590660287419,"[1.2700425053309454, 0.38089106650530674, 0.19751950326624496, 0.13203631127589696]"
1840,,"[0.0, 0.0, 0.0, 0.0]",0,0.12222085981591545,1.19993667821517,6.124669941205358,0.0,3.2655944340248286,"[1.2700425053309452, 0.38089106650530674, 0.19751950326624504, 0.132036311275897]"
1841,,"[0.0904776479237195, 0.08066441522523025, 0.0, 0.0]",2,0.1910948021195964,0.944900808555771,1.0821440963578444,0.0,9.764931114614882,"[1.287339167506475, 0.3859948812047681, 0.2011456966490537, 0.13505549145383738]"
1842,,"[0.17521439455680599, 0.0, 0.0, 0.0]",1,0.2443349222551296,0.6392320018745898,0.47767203453016216,0.0,14.845745780593026,"[1.2943629405693742, 0.38881296753604616, 0.20253762486210988, 0.13429322636726249]"
1843,,"[0.14866657937630337, 0.13985946808092942, 0.0, 0.0]",2,0.1678378501318214,0.7505457313333275,2.1275416221601984,0.2,43.97775045172759,"[1.3004237600235502, 0.38975187278252316, 0.20395124079748964, 0.13728613415899327]"
1844,,"[0.0, 0.15301488078591524, 0.0, 0.0]",1,0.19960222889848372,1.4501556824239505,0.6493186311881989,0.05,3.562046479630019,"[1.281428251447514, 0.3834833821093069, 0.19983715667737031, 0.1358614445684018]"
1845,,"[0.0, 0.0, 0.23490126383473192, 0.0]",1,0.1665353882689985,0.5572704862277293,3.1458901299267943,0.1,6.502275520124747,"[1.282488381947696, 0.3871478450153247, 0.20208676552726001, 0.13751982405218502]"
1846,,"[0.0, 0.0, 0.0, 0.16186164173474404]",1,0.0587940768037651,1.9667743000596583,2.9823454906192794,0.0,1.1955890929327069,"[1.2733867315829117, 0.3859211859049398, 0.20158836158304352, 0.13334398004291412]"
1847,,"[0.0, 0.28534546433255287, 0.11467478774247278, 0.0]",2,0.21268964180325686,1.0706083423617505,2.9640250057177218,0.05,7.133266957551045,"[1.3002700550164783, 0.3888319068363196, 0.20422221318815278, 0.1425460237335416]"
1848,,"[0.0, 0.0, 0.0, 0.0]",0,0.08929640850751602,1.3836555307366027,6.221359912490039,0.1,1.6665268177624215,"[1.2700425053309454, 0.38089106650530663, 0.19751950326624498, 0.13203631127589696]"
1849,,"[0.0, 0.2442043044472332, 0.3250053562067152, 0.0]",2,0.08887077347845927,1.9152626560819102,0.0648756352556654,0.05,1.868934270366719,"[1.3094850006288725, 0.3946399435286713, 0.2078520900311403, 0.14714650343698793]"
1850,,"[0.0, 0.23468954775166645, 0.0, 0.18406388793438389]",2,0.057951328465166735,0.804489626042858,1.6993813539738012,0.1,10.90461010247492,"[1.2930485111448806, 0.39090397134842725, 0.20586042682827516, 0.14010043180033868]"
1851,,"[0.0, 0.29239037493663694, 0.0, 0.21836584259780284]",2,0.2265197008933816,1.4176787062581713,5.450123384999862,0.05,4.143386817410342,"[1.3004277138247204, 0.39350773833530767, 0.20803042559397164, 0.14249939710242757]"
1852,,"[0.0, 0.1400094083264562, 0.0, 0.13775061728522375]",2,0.20008904655742463,1.1499466367746332,3.008599033466311,0.0,5.639641583549159,"[1.2830600762990982, 0.38739239570971906, 0.20291439753630405, 0.13673444533828533]"
1853,,"[0.0, 0.0, 0.0, 0.251904130886875]",1,0.18876617631990592,1.8755643784079687,1.8584984276185923,0.2,4.00728326687487,"[1.2757220459176781, 0.38964837621313053, 0.2044141205708896, 0.1341351401732089]"
1854,,"[0.0, 0.30548145288534373, 0.11758183276050424, 0.0]",2,0.18968800385873014,0.6192326784894062,3.0312207448295596,0.0,10.04276422676834,"[1.3029038289119925, 0.38934969439054756, 0.2047219681520747, 0.1433275487703523]"
1855,,"[0.14284698786048258, 0.0, 0.0, 0.0]",1,0.11907498079693841,1.432325713411191,1.9791515800053168,0.05,2.283494702341108,"[1.2893670220546571, 0.38716984963508244, 0.2015089381746947, 0.13386147326446265]"
1856,,"[0.0, 0.30309335476481825, 0.0, 0.0]",1,0.19505879591180636,1.8427466707606712,5.855162857418982,0.05,3.8792775373497173,"[1.297149449623853, 0.38652215240856214, 0.20289418903572357, 0.14053074688036507]"
1857,,"[0.0, 0.0, 0.0, 0.0]",0,0.2113906951250491,1.704185791227364,2.0739220040903232,0.0,3.7540975879457688,"[1.2700425053309456, 0.38089106650530674, 0.19751950326624498, 0.13203631127589702]"
1858,,"[0.0, 0.14986788226458775, 0.23818878828493473, 0.0]",2,0.05693809767687297,0.575248672821824,5.253463741140239,0.1,2.8663655266574044,"[1.2938027282567357, 0.38973640396649356, 0.20417496545752745, 0.14151330805076145]"
1859,,"[0.0, 0.0, 0.0, 0.0]",0,0.23941062860558943,1.9427535291782467,5.965932844459182,0.0,4.870072426557756,"[1.2700425053309456, 0.38089106650530663, 0.19751950326624493, 0.13203631127589696]"
1860,,"[0.0, 0.0, 0.0, 0.0]",0,0.19936857901320004,1.4053174109525306,5.548178812755815,0.1,3.822280615409943,"[1.2700425053309454, 0.38089106650530663, 0.19751950326624504, 0.13203631127589696]"
1861,,"[0.0, 0.14865971174257323, 0.0, 0.07855330158924966]",2,0.23488080002103448,1.6883145604732896,0.9314658454367585,0.0,3.9902484492194668,"[1.2825389704679118, 0.3856178500366442, 0.20154272718892494, 0.13643387536895427]"
1862,,"[0.0, 0.0, 0.19161260447461526, 0.0]",1,0.0914675726081216,0.706306824809726,0.3780188220665005,0.1,9.52614418960274,"[1.2797027826536844, 0.38579667279853147, 0.201086332890796, 0.13637598976697424]"
1863,,"[0.07103952181555698, 0.0, 0.0, 0.0]",1,0.11219228206595924,0.7785148948981229,2.794569348764598,0.05,31.425074686886298,"[1.279153804635533, 0.383835115842639, 0.19939947860420626, 0.13292779377514288]"
1864,,"[0.0, 0.050245231796557425, 0.0, 0.0]",1,0.24654016944601828,1.4554351964277426,3.068924482422994,0.2,4.950889324275197,"[1.2733972928871637, 0.38169607783910287, 0.19821486582571915, 0.1332044088817973]"
1865,,"[0.0, 0.0, 0.2282413118096322, 0.170240596144561]",2,0.18634139585399345,1.7517705765856957,3.4241800460956755,0.05,3.1902643219113607,"[1.2855496979684649, 0.39209331556322846, 0.20646125276354793, 0.13851744230386084]"
1866,,"[0.0, 0.0, 0.0, 0.0]",0,0.16856966349208657,1.5232473700700901,2.8961830780994022,0.2,3.1817554057931843,"[1.2700425053309452, 0.38089106650530663, 0.19751950326624498, 0.13203631127589693]"
1867,,"[0.27504006380921575, 0.0, 0.0, 0.09775390464971549]",2,0.21980098762095931,1.4479438586477495,1.800079021408296,0.1,4.151418549638444,"[1.3135147498579731, 0.3973020035831096, 0.20837941718386135, 0.13661033750134843]"
1868,,"[0.09222075135159528, 0.0, 0.0, 0.254920720534315]",2,0.11284946524823823,0.8555755247806918,0.05754624811976614,0.1,11.490950155923251,"[1.2877376874796949, 0.3935996218152684, 0.20699728093539674, 0.1354719139557809]"
1869,,"[0.2981985631829901, 0.0, 0.0, 0.0]",1,0.062052419946219045,1.1245554527240456,4.12474270389847,0.0,1.4570379093622736,"[1.3162143807007916, 0.39607060588742266, 0.20696828945228712, 0.1359963669715125]"
1870,,"[0.2662884805236513, 0.0, 0.0, 0.0]",1,0.08375807418728165,1.1924805781013892,5.837959091827385,0.1,2.140802641152835,"[1.3100411803418626, 0.3940106914838811, 0.2057317013394795, 0.13554489071384185]"
1871,,"[0.0, 0.0, 0.24536245194582051, 0.13778296365448423]",2,0.24067268792660534,1.372429235044149,1.0430180353362866,0.0,4.020909157912266,"[1.285959339331112, 0.3914989570923333, 0.20592410985580634, 0.13873461363460582]"
1872,,"[0.0, 0.0, 0.0, 0.0]",0,0.09766538155238685,1.906328233516398,4.8728381081434735,0.0,1.6595859765787087,"[1.2700425053309452, 0.3808910665053066, 0.197519503266245, 0.13203631127589693]"
1873,,"[0.0, 0.0, 0.0, 0.24785489521254783]",1,0.08935873498759501,1.3879623781550439,1.3360748555893827,0.1,1.547075690474697,"[1.2756075723595803, 0.3894618293800052, 0.2042764730207018, 0.13409852504031458]"
1874,,"[0.0, 0.3290702302794252, 0.15368275532166215, 0.0]",2,0.24150726497191097,1.0677993534948729,3.1848226447915167,0.0,7.971557630367952,"[1.3079366852452519, 0.3908512377566292, 0.20588857285585851, 0.14512102689129677]"
1875,,"[0.0, 0.0, 0.0774201586774448, 0.0]",1,0.1803042728521247,1.4864846941742085,2.5170196394563407,0.05,3.2769445153885246,"[1.2735072828232543, 0.38269350165661753, 0.19881805181411005, 0.13366038508444275]"
1876,,"[0.23441405275399196, 0.0, 0.1510237831241208, 0.0]",2,0.23538629525754368,1.6929367415791408,3.327788932137471,0.05,3.949705300185653,"[1.3113005797852788, 0.3959054367953499, 0.20700425174147777, 0.1387842532823556]"
1877,,"[0.2859603568448345, 0.0, 0.08318806347935553, 0.0]",2,0.22602785565660438,1.690896143497205,3.132132273029861,0.05,3.9815501854252244,"[1.31738899125745, 0.39726087503703905, 0.20773123334785037, 0.1377994806148487]"
1878,,"[0.0, 0.0, 0.25537398080649293, 0.0]",1,0.06351640178552391,0.777515128437248,2.8662782558693123,0.05,17.31315631143047,"[1.2839086253863394, 0.38782726757819236, 0.20259263689896792, 0.13808504723165452]"
1879,,"[0.0, 0.0, 0.0, 0.0]",0,0.16899829981296516,0.8894353372744734,0.35377819148492406,0.2,14.670908190990378,"[1.2700425053309454, 0.38089106650530674, 0.19751950326624504, 0.13203631127589696]"
1880,,"[0.0, 0.2905407507585468, 0.09089646606584259, 0.0]",2,0.21728309886066363,1.7124694403867915,1.4770025617092022,0.1,3.9884218940100857,"[1.2996992653367048, 0.38834298342664686, 0.20394789454421924, 0.14214772004620926]"
1881,,"[0.0, 0.0, 0.0, 0.0]",0,0.10396358504332377,1.4575138512878394,3.630595496123362,0.0,1.9150961823709078,"[1.2700425053309452, 0.3808910665053068, 0.19751950326624496, 0.13203631127589702]"
1882,,"[0.17537681168587332, 0.0, 0.31700364237404943, 0.0]",2,0.11675226952391132,1.8977677631472232,2.650249288975,0.05,1.9934924005612733,"[1.3125606968634989, 0.39818601345619176, 0.2087498967892069, 0.14282522970005587]"
1883,,"[0.15612493367920868, 0.0, 0.0, 0.0]",1,0.12909593941766848,1.4442771106494703,1.1470298985634877,0.0,2.070837356556109,"[1.2913843021464546, 0.3878324409803649, 0.2019247147074309, 0.13403776475420628]"
1884,,"[0.0, 0.23966412367533235, 0.11147673995605473, 0.0]",2,0.19649800340675505,1.4966268690551217,1.5990215363826872,0.05,3.560179797185859,"[1.2949339890528595, 0.3877905743655159, 0.203218978982955, 0.14094004784240705]"
1885,,"[0.0848146500784058, 0.3095090980768702, 0.0, 0.0]",2,0.188480515807828,0.7872036404883768,2.654319252566628,0.1,39.97895219866137,"[1.308824228320551, 0.39012096204285135, 0.2055915113207064, 0.14165085744601935]"
1886,,"[0.0, 0.0, 0.19150444372939032, 0.0]",1,0.05920410743283316,1.9134662869625014,0.7361723005250873,0.0,1.007195588379402,"[1.279696164197086, 0.38579343193137833, 0.2010839424462593, 0.1363732158593446]"
1887,,"[0.0, 0.24888910087012694, 0.0, 0.2317649085243361]",2,0.22775368066286175,0.5068814784284914,5.128232275869895,0.1,8.820627143151723,"[1.2957725366086479, 0.3931575369944827, 0.20756416128346228, 0.14109836217805138]"
1888,,"[0.0, 0.0, 0.309615268845366, 0.2233093774397727]",2,0.11376768496557702,0.507056102790211,4.500781732058768,0.1,4.703593745546395,"[1.292870938070872, 0.39686033840674206, 0.21047428628389084, 0.141110927167472]"
1889,,"[0.0, 0.05580696486581002, 0.0, 0.0]",1,0.05198187275439817,0.5137292323835816,2.256600707125033,0.2,1.9276620459928444,"[1.2737894278161535, 0.3817877805479851, 0.1982953883292577, 0.1333386672678934]"
1890,,"[0.26619915124496957, 0.18396342815494204, 0.0, 0.0]",2,0.1974518848020318,0.7808974595507511,0.5200730776624255,0.2,45.53860129240298,"[1.3240000935137104, 0.39701190469129516, 0.20905643115189576, 0.13994427196945547]"
1891,,"[0.15743023779704446, 0.0, 0.13285000348493192, 0.0]",2,0.07293700151633631,1.2878039054169659,1.739132877083835,0.1,1.5083345409210942,"[1.2977434576196172, 0.39117988301869555, 0.2041574493587625, 0.13714705886641848]"
1892,,"[0.2698154287349986, 0.0, 0.07247584156975388, 0.0]",2,0.07893588831251291,0.6120036508408226,1.6347140394294217,0.0,4.6027373170864845,"[1.3138085546537885, 0.3959532405394593, 0.20694861020730207, 0.13729210996835772]"
1893,,"[0.0, 0.0, 0.0, 0.13372485858720068]",1,0.08933384237917899,1.6552338254399583,1.375584558423471,0.1,1.6780270709134668,"[1.272736330554362, 0.3849136225233988, 0.20079690477428122, 0.13310639671726468]"
1894,,"[0.057422596472263845, 0.0, 0.0, 0.21930529054476675]",2,0.16785794357243677,1.439408235477183,1.8930955174043471,0.2,3.298916811821923,"[1.2820818427828706, 0.3905177155121464, 0.20483860670423795, 0.13463654067436961]"
1895,,"[0.0, 0.0, 0.0, 0.3251457992350957]",1,0.19687830192377095,0.5114368986148561,3.961143630282476,0.2,7.8568903599374345,"[1.2779802826392563, 0.3934041934305574, 0.20710256354840476, 0.13481489329752125]"
1896,,"[0.0, 0.0, 0.16043567816477278, 0.0]",1,0.1389323786460996,0.6959054660733206,0.7863833934989368,0.05,12.708643348878049,"[1.277859514094996, 0.3848882191557579, 0.20041800882194893, 0.13559303108086052]"
1897,,"[0.0, 0.0, 0.0, 0.0]",0,0.08644690142282685,0.932703441323663,4.815777085280897,0.0,4.891045110446642,"[1.2700425053309452, 0.3808910665053068, 0.19751950326624507, 0.13203631127589696]"
1898,,"[0.0, 0.0, 0.0, 0.17842128407062893]",1,0.21271571624335925,1.9199859604848308,3.623951910572514,0.1,3.8280096892571005,"[1.2737857426910315, 0.3865460404603267, 0.20207326853778249, 0.13348591669207113]"
1899,,"[0.0, 0.0, 0.0, 0.0]",0,0.13567473851601827,1.1929298637853505,1.3392558189168209,0.05,2.966592550566116,"[1.2700425053309454, 0.38089106650530674, 0.197519503266245, 0.132036311275897]"
1900,,"[0.0, 0.0, 0.22742649550606103, 0.22767272675009312]",2,0.22851726290871696,1.5096609941399106,6.211829613495248,0.1,4.278829997858321,"[1.2869480271606333, 0.3943148539088074, 0.2083074861063106, 0.13892557379245132]"
1901,,"[0.12464959288530665, 0.0, 0.0, 0.09993880748017571]",2,0.15962155460376867,1.5177531535328144,5.746953649101105,0.2,3.0918773716956762,"[1.2885895591104186, 0.3891469456853847, 0.20332486765941865, 0.13448482077824186]"
1902,,"[0.0, 0.0, 0.3111727498315427, 0.0]",1,0.20103332735960072,0.7181986616493834,0.47378555884279755,0.1,24.977057131339475,"[1.2881707295303042, 0.3898307514399468, 0.20409468496597152, 0.13971028932294732]"
1903,,"[0.0, 0.3276801006741956, 0.27370170725446674, 0.0]",2,0.08533534741510207,1.5533228909095356,5.420781768518106,0.0,1.4881144109354372,"[1.3154621508697448, 0.3945476582294645, 0.20822214925682825, 0.14854330189078055]"
1904,,"[0.25273252815948116, 0.0, 0.2489370768994702, 0.0]",2,0.1375002689054218,0.5941173317789659,1.387957517358956,0.05,7.769862030721597,"[1.3204657336867376, 0.4000967954102901, 0.20959126416408771, 0.14194558327543066]"
1905,,"[0.0, 0.0, 0.0, 0.0]",0,0.07518807572394803,1.3743798664576337,1.1402220769641263,0.0,1.1940721242479737,"[1.2700425053309456, 0.38089106650530674, 0.19751950326624504, 0.132036311275897]"
1906,,"[0.0, 0.0, 0.0, 0.0]",0,0.18260178541677752,0.6461396073002827,2.3960149395804757,0.0,10.949094264203142,"[1.2700425053309454, 0.38089106650530674, 0.19751950326624496, 0.13203631127589696]"
1907,,"[0.0, 0.0, 0.0, 0.3411458116277048]",1,0.16958895960727938,1.768085458345349,0.8696464952119842,0.05,3.080257155424571,"[1.2785271394063775, 0.3943343890437931, 0.20774446684982958, 0.13496788174288]"
1908,,"[0.0, 0.0, 0.0, 0.0927719358752805]",1,0.20135126151488925,1.3221324008666593,2.05688659622839,0.1,4.310809558771269,"[1.2718463779201465, 0.3835574672530742, 0.19971296408233602, 0.1327684941659703]"
1909,,"[0.0, 0.0, 0.0, 0.2807689257150188]",1,0.20902248464654638,1.052790588145974,3.2477939474137227,0.2,8.117650395602809,"[1.2765677608507544, 0.3910382981211084, 0.20542733658092485, 0.13439905307893985]"
1910,,"[0.0, 0.0, 0.245050152040432, 0.20760849876151077]",2,0.19845438847389432,1.2175148890454288,4.521437392866846,0.2,4.95647503547138,"[1.2876147673309284, 0.39404364404027836, 0.20809036637787634, 0.13923058064546623]"
1911,,"[0.0, 0.0, 0.24079896767681047, 0.0]",1,0.0737280904001983,1.0457620578089366,1.1758846916114756,0.0,2.3048097656226263,"[1.2828903261576576, 0.38734075824382663, 0.2022302132986276, 0.1376810080283752]"
1912,,"[0.0, 0.2790023308225485, 0.0, 0.11020815414042541]",2,0.10611141210902514,0.6644914247008088,2.3604189117253127,0.2,8.686718310963174,"[1.2963190293178943, 0.38920174447475625, 0.2047946366693287, 0.14082625963541998]"
1913,,"[0.0, 0.2508479559105627, 0.16957793366741525, 0.0]",2,0.1855502207708104,1.357852797660595,6.082692703532909,0.0,3.3293948776952025,"[1.2993166441691835, 0.3895923813825582, 0.2044859733839257, 0.1427769215204426]"
1914,,"[0.0, 0.1752409009437325, 0.0, 0.22592424061539337]",2,0.060250017363927835,0.5352837566409414,1.3728604503793524,0.2,2.7199800697130256,"[1.2882915754904378, 0.39145651902111184, 0.2060657038899918, 0.13863795312311417]"
1915,,"[0.0, 0.07551029110547051, 0.0, 0.0]",1,0.16919304297794482,1.509838163147221,6.007703696587695,0.1,3.0274238117587244,"[1.2752145888868518, 0.38211702720978064, 0.1985868002838114, 0.13382264374306435]"
1916,,"[0.0, 0.0, 0.21928591502589237, 0.0]",1,0.22381911113686126,1.0540460698643577,5.3475606397283135,0.05,7.966112321641312,"[1.2814510165067987, 0.3866476104026689, 0.2017155023747316, 0.1370993478370743]"
1917,,"[0.0, 0.0, 0.27882726819313064, 0.0]",1,0.08791931789825241,0.5966501403930344,3.4754777148049367,0.1,4.173532027426889,"[1.285626238810983, 0.388640872943047, 0.2032007996153764, 0.13875269022908193]"
1918,,"[0.0, 0.0, 0.2450903075186418, 0.0]",1,0.1967561701684954,1.131608308624418,2.7502520096415415,0.05,5.7745020568894425,"[1.283186403806512, 0.3874825408239357, 0.20233573641840902, 0.13779912116236934]"
1919,,"[0.0, 0.0, 0.0, 0.05055848256272108]",1,0.1634268061890115,0.518341386393402,0.31944695797875666,0.0,5.254362518282237,"[1.2709919318819294, 0.3822804877068622, 0.19867274761146322, 0.13242972740903483]"
1920,,"[0.0, 0.0, 0.0, 0.0]",0,0.09743529600491385,1.5014909050211656,4.167684185190011,0.0,1.5190029025450205,"[1.2700425053309454, 0.3808910665053068, 0.19751950326624496, 0.132036311275897]"
1921,,"[0.0, 0.13915832317152133, 0.0, 0.1078311578864368]",2,0.054228144434621206,1.9050878647463603,0.6305034510569203,0.05,0.98525554779934,"[1.2823358337187172, 0.38636903353496055, 0.20211483427951724, 0.1364332961205385]"
1922,,"[0.0, 0.0, 0.0, 0.0]",0,0.052763196571144456,1.681089390172746,5.475247968741079,0.1,0.9386754554838053,"[1.2700425053309454, 0.3808910665053063, 0.1975195032662449, 0.1320363112758969]"
1923,,"[0.0, 0.2712034276927228, 0.0, 0.0]",1,0.06697242360002272,1.4777054129345042,3.9650407464200543,0.1,1.148987183792905,"[1.293296847171242, 0.3858255268398812, 0.20215587433450505, 0.13944838114631167]"
1924,,"[0.0, 0.0, 0.32913678616378717, 0.22638194535536368]",2,0.13288671317742407,0.8421736652613196,1.56405848054108,0.05,13.70600089798735,"[1.2945864649088707, 0.3977048023558242, 0.21120218954758233, 0.14169690042238556]"
1925,,"[0.3087047297374229, 0.0, 0.0, 0.0]",1,0.19323878783889845,1.1653725080735475,5.779592312551981,0.2,5.554926204042456,"[1.3183377930384175, 0.3967804301666307, 0.20739016358824186, 0.136146481869241]"
1926,,"[0.0, 0.0, 0.2713216571495946, 0.0]",1,0.07138886157651013,1.5581799530505562,6.201326541851547,0.2,1.3484658016747966,"[1.2850655276899476, 0.38837622153202067, 0.20300269555882522, 0.138536640893424]"
1927,,"[0.15654364300444362, 0.259490853682083, 0.0, 0.0]",2,0.22232792706373725,1.7853239498409985,3.77664515177095,0.0,4.227902512211605,"[1.3131837927648418, 0.3923949683071046, 0.2067208653107946, 0.14081083924791385]"
1928,,"[0.2740768328329726, 0.0, 0.19679168987179954, 0.0]",2,0.1650535631722745,1.5654923114753667,3.5984172489044837,0.2,3.016201639539332,"[1.3210962078457795, 0.3997153362601658, 0.2092802893229387, 0.14071003693048845]"
1929,,"[0.0, 0.0, 0.0, 0.0]",0,0.09873385947625744,1.592134863466629,1.2401944435749013,0.05,1.729347197867659,"[1.2700425053309454, 0.3808910665053068, 0.19751950326624496, 0.13203631127589702]"
1930,,"[0.0, 0.0, 0.0, 0.22036222491823396]",1,0.06602527333030586,1.2104196125581312,5.926910290749667,0.0,1.7114049986771145,"[1.2748555063348612, 0.3882459188373146, 0.20336957898384225, 0.13385253841039885]"
1931,,"[0.0, 0.0, 0.0, 0.10092771002599886]",1,0.14448417600402338,1.5929135741794207,2.657552749277509,0.05,2.68485886996561,"[1.2720185792957395, 0.38381781815779814, 0.19992271713054863, 0.13283505178072721]"
1932,,"[0.0, 0.0, 0.34613547741540057, 0.0]",1,0.22176605622532714,0.543579934940786,1.8249623613929256,0.0,9.124566306678576,"[1.291180792784642, 0.391216118325192, 0.20514162151758486, 0.14079585933074776]"
1933,,"[0.31879811020954796, 0.0, 0.0, 0.0]",1,0.06553589366709603,1.144299458032264,6.211252757337234,0.0,1.762476475728429,"[1.3204232353909937, 0.39747808896243997, 0.20780261894261723, 0.13629138389127307]"
1934,,"[0.13375032503246564, 0.0, 0.0, 0.14134650510545324]",2,0.10733603686448662,0.6478717796513873,5.214924679989473,0.05,7.3099182357217565,"[1.2908180133180833, 0.39095871099047147, 0.2047108951771347, 0.1349883286964168]"
1935,,"[0.14482088513366367, 0.0, 0.0, 0.0]",1,0.09545115791259705,0.5606138131137348,6.003615337153409,0.0,3.667239414659246,"[1.2896641697473912, 0.3872673733771958, 0.20157021218356622, 0.13388760828653298]"
1936,,"[0.05636728815614589, 0.30258000025295506, 0.0, 0.0]",2,0.12319693663355713,1.4841494274860962,0.36194680507600807,0.0,2.117393771518172,"[1.3041588842126413, 0.38875819526194777, 0.20453097447098395, 0.14110848969080628]"
1937,,"[0.0, 0.0, 0.0, 0.05560948219944359]",1,0.09800181919797829,0.8918692761400036,2.420158679703175,0.05,7.563737973055419,"[1.2710910560655333, 0.38242735132639566, 0.19879334458328615, 0.13246976212052627]"
1938,,"[0.0, 0.1857440959039992, 0.0, 0.2988831742333583]",2,0.21940151552530499,0.6804204328080155,3.9504248461788047,0.05,18.501745387000398,"[1.2913436125142823, 0.39512065513416894, 0.20871822330619397, 0.13973851586025168]"
1939,,"[0.0, 0.0, 0.17666976957114872, 0.0]",1,0.17659502800387983,1.4723072718492942,0.4169843606491587,0.05,3.17907862170237,"[1.2788034517912668, 0.38535492036402386, 0.20076090896836032, 0.13599660065166227]"
1940,,"[0.18484675896121322, 0.0, 0.3273851746476679, 0.0]",2,0.2306308630754909,1.349267405892524,2.809479925497071,0.2,4.400350741744318,"[1.3149027096455788, 0.39911554291474244, 0.20930710218240264, 0.14334570494954504]"
1941,,"[0.0, 0.268322599421821, 0.15488124786244029, 0.0]",2,0.05244236742327988,1.1727915347965971,3.9946739790017536,0.2,1.3510018443294167,"[1.3004380986520887, 0.38954377133549534, 0.20456361900165282, 0.1429802775322044]"
1942,,"[0.0, 0.0, 0.18689627166259484, 0.07774644090208849]",2,0.23869793464305597,1.0695680260426466,6.195550384552847,0.2,9.329305105569675,"[1.2808949249416268, 0.3877969088233242, 0.20286809777917378, 0.13679569160242197]"
1943,,"[0.0, 0.2773288874848324, 0.0, 0.0]",1,0.20440665784559464,0.9518592306997435,0.2405059840323579,0.05,10.274040187383463,"[1.2940118735897181, 0.3859569566174669, 0.20229334495957493, 0.13965219942356352]"
1944,,"[0.1849271612050994, 0.0, 0.0, 0.0]",1,0.08749251806101375,1.3489910028727927,0.17862297951031683,0.05,1.6313688764247694,"[1.295915654324812, 0.38932508176183234, 0.20285655172361794, 0.1344241188304021]"
1945,,"[0.0, 0.0, 0.1745064070893776, 0.0]",1,0.16549490323808963,0.8530611143626753,4.144672158666749,0.2,18.901215380976073,"[1.278675710693991, 0.38529194659259425, 0.2007145858546127, 0.1359423085115487]"
1946,,"[0.0, 0.0, 0.0, 0.0]",0,0.2444396221676542,0.6026460121429289,0.15998890368895735,0.0,10.945064432554322,"[1.270042505330946, 0.3808910665053068, 0.19751950326624498, 0.1320363112758969]"
1947,,"[0.0, 0.27430787326889694, 0.3020237643294701, 0.0]",2,0.16530977880158004,1.9403157706816048,4.860842689560721,0.1,3.012408802224025,"[1.3109642092524323, 0.39438875816586955, 0.2078034333700383, 0.14745497454352988]"
1948,,"[0.0, 0.0, 0.20460093155817474, 0.0]",1,0.17731555635927587,0.5482769773083713,4.568905021102184,0.0,7.804916695447101,"[1.2805094769480105, 0.38619058212045615, 0.20137720717735028, 0.13671208337823001]"
1949,,"[0.17847257387700277, 0.0, 0.0, 0.0]",1,0.0767912827897938,1.4270388791172093,0.46843241820600384,0.2,1.487500284571987,"[1.2948809396114964, 0.38898374034338473, 0.20264406916650807, 0.13433706594303518]"
1950,,"[0.0, 0.0, 0.0, 0.34816163476963213]",1,0.1743591219537775,1.5951804659641895,6.271927219825152,0.05,3.1636226598670607,"[1.2787738165493137, 0.39475648440082994, 0.20803267728538283, 0.1350354835613341]"
1951,,"[0.14946884069690203, 0.0, 0.0, 0.21554162720939726]",2,0.061536301860238,1.7295148741786934,1.1937999590681454,0.2,1.230697643182792,"[1.2949443628867725, 0.39454471311780565, 0.20740967292859117, 0.1359250360746159]"
1952,,"[0.17478118223684982, 0.0, 0.0, 0.0]",1,0.12992789543424135,0.8577242923765692,1.4554499603150806,0.05,11.341285270346596,"[1.2942942819822427, 0.3887903378726997, 0.20252351268370333, 0.1342874026156525]"
1953,,"[0.0724729254825212, 0.0, 0.0, 0.0]",1,0.18272579749822213,1.8509374769953952,4.8318518292941715,0.2,3.5309160717549837,"[1.2793471207254459, 0.3838979086419977, 0.19943942502833004, 0.13294610884902652]"
1954,,"[0.0, 0.0, 0.0, 0.0]",0,0.19074914045125513,1.6554583531393743,6.264910576051386,0.0,3.3151452714486016,"[1.2700425053309452, 0.38089106650530674, 0.19751950326624498, 0.13203631127589696]"
1955,,"[0.0, 0.0, 0.0, 0.0]",0,0.17059716443696313,1.6837098184300903,1.3849853544928998,0.05,3.1276202628293217,"[1.2700425053309448, 0.38089106650530663, 0.19751950326624496, 0.13203631127589702]"
1956,,"[0.0, 0.0, 0.33929520870063906, 0.0]",1,0.18605390596236737,1.210478254904005,3.962305406653532,0.2,4.436977220918017,"[1.2905687847025158, 0.39093631072348445, 0.2049296626258557, 0.14057920985467662]"
1957,,"[0.0, 0.19360352855326238, 0.0, 0.10133449490321621]",2,0.17299795746250746,1.2690034895247941,1.4319034931827601,0.05,3.564657628273008,"[1.2870793783673393, 0.3871744002655938, 0.20288430095843302, 0.13796204578485277]"
1958,,"[0.0, 0.0, 0.11567834750925912, 0.0]",1,0.1503666006765366,1.9467041591253322,4.890043812302704,0.0,2.840664810986215,"[1.2754208980809347, 0.38366747638478205, 0.19952551736981677, 0.13452478267142068]"
1959,,"[0.0, 0.0, 0.0, 0.0]",0,0.23332232190886992,1.0573136364746099,3.073935745827822,0.05,8.902343748276772,"[1.2700425053309452, 0.38089106650530663, 0.19751950326624504, 0.132036311275897]"
1960,,"[0.20111805734474927, 0.0, 0.24654681581743118, 0.0]",2,0.1370536688721501,0.7223061560735621,5.554106955129396,0.2,23.433225111141294,"[1.311445166744954, 0.39699198173575495, 0.20782577765748075, 0.14100299294448715]"
1961,,"[0.10830322452549222, 0.1604266109984204, 0.0, 0.0]",2,0.2144861172218467,1.14157215347984,3.504027180255238,0.2,6.335524733644209,"[1.29628398393956, 0.38819620548169625, 0.20305502155059976, 0.1373437568469929]"
1962,,"[0.0, 0.0, 0.16430162831359993, 0.0]",1,0.07207692194888891,0.5494770881568608,3.2908947709752776,0.0,2.5443192448398175,"[1.278081271836301, 0.38499814471283844, 0.2004986907328005, 0.13568833636641833]"
1963,,"[0.22661800293505283, 0.0, 0.0, 0.0]",1,0.23001781086450723,0.544817756768754,3.9087371417272276,0.05,9.273077583812828,"[1.3028888643794212, 0.3916326016558493, 0.20428262586261034, 0.134992980531342]"
1964,,"[0.12445328600531974, 0.3367533481641406, 0.0, 0.0]",2,0.05310544928265251,0.7359513959381451,4.876373997061525,0.1,11.708099314158478,"[1.317981566673513, 0.392506740797202, 0.20763783349824272, 0.14302442645910174]"
1965,,"[0.31139555265989444, 0.293754960973096, 0.0, 0.0]",2,0.09775449474331399,1.944153777348213,2.6924058255082874,0.0,2.088278051531526,"[1.3443716065582194, 0.4019926995494165, 0.21371254397669512, 0.1436952571666689]"
1966,,"[0.10756522456671327, 0.0, 0.05165767948579793, 0.0]",2,0.19959711037976918,1.8848228788200512,4.512963539739099,0.05,3.5162780037091297,"[1.286434346763308, 0.386670731702226, 0.20125739659975583, 0.13451233197544812]"
1967,,"[0.08968085266343542, 0.0, 0.0, 0.0]",1,0.16219805694808317,1.1991621268854666,4.774345327021499,0.05,3.7649722693526755,"[1.2816996802602405, 0.3846631121460596, 0.1999255955463222, 0.13316700115678548]"
1968,,"[0.0, 0.2283219813102089, 0.24708910233037557, 0.0]",2,0.2459525584666166,0.724208582894628,5.325827478828303,0.0,34.72149584261837,"[1.301833534663142, 0.39151533908021896, 0.20566619858910737, 0.1441887194802156]"
1969,,"[0.0, 0.0785769582420531, 0.0, 0.0]",1,0.2203792227243643,1.7232943058399424,3.5896969043877673,0.1,3.8550753756850793,"[1.2754415975441005, 0.3821688975740245, 0.19863304450726493, 0.13389916283588915]"
1970,,"[0.0, 0.0, 0.3173427390440661, 0.0]",1,0.15497230979504675,1.5034465849119598,1.4206512356024852,0.1,2.9166209079114855,"[1.28868125194125, 0.39006736677353443, 0.20427304273248914, 0.13989797207521373]"
1971,,"[0.0, 0.0, 0.06932987983804449, 0.17765383577536448]",2,0.24468064791961572,0.6384856524422262,1.6263977616453,0.2,17.40071824640296,"[1.2768339909698045, 0.38807307185264617, 0.20326025037650894, 0.13487076400301806]"
1972,,"[0.12247717179667228, 0.1870244060911587, 0.0, 0.0]",2,0.20120321986827328,1.2844159410592704,2.4904007320759463,0.05,4.294059989669994,"[1.3007282284580535, 0.3893453196803658, 0.20401166595798784, 0.13825481903765968]"
1973,,"[0.0, 0.1596744259588599, 0.0, 0.19330053790310464]",2,0.09438021463297802,1.5452086351356058,0.31504186638304676,0.0,1.6480362041345258,"[1.286063028089854, 0.38981756086725133, 0.20480815836736743, 0.13783937152538225]"
1974,,"[0.0, 0.22031402188454366, 0.0, 0.22749576415885842]",2,0.12527209719558405,1.5103427732925219,2.144170923537726,0.2,2.4955233625833833,"[1.2926614373374496, 0.39239378322499496, 0.20689726702707822, 0.14008787722186242]"
1975,,"[0.0, 0.18406413556189113, 0.0, 0.0]",1,0.21430938936211685,0.5054486792981161,6.102559764705668,0.05,6.484801002912277,"[1.2842304220540288, 0.3840657923069333, 0.20039178931663806, 0.13674387529145252]"
1976,,"[0.0, 0.0, 0.0, 0.0]",0,0.08711979937741635,0.757980920889615,3.694695945193545,0.05,16.211016931101096,"[1.2700425053309454, 0.38089106650530663, 0.19751950326624498, 0.1320363112758969]"
1977,,"[0.0, 0.0, 0.0, 0.0]",0,0.22308334899227533,1.6637607520746698,4.884900469600892,0.0,4.134901837649593,"[1.2700425053309454, 0.38089106650530646, 0.19751950326624473, 0.13203631127589643]"
1978,,"[0.0, 0.2223650385530251, 0.0, 0.0]",1,0.16710923426455526,1.2782147265342396,6.007802875281873,0.0,3.691454509462551,"[1.2879783595543093, 0.38481517072944177, 0.2011261612188312, 0.13788931045527056]"
1979,,"[0.0, 0.0, 0.2250158559779837, 0.0]",1,0.05299567789256801,1.8001475892059862,0.5807870994857779,0.1,0.9071400006898966,"[1.28182722992433, 0.3868294223516658, 0.20185032080295356, 0.13725258755547487]"
1980,,"[0.22910658982483548, 0.0, 0.0, 0.0]",1,0.10913916889248072,1.6822540287727596,3.618337526059412,0.2,1.981581659693756,"[1.3033219363885165, 0.39177629225589244, 0.20437080031803703, 0.13502729787762632]"
1981,,"[0.2588162790508812, 0.0, 0.0, 0.0]",1,0.17585673363503806,1.6679650730819877,6.122395376855647,0.2,3.2359839623881825,"[1.308651925539807, 0.3935479895190326, 0.2054515040787856, 0.13544014172549956]"
1982,,"[0.0, 0.0, 0.0, 0.08842239807699012]",1,0.19616326995168792,1.7091654384292212,3.9885589383935827,0.2,3.659904189415429,"[1.2717555192566086, 0.3834205001307364, 0.19960229913391483, 0.1327331464043895]"
1983,,"[0.21029607470583656, 0.09391651527269565, 0.0, 0.0]",2,0.19362169707259158,1.4728232397464527,5.515360184728171,0.2,3.5122753263927007,"[1.306582467778262, 0.3921930156240747, 0.20521615872845206, 0.13691147286909236]"
1984,,"[0.31232781972987617, 0.0, 0.0, 0.3235862519293099]",2,0.17264061513693085,1.48148550182726,4.125302122468184,0.0,2.978263901665306,"[1.3265266098740927, 0.40901562115446155, 0.21714625310013483, 0.13970399062832045]"
1985,,"[0.0, 0.09793622168832282, 0.0, 0.0]",1,0.06649912652271331,1.2664916535793134,1.121688451820992,0.1,1.2576881694903868,"[1.2769084006873404, 0.3825003509041701, 0.19893074952499473, 0.1343898272973037]"
1986,,"[0.1776285003927674, 0.0, 0.0, 0.0]",1,0.10145304604164716,0.9291472637696605,0.47087716460582346,0.1,5.797213429766421,"[1.2947464700191702, 0.38893940161246676, 0.20261644127904527, 0.13432570207766747]"
1987,,"[0.0, 0.0, 0.32694325924672674, 0.0]",1,0.22144553324304048,1.8226122197007273,3.526517618675057,0.05,3.655009426522775,"[1.2894927592025573, 0.39044207372895395, 0.20455588383237344, 0.1401932891952253]"
1988,,"[0.20737276547341396, 0.0, 0.0, 0.19224173334516828]",2,0.21421737997586376,1.4536428054908832,0.38610022205137745,0.2,3.9506443261409667,"[1.3035546261642794, 0.3966086825897005, 0.2085806126697962, 0.13655346208589036]"
1989,,"[0.0, 0.0, 0.0, 0.0]",0,0.24513415948066516,1.3446147315025254,2.973175491788596,0.0,4.866233024497479,"[1.2700425053309454, 0.38089106650530663, 0.1975195032662451, 0.13203631127589696]"
1990,,"[0.23068729482419492, 0.2064900530822493, 0.0, 0.0]",2,0.08730883916798367,1.0542522755718673,2.3116436964500817,0.1,2.892975099319503,"[1.3197372758737864, 0.3953141976688756, 0.20817413203466112, 0.14012157660854305]"
1991,,"[0.0, 0.0, 0.16031046936727852, 0.05110518023911455]",2,0.14342941061146935,0.7799192458837482,1.9944307322705963,0.05,38.9991633735725,"[1.2788048312341584, 0.38625947560015866, 0.2016189840468874, 0.13594938448219426]"
1992,,"[0.3190057716495366, 0.0, 0.05114356542872231, 0.0]",2,0.05580695011125898,0.5212982493436906,3.4872297561010326,0.0,1.8962730145182047,"[1.3225927949740133, 0.39869274708757046, 0.2085479894505136, 0.1374998504835778]"
1993,,"[0.21849094193910676, 0.0, 0.2661745734342894, 0.0]",2,0.22685603965465106,1.4112186591898983,5.674313076744195,0.05,4.131208716699687,"[1.315690262304697, 0.39866402113564486, 0.20882854852902716, 0.14190827212457338]"
1994,,"[0.0, 0.0, 0.2930358282559349, 0.053262198677890865]",2,0.21680879776161868,0.885100848014281,4.151559854511475,0.1,16.196381994325304,"[1.2877053033144157, 0.390550782300799, 0.2048921997229212, 0.13949997975087464]"
1995,,"[0.0, 0.0, 0.2637965724362541, 0.30791826398972294]",2,0.1960843940305928,1.8876024368922855,2.3225140528140704,0.0,3.419109162775854,"[1.291811821086643, 0.3991916301871075, 0.21229324857906468, 0.1404823431397674]"
1996,,"[0.0, 0.12045248714327614, 0.21376934613549178, 0.0]",2,0.24021420937651322,0.7115217429351517,4.229758592503092,0.1,28.60697730323241,"[1.2897287484177336, 0.38843817096121863, 0.2031846781340888, 0.1400052930371222]"
1997,,"[0.0, 0.11618674942672302, 0.0, 0.3107563107904714]",2,0.2089446380258419,1.2643036951082989,4.789735372654636,0.1,4.784640315601858,"[1.28573134923655, 0.3944935763225332, 0.20808639056436787, 0.137754270516692]"
1998,,"[0.06481827717536186, 0.0, 0.0, 0.1754747676874577]",2,0.20755037610628294,1.5633485803197726,5.561252069648976,0.2,3.998008977044319,"[1.2819559499852071, 0.38907369248883855, 0.2036903515633121, 0.13433933445686308]"
1999,,"[0.0, 0.0, 0.0, 0.0]",0,0.24574518432534764,1.0241066991236742,2.3610450954595317,0.05,9.897184884501085,"[1.2700425053309452, 0.38089106650530696, 0.19751950326624504, 0.13203631127589704]"
2000,,"[0.0, 0.0, 0.2635437219779272, 0.0]",1,0.05325976075655672,0.6143034107189993,0.7955226715217264,0.1,2.8896749659882968,"[1.2844955478141642, 0.38810625845653224, 0.2028008917972728, 0.13831513489855857]"
2001,,"[0.1745467628282296, 0.0, 0.0, 0.0]",1,0.18723695805125257,1.0809399181296655,4.745480188689553,0.05,5.292963062090925,"[1.2942571504999445, 0.38877809999184965, 0.20251588029887727, 0.13428425178415315]"
2002,,"[0.0, 0.06392443588253183, 0.0, 0.2592415200346856]",2,0.205044255121197,0.9896909833018277,4.237358347411468,0.2,9.04686009807203,"[1.2802264253737228, 0.3910057986549578, 0.20549474388326813, 0.13580615679434538]"
2003,,"[0.0, 0.28961282911319813, 0.0, 0.0]",1,0.2207476022709126,1.252580152278636,5.844300714796501,0.0,5.0751628523624746,"[1.2954809307416428, 0.3862238891200042, 0.20257513804805427, 0.14006673645752413]"
2004,,"[0.0, 0.3254641911351109, 0.0, 0.0]",1,0.2185197760200982,1.934785383456349,3.2119971965836163,0.0,4.091508653415281,"[1.300057416424376, 0.3870300242278388, 0.20344789106701183, 0.1413224136751265]"
2005,,"[0.05088836923592133, 0.0, 0.25796706033900096, 0.0]",2,0.20494165938433562,0.6630072133581486,2.7785919161584465,0.05,14.64076086483565,"[1.2904416492116455, 0.3900300013389796, 0.20387416140980982, 0.13893446725967623]"
2006,,"[0.0, 0.0, 0.0, 0.0]",0,0.07107053478327004,0.5876706187131852,3.353868046656896,0.05,3.0446880615610015,"[1.2700425053309456, 0.38089106650530663, 0.1975195032662449, 0.13203631127589696]"
2007,,"[0.0, 0.21309260684660714, 0.0, 0.0]",1,0.13160934596169313,0.910649708827292,3.8351373056604445,0.05,8.422693860786488,"[1.2870393163911111, 0.3846304568551913, 0.20094290344541166, 0.13760601109872553]"
2008,,"[0.0, 0.0, 0.0, 0.24363736639686365]",1,0.11089520523881641,0.8288980138935861,1.5178552630650648,0.1,16.646052653560165,"[1.2754893814204027, 0.3892696286386287, 0.20413424040175304, 0.13406049381343216]"
2009,,"[0.0, 0.0, 0.1011253542660379, 0.0]",1,0.07737785700309872,1.0236089146972287,5.517072571115588,0.0,3.0477896117562286,"[1.2746755908511684, 0.38328986951190774, 0.19925074962243944, 0.1341908650387756]"
2010,,"[0.0, 0.0, 0.0, 0.0]",0,0.23053949759869444,1.8111980126076994,0.5422823784285369,0.1,4.256054377423737,"[1.2700425053309456, 0.38089106650530674, 0.19751950326624496, 0.13203631127589696]"
2011,,"[0.25927993485975015, 0.0, 0.0, 0.07130308732663933]",2,0.24956751906355332,0.5489457745877961,5.644175662286622,0.1,10.710702454781174,"[1.310040632121018, 0.39552342991253264, 0.20711785708740393, 0.13611920357503257]"
2012,,"[0.0, 0.339311808917136, 0.0, 0.08025493166780882]",2,0.06336419030404648,0.9056464974696529,3.6135189462523107,0.05,3.8730781241675776,"[1.3034346114641553, 0.38961393176338, 0.2055034001867702, 0.14269045477811546]"
2013,,"[0.0, 0.0, 0.0, 0.0]",0,0.1895717358382483,0.8539636090806281,1.8436983801399767,0.2,22.77341455145615,"[1.270042505330945, 0.38089106650530674, 0.19751950326624507, 0.13203631127589702]"
2014,,"[0.0, 0.34451670126013, 0.2780655345984618, 0.0]",2,0.19194314905195442,0.9393214341851107,0.3342861151815664,0.1,9.812750959820706,"[1.3181031757447028, 0.39509428029237353, 0.20869698758249453, 0.14934533998113006]"
2015,,"[0.0, 0.05116299738414203, 0.0, 0.08429287235249532]",2,0.10040346594157806,1.25303017587372,5.400666201577736,0.2,2.572371809834452,"[1.2750819245382574, 0.3841081320286085, 0.20018966852819262, 0.13391483753037273]"
2016,,"[0.3289117206008608, 0.0, 0.0, 0.0]",1,0.17218145502629703,0.6850622263460564,0.4703354706053055,0.0,17.04092540820603,"[1.3225594411650519, 0.39819320502351685, 0.20822310345021633, 0.13643724919978314]"
2017,,"[0.0, 0.09792506548501756, 0.0, 0.30036325418110177]",2,0.05328835383147053,1.3800973853757974,1.5910942525290572,0.2,1.058176202528696,"[1.283975907965277, 0.39362386831425417, 0.2074352179693361, 0.13713033079430798]"
2018,,"[0.10203328387295779, 0.0, 0.07081554493502139, 0.0]",2,0.06347390639250206,1.7137414334450585,1.977714468200842,0.05,1.1158511816392351,"[1.2865349245859454, 0.3868798331666501, 0.20141709938110755, 0.13486950422250502]"
2019,,"[0.0, 0.0, 0.0, 0.26572610067432045]",1,0.15093243734515563,1.6520137114896878,5.070473864100395,0.2,3.095877998544954,"[1.2761203734401376, 0.390300466145022, 0.20489218481671095, 0.1342608775203814]"
2020,,"[0.33664993192375586, 0.0, 0.0, 0.3404057986107279]",2,0.15653213991834747,1.9127008179366023,3.649362662916196,0.1,3.298295676291468,"[1.332164258630732, 0.4116294686116944, 0.21886655429312601, 0.1403359134484675]"
2021,,"[0.0, 0.0, 0.0, 0.22345981019216032]",1,0.186063130371901,1.7519381187036145,1.0741338915691818,0.0,3.3788813495375862,"[1.2749381224242853, 0.3883786602334227, 0.20346940645030348, 0.13388002714291872]"
2022,,"[0.0, 0.0, 0.28291973181186497, 0.0]",1,0.11196230249291811,1.3709820694220944,2.556273315543493,0.05,2.082301411632173,"[1.2859365062616983, 0.3887869292538103, 0.20331024308176107, 0.13887145359020675]"
2023,,"[0.05012284513082992, 0.0, 0.0, 0.0]",1,0.22105826794861155,1.1749368488939549,3.3313341564235173,0.1,6.318414357689473,"[1.276377505308125, 0.3829347918800297, 0.19882594468686707, 0.13266201565644653]"
2024,,"[0.0, 0.0, 0.0, 0.14354733458013477]",1,0.06948660801221625,1.6408612452286775,0.009502612482943717,0.05,1.2470470717909945,"[1.2729595862479572, 0.3852579301351149, 0.20106869216219334, 0.133188828049074]"
2025,,"[0.0, 0.0, 0.23098095186874137, 0.22106157029786958]",2,0.20310539410642373,1.2646008463700253,5.450503009620997,0.2,4.807574489234239,"[1.2870087334651537, 0.3941486473075206, 0.20817363834425204, 0.1389662441636924]"
2026,,"[0.0, 0.0, 0.0, 0.0]",0,0.17725368005873782,1.1699686807730802,4.880441280777833,0.0,4.330225050113133,"[1.2700425053309454, 0.38089106650530663, 0.19751950326624493, 0.13203631127589696]"
2027,,"[0.0, 0.0, 0.1675897121321938, 0.0]",1,0.06135801692754701,1.5446405730875001,0.2683905137698727,0.0,1.07116387343938,"[1.278271356922723, 0.38509223042602286, 0.20056778779858647, 0.13576978722038435]"
2028,,"[0.0, 0.0, 0.0, 0.0]",0,0.12418449195160249,1.0703184658227531,4.896628532065712,0.0,3.9026226162670383,"[1.2700425053309454, 0.3808910665053068, 0.19751950326624498, 0.13203631127589696]"
2029,,"[0.0777045579846086, 0.3293385724072291, 0.0, 0.0]",2,0.11592793304950902,0.822276064811385,1.9321293078030786,0.1,13.897064545502184,"[1.3104655417874331, 0.39025692081156066, 0.20588990066576185, 0.14226753338678]"
2030,,"[0.0, 0.0, 0.0, 0.30215827871815065]",1,0.09569322024620167,1.044085536510699,2.4245836155987295,0.0,3.5859112187652764,"[1.2772304605037246, 0.3921415303121578, 0.2062161833269889, 0.13459794125685823]"
2031,,"[0.0, 0.17510176382659987, 0.0, 0.0]",1,0.22920100713965852,0.5487000075658011,1.741806576329165,0.1,10.125217371935559,"[1.2834010636689126, 0.3838954612443209, 0.20022816462180545, 0.13648505041211909]"
2032,,"[0.20637355332170473, 0.0, 0.0, 0.3414030009307466]",2,0.12738714195039005,1.5852896201419484,1.713815511451248,0.2,2.5869714318124664,"[1.3076435723576574, 0.403665562807848, 0.21386196915369965, 0.1381399902029203]"
2033,,"[0.0, 0.10436511898214654, 0.0, 0.2247727507703558]",2,0.1148365772749074,1.6694941606721487,0.7543406664695698,0.2,2.0408211271850867,"[1.28229314569596, 0.390133567263182, 0.2049230641150479, 0.13656414348001195]"
2034,,"[0.0, 0.3487326295139335, 0.0, 0.0]",1,0.08544765075339558,1.1391733188080402,0.6193267681629541,0.1,2.324906001207988,"[1.3032822604659393, 0.38757642947069965, 0.20405876372795895, 0.14217557649886442]"
2035,,"[0.08275297933794681, 0.0, 0.0, 0.09228106102694061]",2,0.059839478251151504,0.5700036619657258,6.097211234203427,0.05,2.399487521490675,"[1.2825172460229233, 0.38698323104703125, 0.20190557871462209, 0.13384927460528678]"
2036,,"[0.11269119228705535, 0.0, 0.22233219054461423, 0.0]",2,0.08628082080796176,1.9072857638695122,2.1819561597609467,0.2,1.5990226700590415,"[1.2963831977499338, 0.39164284676932676, 0.20465955888449308, 0.1388736132480405]"
2037,,"[0.08401792903171389, 0.0, 0.0, 0.1545429161362622]",2,0.12471674934983568,0.8734819941839063,2.6019926406115745,0.1,11.094609847778761,"[1.28405139518921, 0.3891338090009713, 0.2036191884357512, 0.13441557561097617]"
2038,,"[0.0, 0.0, 0.0, 0.0]",0,0.2426124945934031,1.592029482695896,2.299590374303865,0.2,4.486637588193097,"[1.2700425053309452, 0.3808910665053068, 0.19751950326624504, 0.13203631127589696]"
2039,,"[0.23766680081172525, 0.0, 0.0, 0.0]",1,0.2334082364632894,0.5693807196267817,4.29112730148706,0.0,11.024405813404938,"[1.3048270092414422, 0.3922759858791294, 0.20467683036618106, 0.1351456535811513]"
2040,,"[0.0, 0.12751292614940113, 0.0, 0.27522482910340956]",2,0.08933403710412391,0.5836747207850671,4.560715812348532,0.1,4.670845221756469,"[1.285552108360985, 0.3928569161081511, 0.20695717806625671, 0.13771778275459737]"
2041,,"[0.0, 0.0, 0.0, 0.0]",0,0.2184599045080374,1.847155374366233,4.806545478412917,0.0,3.894269637508354,"[1.2700425053309459, 0.38089106650530674, 0.197519503266245, 0.132036311275897]"
2042,,"[0.0, 0.0, 0.0, 0.0]",0,0.18888547173442682,1.953105810534993,5.293222283664456,0.0,3.1797345384143476,"[1.2700425053309452, 0.38089106650530663, 0.19751950326624504, 0.13203631127589693]"
2043,,"[0.0, 0.32429996641624265, 0.0, 0.0]",1,0.0509370102631056,1.161484183585558,5.2731729348549745,0.0,1.3329028818808406,"[1.2999015873437265, 0.3870031821225756, 0.20341829145177873, 0.1412805328500076]"
2044,,"[0.13206849071976268, 0.0, 0.17733358404164146, 0.0]",2,0.09128481492439407,1.5537461146306686,3.3270023287045247,0.2,1.6778417973905477,"[1.296412463571957, 0.39118508549097974, 0.20425585033945448, 0.1379313657736711]"
2045,,"[0.0, 0.19519984210273367, 0.06442036148497107, 0.0]",2,0.13798214540926068,0.9086046053065746,1.8688385640623801,0.0,8.348040858970101,"[1.288126438170193, 0.3857440447028415, 0.20158921497626198, 0.1384601180950691]"
2046,,"[0.0, 0.0, 0.0, 0.22400983588344073]",1,0.06560132060235968,0.914912946475531,3.759492152563421,0.1,4.354771379311278,"[1.2749528468963385, 0.3884023401010196, 0.20348719354649936, 0.13388491418629428]"
2047,,"[0.0, 0.0, 0.0, 0.0]",0,0.13232108365293208,0.579769976511121,3.6410844581679154,0.1,5.666450736883029,"[1.2700425053309456, 0.38089106650530674, 0.19751950326624512, 0.13203631127589702]"
2048,,"[0.0, 0.0, 0.0, 0.07864968781751905]",1,0.15319965347222628,0.6851071689750009,5.912674875576952,0.0,11.800261704151378,"[1.271553801426392, 0.38311741240837127, 0.19935663846100524, 0.132654098966308]"
2049,,"[0.0, 0.0, 0.0, 0.0]",0,0.1906481371076757,1.9155325929882843,0.6977730386860478,0.0,3.233978748618438,"[1.2700425053309454, 0.38089106650530674, 0.19751950326624504, 0.13203631127589696]"
2050,,"[0.3220104435576207, 0.0, 0.0, 0.28280019920007454]",2,0.1021861994126905,0.7096811005131651,4.820000478319998,0.0,14.48857898738426,"[1.3273029999092654, 0.40757532829654414, 0.2159754955713229, 0.13937521609483372]"
2051,,"[0.08455780671345195, 0.0, 0.0, 0.0703057262940832]",2,0.20562955009602582,0.5483756771479219,2.397509344696403,0.05,8.15432766217161,"[1.2823181367644825, 0.38639029875258807, 0.2014069698104729, 0.13368505522715554]"
2052,,"[0.0, 0.2919528723905938, 0.0, 0.0]",1,0.24799962299924394,0.5373861180709747,3.0602889197214687,0.1,9.283440580420738,"[1.295766249435776, 0.38627525806708696, 0.20262976995843127, 0.14014659376462063]"
2053,,"[0.0, 0.0, 0.3078220262947961, 0.0]",1,0.07137772867076378,1.854336902962206,4.106591775987129,0.05,1.388645768971424,"[1.2878969945928185, 0.3897035958383665, 0.20399891717789276, 0.139609049244349]"
2054,,"[0.0, 0.0, 0.26632933046994095, 0.25664605124964707]",2,0.06236875441819383,1.4929097760221322,4.238127632919039,0.1,1.1337679360373893,"[1.2904504069166378, 0.3968012775642286, 0.2103854943336813, 0.1401581078912847]"
2055,,"[0.0, 0.0, 0.0, 0.0]",0,0.18771088168865419,0.5151834750554611,3.434524234965974,0.05,6.058924000866032,"[1.2700425053309452, 0.38089106650530663, 0.19751950326624504, 0.13203631127589696]"
2056,,"[0.13881743323334345, 0.0, 0.0, 0.0]",1,0.17366933950218233,1.7485233321022624,0.15882697168987525,0.1,2.8820030188980197,"[1.2887633359848814, 0.38697180304937456, 0.2013844252010387, 0.1338081991239859]"
2057,,"[0.0, 0.27639405746276935, 0.0, 0.0]",1,0.053280515375368244,1.6146779686734112,1.8494805971859538,0.0,0.9595277842912535,"[1.293902009699692, 0.3859368273276638, 0.20227223627963872, 0.13962097048992014]"
2058,,"[0.0, 0.0, 0.0, 0.0]",0,0.17921445516232587,1.8183650110418483,4.534601075906725,0.0,3.235083533829532,"[1.2700425053309454, 0.3808910665053068, 0.19751950326624507, 0.13203631127589696]"
2059,,"[0.0, 0.0, 0.13840866344032832, 0.286677710962829]",2,0.05039711568292069,1.6117617574488934,6.2121313779704765,0.1,0.9162785082610075,"[1.2832992907878982, 0.39452846539533687, 0.20831387238578936, 0.1372806179297907]"
2060,,"[0.0, 0.0, 0.3128960233325, 0.12968689286568105]",2,0.13762975488959697,1.5672167247371487,2.6658830407679956,0.2,2.467018030108052,"[1.2908777219764047, 0.3935735282659529, 0.2075691045242754, 0.1405736762330686]"
2061,,"[0.0, 0.0, 0.0, 0.0]",0,0.2355879084055653,1.6174164230355588,4.967570955242786,0.1,4.469793839945626,"[1.270042505330945, 0.3808910665053068, 0.19751950326624498, 0.13203631127589696]"
2062,,"[0.0, 0.0, 0.0, 0.0]",0,0.16419358171265958,1.448945735608754,3.4956901830668485,0.05,3.0809711522354286,"[1.2700425053309456, 0.38089106650530674, 0.19751950326624512, 0.13203631127589704]"
2063,,"[0.0, 0.0, 0.0, 0.0]",0,0.20192595019995446,1.36206845526644,1.3337931791625381,0.05,3.5408114886146396,"[1.2700425053309456, 0.3808910665053068, 0.197519503266245, 0.132036311275897]"
2064,,"[0.0, 0.0, 0.2511147704609516, 0.0]",1,0.14064505697516805,1.2669139084775651,1.2184707368624452,0.1,2.778559153359468,"[1.2836072970220125, 0.38768363158206365, 0.20248553788997883, 0.1379661282777136]"
2065,,"[0.13102820587582018, 0.0, 0.1003575535887567, 0.0]",2,0.1471307682988958,0.6035458902677495,1.0894926456146086,0.05,7.847539709311436,"[1.2921254081463451, 0.3889993777869231, 0.202774441518699, 0.13596339434358604]"
2066,,"[0.0, 0.0, 0.0, 0.0]",0,0.05722423738102054,1.2719901956836765,3.5546575837748056,0.05,1.2916650589996466,"[1.2700425053309454, 0.3808910665053068, 0.19751950326624504, 0.13203631127589693]"
2067,,"[0.0, 0.0, 0.2669338256183912, 0.0]",1,0.08181960996900416,1.2202008682425576,3.0383898831450336,0.2,2.109687741639128,"[1.2847426159834956, 0.38822339581863685, 0.2028884202092342, 0.13841138477354314]"
2068,,"[0.0, 0.3085887537391567, 0.09404067809594308, 0.0]",2,0.18826805743361433,0.9270612165921726,2.9021609850473142,0.0,10.242642953246143,"[1.3021057865850367, 0.38882056398340986, 0.2044115242018278, 0.14285984294119267]"
2069,,"[0.0, 0.0, 0.0, 0.28391793190572323]",1,0.2437527344163114,1.1971010421643955,2.419099384217774,0.2,7.268092919152773,"[1.276663321613975, 0.39119663058862253, 0.2055413812557641, 0.1344281551838088]"
2070,,"[0.0, 0.34864649400554354, 0.0, 0.2466153860481428]",2,0.19475535320875836,1.6871560491325535,5.5688794173398275,0.1,3.274941039086793,"[1.3085748699773594, 0.39603121397385443, 0.2101686236696888, 0.145027603300098]"
2071,,"[0.0, 0.0, 0.05233821500644728, 0.0]",1,0.09303924195279326,0.6256004290951198,5.451261465217225,0.05,5.2083129445170036,"[1.272328854218638, 0.38208628230000374, 0.19837904924965752, 0.13311656294697974]"
2072,,"[0.0, 0.29092020641557814, 0.0, 0.0]",1,0.10350451830573382,1.2407717406377143,1.7227522461690767,0.1,2.3040804241761443,"[1.2956401179575832, 0.38625256808438463, 0.20260562253805306, 0.14011131716822967]"
2073,,"[0.0, 0.0, 0.0, 0.0]",0,0.13181494560693663,0.7622041750914375,4.442889920473663,0.05,27.358524862361264,"[1.270042505330945, 0.3808910665053068, 0.19751950326624504, 0.13203631127589693]"
2074,,"[0.0, 0.0, 0.0, 0.24597859533773686]",1,0.2437197580619308,1.219783056977681,5.261542475321897,0.05,6.29967881325173,"[1.275554861288235, 0.38937606041771866, 0.20421305403180479, 0.13408159235768424]"
2075,,"[0.0, 0.12576601439303742, 0.19499343193975174, 0.0]",2,0.21657895081507186,0.9076089088580657,4.5802974877362965,0.05,13.39534248698062,"[1.288980219789395, 0.38795799889031995, 0.20285647510179336, 0.1396494816147915]"
2076,,"[0.21270738501093, 0.0, 0.0, 0.0]",1,0.14899289592502843,0.639045497814872,0.5958233696644001,0.0,9.24052704636038,"[1.3005041463156912, 0.3908421347377059, 0.20379621082321606, 0.13480190484648008]"
2077,,"[0.090137620665496, 0.0, 0.0, 0.0]",1,0.09492105679630142,0.8478239685617799,6.194335522891278,0.0,10.188957406681853,"[1.2817629418976875, 0.38468371531336365, 0.19993866915972824, 0.13317289026528722]"
2078,,"[0.0, 0.30368262695904946, 0.0, 0.17813577730515814]",2,0.09555484275550104,1.3440338551903257,2.898905646676272,0.05,1.770081674963429,"[1.300834528656713, 0.39214264297759643, 0.20711266538236967, 0.14245553383932955]"
2079,,"[0.3366363822980511, 0.11563244804050238, 0.0, 0.0]",2,0.24616485430849672,0.6692379029830511,3.019781182461389,0.2,24.021599915426027,"[1.3323325271704811, 0.4005430016787257, 0.21058331027152324, 0.1391306331962063]"
2080,,"[0.057958579793886446, 0.0, 0.08650971516760661, 0.0]",2,0.07189488414481511,0.5663261739467189,0.5582620201371237,0.2,3.249647671310658,"[1.2812869896570849, 0.3853068533229404, 0.2004684432615539, 0.13463103352805147]"
2081,,"[0.20467126461685656, 0.0, 0.0, 0.0]",1,0.11323602237906075,1.935618654318063,0.8613113424836227,0.2,2.1713267603143764,"[1.2991535881895935, 0.3903950612245986, 0.20352011411426202, 0.13469210050495942]"
2082,,"[0.0, 0.0, 0.0, 0.2602819856957708]",1,0.10403864141789161,1.2234221580760456,4.305588037959622,0.2,2.362793539667693,"[1.2759620622632133, 0.39004074960400714, 0.20470235531621397, 0.13421121352913795]"
2083,,"[0.0, 0.0, 0.0, 0.2656590117777272]",1,0.14914995459534106,1.7467915646811039,1.1393764708582061,0.0,2.74674084742857,"[1.2761184111128283, 0.3902972424441018, 0.20488983324010404, 0.13426026439610517]"
2084,,"[0.2984726363346774, 0.0, 0.0, 0.0]",1,0.11472317661491649,1.2467126784110065,3.132051153217352,0.05,2.5647057876020427,"[1.3162691773242339, 0.39608891620352704, 0.2069791998059233, 0.13600027375688786]"
2085,,"[0.24795762669876312, 0.33618169768141254, 0.0, 0.0]",2,0.13777925031441288,0.7064039713063179,4.894287032069718,0.1,20.93554629536017,"[1.3377014091931032, 0.39890276027962407, 0.21225999769611498, 0.1443473826606916]"
2086,,"[0.0, 0.0, 0.14660209558206186, 0.2897176043720733]",2,0.1992195926665972,1.4459215850851068,2.1786121444249824,0.05,3.8454084841338814,"[1.2838405952539331, 0.39489224350865915, 0.20860948449420758, 0.13748989206302908]"
2087,,"[0.15205815009277268, 0.0, 0.3312659908314301, 0.0]",2,0.05067580966236567,1.9395976366598062,0.9670748673625498,0.05,0.9738101685180047,"[1.3101861262559837, 0.397537031199455, 0.20846639282177193, 0.14289619756940045]"
2088,,"[0.0, 0.0, 0.0, 0.2951969005589392]",1,0.18054995729045215,1.1362219043667117,3.8270949322537757,0.05,4.951364367685183,"[1.2770112221516452, 0.39177520956866163, 0.2059557497150517, 0.13453289768126617]"
2089,,"[0.25441405577829374, 0.0, 0.0, 0.06257528779658328]",2,0.08095184925920565,1.5805032298946005,6.234687474019689,0.1,1.456544423298103,"[1.3089795335514813, 0.3949727938344561, 0.20672417050228545, 0.13596481565749868]"
2090,,"[0.07981296215206028, 0.0, 0.0, 0.0]",1,0.23282196440267108,1.879282784255514,3.3744075180264534,0.05,4.020404338289284,"[1.280343360189816, 0.38422171473356903, 0.19964529777312814, 0.13304009966078484]"
2091,,"[0.0, 0.2944153754647151, 0.20751530376781666, 0.0]",2,0.08883057923347262,1.4923860299520064,4.686154096805812,0.2,1.6361879509401172,"[1.3066700615325084, 0.39163682475454303, 0.20611018807874115, 0.14532139660728455]"
2092,,"[0.0, 0.0, 0.0, 0.0]",0,0.17731826415749133,1.344856646452306,4.29146905737622,0.05,3.1889109221066243,"[1.2700425053309456, 0.3808910665053064, 0.197519503266245, 0.132036311275897]"
2093,,"[0.0, 0.0, 0.0, 0.0]",0,0.05445933636293687,0.8082001471726897,2.3428734799937603,0.0,11.524206492338637,"[1.2700425053309456, 0.3808910665053066, 0.19751950326624473, 0.1320363112758969]"
2094,,"[0.0, 0.11898506824451784, 0.19127352423281688, 0.0]",2,0.19494899961700315,0.8373231351021572,3.982199381428011,0.05,22.65375061705561,"[1.2882007358758474, 0.3877281851054048, 0.20267653870956537, 0.13936470424361722]"
2095,,"[0.0, 0.0, 0.0694886829791319, 0.0]",1,0.1812606558939236,0.5436543317042971,3.9062208747544327,0.05,6.962446421172027,"[1.273128427966653, 0.3824989187098161, 0.19867720202866423, 0.13348651042181348]"
2096,,"[0.0, 0.0, 0.0, 0.21176175344558137]",1,0.1477772187290942,1.9662035000244231,4.131703187970554,0.0,2.728838303682428,"[1.2746288243981756, 0.38788276830495155, 0.2030954403795104, 0.1337765147779693]"
2097,,"[0.34734286044457197, 0.30223112113525474, 0.0, 0.0]",2,0.1841857362806871,0.9407119066241025,5.090959400706823,0.0,7.163336510273634,"[1.3530268380465733, 0.4046754074283615, 0.21562654683271013, 0.1443881419911562]"
2098,,"[0.2593377504677033, 0.0, 0.0, 0.34013345549680324]",2,0.15235593051149088,1.9357958547770195,3.1834513293128857,0.0,3.1453366126810214,"[1.3168223384984519, 0.40659201487608687, 0.21572614383396785, 0.13900276774235779]"
2099,,"[0.0, 0.05265590856525015, 0.0, 0.23045897809319116]",2,0.22934785019381454,1.936710153523349,5.46683602064805,0.1,3.9401654309561076,"[1.2786278947262466, 0.3895149185461691, 0.20437955858616152, 0.13524301594393334]"
2100,,"[0.26391754878213175, 0.0, 0.0, 0.0]",1,0.13946396471900083,0.6513974349006599,1.6092543165669535,0.05,10.36647341147414,"[1.3095981557430607, 0.3938631007390722, 0.2056424196312505, 0.1355116139408206]"
2101,,"[0.0, 0.0, 0.0, 0.12146052743698471]",1,0.1551744395859376,1.1240978752043236,5.522174335437048,0.1,4.773721448784067,"[1.2724630542225543, 0.3844943961509451, 0.20046411496407138, 0.13300423114526116]"
2102,,"[0.19756691804707277, 0.0, 0.08629931421460856, 0.0]",2,0.20487172271747867,1.6390819955116778,0.8382285407838632,0.2,3.935711830332453,"[1.3017689028733843, 0.3920640533692014, 0.20462454166022323, 0.13657384750577345]"
2103,,"[0.0, 0.08484645176368233, 0.19719876306036138, 0.0]",2,0.24992002269908087,1.783397541993771,5.615097377454346,0.1,4.167742674221539,"[1.2859067345212252, 0.3873224570304631, 0.20231293393011707, 0.138607393765461]"
2104,,"[0.0, 0.0, 0.0, 0.0]",0,0.10822790140963208,0.593438660798197,1.064288167132726,0.0,5.195107867256862,"[1.2700425053309459, 0.3808910665053063, 0.19751950326624515, 0.132036311275897]"
2105,,"[0.0, 0.20053659879602728, 0.0, 0.056471044746827875]",2,0.14569900934125854,1.5280570310098522,0.19750486312655535,0.1,2.645087760423423,"[1.2868450914428802, 0.3859373359362495, 0.20193767704886575, 0.13774714463930826]"
2106,,"[0.0, 0.24702799114661858, 0.0, 0.0]",1,0.05775295125551177,0.960253234444344,0.36209372780398674,0.05,2.8455481814336925,"[1.290582496822253, 0.38531728321224273, 0.20163200689697885, 0.1386622578400373]"
2107,,"[0.0, 0.22689808920851914, 0.0, 0.0]",1,0.22165878005579406,1.5499971791849303,1.8423580342133337,0.05,4.122460043418276,"[1.2884451937923649, 0.38490626650347765, 0.2012170926337291, 0.13802924150358759]"
2108,,"[0.1376774940033073, 0.0, 0.0, 0.32368815927305816]",2,0.1908614305021547,1.3201557777224573,0.3225432914724287,0.2,4.287427787002055,"[1.29631276347383, 0.39918292200595473, 0.21089472969257836, 0.1368529008958088]"
2109,,"[0.0, 0.1471093010706914, 0.0, 0.06303143343802452]",2,0.15576011579032345,0.8743672719307911,4.627019147561312,0.05,12.741214776631764,"[1.2820963973257458, 0.38512295776630606, 0.20114564860491133, 0.136250468813586]"
2110,,"[0.29354323729055676, 0.0, 0.06913499770278297, 0.0]",2,0.17351972163869267,1.9864185936830605,4.377059022827767,0.2,3.5207218497242962,"[1.3182270979482502, 0.3974030610377968, 0.20780409500084407, 0.1375623150340299]"
2111,,"[0.33251705655580577, 0.0, 0.050157086375647836, 0.0]",2,0.15790521534640276,1.9563226590646552,2.2511734822784883,0.1,3.11955727532188,"[1.3254100121956198, 0.3996298671688672, 0.20909275582790468, 0.13767769098387925]"
2112,,"[0.29564471974213485, 0.1372701177648038, 0.0, 0.0]",2,0.09712318623097299,1.521040456899621,2.5596118275983217,0.2,1.7395820969098337,"[1.3255842108896623, 0.39807495787807723, 0.20927439937111206, 0.13910972053312165]"
2113,,"[0.22564998770169273, 0.0, 0.0, 0.0]",1,0.05515908096087292,1.3860961414495436,0.5812300592489562,0.0,0.9980667076784846,"[1.3027209441460383, 0.391576898058616, 0.20424842326186576, 0.13497964271450727]"
2114,,"[0.0, 0.05224720643873944, 0.0, 0.28382441821835874]",2,0.11029095356897621,0.5099491779862428,6.134618047474697,0.0,3.389974770579118,"[1.280126110010295, 0.39201375040995373, 0.20620433616175846, 0.13573646145359347]"
2115,,"[0.0, 0.0, 0.0, 0.22194520964080375]",1,0.05104055666946394,1.7174957022778137,3.6055027882978385,0.1,0.9092130497784809,"[1.274897661150538, 0.388313624245361, 0.20342052171416505, 0.13386657906224508]"
2116,,"[0.319898098014792, 0.0, 0.29660968679848043, 0.0]",2,0.09155885000745485,0.5106987856092379,6.204051062456518,0.2,3.435875524696798,"[1.3367852211234317, 0.40630607254250584, 0.213108366425949, 0.14473242748764298]"
2117,,"[0.0, 0.05303363430863267, 0.0, 0.0]",1,0.22386854761258862,1.4604475574467237,5.57318889320256,0.0,4.1182731002455375,"[1.2735933458305142, 0.3817419865138537, 0.19825514288318583, 0.1332715922175584]"
2118,,"[0.0, 0.0, 0.0, 0.0]",0,0.20097326827308137,1.2756873307127115,3.445301865416659,0.0,4.574415078592511,"[1.2700425053309452, 0.38089106650530674, 0.19751950326624493, 0.13203631127589693]"
2119,,"[0.0, 0.1860029739253774, 0.0, 0.26553862118967025]",2,0.0541668423957739,1.0894767472984892,6.004572080685997,0.2,1.944497853797278,"[1.2903741839640754, 0.39345705354637195, 0.20754565700501637, 0.13938747497860388]"
2120,,"[0.0, 0.0, 0.1281889453886496, 0.23718218362085527]",2,0.2344098689147998,0.8067072733945293,1.2602152859385087,0.1,48.40685105943611,"[1.2813195820886654, 0.39195170202435853, 0.20632512543632744, 0.13663664097373346]"
2121,,"[0.0, 0.0, 0.07164340365278014, 0.08223499254213067]",2,0.1301937370520437,1.533689761409915,4.1297539326657375,0.0,2.192496461976314,"[1.2748102244529906, 0.3848680954866407, 0.20066601971015235, 0.134154582847996]"
2122,,"[0.0, 0.0, 0.0, 0.0]",0,0.08328943069483215,1.8020051447309295,2.016324041357727,0.2,1.5133545353878295,"[1.2700425053309454, 0.38089106650530663, 0.19751950326624504, 0.132036311275897]"
2123,,"[0.11170497255134938, 0.0, 0.2970665813458494, 0.0]",2,0.17380044459780844,1.194331890253469,5.943137368497505,0.1,4.584899066575966,"[1.301549435234542, 0.3941954307906116, 0.2064384081973942, 0.1410880916041567]"
2124,,"[0.16293299512877724, 0.0, 0.0, 0.07427895207266665]",2,0.07699198727832002,1.7466396421044985,0.5812098749957924,0.05,1.2705798486953868,"[1.2938221122945508, 0.39023760552260095, 0.203864269360972, 0.13478207851308543]"
2125,,"[0.0, 0.34521118402868095, 0.061837979659294065, 0.0]",2,0.09824621858358232,1.8091094558578302,4.453143844917084,0.2,1.748554179424106,"[1.3054909030252562, 0.38888373124386505, 0.2048257253370528, 0.14343632117658348]"
2126,,"[0.0, 0.0, 0.26586318584937485, 0.3143896121667482]",2,0.23882480840345557,0.9418339177999058,6.000086000743018,0.2,13.947529336451826,"[1.2921700233360909, 0.39959567695853293, 0.21261785076421533, 0.1405867775038126]"
2127,,"[0.26153804729283775, 0.0, 0.0, 0.0]",1,0.17480228410638057,1.7001246732434923,3.3423538182360613,0.2,3.287817767149861,"[1.3091556057276492, 0.39371570340794015, 0.20555316644043964, 0.13547825416868953]"
2128,,"[0.0, 0.2831020157874846, 0.0833086507936362, 0.0]",2,0.11165601068063269,1.2465055429113816,4.609952288218696,0.05,2.2793012814824993,"[1.2984317946307942, 0.38799420137673596, 0.2036612637040674, 0.14171028134515165]"
2129,,"[0.29565202497896015, 0.0, 0.0, 0.0]",1,0.19135541237497258,0.5923161504739304,5.554006197703099,0.1,10.417511904504773,"[1.3157067420801623, 0.3959009976187228, 0.2068671573681446, 0.13596009093656553]"
2130,,"[0.17453214471761191, 0.0, 0.0, 0.0]",1,0.14094769576779234,0.6179802709345739,0.6589912462443246,0.0,7.472628961404909,"[1.2942548355133456, 0.3887773370257983, 0.20251540444519234, 0.13428405531400056]"
2131,,"[0.0, 0.3408993564781753, 0.0, 0.0]",1,0.20372756484026538,1.132577103863345,4.892199948287132,0.2,5.258676149398496,"[1.302172572690622, 0.38739033335193107, 0.20384891128615854, 0.1418848970174058]"
2132,,"[0.0, 0.16963279377734494, 0.0, 0.0]",1,0.13641358234644302,1.6718910423038063,3.2407239162289967,0.0,2.377178990623187,"[1.2829033127953469, 0.38379241886546633, 0.20012975360835866, 0.13632876860115803]"
2133,,"[0.0, 0.0, 0.11277115946332224, 0.0]",1,0.11641446813292473,0.5361861358180692,4.125117012533015,0.05,4.555114558290947,"[1.2752702397073175, 0.3835913209677128, 0.19947005287878314, 0.13445756539872847]"
2134,,"[0.0, 0.0, 0.0, 0.0]",0,0.21991545478857627,0.89649755574795,3.2752483454008745,0.2,19.090478245937717,"[1.270042505330945, 0.38089106650530663, 0.197519503266245, 0.13203631127589693]"
2135,,"[0.1490772140800408, 0.0, 0.0, 0.0]",1,0.19685545817121855,1.7172925052242478,5.645891210587126,0.05,3.665232919343935,"[1.2903081443394975, 0.38747881712495796, 0.20170297063913853, 0.13394404947016608]"
2136,,"[0.0, 0.0, 0.19674048312204787, 0.0]",1,0.1494644133705321,0.9177508459028112,5.944920008229612,0.0,9.324951781290281,"[1.2800184271507011, 0.38595106255069894, 0.20120026115692385, 0.13650797040739399]"
2137,,"[0.09801523928785551, 0.0, 0.0, 0.0]",1,0.12481768134712107,0.5410240009264999,2.794288774481112,0.1,4.5748587483280625,"[1.2828607810150163, 0.38504147859033455, 0.20016554000080716, 0.13327466633795884]"
2138,,"[0.0, 0.0, 0.0, 0.0]",0,0.0755845042260001,1.6184448007170142,5.99485384608208,0.2,1.3884187755954818,"[1.2700425053309454, 0.38089106650530674, 0.19751950326624504, 0.13203631127589702]"
2139,,"[0.15865294684502784, 0.0, 0.3147987948625744, 0.0]",2,0.23544186683957127,0.8036462931605377,2.8379086668346742,0.2,42.12732030951301,"[1.3098129850963434, 0.3972169260900511, 0.20820608606199015, 0.14245931673331302]"
2140,,"[0.0, 0.0, 0.08709890355164887, 0.1355143052287498]",2,0.10654984869978011,1.582955624613988,5.850832559525099,0.0,1.8689318715236554,"[1.2767009291988918, 0.38697491425753383, 0.20237091609790694, 0.1349069670551621]"
2141,,"[0.0, 0.0, 0.0, 0.26647883352123936]",1,0.10822489848278274,1.458136628034371,0.45847815255913055,0.0,1.9820857019816067,"[1.2761424103219614, 0.39033667580576425, 0.2049185904539449, 0.13426775862609783]"
2142,,"[0.22497081785436002, 0.0, 0.0, 0.0]",1,0.08529686292951207,1.9871589754415215,0.5789706871830814,0.1,1.7418224297324296,"[1.3026033081517685, 0.3915378788622779, 0.20422445823706512, 0.13497028843985767]"
2143,,"[0.0, 0.0, 0.0, 0.13867645744579088]",1,0.24307841878471248,1.9255264779962373,5.443347711086948,0.0,4.204866170176135,"[1.2728483790052836, 0.3850862216326659, 0.20093332247348578, 0.13314788331617872]"
2144,,"[0.0, 0.14226624675622082, 0.0, 0.0]",1,0.10267325547668651,0.7332232399730245,4.31394803192346,0.05,14.350696515069128,"[1.2805030305389997, 0.3832866699856617, 0.1996528631210762, 0.13556509810456252]"
2145,,"[0.0, 0.0, 0.2732218053277756, 0.0]",1,0.1112060761964252,1.0147866312751028,2.525308712750059,0.2,5.0655408826398585,"[1.2852064742713931, 0.38844283268852653, 0.20305253204435325, 0.13859112212582134]"
2146,,"[0.0, 0.0, 0.0, 0.0]",0,0.07856660386249326,1.1897808183542873,2.278694297657856,0.1,2.200819177825993,"[1.2700425053309456, 0.38089106650530674, 0.197519503266245, 0.13203631127589693]"
2147,,"[0.0, 0.15867541873683794, 0.0, 0.0]",1,0.12096257372438818,1.8113908918408745,4.350898976442382,0.2,2.2176966893836605,"[1.281924499191806, 0.38358797065125855, 0.19993575740947003, 0.1360193661437352]"
2148,,"[0.0, 0.23511088913931816, 0.0, 0.0]",1,0.1706341775979115,0.9030422698320991,0.4756428710449084,0.1,11.680754441481142,"[1.2893043259496015, 0.3850726638274767, 0.20138414616702086, 0.13828519513216858]"
2149,,"[0.0, 0.0, 0.0, 0.0]",0,0.22805823046805707,0.6191509395948428,3.647801736041682,0.05,11.618211392572046,"[1.2700425053309456, 0.38089106650530674, 0.19751950326624493, 0.13203631127589696]"
2150,,"[0.09489090783794867, 0.0, 0.0, 0.0]",1,0.21116757207880754,1.0128201277541917,1.2678112876263483,0.2,8.013927677225416,"[1.282423822133452, 0.38489903364228933, 0.2000752437554027, 0.13323425355294502]"
2151,,"[0.0, 0.347321213450977, 0.1361943085471114, 0.0]",2,0.18731200154717864,1.2222129102119745,2.993673243211353,0.1,4.4737549030395956,"[1.3095091757288841, 0.3908028704559571, 0.20603975263025973, 0.14535470787720833]"
2152,,"[0.0, 0.13135789697883501, 0.0, 0.06673973107115164]",2,0.08059257113471328,1.9372495164349197,5.246961235113255,0.1,1.3792423381847732,"[1.2808407570511338, 0.38494823003403134, 0.20097356686678153, 0.13584671421414918]"
2153,,"[0.0, 0.0, 0.23271770991907975, 0.0]",1,0.15566909436923101,1.3596057619536124,2.489903730497668,0.0,2.90232668824496,"[1.2823410017390666, 0.3870769834779588, 0.20203411160047016, 0.13746048061396934]"
2154,,"[0.0, 0.32949913986112084, 0.0, 0.0]",1,0.12362837549444855,0.959072548740346,2.2330261145083474,0.05,5.625533968673995,"[1.3006014478043357, 0.3871234122567711, 0.20355116862073147, 0.14146815147705474]"
2155,,"[0.19702521118832134, 0.24607091328522454, 0.0, 0.0]",2,0.057865072101637674,0.9090531343136001,2.502305078820044,0.05,3.270751153563092,"[1.318106206060824, 0.39420862583443317, 0.20783528834892134, 0.1408713538337746]"
2156,,"[0.0, 0.0, 0.0, 0.0]",0,0.05710212772027965,1.5570344445808635,1.2590494413953786,0.0,0.9857220112245415,"[1.2700425053309452, 0.38089106650530663, 0.197519503266245, 0.1320363112758969]"
2157,,"[0.0, 0.0, 0.0, 0.0]",0,0.09487371312935043,1.8228117523479357,3.1903881600954924,0.2,1.7619251394865851,"[1.2700425053309454, 0.3808910665053066, 0.19751950326624496, 0.13203631127589696]"
2158,,"[0.0, 0.0, 0.0, 0.0]",0,0.05617253748812523,1.9024138472873642,5.96769548788665,0.1,0.992926891333007,"[1.2700425053309456, 0.38089106650530663, 0.19751950326624493, 0.13203631127589696]"
2159,,"[0.0, 0.30703845934478124, 0.0, 0.0]",1,0.09410377633162235,0.7238046645935803,4.928053813173399,0.1,14.244183584445125,"[1.297649360801463, 0.3866105256138436, 0.20298958332496994, 0.14066837440714375]"
2160,,"[0.0, 0.2820802058886433, 0.0, 0.0]",1,0.06716185020653613,1.5700222874931984,5.9364069157185275,0.05,1.1510673196579722,"[1.2945744476647625, 0.38605966571046313, 0.20240135844006107, 0.13981161405327824]"
2161,,"[0.0, 0.0, 0.0, 0.2817250689468714]",1,0.21789337749113402,1.0572733746900527,4.502992434270324,0.0,6.6819225115141885,"[1.2765967050678146, 0.3910862280844568, 0.2054618894063361, 0.13440788294849237]"
2162,,"[0.0, 0.0, 0.2510620751622336, 0.0]",1,0.220528605557421,0.7398668391149901,2.117612955095229,0.2,40.32689107421502,"[1.2836035886326167, 0.3876818621729612, 0.20248421907764425, 0.13796466141301958]"
2163,,"[0.14522279319137693, 0.0, 0.0, 0.27390518203861935]",2,0.1839590932921609,1.7452849640279244,0.21529325424401105,0.1,3.294436795119718,"[1.29590103151605, 0.39695639962657386, 0.20925230706186937, 0.13644971062492978]"
2164,,"[0.16724810280827745, 0.0, 0.26376241214169427, 0.0]",2,0.20056231517581574,1.2181146504827456,2.1037344883466185,0.2,5.154685994166658,"[1.307256136878865, 0.3957614544836874, 0.20717904582178712, 0.14097116248149405]"
2165,,"[0.0, 0.0, 0.32044035679089694, 0.0]",1,0.13194196076500148,0.9021425351308228,4.124372244990705,0.0,8.53504594266253,"[1.288940776083002, 0.39018738665856983, 0.2043635859137474, 0.13999281757203022]"
2166,,"[0.0, 0.332784468332044, 0.0, 0.0]",1,0.24227307736062587,1.5803597996925636,2.909462360354464,0.0,4.134213867068893,"[1.3010490053664467, 0.3871998658774303, 0.203636061984734, 0.1415874914441529]"
2167,,"[0.29505831248193093, 0.0, 0.0, 0.0]",1,0.16818773747876703,1.550453486750027,0.519026160539439,0.1,2.8891878222266816,"[1.3155887767418293, 0.39586158903029917, 0.2068436413185232, 0.13595163951026012]"
2168,,"[0.18210668568232036, 0.0, 0.0, 0.2145661991230937]",2,0.13704966845939864,1.9245365568142625,5.27377533910946,0.0,2.7376583640954975,"[1.2999870711910535, 0.3961549848653003, 0.2084282670833984, 0.13640069088984927]"
2169,,"[0.12796383840976297, 0.0, 0.22849798120959772, 0.0]",2,0.13249722567430178,1.870932566158686,4.8261616378657575,0.2,2.575063476492671,"[1.2989750290497477, 0.39257780606814313, 0.2052260147879316, 0.13928734769848414]"
2170,,"[0.08889964645275157, 0.0, 0.0, 0.33978500215442553]",2,0.12231398291567129,1.7088866655030257,3.4342011145856084,0.0,2.184453249492255,"[1.2899152979350972, 0.3978817699736939, 0.2100866987939903, 0.13627152924155717]"
2171,,"[0.0, 0.08560620025172243, 0.24562702029508218, 0.0]",2,0.21569805197908046,0.5603460577631552,4.48193250162873,0.0,9.848894521854696,"[1.2891373079992599, 0.3888653351308236, 0.2034281167478708, 0.1399439585102356]"
2172,,"[0.0, 0.0, 0.11776136069558993, 0.0]",1,0.15720274282884228,1.5158381019400609,5.667566540578495,0.05,2.818208665727514,"[1.2755293992089727, 0.3837222675312646, 0.19956543762037235, 0.1345731028833275]"
2173,,"[0.0, 0.0, 0.32943411374909304, 0.11353954209580167]",2,0.18474365138320475,1.0769715454223492,0.9668190488999464,0.2,5.568940323724499,"[1.2919189466217549, 0.39368769839151335, 0.20760490603969098, 0.14096302414719736]"
2174,,"[0.2515628961260136, 0.0, 0.1556780361593325, 0.0]",2,0.07205333398870076,0.8719061297968601,4.863789023235593,0.0,4.98585700916605,"[1.3146022436878226, 0.39706757782997404, 0.20769229305017817, 0.1391781772052705]"
2175,,"[0.0, 0.08377883804059726, 0.0, 0.16848005399501387]",2,0.1727913082693185,0.5683473509537689,2.7580224959874378,0.1,6.773007891828192,"[1.279306201598911, 0.3875213393122827, 0.20291421206636012, 0.13548173512229428]"
2176,,"[0.0, 0.21256929332521948, 0.0, 0.0]",1,0.09254539768796638,0.668769275164705,3.227866383502067,0.05,6.746701193958421,"[1.2869869436232455, 0.38462009629384103, 0.20093266873093066, 0.13759013869282344]"
2177,,"[0.1687099124597597, 0.0, 0.0, 0.31213491559800144]",2,0.0977999063566763,0.7577857643535716,3.698220902795632,0.0,24.61688225539029,"[1.3006439903185103, 0.40006748211444476, 0.2114258837361946, 0.13721400829540623]"
2178,,"[0.0, 0.0, 0.31833935181764034, 0.0]",1,0.14241869316749356,1.8268000599850847,1.2358357560373494,0.2,2.734683185525037,"[1.2887645128639256, 0.390105890983606, 0.20430210009034178, 0.13992844180483704]"
2179,,"[0.0, 0.0, 0.0, 0.0]",0,0.09465985594659537,1.1752614647608963,2.784057139140417,0.2,2.7730533047921107,"[1.2700425053309456, 0.38089106650530663, 0.19751950326624496, 0.13203631127589693]"
2180,,"[0.0, 0.0, 0.0, 0.1676890101804188]",1,0.08786701412816654,0.5172346967705908,5.106925236439667,0.1,3.4843370462357526,"[1.2735257228277508, 0.38613827173113985, 0.20175734065809808, 0.13339374814884022]"
2181,,"[0.0, 0.0, 0.10410332557727629, 0.0]",1,0.17367725568871104,1.7646660185316574,3.881553873452744,0.2,2.882471019798295,"[1.2748263156820283, 0.38336640953623907, 0.1993063946449398, 0.13425867579351217]"
2182,,"[0.0, 0.0, 0.31483407622453097, 0.0]",1,0.0903374724949822,1.0810287104816392,5.428532744836998,0.0,2.9132569027912707,"[1.2884726564601856, 0.3899707709985532, 0.20420020660932117, 0.1398214641235661]"
2183,,"[0.0, 0.0, 0.0, 0.3330520336886206]",1,0.132560515376667,1.283057031882177,3.7231816928359835,0.2,3.017344017595318,"[1.2782478349141064, 0.39385833201280496, 0.207417118750392, 0.1348902861814769]"
2184,,"[0.1428447277604084, 0.0, 0.1572026328896454, 0.0]",2,0.23850337030566876,1.8418964565076488,4.463689004046588,0.2,4.335652067023608,"[1.296859332360353, 0.3911293939030613, 0.20417530950848292, 0.13755984557043835]"
2185,,"[0.06303699925139747, 0.0, 0.0, 0.0]",1,0.12094302673978151,1.553095700211599,2.119066633328623,0.05,2.2654679464207397,"[1.278081841421173, 0.3834871620186031, 0.19917799079770798, 0.13282578249928226]"
2186,,"[0.0, 0.32535885065066006, 0.0, 0.0]",1,0.05295623541296977,0.5799249357844081,1.958221812252104,0.0,2.605888773135006,"[1.3000432958767438, 0.387027593619723, 0.20344520920149523, 0.14131862112805813]"
2187,,"[0.14672856532072354, 0.0, 0.0, 0.0]",1,0.18023465667849772,1.205352347044342,6.254656970770934,0.05,4.667333128948588,"[1.289952249703712, 0.3873619466188257, 0.20162960709077427, 0.13391289059661515]"
2188,,"[0.32129859318019066, 0.0, 0.0, 0.0]",1,0.23073275127704626,1.9689811744957535,4.6604480438132185,0.2,5.017890639917462,"[1.3209469753516658, 0.39765337420395186, 0.2079059018557916, 0.13632738489054294]"
2189,,"[0.0, 0.0, 0.0, 0.0]",0,0.09650631020815975,0.7084125165615374,3.5471706207629237,0.1,9.306452889000182,"[1.2700425053309454, 0.38089106650530674, 0.19751950326624493, 0.13203631127589693]"
2190,,"[0.1453769645227194, 0.0, 0.22607868986734958, 0.0]",2,0.14843772488577095,1.726178691697969,4.415566281699292,0.2,2.7955107557674768,"[1.3013791565653403, 0.3933605236535404, 0.2056735108495194, 0.13949182626484227]"
2191,,"[0.07008757986724878, 0.0, 0.2602778736918173, 0.0]",2,0.2266535056682053,0.877679575830741,5.819344623771874,0.1,17.74083925301462,"[1.2931195498635744, 0.39095091567864065, 0.20441470203620876, 0.13930053370641562]"
2192,,"[0.0, 0.0, 0.17631986083375334, 0.0]",1,0.09612415222851606,0.781810703823427,0.5276754497562682,0.05,26.295161130338375,"[1.2787827491290238, 0.3853447182439116, 0.20075340320559376, 0.13598780849973272]"
2193,,"[0.0, 0.0, 0.0, 0.2711466036413745]",1,0.06783497285116045,0.9057617590347798,2.3991045442549708,0.1,4.803599304354427,"[1.2762798765879684, 0.39056286589703554, 0.20508320413038222, 0.13431050674794398]"
2194,,"[0.0, 0.0, 0.24535689908726843, 0.23925368406881567]",2,0.10951289159620313,1.4840553711082345,0.09157295476472352,0.05,1.9759072090991792,"[1.2884758990628007, 0.3953635859022523, 0.2091810436837999, 0.13947508742878442]"
2195,,"[0.0, 0.12766756611230906, 0.13953155630926295, 0.0]",2,0.1583497396537837,1.9155504957786254,0.5905209571199418,0.1,2.7804243757547344,"[1.2859224939457496, 0.38640960050686934, 0.2017694398946531, 0.13829001907145894]"
2196,,"[0.0, 0.0, 0.0, 0.16543966193713064]",1,0.13165099738508265,1.2262982252034356,4.8630810302925305,0.05,3.127987571962741,"[1.2734718922431563, 0.38605412224403796, 0.2016919038479271, 0.13337451474723105]"
2197,,"[0.0, 0.15162071396768434, 0.0, 0.0]",1,0.05661937755277,1.1998461403313778,5.491019950186448,0.05,1.5113231344418483,"[1.2813069908190582, 0.3834577284362673, 0.19981303726107402, 0.13582274698545674]"
2198,,"[0.0, 0.2543620543186371, 0.1483926197333258, 0.0]",2,0.10150040848239326,1.184270491390214,3.7038084386117323,0.05,2.5026597796594747,"[1.298502162753955, 0.38907285623131366, 0.204162352964508, 0.14234260547953595]"
2199,,"[0.0, 0.09481733629374979, 0.0, 0.05830783325203797]",2,0.18904217084918196,1.0029488032904057,3.451867342740045,0.1,8.607493858036666,"[1.2777605952888402, 0.3840575099304146, 0.20019752212634886, 0.1347981559989476]"
2200,,"[0.0, 0.07783315615930118, 0.1403524998897862, 0.0]",2,0.10648746233070479,1.4574387824160562,5.386025871279413,0.2,2.1036466773405276,"[1.2820763754287845, 0.38557587353547934, 0.20104575025418442, 0.1369903716411144]"
2201,,"[0.0, 0.0, 0.0, 0.0]",0,0.16808043591307864,0.6607909098875169,3.864709397977913,0.1,11.494030241357844,"[1.2700425053309456, 0.3808910665053068, 0.19751950326624504, 0.13203631127589693]"
2202,,"[0.0, 0.0, 0.0, 0.2200311609493824]",1,0.2280421388610752,1.3494366041824795,1.660901737030813,0.05,4.318445394321973,"[1.2748467072704746, 0.3882317933384039, 0.20335894408502564, 0.13384960384788788]"
2203,,"[0.0, 0.0, 0.13536884000272187, 0.0]",1,0.05811825492724032,1.737890172615179,3.52534338534912,0.0,1.0751981336763639,"[1.2764654781781466, 0.3841931005431158, 0.19990901610078737, 0.13498691363617157]"
2204,,"[0.0, 0.0, 0.0, 0.0]",0,0.18827322987940218,1.9400376995452797,4.632520229515064,0.2,3.3963834098394914,"[1.2700425053309454, 0.38089106650530674, 0.1975195032662451, 0.132036311275897]"
2205,,"[0.12526339682095344, 0.0, 0.0, 0.0]",1,0.16738999393357273,1.9492048308065248,5.334902059995719,0.2,3.364441305778126,"[1.2867609023970468, 0.3863156892658803, 0.20097117269124107, 0.1336297746917853]"
2206,,"[0.2509568520263273, 0.0, 0.0, 0.0]",1,0.22943673087976454,1.0222994145411475,5.788260988445087,0.05,8.587103389167337,"[1.3072123776280649, 0.39306891709549485, 0.20516048635139267, 0.13533036175437949]"
2207,,"[0.0, 0.0, 0.0, 0.2539587466683611]",1,0.19004938823999362,1.2341854372967127,0.2045640713961115,0.05,4.724343372271443,"[1.2757805097281019, 0.38974379710174356, 0.20448437640126751, 0.13415375709986893]"
2208,,"[0.31772899507483365, 0.0, 0.0, 0.0]",1,0.20517824901213122,1.349774121560434,3.6444118616794023,0.1,3.72979445777778,"[1.32020017473822, 0.39740344376935927, 0.20775859358195964, 0.13627600374438442]"
2209,,"[0.0, 0.0, 0.13560694521461558, 0.0]",1,0.13630525645657263,1.8326647428923701,3.4723593904420915,0.1,2.375287107087972,"[1.2764783738739616, 0.3841995637223673, 0.19991373910241694, 0.1349925761135806]"
2210,,"[0.0, 0.0, 0.21383687891220693, 0.0]",1,0.24627981353747264,1.1547189193284888,2.064151442297018,0.1,6.926640033377115,"[1.2810978986637547, 0.3864765445351625, 0.20158877686086143, 0.13695473714032846]"
2211,,"[0.0, 0.0, 0.12411333996102751, 0.19116568107539816]",2,0.23454634668868193,1.128336996607231,3.1315140482006063,0.05,6.96789084394374,"[1.2799002314591554, 0.38994410842289595, 0.20474200736977846, 0.1361689184886504]"
2212,,"[0.11139442820849613, 0.11365711646810142, 0.0, 0.0]",2,0.1832724905320194,1.9478973648608497,3.776060959944806,0.05,3.2570475374637047,"[1.2928111989513262, 0.3875107965525665, 0.2023139735260995, 0.13614328641502121]"
2213,,"[0.10878620543822183, 0.0, 0.0, 0.18492870173942644]",2,0.0975561168339899,0.54047448467946,0.5257629526575992,0.0,3.5063602196856896,"[1.2882226751757153, 0.39138524610827974, 0.20522434514633497, 0.13504167470290376]"
2214,,"[0.1341691184793941, 0.0, 0.0, 0.0]",1,0.249009454598313,1.5468801410194923,1.2016025799784753,0.2,4.477822476925092,"[1.2880717609088894, 0.3867450612430697, 0.20124174075923118, 0.13374687511679342]"
2215,,"[0.0, 0.08479973269492859, 0.2455314821585029, 0.0]",2,0.21542570308279693,1.7209048587639089,0.517574969233023,0.0,3.5078235423930444,"[1.289070095197687, 0.3888487007525929, 0.20341493721730747, 0.13991997250608634]"
2216,,"[0.0, 0.2275839110761602, 0.1381199433380077, 0.0]",2,0.14521201327319078,0.6007259260971212,3.253668741020783,0.2,7.397161547882557,"[1.2950704295901208, 0.38824857836741994, 0.2034547330312867, 0.14121008658080564]"
2217,,"[0.0, 0.24905852978740706, 0.254336125449036, 0.0]",2,0.18012764746996704,0.7896909223129551,2.884390541728185,0.05,37.36568229747986,"[1.3045456236625652, 0.39217620511657036, 0.2062047885545357, 0.1450946750708745]"
2218,,"[0.0, 0.0, 0.10970553753373131, 0.0]",1,0.15146131158851495,1.5341181187821389,5.402947952943992,0.1,2.841364442239892,"[1.2751123378177158, 0.3835114093093176, 0.19941187963029017, 0.13438696326405702]"
2219,,"[0.10321429930560692, 0.330055667756932, 0.0, 0.0]",2,0.14424818326948916,1.0768905047289046,1.8106934038141849,0.05,4.028970551108809,"[1.3140559331059247, 0.39138975640131346, 0.20673637811373918, 0.14256232510841182]"
2220,,"[0.30368200306533993, 0.19013751820579508, 0.0, 0.0]",2,0.19944872021655272,1.3227901432283375,4.48831930599881,0.0,3.254385469934587,"[1.3318310944455796, 0.39952517037148433, 0.2107306340761337, 0.1405915950274177]"
2221,,"[0.0, 0.3177091857603656, 0.0, 0.17835596618254376]",2,0.227236989478548,1.7828345046396292,5.48809678808805,0.2,4.214710217568102,"[1.3026369117606282, 0.39246741502615257, 0.2074365260761233, 0.14298343239427302]"
2222,,"[0.30168162042376534, 0.0, 0.0, 0.0]",1,0.24972004499453773,1.4825860653816645,3.402193561351455,0.1,4.416330239763006,"[1.3169131188526146, 0.3963041194996929, 0.20710732033269152, 0.1360460531835189]"
2223,,"[0.0, 0.0, 0.0, 0.0]",0,0.11610972807829581,0.8660866448761365,0.48464533888640504,0.1,11.88717302817469,"[1.2700425053309452, 0.3808910665053069, 0.19751950326624484, 0.1320363112758969]"
2224,,"[0.11787352538744165, 0.14887120713616808, 0.0, 0.0]",2,0.24987947727199716,1.5140034932385222,6.021536331625019,0.1,4.503861390465741,"[1.2966466658047568, 0.38843175803904445, 0.2031372870543107, 0.1371465098723358]"
2225,,"[0.0841915811701972, 0.0, 0.0, 0.0]",1,0.2178658290660036,1.7829761265360946,5.023164162577104,0.2,3.901521687784448,"[1.2809427603810064, 0.3844167036612068, 0.19976916964186853, 0.13309633222233871]"
2226,,"[0.0, 0.0, 0.06214039100658874, 0.0]",1,0.07302911921576763,0.8730431770369337,3.8956710376750707,0.2,7.502317563303871,"[1.272782605793299, 0.3823207804899858, 0.19854839804769844, 0.13332700249565801]"
2227,,"[0.2576475142780616, 0.0, 0.0, 0.27928495588217456]",2,0.12339273979313861,0.5481987805172694,4.348033856756177,0.05,5.841553017501148,"[1.314633554583018, 0.40327089615092004, 0.21329438819312416, 0.13827107933767438]"
2228,,"[0.07191411094021839, 0.0, 0.0, 0.0]",1,0.07966409645666844,0.792674219834522,2.8459784245963253,0.2,22.297361202054557,"[1.2792717085254615, 0.38387341173367207, 0.19942384190183443, 0.1329389671379624]"
2229,,"[0.20290534290835638, 0.0, 0.0, 0.0]",1,0.05434971956887531,1.5549653964127492,2.242874983589204,0.05,0.9814230416275908,"[1.2988593914733848, 0.39029773310174454, 0.2034599152335109, 0.13466802803258926]"
2230,,"[0.3084415391363106, 0.0, 0.0, 0.06930464968243721]",2,0.23871463955794714,0.6210467996625129,2.3033328474624017,0.1,15.50815491246768,"[1.3195348038577779, 0.39863746928602045, 0.2089804502641393, 0.13682044630197515]"
2231,,"[0.0, 0.0, 0.0, 0.0]",0,0.07088100474124708,0.6822073091859391,2.5544957021858563,0.0,5.371420434196465,"[1.2700425053309454, 0.38089106650530674, 0.19751950326624496, 0.13203631127589696]"
2232,,"[0.1399988422350464, 0.0, 0.09311218677676532, 0.0]",2,0.1934396766483091,1.2952736013340127,4.503957621923054,0.05,3.701282443416466,"[1.2930963478405046, 0.3892511705402654, 0.20291703729201202, 0.1359163184689799]"
2233,,"[0.0, 0.0, 0.0, 0.0]",0,0.09884231612168758,1.4421063757962604,2.0304339733837784,0.05,1.8590296789744154,"[1.2700425053309456, 0.38089106650530674, 0.19751950326624498, 0.13203631127589702]"
2234,,"[0.0, 0.0, 0.14832975017972932, 0.0]",1,0.09227199228237033,1.7015662298896808,3.7162381213061133,0.2,1.7205579552298773,"[1.277176955775232, 0.38454876065526566, 0.2001691843466139, 0.13529777104978905]"
2235,,"[0.0, 0.31205591674137223, 0.0, 0.17636658487357101]",2,0.1423462687218273,1.2609709239963096,3.598756606364593,0.0,2.983671494494591,"[1.3018573336818389, 0.39226326443458776, 0.20725224482207297, 0.14274737602444557]"
2236,,"[0.0, 0.1187647652763462, 0.0, 0.0]",1,0.22179016677207705,1.2360313494522954,2.777903145430711,0.0,5.476397332375541,"[1.2785546567865218, 0.3828649253834721, 0.19926271653164196, 0.1349328290252745]"
2237,,"[0.30110629500883224, 0.0, 0.0, 0.0]",1,0.05482423762819136,1.9277472183210875,1.4953436736315269,0.1,1.121857992278838,"[1.3167973486910511, 0.39626542543600857, 0.20708429895421127, 0.13603784058514046]"
2238,,"[0.3449125388770642, 0.0, 0.0, 0.0]",1,0.15105406741137617,0.8695780922029378,2.980099578532434,0.2,11.191618475471152,"[1.3260392964290386, 0.39935897403096976, 0.20890349922462845, 0.13666939777346188]"
2239,,"[0.0, 0.25370784677979935, 0.16655314746123057, 0.0]",2,0.1613901070839343,1.8374631163464183,5.825751483928949,0.0,2.656716613622307,"[1.299456603001059, 0.3895654802321, 0.20448513305397875, 0.14279254349365728]"
2240,,"[0.0, 0.06603294915912254, 0.0, 0.0]",1,0.06201780378740751,1.2249303415544932,2.5268332812426118,0.0,1.58790310368703,"[1.2745219684043918, 0.3819577978927601, 0.19844541384645048, 0.13358820896115314]"
2241,,"[0.0, 0.0, 0.1942792322731911, 0.32761701909892743]",2,0.20036843733341636,1.622560724921231,1.3210376917470026,0.0,3.7927727572802907,"[1.287829219593496, 0.39817779101062667, 0.21123467087666878, 0.13891069774953066]"
2242,,"[0.0, 0.06819172991313534, 0.0, 0.0]",1,0.23886104100214592,1.4154423088993306,0.8724256438825729,0.2,4.4431400953338995,"[1.2746785610845288, 0.38199392613231, 0.19847741841151303, 0.1336413396475832]"
2243,,"[0.0, 0.08740174006017513, 0.0, 0.08404732516206337]",2,0.23968619749963782,0.7373702543884242,4.427393391507313,0.05,35.309208953769925,"[1.277712642383113, 0.3847060841252526, 0.20070919625096578, 0.13482697722201994]"
2244,,"[0.2090604473416454, 0.12646492626140707, 0.0, 0.0]",2,0.17021174393913768,1.8315897097076141,5.995317676597801,0.05,2.9315268608968568,"[1.3089293672432332, 0.39267257472006767, 0.20575713191950565, 0.1377038496592088]"
2245,,"[0.06488152843443284, 0.0, 0.0, 0.0]",1,0.11048846008259186,1.125483911548333,3.465200702231145,0.05,3.298648178407541,"[1.278327832186879, 0.38356697319833094, 0.1992288136202039, 0.13284925942090592]"
2246,,"[0.0, 0.0, 0.3197541711753669, 0.0]",1,0.21087557821405534,1.28553988472473,0.7567379745109151,0.1,4.3603075351952825,"[1.2888830984087398, 0.3901607282188938, 0.2043434705006567, 0.13997177144524184]"
2247,,"[0.2640401422967601, 0.0, 0.0, 0.3199460749364486]",2,0.23631348622248727,1.347061581587278,5.03755517747924,0.1,4.698491540892674,"[1.317034062198927, 0.4057434905842332, 0.215084629314488, 0.13884378280678839]"
2248,,"[0.0, 0.0, 0.06726731243369792, 0.0]",1,0.23881212922143394,0.6491231355582379,2.566295059816337,0.2,17.533887939837403,"[1.2730233671914162, 0.38244485318705207, 0.19863809525506818, 0.13343813204380472]"
2249,,"[0.0, 0.0, 0.15969813643793698, 0.0]",1,0.18924425340814655,1.7967529016981736,4.042709711125453,0.2,3.4296751556176033,"[1.277817418343805, 0.38486733233721765, 0.2004026844091266, 0.13557490507738534]"
2250,,"[0.3456692693189086, 0.0, 0.0, 0.21049289577540223]",2,0.07083075455587583,0.5320858594111536,0.9756543671285743,0.1,3.122929406755077,"[1.3304740628740637, 0.40607273531500326, 0.2144976903781008, 0.1389184958152582]"
2251,,"[0.0, 0.3488290488839962, 0.0, 0.3284259882883349]",2,0.09339286549982923,0.9376883835197658,3.870747274312695,0.0,4.6145644275334,"[1.3110155088298172, 0.4001926353223027, 0.21296323465460665, 0.14609901926479046]"
2252,,"[0.06319786010407775, 0.1523456676781733, 0.0, 0.0]",2,0.2199839248953057,1.9544222730667675,0.608837056052467,0.1,4.0525486877794235,"[1.2893941310467865, 0.386048385814294, 0.201564289424264, 0.13658262007485128]"
2253,,"[0.0, 0.08691860747496005, 0.0, 0.14443139719322634]",2,0.18992512918612955,0.6434507191594728,3.9903202486332843,0.0,11.442948521298355,"[1.2789811226650578, 0.3866980489539559, 0.20228147016025103, 0.13534659289749562]"
2254,,"[0.0, 0.1735834105807471, 0.0, 0.3000975110521509]",2,0.09987743846829025,0.542439202173148,4.350415046267372,0.05,4.433073235130457,"[1.2902655894993476, 0.3949560911094062, 0.20856503336528703, 0.13936682227481492]"
2255,,"[0.0, 0.23094511550457128, 0.1608197558825199, 0.0]",2,0.09873205363784417,1.0353064920533384,3.1028815969262094,0.1,3.7193405197868934,"[1.2966825108585895, 0.38894013586416504, 0.20393778982754007, 0.141896499308509]"
2256,,"[0.08829472460075197, 0.0810169941629711, 0.0, 0.0]",2,0.15747011799535193,1.0917439478585351,5.482096388498388,0.1,5.213748349924906,"[1.287063869254006, 0.3859028579778928, 0.20108754550256452, 0.1350369613523102]"
2257,,"[0.23326175032562324, 0.0, 0.3007153177622687, 0.0]",2,0.2474920569233097,0.7354582214495204,5.711001403582727,0.2,58.757752325127086,"[1.3207647257858028, 0.40081575993175655, 0.21013215221544626, 0.14330006351036434]"
2258,,"[0.0, 0.0, 0.3189113461172555, 0.0]",1,0.05285821896020822,1.5693721768505542,5.199010465133059,0.1,1.0103941460843306,"[1.2888124008945598, 0.39012804017143116, 0.20431880868642968, 0.13994594899296534]"
2259,,"[0.0, 0.0, 0.0, 0.0]",0,0.057608217796482,1.4657386472739202,0.9499107440761138,0.05,0.9855231717532834,"[1.2700425053309454, 0.3808910665053069, 0.19751950326624493, 0.13203631127589693]"
2260,,"[0.06303264656735218, 0.0, 0.0, 0.0]",1,0.1115982144614587,0.8331399200521723,4.155421637539471,0.05,14.879337563318936,"[1.278081261703153, 0.3834869739558821, 0.19917787102810364, 0.13282572712439028]"
2261,,"[0.0, 0.16746681321378556, 0.0, 0.0]",1,0.11513006586176522,1.0106761242825764,1.9780386153682719,0.1,4.49928678031806,"[1.2827078920652146, 0.38375179431322937, 0.20009107281741784, 0.13626721676204892]"
2262,,"[0.0, 0.07480967256181374, 0.0, 0.0]",1,0.08135919318883503,1.8667731128325347,3.894280295743818,0.2,1.478938221718392,"[1.2751629261106086, 0.38210520073735393, 0.19857626945933135, 0.13380520760391096]"
2263,,"[0.0, 0.23670419922633382, 0.0, 0.0]",1,0.08891853271328448,1.6272704545831091,0.888355540155021,0.1,1.4702381094928962,"[1.289473027589589, 0.38510515004466417, 0.20141690592109163, 0.1383352173864429]"
2264,,"[0.09703523060386382, 0.0, 0.0, 0.0]",1,0.12398566627581911,1.8433603503329998,3.2942335177416417,0.05,2.041779405460913,"[1.2827234998466737, 0.38499671912494865, 0.20013717166578407, 0.13326198333570302]"
2265,,"[0.2035431532832168, 0.0, 0.2667562595067662, 0.0]",2,0.2438196728126933,1.978542907936434,0.7153485218356466,0.2,5.0044552062226675,"[1.3132441522764295, 0.3978349622211836, 0.20836321239840247, 0.14167268208516592]"
2266,,"[0.05703252365482824, 0.0, 0.0, 0.0]",1,0.2455422809529226,0.9763894349643856,3.5321173414173463,0.1,12.156777594825154,"[1.2772855319661343, 0.38322894994803103, 0.19901348732287905, 0.13274950750920145]"
2267,,"[0.2843927071225219, 0.0, 0.0, 0.0]",1,0.08952701836244277,1.5156529349563521,1.163742991492508,0.05,1.4995726494602388,"[1.3134941622422465, 0.3951621759313686, 0.20642516893433968, 0.13580021193361408]"
2268,,"[0.0, 0.0, 0.0, 0.1984519891882064]",1,0.21358941232189113,0.6923419232028725,1.8606444880953763,0.2,21.751619964453557,"[1.2742856288562443, 0.3873359571117353, 0.2026797966029811, 0.13365972541477306]"
2269,,"[0.0, 0.0, 0.0, 0.0]",0,0.15701011958604447,1.0579849886955979,3.088385122481901,0.0,5.844272759029483,"[1.270042505330946, 0.3808910665053068, 0.19751950326624496, 0.13203631127589696]"
2270,,"[0.0, 0.0, 0.0, 0.08105630887930595]",1,0.2135683469859154,1.9855935871081885,0.43612466563893276,0.2,4.892236771966467,"[1.2716031681449336, 0.3831914602241848, 0.1994167547952153, 0.13267351732774152]"
2271,,"[0.29553458611190664, 0.0, 0.19401710762315, 0.0]",2,0.07797515994668854,1.0722681428357452,2.3246968982979266,0.1,2.4886569928902778,"[1.3250653392404756, 0.40103489594356706, 0.21002808079883864, 0.14098148957359333]"
2272,,"[0.0, 0.0, 0.05111523962310907, 0.0]",1,0.24550878729384232,1.7380911575343654,1.6307163704344427,0.05,4.532567743555555,"[1.2722728362696878, 0.3820572716270057, 0.19835811474156934, 0.1330904925359501]"
2273,,"[0.18261868385848404, 0.10729025242486699, 0.0, 0.0]",2,0.11738636977540196,1.5093133902186118,0.20662098890905933,0.1,2.194916785864933,"[1.303069375147117, 0.3909210022939447, 0.20449302631163688, 0.13688130135371757]"
2274,,"[0.0, 0.0, 0.1405928662470149, 0.06000362065952946]",2,0.22262913628119116,1.2341480290785904,5.964357689266434,0.2,5.545066953308082,"[1.2778774892967826, 0.38596998229052176, 0.20143023016161263, 0.13554109002358708]"
2275,,"[0.0, 0.0, 0.18731972379927925, 0.08843650944095016]",2,0.07878202567271778,1.8801704609814331,4.296227042449193,0.05,1.5790801148103544,"[1.281139173295706, 0.38813178374598073, 0.20315668122269603, 0.1368827822051665]"
2276,,"[0.0, 0.13288470506459862, 0.3390180268351272, 0.0]",2,0.20003052633648116,1.7986074986150933,3.304680097985842,0.0,3.2577301504511196,"[1.300179728713318, 0.393091631362004, 0.2065410973853705, 0.14408049156480457]"
2277,,"[0.0, 0.0, 0.0, 0.0]",0,0.18133817019271758,0.5430401883229612,1.202021363094355,0.1,7.99503263867058,"[1.2700425053309454, 0.3808910665053068, 0.1975195032662451, 0.132036311275897]"
2278,,"[0.0, 0.0, 0.2355696751669852, 0.0]",1,0.1354849785749181,1.7502335438686059,1.456288407090799,0.1,2.5210020575347056,"[1.2825336507293905, 0.38716959693431235, 0.20210293245305058, 0.13753802563577291]"
2279,,"[0.0, 0.3254379082513729, 0.23515716953342838, 0.0]",2,0.20612761319555561,0.7210567837369415,1.8062575854227476,0.1,33.67396433623438,"[1.312444922806863, 0.3932004436774981, 0.2073461750671493, 0.14727420681998948]"
2280,,"[0.3130652182422739, 0.0, 0.34607158713708625, 0.0]",2,0.1328664562555931,1.765177947692527,5.036409036020088,0.0,2.1755112819285802,"[1.3393622495442334, 0.4078640074966736, 0.21405572140861842, 0.14641843198641824]"
2281,,"[0.0, 0.0, 0.0, 0.2510954146221638]",1,0.1639236055652397,1.8439722983525526,5.778577055880254,0.1,3.2942005696345467,"[1.2756991042618806, 0.389610959592734, 0.20438654356194869, 0.13412781941497373]"
2282,,"[0.0, 0.0, 0.0, 0.0]",0,0.1726447765384457,0.9034313960607137,2.7448692989710692,0.1,12.958932632088024,"[1.2700425053309456, 0.38089106650530663, 0.197519503266245, 0.1320363112758969]"
2283,,"[0.24906795811767754, 0.0, 0.0, 0.0]",1,0.19939244545299353,0.6498418701734086,4.206718356119025,0.0,13.96962393025333,"[1.3068696500471875, 0.3929549186920924, 0.2050911027322399, 0.1353040385084099]"
2284,,"[0.28456884819785183, 0.0, 0.0, 0.2722903417872053]",2,0.0927743414445212,1.8931161160557828,3.5633232775059387,0.0,1.7053906549067475,"[1.3194902130567236, 0.4045962432418007, 0.2140733207035334, 0.13863018295985954]"
2285,,"[0.0, 0.0, 0.0, 0.0]",0,0.19790916031353256,1.9920258005572957,3.7424714142085134,0.1,3.75467888649308,"[1.2700425053309452, 0.38089106650530663, 0.19751950326624504, 0.13203631127589696]"
2286,,"[0.0, 0.13913230434138774, 0.0, 0.0]",1,0.08956146249063326,1.3496286463443756,3.1974136669342434,0.0,1.710201092665577,"[1.280237390411045, 0.38322977409382275, 0.1995998374644021, 0.1354795522120431]"
2287,,"[0.0, 0.0, 0.24616298888441127, 0.0]",1,0.21419829350669692,1.9619169433580637,1.339231265449523,0.0,3.874617320654679,"[1.2832608947024329, 0.38751816982833664, 0.20236226631345158, 0.13782875528359298]"
2288,,"[0.0, 0.0, 0.07248034920345262, 0.14750246884865803]",2,0.16273133448937616,1.1657178608442937,4.609017631352502,0.2,4.057576754175256,"[1.2762688588924964, 0.38703995456900614, 0.20243648941632986, 0.13469008669005575]"
2289,,"[0.3204385587229059, 0.0, 0.32456610110456835, 0.0]",2,0.22185137248649156,1.9935000261583191,3.7528415646669675,0.2,5.487978503218141,"[1.3390738052444238, 0.4074716072029498, 0.21379197198344577, 0.1457531545837918]"
2290,,"[0.0, 0.0, 0.0, 0.14790058529717084]",1,0.05063661193359292,0.9972454999707712,3.0415130339552023,0.05,2.325853251218791,"[1.2730598150027557, 0.38541303203718097, 0.20119067478456912, 0.13322553483180327]"
2291,,"[0.0, 0.0, 0.31637479380845435, 0.3137978192815767]",2,0.24986843876081294,1.4849745024196785,1.6093595148018434,0.2,5.091878810801886,"[1.2960728945826947, 0.4012657652626259, 0.2141538021833015, 0.14195151871559888]"
2292,,"[0.0, 0.0, 0.0, 0.17942291841517166]",1,0.20807526276693036,1.7381805491495115,4.3410076649294815,0.2,3.9858823715318454,"[1.27381028245521, 0.38658463489501244, 0.2021030705747236, 0.13349455260975762]"
2293,,"[0.0, 0.0, 0.0, 0.0564805278162796]",1,0.07050283333177958,1.6768552956883256,0.3425486746205296,0.1,1.2753929462549127,"[1.2711082326726064, 0.38245283473658953, 0.19881424482697324, 0.13247667972772312]"
2294,,"[0.0, 0.0, 0.0, 0.0]",0,0.22146613251422206,1.4452035027587422,3.013063300341371,0.05,4.136556698144832,"[1.270042505330945, 0.3808910665053068, 0.197519503266245, 0.13203631127589696]"
2295,,"[0.0, 0.0, 0.14960687556811983, 0.31227179044094955]",2,0.18502053268760543,0.8484355575650182,5.642409748565928,0.1,20.448695849419558,"[1.2847181895035578, 0.39614103417004104, 0.20955087765920327, 0.13775012529571415]"
2296,,"[0.3095878152765605, 0.0, 0.0, 0.0]",1,0.16815621391999058,1.0454165754083633,3.8542348411345873,0.05,5.616774650041297,"[1.318518446052042, 0.3968408456359821, 0.2074259675410364, 0.1361591327783569]"
2297,,"[0.20515495657775465, 0.0, 0.0, 0.10493555679964717]",2,0.09908105002488848,1.3358842744019432,4.467800363390485,0.2,1.7961287921681721,"[1.3012283148958677, 0.3934141152406821, 0.20603699110386758, 0.13566143737094155]"
2298,,"[0.0, 0.0, 0.0, 0.0]",0,0.22197845331249846,0.7874801491042296,1.763468785597639,0.2,68.0434315738149,"[1.2700425053309456, 0.38089106650530663, 0.197519503266245, 0.13203631127589696]"
2299,,"[0.23413030506531848, 0.0, 0.3149198797464389, 0.0]",2,0.20834717822754134,0.5291384209432857,5.191543785478511,0.1,8.586266758688808,"[1.322031385599763, 0.4014264441641021, 0.21051538052352262, 0.14380212381945437]"
2300,,"[0.1038899633089398, 0.0, 0.27919192758204525, 0.0]",2,0.08867431849512826,0.6547936169423256,3.597310634018662,0.0,6.1003897058989525,"[1.2990935993342922, 0.3931660546334014, 0.20576945052968473, 0.14040514363943202]"
2301,,"[0.1306527307145704, 0.08518075347621272, 0.0, 0.0]",2,0.22471507340943989,1.4876290133376604,0.06862025357460139,0.1,4.198796103485049,"[1.2934058442296699, 0.3879370549647138, 0.20243036100852532, 0.13567152788463685]"
2302,,"[0.12756327026655315, 0.0, 0.0, 0.08008432597703374]",2,0.09856595035097736,1.9909000035985671,2.7145551639755747,0.05,2.0216777290903933,"[1.2886087409888654, 0.38866878520951464, 0.20290873426490078, 0.13434820635860903]"
2303,,"[0.0, 0.0, 0.0, 0.27071755033903133]",1,0.05024190320626263,1.3354934963209493,0.27559247891773014,0.0,1.0001454522353506,"[1.2762671820921065, 0.3905419554630401, 0.20506801033103025, 0.13430657182325983]"
2304,,"[0.0, 0.1795834367374232, 0.0, 0.0]",1,0.07621569832260765,1.4644068907435792,2.0860268633145216,0.05,1.4362179914645228,"[1.2838136422759385, 0.38398040620309315, 0.2003096163410606, 0.13661405260181966]"
2305,,"[0.0, 0.0, 0.0, 0.058210977606778326]",1,0.06467550532560454,1.223620063709808,0.9876816003935532,0.1,1.446791214228305,"[1.2711424289537256, 0.3825035988863511, 0.19885585666184782, 0.132490434394272]"
2306,,"[0.0, 0.0, 0.10957038261141122, 0.0]",1,0.1520247117743678,1.9774026593117155,5.967768135050915,0.05,2.7081965520187183,"[1.2751053990487613, 0.38350789547581776, 0.1994093222998468, 0.13438385715970716]"
2307,,"[0.18555715936284237, 0.0, 0.0, 0.0]",1,0.06461108301413712,1.384598758228046,0.03442226775553326,0.05,1.1989179498287506,"[1.2960172622006392, 0.389358616667675, 0.20287740666597762, 0.13443263019819535]"
2308,,"[0.0, 0.0, 0.0, 0.3293374980805168]",1,0.22821535283253286,0.5219684799242783,5.286601887480933,0.2,8.785134733240254,"[1.2781214933306329, 0.39364365014991953, 0.2072686993664257, 0.1348548151313013]"
2309,,"[0.0, 0.0, 0.0, 0.0]",0,0.15383727212887408,0.5115667497916131,5.5806068099306705,0.1,5.272759704569869,"[1.2700425053309456, 0.38089106650530674, 0.19751950326624504, 0.13203631127589707]"
2310,,"[0.33181206939586405, 0.0, 0.0, 0.3192307539478406]",2,0.24390503078222797,1.594635777395049,2.6966401519975265,0.0,4.314993492376773,"[1.3304550253583165, 0.4101158014879361, 0.21779155682782847, 0.13998613388905023]"
2311,,"[0.0, 0.0, 0.0, 0.0]",0,0.10526267733624456,0.7921171228970887,5.063497316285135,0.05,28.592514921517974,"[1.2700425053309452, 0.38089106650530663, 0.197519503266245, 0.13203631127589696]"
2312,,"[0.0, 0.0, 0.21223321134955345, 0.0]",1,0.14135888926937057,1.4265238283788186,5.888366721332876,0.1,2.7171325031896583,"[1.2809948252996382, 0.3864265348084698, 0.20155175256169816, 0.13691238357000987]"
2313,,"[0.192388325305045, 0.3217359792068478, 0.0, 0.0]",2,0.09529553595844607,0.5157646428675107,5.790326651002977,0.1,3.4203436931005697,"[1.3263309856357433, 0.39551991209391335, 0.2096417147560916, 0.1432406962462647]"
2314,,"[0.0, 0.0, 0.0, 0.0]",0,0.06915956099203789,0.8577469265895317,4.219523962937675,0.2,7.822915262095402,"[1.2700425053309456, 0.3808910665053068, 0.19751950326624496, 0.13203631127589696]"
2315,,"[0.0, 0.06003283830837106, 0.24352233209253887, 0.0]",2,0.07641458313483354,0.9823099725760082,6.174858254045147,0.1,3.6766239010731216,"[1.2871183462439089, 0.38837446646048557, 0.2030391114974274, 0.139221652731958]"
2316,,"[0.0, 0.33746608095954816, 0.0, 0.0]",1,0.21341106091559164,1.9129244340273377,0.27482747812740865,0.1,4.2166397454524445,"[1.301694031740475, 0.3873094651428545, 0.2037583028588972, 0.1417586102358817]"
2317,,"[0.0, 0.0, 0.0, 0.2585061422061954]",1,0.15162926867137588,1.563933026591045,1.5472027675214375,0.05,2.921559055719649,"[1.27591082448536, 0.38995684674756115, 0.20464086719555086, 0.1341950525993341]"
2318,,"[0.0, 0.0, 0.0, 0.0]",0,0.24231018866707416,0.916411455836031,0.2643723721894114,0.1,16.462470424713334,"[1.270042505330945, 0.38089106650530663, 0.19751950326624504, 0.13203631127589693]"
2319,,"[0.0, 0.0, 0.0, 0.0]",0,0.17902398383806714,1.4566734781789308,6.233210241910841,0.0,3.359245458665886,"[1.2700425053309456, 0.38089106650530674, 0.19751950326624504, 0.13203631127589696]"
2320,,"[0.19077474082391077, 0.0, 0.0, 0.15424761855463748]",2,0.19644155545287134,1.528699609392563,1.5342097418881493,0.05,3.6517229474768733,"[1.2999319832060778, 0.39429727442003076, 0.20689573178983336, 0.13592890598231733]"
2321,,"[0.0, 0.3272706230888159, 0.0, 0.0]",1,0.24089421791627927,1.7584099834402167,2.899892967528793,0.0,3.9486102531660654,"[1.3003002138230138, 0.3870717645778193, 0.20349399473572274, 0.14138754692047031]"
2322,,"[0.0, 0.1962487204940246, 0.0, 0.1924440928088771]",2,0.08872069872341287,1.4383727026454913,1.3613501078285926,0.05,1.5489616992546678,"[1.2893980587631915, 0.39047271429368235, 0.20540213091262344, 0.13894666261256455]"
2323,,"[0.0, 0.0, 0.18580225840970568, 0.0]",1,0.22264247235554357,1.128397518934864,0.1314229143092502,0.0,6.526020916148518,"[1.2793495135791584, 0.38562347837979477, 0.20095864790056997, 0.1362275532885006]"
2324,,"[0.25623346234234784, 0.0, 0.0, 0.20215965489251256]",2,0.08780188979353198,0.7539452581439374,2.799508290305873,0.1,23.34263906542454,"[1.312327475497745, 0.3998036810266666, 0.21063497884070445, 0.13740267855049676]"
2325,,"[0.0, 0.0, 0.0, 0.09604309755813178]",1,0.10636925476033357,1.6587901316768354,4.037721715888098,0.05,1.8919289650072149,"[1.2719151560028652, 0.38366133326689683, 0.19979673886941882, 0.13279514591256705]"
2326,,"[0.0, 0.0, 0.32826887585159537, 0.0]",1,0.06929176186342204,1.84860331547101,2.781251852180093,0.0,1.1741522461932579,"[1.2896064895060324, 0.390494451451784, 0.20459545782586927, 0.1402343827718916]"
2327,,"[0.336138675433862, 0.0, 0.3412933869638852, 0.0]",2,0.15930843365570166,0.5945926643646204,5.495624572238946,0.1,8.97982616483101,"[1.3437406987868272, 0.4093319432225684, 0.2148086830433528, 0.14668752876080302]"
2328,,"[0.0, 0.21827926919729887, 0.0, 0.0]",1,0.20873031507716674,1.0530584451535447,1.6229147150677252,0.1,6.522881537666903,"[1.2875619831261176, 0.3847335122377426, 0.2010449618989301, 0.1377639958404059]"
2329,,"[0.08348828590494804, 0.0, 0.0, 0.119407121890733]",2,0.08031012503739872,1.5575418230459965,2.7342694728591286,0.2,1.4488440452470686,"[1.2831924585548304, 0.3878924393175586, 0.20263461465919974, 0.13409547363043467]"
2330,,"[0.0, 0.0, 0.0, 0.0]",0,0.08382199451861408,1.921990873244193,1.5914840931087768,0.05,1.4624574467436136,"[1.2700425053309456, 0.3808910665053068, 0.19751950326624504, 0.1320363112758969]"
2331,,"[0.2776524222086856, 0.0, 0.0, 0.0]",1,0.23492071065911405,1.5435632169509776,0.49913380712974825,0.1,4.112259923593507,"[1.3121938648116507, 0.3947283285153593, 0.2061645406374517, 0.13570490203497831]"
2332,,"[0.29885303417575815, 0.25884018980298373, 0.0, 0.0]",2,0.24457861880626244,1.3823150772968162,1.5481018238256268,0.1,4.3682870548590715,"[1.3378245947141667, 0.40047689302483974, 0.2121961365673314, 0.1424792525190862]"
2333,,"[0.0, 0.0, 0.0, 0.0]",0,0.1952230214721831,1.0676242009858659,0.9818372066687101,0.1,6.649136647088808,"[1.270042505330946, 0.3808910665053069, 0.19751950326624507, 0.13203631127589696]"
2334,,"[0.0, 0.2577153860248451, 0.0, 0.0]",1,0.15592616332054332,1.51431133052525,4.1745434569380055,0.05,2.4580397431229875,"[1.2917618019406407, 0.38553994232856836, 0.20186001448971938, 0.1390062307398256]"
2335,,"[0.23995320805918294, 0.0, 0.0, 0.19064733745311963]",2,0.16373636028381047,1.4737951049561504,3.606883405156147,0.2,2.9928684769940457,"[1.3091183293171216, 0.39838786586746533, 0.20968099213355812, 0.13703078625326823]"
2336,,"[0.0, 0.0, 0.0, 0.0]",0,0.10374222316244582,1.0669741525966732,0.850667806600422,0.05,3.558949630989923,"[1.2700425053309452, 0.38089106650530574, 0.19751950326624504, 0.13203631127589704]"
2337,,"[0.13298198132589567, 0.0, 0.3483470754337403, 0.0]",2,0.052142058191491716,1.3826154323506172,1.188002002116495,0.1,0.8744395392370334,"[1.3088642772828079, 0.39728159456844847, 0.20842902355657666, 0.14314194064474506]"
2338,,"[0.0, 0.0, 0.0, 0.0]",0,0.18584946503250172,0.5749171564405267,3.491803472910602,0.05,7.613792694340636,"[1.2700425053309456, 0.3808910665053068, 0.19751950326624504, 0.13203631127589696]"
2339,,"[0.0, 0.0, 0.10464588280259954, 0.0]",1,0.1905676763480578,1.606722950426468,0.2600638106818202,0.05,3.327946074438433,"[1.2748538741256663, 0.38338039437076976, 0.19931656442970333, 0.13427105880234366]"
2340,,"[0.0, 0.0, 0.26700401850937466, 0.25161239917155553]",2,0.1975938868622499,0.6611458716974578,5.927304024966518,0.2,16.337169169603413,"[1.290357185889841, 0.3965987864264494, 0.21022071739596168, 0.140138500250981]"
2341,,"[0.0, 0.05928675289317939, 0.0, 0.0]",1,0.2173109796928326,0.8407544425779525,3.687494920556136,0.05,26.87432742041252,"[1.2740370083943477, 0.3818454293029748, 0.19834615058168253, 0.13342319012648435]"
2342,,"[0.0, 0.0, 0.0, 0.0]",0,0.06155970342079982,1.4222517956894787,2.735797930870104,0.1,1.1770056797226736,"[1.2700425053309452, 0.3808910665053068, 0.19751950326624493, 0.13203631127589693]"
2343,,"[0.23339132085699163, 0.0, 0.11651494708149712, 0.0]",2,0.13992052430883034,1.6314875803016455,1.4954957910427398,0.1,2.635017304727714,"[1.3093197280384261, 0.39488563804672944, 0.20635625127000387, 0.1378575364019055]"
2344,,"[0.0, 0.22010844328905035, 0.0, 0.2552108585199446]",2,0.09024543690697723,1.2575452474825761,0.21984903093463148,0.2,2.099852581365647,"[1.2933931400163075, 0.3936316531687624, 0.20778742838337655, 0.14038158728778255]"
2345,,"[0.07012294503545699, 0.0, 0.2649807802650083, 0.0]",2,0.2176366876484954,1.336375795737832,1.8185309376672556,0.0,4.071138404321022,"[1.29346174796843, 0.3911157510793578, 0.2045322738929682, 0.13943892672661695]"
2346,,"[0.22370879077181344, 0.2072106143052757, 0.0, 0.0]",2,0.05342728809006099,1.5546506787166618,0.6929088794799496,0.0,0.879473241685133,"[1.3186010459114605, 0.39493108255265824, 0.20792757305733092, 0.14005585471829252]"
2347,,"[0.0, 0.0, 0.0, 0.07131943747418928]",1,0.23533313104382544,1.876957999263863,2.903434246068345,0.0,3.9843613867641947,"[1.2714046572616897, 0.38289420578466316, 0.19917504076647327, 0.13259514485940355]"
2348,,"[0.0, 0.0, 0.09203207882304157, 0.06669292092615162]",2,0.1423073330006271,1.985590662489082,0.48113867240114305,0.0,3.0107050068450354,"[1.2754841517406679, 0.3849012224781035, 0.20065012215462943, 0.134480067652196]"
2349,,"[0.0, 0.0, 0.0, 0.0]",0,0.12557517206356647,1.4421672953689029,5.821634233928299,0.1,2.317661181927491,"[1.2700425053309456, 0.38089106650530674, 0.19751950326624504, 0.13203631127589696]"
2350,,"[0.0, 0.283600882144202, 0.0, 0.19571113698860934]",2,0.21078915857378971,1.5220103196170225,0.7727586023195959,0.05,3.5172891717546224,"[1.2988015384093239, 0.3923868914196622, 0.2071754084177033, 0.1419205385703612]"
2351,,"[0.0, 0.0, 0.0, 0.0]",0,0.0889259607289073,0.5144258865558242,0.39030732788490874,0.1,3.0714107426593875,"[1.2700425053309456, 0.38089106650530663, 0.19751950326624496, 0.13203631127589693]"
2352,,"[0.0, 0.324198034389669, 0.0, 0.0]",1,0.2271179069024314,0.5825607000545174,4.676792614747051,0.2,12.406476710860183,"[1.2998879681414928, 0.38700083419792125, 0.20341570412287233, 0.14127686964009603]"
2353,,"[0.0, 0.0, 0.0, 0.0]",0,0.1353512745870624,1.6273720318974014,3.763214570518913,0.1,2.3270005060410295,"[1.2700425053309452, 0.38089106650530663, 0.1975195032662451, 0.13203631127589696]"
2354,,"[0.0, 0.0, 0.0, 0.0]",0,0.053614075529010236,0.9040393822257058,0.6965383927769745,0.1,3.982330072326743,"[1.2700425053309454, 0.38089106650530674, 0.19751950326624498, 0.13203631127589696]"
2355,,"[0.0, 0.11573275989041969, 0.16927115619285854, 0.0]",2,0.12806164794945085,0.9890391172537718,4.993834979091587,0.05,5.0561458666575945,"[1.2866279500604874, 0.3870291786154407, 0.2021725294177008, 0.1387071448292481]"
2356,,"[0.0, 0.0, 0.0, 0.0]",0,0.18651927322277229,0.9081262750420749,4.421718401440834,0.0,12.569083183351022,"[1.2700425053309452, 0.38089106650530663, 0.19751950326624493, 0.132036311275897]"
2357,,"[0.0, 0.0, 0.0, 0.0]",0,0.10465422648771311,0.7114056695840039,0.6241540844526473,0.0,10.235687361493822,"[1.2700425053309452, 0.3808910665053066, 0.197519503266245, 0.13203631127589696]"
2358,,"[0.3341352383670979, 0.0, 0.0, 0.0]",1,0.05655741740813314,1.9626899291210789,4.012181243546215,0.2,1.2135338789120529,"[1.3236816682655392, 0.39856905138587, 0.20844315627899376, 0.13651284984080575]"
2359,,"[0.0, 0.0, 0.0, 0.2884678768844796]",1,0.14886889606114134,0.9129534315986789,4.151987862575007,0.2,10.649816061084616,"[1.2768025959904041, 0.3914278485677718, 0.205707422186175, 0.13447031305795656]"
2360,,"[0.0, 0.0, 0.0, 0.0]",0,0.08451389377238955,0.851049520621209,0.8546225952166419,0.2,10.897063021976125,"[1.2700425053309452, 0.38089106650530674, 0.19751950326624496, 0.13203631127589693]"
2361,,"[0.0, 0.22116440096984455, 0.0, 0.0]",1,0.08874808724712496,0.7932842878169819,3.3955841404515583,0.2,23.70246005532842,"[1.287855574610491, 0.3847911307716647, 0.20110222592202684, 0.1378524063943722]"
2362,,"[0.0, 0.33695887145492653, 0.0, 0.0]",1,0.14991440566806513,1.4086732576873808,3.4690844539575365,0.2,2.8370805793398723,"[1.3016237328345899, 0.3872975537469971, 0.20374498645378158, 0.14174001072608255]"
2363,,"[0.2908364572938986, 0.0, 0.30399970755627415, 0.0]",2,0.07646252134773031,1.8608373944982306,2.79420112511053,0.2,1.360979059418808,"[1.3315444037914401, 0.4045839184038058, 0.2121970066472136, 0.1444561588855414]"
2364,,"[0.0, 0.0, 0.0, 0.0]",0,0.22175571693725732,1.1108119394773843,4.318581565230492,0.0,5.60534457472204,"[1.2700425053309452, 0.3808910665053066, 0.19751950326624504, 0.13203631127589696]"
2365,,"[0.15643319526933838, 0.0, 0.1463466843530568, 0.0]",2,0.23581460287676018,1.6985293588028736,4.330332290058991,0.05,4.2814889388451896,"[1.2983132416994365, 0.39150461730072067, 0.20437818969317448, 0.13747893658940874]"
2366,,"[0.0, 0.0, 0.0, 0.1865951986614366]",1,0.20949901808569918,0.5584726209613988,3.918831970025379,0.2,9.741569237789061,"[1.273987388384724, 0.3868637375164069, 0.2023180759701821, 0.13355656062931143]"
2367,,"[0.11212621869905362, 0.0, 0.0, 0.0]",1,0.18321460075507942,1.3791680455211484,5.389868594112793,0.1,3.5677930047124,"[1.2848601851231063, 0.3856940824691227, 0.20057864000306513, 0.13345796976670382]"
2368,,"[0.0, 0.0, 0.0, 0.0]",0,0.21292003690601644,0.8201311357633456,4.966921098836361,0.1,38.824104026455146,"[1.2700425053309452, 0.3808910665053066, 0.19751950326624504, 0.13203631127589696]"
2369,,"[0.0, 0.0, 0.13373294816072262, 0.0]",1,0.06402758666007834,0.9989826051745527,2.557361698984782,0.1,2.9085355152147416,"[1.2763770529555234, 0.3841487660025765, 0.19987662326589006, 0.1349480582759254]"
2370,,"[0.0, 0.1753953692317403, 0.0, 0.17500092406462095]",2,0.12779313458231806,1.728417366088399,3.8594064831358748,0.1,2.181370059671623,"[1.2870258256101619, 0.3893991822834216, 0.20453527487423612, 0.1381288719383257]"
2371,,"[0.0, 0.0, 0.0, 0.23653985932907473]",1,0.12047642795349019,0.5768185955427545,1.9232203068767848,0.0,5.653562067713974,"[1.275292834576094, 0.3889509208264582, 0.20389746365989178, 0.13399673524254468]"
2372,,"[0.0, 0.12124006860126654, 0.20774464855311198, 0.0]",2,0.172214030201118,1.3801185141944121,4.863708778233223,0.0,3.134284195861026,"[1.2894079709391386, 0.38826576197145807, 0.2030638446184533, 0.13986437038344482]"
2373,,"[0.0, 0.0, 0.0, 0.0]",0,0.1608282183845912,1.123633068498666,3.6379609300509106,0.1,4.959213514978388,"[1.2700425053309456, 0.38089106650530663, 0.19751950326624487, 0.13203631127589693]"
2374,,"[0.0, 0.0, 0.2957301014136065, 0.0]",1,0.12594889792437125,0.673345234202371,3.8284580297821775,0.05,9.846757255816902,"[1.286929108437869, 0.3892523670616368, 0.20365953579084775, 0.13924765807766318]"
2375,,"[0.0, 0.14745332899874758, 0.2947567461589384, 0.0]",2,0.11644058438073296,1.1564470588721165,0.3460525704208767,0.05,3.1370646017734516,"[1.2977261350926501, 0.39164625051476987, 0.20552403548064002, 0.143108018271904]"
2376,,"[0.0, 0.0, 0.0, 0.0]",0,0.10358038403986569,1.3894418369665162,3.4661481274152606,0.2,2.047879925345738,"[1.2700425053309454, 0.38089106650530663, 0.19751950326624504, 0.132036311275897]"
2377,,"[0.0, 0.0, 0.24723254812138384, 0.0]",1,0.05548680635746184,1.8497970169947022,1.318546400799248,0.0,0.9960366337049668,"[1.2833353623368018, 0.38755377073320135, 0.2023887803441053, 0.13785834714323583]"
2378,,"[0.0, 0.055198950051195565, 0.0, 0.0707228274733585]",2,0.11291769445068121,0.7681687054420704,1.8774540032599967,0.0,26.553520777579504,"[1.2750900218012, 0.3837596366018602, 0.19991200220235533, 0.13390058159095694]"
2379,,"[0.3105264367031494, 0.0, 0.0, 0.0]",1,0.21018763948454566,1.2836669884124332,6.027282363046741,0.2,4.402846503592744,"[1.3187108353984516, 0.3969051903287957, 0.20746408214208034, 0.1361725849176691]"
2380,,"[0.0, 0.0, 0.32525313818943175, 0.1404106730921262]",2,0.20069847655054496,0.8723223370084014,4.606052174107748,0.1,16.48331164867738,"[1.2921510579780462, 0.39439183627171154, 0.20826713401371372, 0.14100960254471567]"
2381,,"[0.0, 0.0, 0.0, 0.0]",0,0.05437247043037807,0.8038261503157884,2.369925430895964,0.0,12.55648596326621,"[1.270042505330946, 0.3808910665053069, 0.19751950326624504, 0.1320363112758969]"
2382,,"[0.0, 0.0, 0.22491020539035847, 0.0]",1,0.2427272081151615,0.5074436925455384,2.6293213719646253,0.2,8.390533228779399,"[1.281820247170127, 0.3868260519372866, 0.2018478203157293, 0.1372497511075998]"
2383,,"[0.22599580762447935, 0.0, 0.0, 0.0]",1,0.053482686679275984,1.3824709200566023,0.33724038025025066,0.05,0.9878380191528232,"[1.3027808986388414, 0.39159678582675966, 0.20426063587918108, 0.13498440689319324]"
2384,,"[0.0, 0.0, 0.16307674310910666, 0.0]",1,0.23883048096791076,1.6192540845809167,4.0583767516375255,0.0,3.9158105356551434,"[1.2780108084846924, 0.3849632350223986, 0.2004730625038117, 0.13565808621373138]"
2385,,"[0.0, 0.0, 0.0, 0.0]",0,0.21157619087557095,1.1243363430996067,1.427741404538558,0.1,5.513402157436471,"[1.2700425053309456, 0.3808910665053068, 0.19751950326624507, 0.13203631127589693]"
2386,,"[0.0, 0.0, 0.0, 0.0]",0,0.22251916653354947,0.5724752215182782,0.6261336199989984,0.05,9.362282664912112,"[1.2700425053309452, 0.3808910665053066, 0.19751950326624504, 0.13203631127589696]"
2387,,"[0.0, 0.2902516774951667, 0.32018982331998896, 0.0]",2,0.1564685400477815,0.5461626715079079,0.7195538271346074,0.1,6.52116767769645,"[1.3143377643404837, 0.395421889212649, 0.20856436749251447, 0.14863280102820534]"
2388,,"[0.0, 0.0696482038605977, 0.0, 0.05325902957680637]",2,0.15882370646699073,1.5796935033762596,4.6976901405531954,0.1,2.9695603338391523,"[1.275780835035742, 0.38348313663810774, 0.19970171157619251, 0.13411376729889657]"
2389,,"[0.0, 0.0, 0.09209016645748495, 0.24312286567472793]",2,0.2141140105198295,0.944909911095497,1.4265391870697384,0.05,10.904613607297287,"[1.2796356850956017, 0.39131848300552885, 0.2057920787790179, 0.13590163501958996]"
2390,,"[0.0, 0.0, 0.0, 0.0]",0,0.23357616092688596,1.2325734519640172,2.247237138122272,0.05,5.929692893642687,"[1.2700425053309454, 0.38089106650530674, 0.1975195032662449, 0.13203631127589696]"
2391,,"[0.27234977216494183, 0.0, 0.0, 0.13238380843349035]",2,0.24776822104871823,0.6553389643319741,3.8322892308406575,0.05,19.11678434574431,"[1.313724276599467, 0.3982495523381646, 0.2091975382700502, 0.13692042704786883]"
2392,,"[0.07658091257224628, 0.0, 0.0, 0.0]",1,0.16100426213884358,0.892244646802927,2.8636489953363653,0.0,11.863946071472922,"[1.2799033734981284, 0.38407866369331517, 0.19955437251876054, 0.132998670306281]"
2393,,"[0.0, 0.1405712086054485, 0.25144795269744125, 0.0]",2,0.15120072343479066,1.7805334347784938,4.26732364377399,0.2,3.268117671292563,"[1.2939256977102105, 0.3900073795220483, 0.20434494604725167, 0.14162306007775194]"
2394,,"[0.2429295624218896, 0.0, 0.0, 0.09190905733649846]",2,0.05582210450496575,1.8414733487544315,0.5480617585818426,0.2,0.9955623373732029,"[1.3074788560043906, 0.39515877359575824, 0.20703178813297632, 0.13608168834037618]"
2395,,"[0.0, 0.14764836513180118, 0.0, 0.2960328683447054]",2,0.21645772496596605,0.9130704512825059,5.9857121709661305,0.0,13.638266067845162,"[1.2878612191412357, 0.3942680276816692, 0.20800854556965312, 0.13852716400559154]"
2396,,"[0.0, 0.0, 0.0, 0.20284394084664617]",1,0.2261993090210946,1.914015075798505,2.5782509838527217,0.0,4.002955178653652,"[1.2743978750315406, 0.3875143985371149, 0.20281581268822071, 0.13369814823015508]"
2397,,"[0.07616302436059322, 0.0, 0.0, 0.0]",1,0.24209386278871803,1.248932202021778,5.659258653432029,0.0,5.864523362661364,"[1.2798466365187997, 0.3840602219634028, 0.19954264777069472, 0.13299331854731206]"
2398,,"[0.16068183568928, 0.0, 0.0, 0.0]",1,0.06485830421652683,0.6004878480076972,1.756902189962008,0.1,3.5869393159442877,"[1.2920867732581165, 0.38806345567308054, 0.20206937872657174, 0.1340985309898171]"
2399,,"[0.0, 0.0, 0.0, 0.09165678895487264]",1,0.15482341797647153,1.7019490629726373,4.480600509122216,0.1,2.8854003834548814,"[1.2718230190787208, 0.38352222783198175, 0.1996845126411338, 0.13275942181891862]"
2400,,"[0.0, 0.0, 0.0, 0.0]",0,0.23679826211893115,1.6000056209118259,4.763194758613259,0.2,4.565729416767894,"[1.2700425053309452, 0.38089106650530674, 0.19751950326624507, 0.132036311275897]"
2401,,"[0.3200427985786223, 0.0, 0.0, 0.1720726565928157]",2,0.052843628036108294,1.6613490470453187,4.389673967895816,0.0,0.954245424868973,"[1.3240691749862394, 0.4027798773081382, 0.2122267046340129, 0.1380756130564925]"
2402,,"[0.0, 0.0, 0.3284173871249221, 0.0]",1,0.0655837921904434,1.4136622449443244,5.905739440481254,0.2,1.3488139286721126,"[1.2896192567101947, 0.3905003292263995, 0.20459989934734635, 0.1402389913796835]"
2403,,"[0.0, 0.0, 0.29331840648941876, 0.0]",1,0.1582926333702293,1.2486008335341838,1.6410352295416106,0.1,3.5205813982940115,"[1.2867397133005753, 0.38916377065224494, 0.2035929862740248, 0.13917631412068804]"
2404,,"[0.0, 0.13857884781127583, 0.0, 0.18750817175580844]",2,0.18464426714337695,1.5589568065868278,1.007389537001414,0.0,3.0924555821934083,"[1.2841070772864414, 0.38920524242575283, 0.20429739039962408, 0.13716710938405574]"
2405,,"[0.06997384883436601, 0.3254405876704036, 0.0, 0.0]",2,0.22104137462552095,1.7369916942227928,3.9918254698089797,0.05,3.643711364497157,"[1.308909316068842, 0.3898391686111412, 0.20554079038734288, 0.14204818882923875]"
2406,,"[0.0, 0.24990720376165576, 0.0, 0.2669256362763213]",2,0.14128765870368373,1.624595985248423,4.183130027217173,0.0,2.4948983503528073,"[1.2968506114724692, 0.39478703565840734, 0.2087272057452009, 0.14152908628838734]"
2407,,"[0.32291906741522397, 0.0, 0.11553653073938562, 0.0]",2,0.23312056476659687,0.7401109953336098,2.0439196045480386,0.2,65.71458168470271,"[1.326399414291796, 0.4006295869270113, 0.20971703755312987, 0.1392070114976115]"
2408,,"[0.0, 0.0, 0.0, 0.0]",0,0.20138869052825867,1.5474464385663962,3.214097594809039,0.1,3.622333193952344,"[1.2700425053309452, 0.3808910665053068, 0.1975195032662451, 0.13203631127589704]"
2409,,"[0.0, 0.3250509166690272, 0.0, 0.0]",1,0.15956636695010817,0.5991127151800103,2.502157167498613,0.2,8.887570180695253,"[1.3000020422501555, 0.38702049057534516, 0.20343737367969794, 0.14130753821765418]"
2410,,"[0.0, 0.0, 0.0, 0.0]",0,0.10764504953571069,1.2079324033685523,4.614836172794887,0.1,2.476990833232431,"[1.2700425053309456, 0.38089106650530674, 0.1975195032662451, 0.13203631127589696]"
2411,,"[0.0, 0.0, 0.264633194851665, 0.24251988731595]",2,0.060507754504554416,1.5519197568733383,4.533832292530719,0.2,1.1953148700971181,"[1.2899313127305732, 0.3961230309538061, 0.20982623897242933, 0.14000754159088874]"
2412,,"[0.0, 0.07426406588654531, 0.13179495661427243, 0.0]",2,0.17440777587597922,1.068286570569182,2.6896509257639565,0.1,6.16156741145229,"[1.2813492218056897, 0.3852848467498396, 0.20082957123333958, 0.13669299740115193]"
2413,,"[0.0, 0.0, 0.13807777239383245, 0.0]",1,0.07154457981127829,0.940102671216599,3.4219479120688914,0.05,4.062521016414897,"[1.276612574999054, 0.38426678689974947, 0.19996287347310382, 0.13505144192295568]"
2414,,"[0.0, 0.0, 0.05399664907996531, 0.07322880729825484]",2,0.05641081243949615,1.231084869093936,5.820649256631074,0.05,1.437403217748336,"[1.2738021921260865, 0.38417349264455286, 0.20012563583404275, 0.13370919264658654]"
2415,,"[0.0, 0.0, 0.0, 0.1707884149143265]",1,0.19734052259405332,0.9357595790826514,5.019086142858128,0.05,10.600205300475032,"[1.2736002717614756, 0.3862549613259529, 0.20184794549264964, 0.13342029766827554]"
2416,,"[0.0, 0.1300608135666855, 0.14930220716232884, 0.0]",2,0.11201945269891662,1.4896341472083576,0.5929074468592558,0.2,2.087136585093811,"[1.2866584526004337, 0.3867193718533023, 0.20199449670721645, 0.13859697550716946]"
2417,,"[0.0, 0.0, 0.0, 0.0]",0,0.1797752830970021,1.91229322738739,0.21161637893531435,0.1,3.6977724626204553,"[1.2700425053309452, 0.38089106650530663, 0.19751950326624507, 0.132036311275897]"
2418,,"[0.0, 0.0, 0.0, 0.0]",0,0.12734885284032846,0.6142530356865615,0.6109605494679364,0.1,6.486666994777828,"[1.2700425053309452, 0.38089106650530663, 0.19751950326624493, 0.13203631127589696]"
2419,,"[0.0, 0.0, 0.19998987604364687, 0.15354102656158583]",2,0.22581381056920546,1.072478416589894,3.350589350809846,0.1,7.970699930379437,"[1.2833401641585296, 0.39063911695246945, 0.20526827234109996, 0.1376750512452499]"
2420,,"[0.0, 0.27876263837840665, 0.22091247781516776, 0.0]",2,0.12097237584606729,1.2916259196210906,0.42222507401202697,0.1,2.541268697933981,"[1.3056462867246084, 0.3917131070886613, 0.20605727582854796, 0.14514521157141871]"
2421,,"[0.1936249302155427, 0.0, 0.0, 0.06048892248786626]",2,0.22791254578747558,1.0928374089715338,0.39083502568811174,0.0,7.021451524653164,"[1.2984383870874887, 0.3914383695198966, 0.20453232365682653, 0.13508333055250263]"
2422,,"[0.0, 0.07634804072023064, 0.0, 0.0]",1,0.14827658590809983,0.6483994764593871,1.509523518440289,0.05,9.690531059464627,"[1.275276461068632, 0.38213118014296926, 0.1985994089746098, 0.13384351486960072]"
2423,,"[0.23614996119408357, 0.24469878235423756, 0.0, 0.0]",2,0.18210907344934849,0.6170921099878592,5.994440695653022,0.2,11.575842575158909,"[1.324585588105471, 0.3963514470291927, 0.20927284652677083, 0.1412973272211163]"
2424,,"[0.0, 0.0, 0.0, 0.0]",0,0.1935205729668641,1.7630051791027879,2.0786327437359233,0.1,3.3524867133119645,"[1.2700425053309452, 0.3808910665053066, 0.19751950326624498, 0.13203631127589693]"
2425,,"[0.21895186199462516, 0.0, 0.0, 0.0]",1,0.155042565687637,0.5567572634198497,2.0410922616020213,0.2,7.76076723233661,"[1.3015671711031176, 0.39119433440486084, 0.20401321731658395, 0.13488752135096796]"
2426,,"[0.0, 0.0, 0.0, 0.11519657757696511]",1,0.07066702456573073,1.5290042615293635,0.8694833820995594,0.1,1.2214937452549093,"[1.2723257598567015, 0.3842847062771249, 0.20029689120810806, 0.13295237313331498]"
2427,,"[0.0, 0.0, 0.0, 0.2600647230781178]",1,0.2048499588788183,0.6097276227856157,4.67990868894761,0.05,11.310941620923982,"[1.2759557831062638, 0.39003046327686436, 0.20469482126814997, 0.13420923531253628]"
2428,,"[0.30799638228495213, 0.0, 0.0, 0.2852473188024234]",2,0.20528292609695,0.7678023738637481,1.1419939235454215,0.0,49.55266699074593,"[1.3244909444289379, 0.40674477317185015, 0.21548583235083638, 0.13916917343032328]"
2429,,"[0.0, 0.28902639290033816, 0.0, 0.08058027827703211]",2,0.2326633847575157,0.8553939977985321,3.3181065990612955,0.2,23.63836998267141,"[1.2969119293789486, 0.3884824734344905, 0.2043070294060284, 0.14086473632848764]"
2430,,"[0.0, 0.2452075249739699, 0.0, 0.0]",1,0.07641594260234619,0.9742237006848546,4.165903554782323,0.1,3.4594174681794447,"[1.2903847696962987, 0.38527966808327613, 0.2015937151709102, 0.13860421830342462]"
2431,,"[0.0, 0.0, 0.13697128701069988, 0.11398174327695001]",2,0.13081015301743815,1.5361015859736404,2.187972259096095,0.1,2.4494176150696614,"[1.2787946759448665, 0.38752947686912204, 0.20275863134148678, 0.13585816045474833]"
2432,,"[0.0, 0.0, 0.09691375936172701, 0.0]",1,0.1767902051019924,0.8603130974978869,4.482499057060845,0.0,16.90598271769615,"[1.274463966834138, 0.38318225207325207, 0.19917255390946054, 0.1340954142883838]"
2433,,"[0.0, 0.0, 0.11048220429798078, 0.0]",1,0.10482381043197253,0.5311710032291904,0.5105888610313476,0.1,3.653545179419966,"[1.275152248464237, 0.3835316166428277, 0.19942658734669944, 0.13440482318039465]"
2434,,"[0.0, 0.3497992685732284, 0.07992534198722688, 0.0]",2,0.2151696308727511,0.9050129167831602,5.014121882709832,0.05,12.376810544258204,"[1.3069999427997192, 0.38942631949702317, 0.20521415064880935, 0.14403998086221442]"
2435,,"[0.32572628812710575, 0.0, 0.0, 0.30265862856939546]",2,0.05445801375238653,1.4285719485179729,1.4911904048678004,0.05,1.003570195224619,"[1.3286620417449422, 0.40882215043736125, 0.21688184292425772, 0.13967784059190086]"
2436,,"[0.1991394616444426, 0.0, 0.3430837235361675, 0.0]",2,0.2212404279204615,1.5302572348504153,5.645270683762922,0.1,4.151028887845262,"[1.3185284728443243, 0.4005591978959332, 0.21016437986333336, 0.14415215425415287]"
2437,,"[0.0, 0.2600962782607437, 0.0, 0.0]",1,0.10699846298685736,1.7748904152058542,5.840937107654581,0.1,1.7819860697911027,"[1.2920289143256918, 0.3855899776708597, 0.20191157073014743, 0.13908362113397668]"
2438,,"[0.0, 0.0, 0.0, 0.32940866801702334]",1,0.15003435018064304,1.0648581368653525,2.981409360968439,0.2,5.730932307422896,"[1.278123903307657, 0.3936477413543809, 0.20727153246005434, 0.1348554939229466]"
2439,,"[0.0, 0.0, 0.0, 0.0]",0,0.21638556835198952,1.5937658590654988,5.852456349593388,0.2,4.1369807197118424,"[1.2700425053309452, 0.38089106650530663, 0.19751950326624504, 0.13203631127589696]"
2440,,"[0.2602363239129902, 0.0, 0.0, 0.25271345706007753]",2,0.2402763523465497,0.5085715047689154,3.6400053809781916,0.2,9.062055771968721,"[1.3143653271265974, 0.4021837579825519, 0.2124476433779489, 0.13801526645809226]"
2441,,"[0.086998384448767, 0.0, 0.0, 0.05355361680203072]",2,0.16014011587946986,1.9371074891560713,5.598457633797521,0.0,2.737820069348576,"[1.282324297648224, 0.3860069316044131, 0.20107096360771803, 0.13357549536457053]"
2442,,"[0.0, 0.0, 0.0, 0.0]",0,0.13128078003047614,1.052073864858543,5.753720906773981,0.0,4.88839636672756,"[1.2700425053309456, 0.38089106650530663, 0.1975195032662449, 0.13203631127589696]"
2443,,"[0.0, 0.0, 0.0, 0.0]",0,0.06514939410899978,0.6165762870076159,1.9381432288041125,0.1,3.635859822333089,"[1.2700425053309456, 0.38089106650530663, 0.19751950326624496, 0.13203631127589696]"
2444,,"[0.0, 0.0, 0.08195941451724677, 0.2767241216429765]",2,0.11505219535900929,1.4426831758880736,5.598794644479596,0.1,2.241554313377681,"[1.2801094260590946, 0.39265045172786145, 0.20677683622302334, 0.13597997868005324]"
2445,,"[0.0, 0.0, 0.0, 0.0]",0,0.12980259508852973,1.0489648040328197,6.0026746122031245,0.1,4.893880450009338,"[1.2700425053309456, 0.38089106650530663, 0.19751950326624504, 0.132036311275897]"
2446,,"[0.06688686797453386, 0.0, 0.2255351035022186, 0.0]",2,0.13347893810987982,0.6180108532126859,0.8836906766305017,0.0,7.2701974650209955,"[1.2903180342107916, 0.38965013616335237, 0.20350551353022062, 0.13826188791570126]"
2447,,"[0.0, 0.0, 0.0, 0.0]",0,0.09390379783064227,1.4447216588452614,1.7806403305588732,0.2,1.8298540526819829,"[1.2700425053309454, 0.3808910665053068, 0.19751950326624504, 0.132036311275897]"
2448,,"[0.0, 0.0, 0.24406080795604554, 0.0]",1,0.13587801210759212,0.5446735726417706,3.4278583156645834,0.2,5.4234494791612,"[1.2831150936902291, 0.3874484172437167, 0.202310332240501, 0.1377707214667651]"
2449,,"[0.0, 0.20391393849262288, 0.0, 0.0]",1,0.16697441550776684,1.804307069156292,3.3621234905960304,0.0,2.729106344730792,"[1.2861301860214327, 0.38444971765567054, 0.20076502551517542, 0.13732939787483894]"
2450,,"[0.0, 0.0, 0.0, 0.0]",0,0.19249226105266382,1.0984231836521339,2.7453618759226326,0.0,6.394360406945432,"[1.2700425053309454, 0.38089106650530663, 0.1975195032662451, 0.13203631127589707]"
2451,,"[0.0, 0.13268118949967947, 0.0, 0.0]",1,0.11980303978558074,0.5745670562510327,1.9888404540377767,0.1,5.779983017965551,"[1.279696307070254, 0.38311329784253695, 0.19949166922744582, 0.13530466341413738]"
2452,,"[0.0, 0.0, 0.0, 0.0]",0,0.10771022902122938,1.5011471334974305,0.5800864635404008,0.1,1.9064624534933359,"[1.2700425053309456, 0.38089106650530663, 0.197519503266245, 0.13203631127589696]"
2453,,"[0.1866033892675324, 0.0, 0.0, 0.0]",1,0.19913675046322143,1.5055947772339,4.952163839635483,0.05,3.7714521479907397,"[1.2961862448922488, 0.3894143942157351, 0.20291208591454227, 0.13444677065575772]"
2454,,"[0.0, 0.0, 0.08678085131997669, 0.0]",1,0.2111606081239484,0.7278587788119337,1.1855841360476604,0.05,26.382529025418144,"[1.2739620602865407, 0.38292630046428217, 0.19898677797955266, 0.1338679051787057]"
2455,,"[0.0, 0.0, 0.061225541684377216, 0.0]",1,0.17198834478383998,1.7006244590926594,1.0689854232512033,0.2,3.2311604302726895,"[1.2727398943099528, 0.3822987443714984, 0.19853247412099953, 0.1333072495563225]"
2456,,"[0.0, 0.15057431968165888, 0.0, 0.1064194354029501]",2,0.20969617688079242,0.5231530115874317,6.0328764308879546,0.2,7.453627612920122,"[1.2832799791132867, 0.3865305598299458, 0.20226644634197344, 0.13674330408127458]"
2457,,"[0.0, 0.0, 0.0, 0.22783260657268736]",1,0.05833836229422014,0.683609862076267,1.917049785148034,0.0,4.710554752235342,"[1.2750556439657437, 0.3885678403824145, 0.20361132958089118, 0.13391892986789036]"
2458,,"[0.0, 0.0, 0.0, 0.0]",0,0.16664277274403816,0.9772100609524299,1.5802385201709892,0.1,7.383994345442274,"[1.2700425053309452, 0.38089106650530663, 0.19751950326624496, 0.13203631127589693]"
2459,,"[0.14060378971935342, 0.0, 0.0, 0.0]",1,0.08393371907989898,1.5504277041382086,2.054748133294322,0.1,1.6085435153077907,"[1.2890304771504613, 0.38705942821178024, 0.20143952886649458, 0.13383180328897515]"
2460,,"[0.0, 0.17221936201916807, 0.0, 0.0]",1,0.09148779959446829,1.4433441964529634,3.2237780244450938,0.1,1.7652222183086366,"[1.2831379492155917, 0.38384106926366485, 0.2001761637779541, 0.13640252731222435]"
2461,,"[0.0, 0.0, 0.0, 0.0]",0,0.16711448550819424,1.7301411168843872,2.448370960858949,0.1,2.9801852480095476,"[1.2700425053309448, 0.3808910665053066, 0.19751950326624498, 0.13203631127589693]"
2462,,"[0.2878808897164578, 0.0, 0.0, 0.05733138227229295]",2,0.1154985978463024,1.4447979740486767,2.5978767688324966,0.0,2.057418375601632,"[1.3152036375052303, 0.3969255392111303, 0.2078712708648164, 0.1363992233612291]"
2463,,"[0.0, 0.3414737289621934, 0.0, 0.0]",1,0.23227345906241922,1.1951252061692559,1.159635198508051,0.1,4.719578786871148,"[1.3022530914901393, 0.3874039033917749, 0.2038641502595381, 0.1419060903985534]"
2464,,"[0.0, 0.0, 0.0, 0.18376555123202143]",1,0.05115664852829485,1.9919229848947033,4.36427881422609,0.1,0.9930285445853412,"[1.2739172231185656, 0.38675304547971534, 0.20223291278120473, 0.1335320612363218]"
2465,,"[0.0, 0.0, 0.17601038453764012, 0.26324567097371826]",2,0.10219454356131732,1.7336271333749504,3.97368355196931,0.05,1.9504362660246644,"[1.2847273214322266, 0.39439752658418553, 0.2083006632664196, 0.1379465617688688]"
2466,,"[0.13731182313132773, 0.0, 0.0, 0.05411819777598999]",2,0.14340134160380755,1.5002412283351736,6.263666513711695,0.1,2.5792814627025673,"[1.289536780806268, 0.38837124457683103, 0.2025722946807999, 0.13425240429677662]"
2467,,"[0.0, 0.0, 0.3247727502386687, 0.0]",1,0.1833992191386072,1.203480748499757,5.2573213797782055,0.2,4.814111181294399,"[1.2893074311853585, 0.39035665075668846, 0.2044913621124736, 0.14012617099314453]"
2468,,"[0.0, 0.0, 0.0, 0.0]",0,0.10253348587842853,0.8806217995488161,3.9029087591280205,0.0,8.50612449255251,"[1.2700425053309454, 0.3808910665053068, 0.19751950326624504, 0.13203631127589696]"
2469,,"[0.19380738884437276, 0.0, 0.2188804191350051, 0.0]",2,0.173992172767804,0.7909208125343441,3.8462226821502967,0.05,33.45511433131337,"[1.3084427167414185, 0.3956665490252665, 0.20699178882965016, 0.14005474947999608]"
2470,,"[0.0, 0.24770950801485983, 0.0, 0.07946852770046284]",2,0.05500849367081731,1.602433414573751,5.416675854912253,0.2,1.0343461019472293,"[1.2921455559198798, 0.3875697945343024, 0.20339483337646327, 0.13945518068512533]"
2471,,"[0.0, 0.0, 0.0, 0.0]",0,0.09891586822324475,1.67162681453832,1.2853050975380083,0.2,1.9018980550399307,"[1.2700425053309454, 0.38089106650530663, 0.1975195032662451, 0.13203631127589693]"
2472,,"[0.0, 0.30216204436221067, 0.0, 0.0]",1,0.15786008860631973,1.5267823212345775,1.4777668069491088,0.2,2.958598159469405,"[1.2970322175346416, 0.3865013630035606, 0.2028718055884365, 0.14049837962050535]"
2473,,"[0.0, 0.0, 0.10045688793361984, 0.0]",1,0.10612131723645296,0.7832264041474055,1.4354342916211305,0.1,28.80098665810653,"[1.2746418819108667, 0.38327273937262385, 0.1992382993788236, 0.13417567988121892]"
2474,,"[0.1859434766826868, 0.0, 0.2614440491029296, 0.0]",2,0.14910801298295548,1.1840706556770508,2.6241280364593176,0.2,4.033457116239356,"[1.3100226380328424, 0.39667616626649205, 0.20769075577197751, 0.1412102363306813]"
2475,,"[0.0, 0.34018590025667395, 0.0, 0.25061385875532993]",2,0.1904171155255376,1.5792540438195335,4.608140453908998,0.0,3.4684740387489725,"[1.307493680119344, 0.39601265387459106, 0.2100934651095951, 0.14473348081781243]"
2476,,"[0.24586842443759013, 0.17154730780793842, 0.0, 0.0]",2,0.06059503919424543,0.7709117919137174,0.281828676107274,0.2,16.994026179891947,"[1.319156021289142, 0.3955629713730969, 0.20800007182494742, 0.13935103004644073]"
2477,,"[0.20207207501499871, 0.0, 0.0, 0.19027601951590123]",2,0.0941693005544322,1.808550227647221,2.8143693132951824,0.05,1.592893986582582,"[1.302626419460425, 0.39624357439518704, 0.20833926422603657, 0.13645401435902174]"
2478,,"[0.0, 0.0, 0.0, 0.0]",0,0.16497775792675407,0.9973037391432766,5.997502817555622,0.0,7.510416112389413,"[1.2700425053309456, 0.38089106650530674, 0.197519503266245, 0.132036311275897]"
2479,,"[0.33044983478605683, 0.0, 0.0, 0.0]",1,0.20070880574697725,1.2966369962548137,3.715618808190794,0.2,4.079884809857233,"[1.322888531736306, 0.3983034097638347, 0.20828769451932783, 0.13645949188382267]"
2480,,"[0.0, 0.0, 0.0, 0.0]",0,0.10304568349579757,1.0339959103575072,5.929252909091912,0.1,4.215651991011966,"[1.2700425053309452, 0.38089106650530663, 0.19751950326624493, 0.13203631127589693]"
2481,,"[0.0, 0.23770884041131554, 0.3342408701881279, 0.0]",2,0.21446602634822048,1.295913292361902,2.9760867598059617,0.2,4.574051544200391,"[1.3095844272506252, 0.39487408009263847, 0.2079910859956433, 0.14723031084960783]"
2482,,"[0.1721650003352314, 0.0, 0.0, 0.07883489177751805]",2,0.2287578853777071,0.9928886909566457,4.7119763092173255,0.05,8.116197751694253,"[1.295355224535647, 0.3908480086785637, 0.20427432684177432, 0.13495161957809867]"
2483,,"[0.0, 0.0, 0.0, 0.05636203123757941]",1,0.1341942654054648,1.946258704423353,5.412232871930793,0.1,2.7609609802567094,"[1.2711058945398936, 0.3824493652605843, 0.19881139977543863, 0.13247573842442903]"
2484,,"[0.0, 0.0, 0.0, 0.0]",0,0.19739010361929313,1.3847752216934934,5.705360926753999,0.05,3.6972453119272295,"[1.2700425053309454, 0.3808910665053071, 0.197519503266245, 0.132036311275897]"
2485,,"[0.0, 0.24879151940866, 0.0, 0.3263026939716855]",2,0.17993991335470405,0.9637130075724623,4.071904734755987,0.0,8.062513627508821,"[1.2985443596813677, 0.397856846842489, 0.21083602715638897, 0.14217917703855507]"
2486,,"[0.08379719407238469, 0.21354725024344812, 0.0, 0.0]",2,0.14011251185636506,1.9864349727197286,4.317103891123904,0.0,2.633333111079073,"[1.2978566438801349, 0.38809257482214304, 0.2033480187960236, 0.13857048104245273]"
2487,,"[0.0, 0.0, 0.0, 0.12222258075847989]",1,0.1051948985734461,1.8851162293929458,1.4593508605566032,0.2,1.9292148729803091,"[1.2724798609959345, 0.38452010800185016, 0.2004845844359658, 0.13301055487487948]"
2488,,"[0.0, 0.0, 0.0, 0.0]",0,0.1514454970104321,1.7842035220941246,5.7228875958818755,0.0,2.5170631750513834,"[1.2700425053309452, 0.3808910665053068, 0.19751950326624504, 0.13203631127589696]"
2489,,"[0.0, 0.08793347590332355, 0.0, 0.0]",1,0.24128530573235143,1.2271042194649895,5.904828831359574,0.2,6.4084152580382785,"[1.2761431481902836, 0.3823282210140503, 0.19877566682487086, 0.13413465101658875]"
2490,,"[0.05212355551389171, 0.0, 0.0, 0.0]",1,0.07377183570183402,1.766084360219746,5.082203581475785,0.05,1.3081686600217917,"[1.2766395186812656, 0.3830196411954353, 0.19888005571576695, 0.13268731809402898]"
2491,,"[0.0, 0.0, 0.0, 0.0]",0,0.1269837207693916,1.2667346797417363,5.506317881411315,0.0,3.0402555081910343,"[1.2700425053309456, 0.38089106650530674, 0.19751950326624504, 0.13203631127589693]"
2492,,"[0.23639110694523788, 0.0, 0.0, 0.0]",1,0.21980153799184055,1.2248607755822516,0.3530409942239561,0.0,5.115211928378866,"[1.3046011836599947, 0.3922009792313448, 0.20463095386720198, 0.13512798490955338]"
2493,,"[0.0, 0.0, 0.0, 0.1588387066097528]",1,0.14911774465486136,1.7580017296248363,2.2961220769504314,0.1,2.7647412488827654,"[1.2733152254039084, 0.38580974380966326, 0.20150140271495356, 0.1333182394429622]"
2494,,"[0.22992699102511435, 0.0, 0.30829058123826836, 0.0]",2,0.24997298978138086,1.2986109133948807,1.3700986306872753,0.1,4.500673540844168,"[1.320780606613784, 0.4009132531797126, 0.21021145236395436, 0.14349825521270168]"
2495,,"[0.18509284047207047, 0.0, 0.0, 0.28427971132697283]",2,0.17761663433485586,1.1026027450358074,5.503438625885027,0.1,5.292893396476352,"[1.3023771003848086, 0.3994663333893239, 0.2109137058954982, 0.1371718142141334]"
2496,,"[0.0, 0.24658402978355998, 0.0, 0.16439815469405425]",2,0.10627980476540355,0.9051240123052433,6.281858611460531,0.0,6.788459721488857,"[1.2938515982598524, 0.3904021304945724, 0.2055373713396167, 0.14028999977127735]"
2497,,"[0.0, 0.310634231434507, 0.0, 0.3021818772401944]",2,0.1674211760592991,1.3447831088444442,4.359590646992764,0.1,2.870795830442118,"[1.3050487461577494, 0.39786818685367814, 0.21116542859681703, 0.1442014132808429]"
2498,,"[0.0, 0.32536951453937, 0.0, 0.0]",1,0.2285486192051521,1.0434198470239746,1.5613673231458618,0.1,7.151929187670312,"[1.300044725146336, 0.3870278396592175, 0.20344548066051057, 0.14131900502912623]"
2499,,"[0.0, 0.3415252790992204, 0.0, 0.291648765839058]",2,0.18027515006718606,1.5186069064098096,2.4113400826870124,0.05,3.231767567572,"[1.3088470394628209, 0.39803284854120957, 0.2114788579333798, 0.14531021949165251]"
2500,,"[0.0, 0.0, 0.07176658702704362, 0.20162315579445136]",2,0.07266419182204197,0.5965508961359441,1.6362796652992684,0.0,3.7695272392478416,"[1.2775473539277054, 0.389070428312942, 0.20404223007544206, 0.13512184210512912]"
2501,,"[0.0, 0.18073410998672207, 0.0, 0.0]",1,0.14525310816896697,1.214892563396792,0.3149464596948067,0.05,3.659624457014334,"[1.2839202619588728, 0.3840022898679882, 0.20033064791933405, 0.13664731066785737]"
2502,,"[0.0, 0.0, 0.18890016490599695, 0.08368510388148608]",2,0.15251607401635525,1.503143519464957,4.509872368905912,0.0,2.7272241532520223,"[1.2811373451946277, 0.3880339385857106, 0.20306754230556703, 0.13688830935060456]"
2503,,"[0.0, 0.19142751853100737, 0.15201720096453128, 0.0]",2,0.24567734143605457,0.7724173558347491,1.2229970965876535,0.05,67.171688293597,"[1.2922495834989345, 0.3879219607706616, 0.20305506453464864, 0.1404379630558507]"
2504,,"[0.15885645255192088, 0.0, 0.0, 0.0]",1,0.13417127979777888,1.554443402923313,3.644269526476452,0.2,2.414832665681889,"[1.2918047468430534, 0.38797069117609556, 0.2020113074502965, 0.13407417330002006]"
2505,,"[0.0, 0.3134786449256048, 0.0, 0.0]",1,0.12878746700995264,1.342008380566631,4.720299255568129,0.2,2.468274448415813,"[1.2984771194450246, 0.3867558722021449, 0.20314734555091507, 0.14089485553646505]"
2506,,"[0.0, 0.0, 0.0, 0.16735797791261398]",1,0.059775137691368954,1.4606996353921142,2.2285029106994183,0.0,1.130332248923891,"[1.273517786368884, 0.38612585942176286, 0.2017476936945275, 0.13339091578500042]"
2507,,"[0.31252771939918594, 0.3406811145505831, 0.0, 0.0]",2,0.15923572874625946,1.7922579486331842,2.7814331717611873,0.05,3.191012240714073,"[1.3506355141895703, 0.40303041180528526, 0.2152144234097288, 0.14522405126256274]"
2508,,"[0.0, 0.0, 0.16999074002369108, 0.0]",1,0.12108839010068416,0.783546651396243,5.769154846155805,0.0,32.49808196943105,"[1.2784110269059448, 0.38516128064585425, 0.20061852275089992, 0.13582949291229174]"
2509,,"[0.21132551128431626, 0.0, 0.20629393665336923, 0.0]",2,0.21304866918907847,1.6685532367687774,2.732531282492003,0.0,3.9590840953275883,"[1.3105391138508724, 0.3962384281053817, 0.2072944424169197, 0.13996939023650867]"
2510,,"[0.0, 0.0, 0.0, 0.0]",0,0.07783940555452216,1.9374204163987454,4.106957853214353,0.0,1.3549307683007856,"[1.270042505330945, 0.3808910665053066, 0.19751950326624493, 0.1320363112758969]"
2511,,"[0.0, 0.20570107049113398, 0.07259338202359505, 0.0]",2,0.09178763081963143,1.9810677057631658,4.657693289851321,0.0,1.6994471003780458,"[1.2895320730463513, 0.3861441025631043, 0.2019165258396596, 0.13896177174474894]"
2512,,"[0.21949442974572494, 0.0, 0.29150132602332746, 0.0]",2,0.1622177475472707,0.5423192144231449,0.3651404758513652,0.0,6.089925419511134,"[1.317710937426575, 0.3996541338985204, 0.20946008346262612, 0.1427483001737131]"
2513,,"[0.0, 0.15898254646806254, 0.0, 0.268524236569792]",2,0.12721569730837004,1.718123217178571,2.9263175888365875,0.1,2.266601753655219,"[1.2880184427429695, 0.39309664591409904, 0.2072086891470829, 0.13858208845641337]"
2514,,"[0.0829979632723558, 0.0, 0.0, 0.0]",1,0.13577973845844402,1.3621136846709703,5.9916021104068165,0.2,2.850412126124484,"[1.2807789809487469, 0.3843634127337268, 0.19973532281491327, 0.1330809910267663]"
2515,,"[0.18269291685872116, 0.0, 0.11354696140760732, 0.0]",2,0.0950569587293644,1.1517348780415566,4.295685584813332,0.05,2.112788414603534,"[1.3006968726834722, 0.3919726694657881, 0.20460495014196453, 0.13702988465610155]"
2516,,"[0.0, 0.0, 0.0, 0.0]",0,0.19776862501386963,1.5649509839281182,5.482022844294729,0.2,3.889813140984651,"[1.2700425053309454, 0.38089106650530663, 0.1975195032662449, 0.13203631127589696]"
2517,,"[0.0, 0.1307139696515765, 0.0, 0.0]",1,0.11800053767670365,1.3348175182032809,1.0720214529838026,0.2,2.356860997683116,"[1.2795328221294635, 0.3830779497253224, 0.19945894403014777, 0.1352516525538732]"
2518,,"[0.0, 0.0, 0.0, 0.0]",0,0.2212839848846749,1.4756083670569304,1.322755241856172,0.0,3.724611757585472,"[1.2700425053309454, 0.38089106650530663, 0.19751950326624504, 0.13203631127589696]"
2519,,"[0.0, 0.2661355590633016, 0.0, 0.0]",1,0.16986369172408475,0.7397553056081152,2.1122057914319896,0.2,33.27988652469602,"[1.2927138191186978, 0.3857176144221222, 0.20204362318294633, 0.13928118676244022]"
2520,,"[0.0, 0.0, 0.0, 0.0]",0,0.11353383217704355,1.028580202015234,1.5742494780630236,0.2,4.211295963276074,"[1.2700425053309456, 0.38089106650530674, 0.19751950326624498, 0.13203631127589693]"
2521,,"[0.0, 0.0, 0.0, 0.0]",0,0.1928119378819212,1.852460784423236,5.502360861823648,0.0,3.142754445683259,"[1.2700425053309452, 0.38089106650530674, 0.19751950326624496, 0.13203631127589696]"
2522,,"[0.0, 0.0, 0.0, 0.0]",0,0.13936043724229283,1.6818183296117455,2.1167556707422124,0.05,2.520653985856668,"[1.2700425053309456, 0.38089106650530696, 0.19751950326624498, 0.13203631127589696]"
2523,,"[0.13800167493138568, 0.0, 0.0, 0.22900750516399124]",2,0.08976400027322783,1.8338290919162126,2.8830260627076614,0.1,1.592189998813017,"[1.2935791082982973, 0.39455717305025073, 0.20748924834352256, 0.1358890784951308]"
2524,,"[0.3318545000826405, 0.0, 0.0, 0.0]",1,0.231246831380442,0.5378812734191782,0.7490337727358201,0.0,9.282128836633412,"[1.323190058394355, 0.3984043923789442, 0.20834683121740238, 0.13647981835560435]"
2525,,"[0.0, 0.0, 0.0, 0.0]",0,0.20510339712641992,0.6560086594676346,2.724734615428908,0.05,13.080239187630777,"[1.270042505330945, 0.3808910665053066, 0.19751950326624482, 0.13203631127589693]"
2526,,"[0.0, 0.0, 0.16215522839497742, 0.0]",1,0.09862216576864667,1.978810358919274,1.0327749947542273,0.1,2.086207711903371,"[1.2779579205820473, 0.38493702108602895, 0.20045382151572208, 0.13563536105251128]"
2527,,"[0.0, 0.0, 0.14713298373005623, 0.17123877474245464]",2,0.18958858918009674,1.126306174764557,4.283593799906087,0.1,4.628834910809819,"[1.2806557099779519, 0.389790412158965, 0.20461263018754497, 0.13653571397288788]"
2528,,"[0.2098408312629561, 0.30978427701305633, 0.0, 0.0]",2,0.09014550374318385,1.4899007512104543,2.2799469867500886,0.05,1.607852996748388,"[1.3276546604877442, 0.39619534949418583, 0.20996390886981423, 0.14303530985921467]"
2529,,"[0.0, 0.0, 0.0, 0.0]",0,0.13602827864914274,1.1614473090230033,3.6533436638124575,0.0,3.7484623790960097,"[1.2700425053309456, 0.38089106650530646, 0.19751950326624504, 0.1320363112758969]"
2530,,"[0.0, 0.0659025057823908, 0.23134849462352564, 0.0]",2,0.1994259461985109,0.5773971948970699,3.5834961599581407,0.0,8.342458354337483,"[1.2867115320722051, 0.38807320273280815, 0.2028263738170732, 0.13903476314621965]"
2531,,"[0.0, 0.0, 0.3336392496020884, 0.15956501599130427]",2,0.061168528696862914,1.0068424472818396,0.1907238912430064,0.2,2.607128407352002,"[1.2933117641100822, 0.3953637723920647, 0.20912098136521867, 0.14138506600280004]"
2532,,"[0.0, 0.0, 0.0, 0.0]",0,0.14632902879915974,1.1381250233893823,3.07762607490711,0.05,4.381890874133421,"[1.2700425053309454, 0.38089106650530674, 0.19751950326624498, 0.13203631127589696]"
2533,,"[0.0, 0.3231590551127204, 0.0, 0.0]",1,0.14494341328058474,1.6264605973044572,4.533766898200233,0.0,2.648856785667409,"[1.2997493709101695, 0.3869769222555122, 0.20338937048817202, 0.14123956410991353]"
2534,,"[0.28445459484602525, 0.0, 0.2794495368446759, 0.0]",2,0.18891408928149908,1.429522148079382,4.679467212604447,0.1,3.3948057021866176,"[1.3284845661770746, 0.4032176552321454, 0.2113941518969912, 0.14349523586957508]"
2535,,"[0.0, 0.09491276156217635, 0.0, 0.0]",1,0.07917606987332185,1.3542305888161192,5.81780737363272,0.1,1.5855575985923558,"[1.2766754027266147, 0.38244812371562614, 0.19888358434293835, 0.1343123199297756]"
2536,,"[0.0, 0.0, 0.0, 0.0]",0,0.17986541961233904,0.8861906844481618,4.493202810122609,0.05,14.557973359896534,"[1.270042505330945, 0.38089106650530663, 0.19751950326624507, 0.132036311275897]"
2537,,"[0.0, 0.23095867183211213, 0.0, 0.0]",1,0.15259992059797017,1.1110190754886615,1.6516021867086377,0.2,4.425797555292588,"[1.2888677951193481, 0.3849883172058857, 0.20129931166022075, 0.13815539648011801]"
2538,,"[0.07108499446692948, 0.0, 0.0, 0.07791755472425747]",2,0.16497727195198506,0.5000794187037371,2.747013686213895,0.2,5.436173537538515,"[1.2806408073426216, 0.386026766265204, 0.20121670175472733, 0.13357119613501808]"
2539,,"[0.0, 0.07231213024385012, 0.0, 0.0]",1,0.15669159284729683,1.364517437661517,3.912337870137708,0.1,2.7375461717180833,"[1.2749793622179313, 0.38206311431259615, 0.1985388324760297, 0.1337431892809091]"
2540,,"[0.0, 0.09059934502479208, 0.0, 0.1842442562450065]",2,0.14433074547755106,1.3820617985895962,5.513386487834999,0.2,2.9723878154203183,"[1.2802007459019211, 0.3882391504475346, 0.2034741947097586, 0.13580757367701005]"
2541,,"[0.0, 0.0, 0.0, 0.0]",0,0.23981148066162095,1.8837640133860556,6.115189069428291,0.05,4.076100400035692,"[1.2700425053309452, 0.38089106650530674, 0.19751950326624496, 0.13203631127589693]"
2542,,"[0.0742749739693817, 0.0, 0.066536542891181, 0.0]",2,0.19008834391127458,1.2695775155001243,3.1602266006540853,0.05,4.395582113177984,"[1.2825106116148721, 0.38552236689410857, 0.2005641650412618, 0.13439799025937177]"
2543,,"[0.0, 0.0, 0.0, 0.054663255219321985]",1,0.08086094431753521,1.8315598755232931,4.064447457699502,0.2,1.6726693329628284,"[1.271072424567927, 0.382399720883474, 0.1987706749450728, 0.1324622519868474]"
2544,,"[0.0, 0.198801554475788, 0.0, 0.0]",1,0.06171536556931421,1.7264776909030792,1.0605706649252102,0.05,1.0593930732072643,"[1.2856323721840532, 0.38434993951827645, 0.20066742737347204, 0.1371769517861801]"
2545,,"[0.0, 0.0, 0.2482718701579834, 0.1872068899771453]",2,0.188207460171716,1.831158425919061,3.8167528946592664,0.1,3.568762857524643,"[1.2873248811595255, 0.3933555658072047, 0.20751095987635476, 0.13916593130222998]"
2546,,"[0.0, 0.24076132573331543, 0.24669130896425284, 0.0]",2,0.09831094592766672,0.8093462071515798,3.47041412885555,0.1,15.141901604545923,"[1.3031149412188126, 0.3917522465474325, 0.2058809239632129, 0.14458889193600286]"
2547,,"[0.0, 0.066720410890149, 0.0, 0.08317091333554441]",2,0.18166637834508187,1.2310255350930515,2.745194836520016,0.2,4.875646560536144,"[1.2761666526157658, 0.38433046475060795, 0.20038353139633633, 0.13429211933731464]"
2548,,"[0.30763132739837545, 0.0, 0.0, 0.3469027088511355]",2,0.16983663390616477,0.9032160615793972,0.8918451192741165,0.1,9.946190606908095,"[1.3263283459444029, 0.41002049020004655, 0.21791525284464572, 0.13991022381201873]"
2549,,"[0.153168370853835, 0.0, 0.2687092437542523, 0.0]",2,0.2102230105630343,0.8727569994206172,2.1408406159783704,0.0,15.232518693404348,"[1.3054633116136767, 0.39520792797975945, 0.2068827577011233, 0.1408909565124699]"
2550,,"[0.0, 0.0, 0.3059349644611639, 0.1841390076775547]",2,0.15716447259838334,1.579790128834751,1.383107053590193,0.05,2.9837578474574165,"[1.2915755495623094, 0.39520651017366193, 0.20904269006157133, 0.14073502391662152]"
2551,,"[0.0, 0.0, 0.1192410363143131, 0.0]",1,0.09314198617427148,0.5917283756623241,0.11578031476078693,0.2,4.334680587446445,"[1.2756067561594973, 0.3837613036755454, 0.1995938868547857, 0.13460750812227962]"
2552,,"[0.0, 0.16128988415731083, 0.0, 0.0]",1,0.08153118939310924,1.6259845936360482,2.6697730951905143,0.1,1.4263469716674084,"[1.2821558460641087, 0.38363651259694803, 0.19998166694799763, 0.13609274423290316]"
2553,,"[0.09596303707537555, 0.0, 0.0, 0.0]",1,0.11101082014983882,1.3940775055096981,2.004944008339972,0.2,2.159364657485429,"[1.2825735362212238, 0.38494783191484166, 0.20010618213575324, 0.13324811434871167]"
2554,,"[0.0, 0.0, 0.0, 0.0]",0,0.08788202549289004,1.75295588365071,2.3261890530353737,0.0,1.4861569987509848,"[1.2700425053309454, 0.38089106650530663, 0.19751950326624493, 0.13203631127589696]"
2555,,"[0.0, 0.11348948294088118, 0.0, 0.0]",1,0.06431581788310976,1.8735974348878177,5.141659736406651,0.2,1.3013495768634118,"[1.278130775314263, 0.3827717884214469, 0.1991774508993904, 0.13479378842924478]"
2556,,"[0.0, 0.0, 0.0, 0.0]",0,0.05566212277294931,0.98860907216504,2.517082277890125,0.05,2.5543287243911963,"[1.270042505330945, 0.38089106650530663, 0.197519503266245, 0.13203631127589693]"
2557,,"[0.056572107304899956, 0.0, 0.0, 0.0]",1,0.08933805813480489,1.9878416803359351,1.0852101947847093,0.0,1.6737362662791677,"[1.2772247514290545, 0.3832092505728205, 0.1990009323747695, 0.13274366824210962]"
2558,,"[0.0, 0.0, 0.0, 0.05590624529069328]",1,0.1556391602864725,1.5822877642002835,5.851829025520357,0.05,2.7398193651649962,"[1.2710969053495966, 0.38243602825300455, 0.19880046181812688, 0.13247211848177576]"
2559,,"[0.0, 0.0, 0.0, 0.0]",0,0.0706973847835571,1.1867560204940593,0.5997218253216575,0.2,1.9224128420602682,"[1.2700425053309454, 0.3808910665053069, 0.19751950326624504, 0.132036311275897]"
2560,,"[0.25079207474262505, 0.0, 0.0, 0.3406530976740397]",2,0.19967999018286808,1.8575553547529216,3.3840797839408503,0.05,3.6013761103456194,"[1.3152886867104492, 0.40611619831033685, 0.21542681267435126, 0.13886550725832103]"
2561,,"[0.0, 0.294970592751458, 0.0, 0.30791226174176833]",2,0.22407814429458117,0.5624089066969993,0.8747061629173792,0.2,11.317639901046359,"[1.3032698800856268, 0.3978246863415293, 0.21104515736386678, 0.1436651274568172]"
2562,,"[0.0, 0.0, 0.0, 0.0]",0,0.1415337955273299,0.8500987178796322,3.425580890718843,0.0,16.076699714845557,"[1.2700425053309452, 0.3808910665053064, 0.19751950326624507, 0.13203631127589696]"
2563,,"[0.0, 0.0, 0.0, 0.0]",0,0.1982832792616268,1.5689047428699905,5.8230101051345375,0.2,3.694117516591775,"[1.2700425053309459, 0.3808910665053068, 0.19751950326624498, 0.13203631127589696]"
2564,,"[0.0, 0.0, 0.09434177242944, 0.18064034523080175]",2,0.16060922457169458,1.330967147659276,5.4795479920823915,0.05,3.199227044283741,"[1.2781175144779162, 0.38878956439469226, 0.20382414597175139, 0.13542786732689296]"
2565,,"[0.0, 0.0, 0.15538810935422784, 0.30985544768217366]",2,0.10933715164678547,0.5201051408971867,4.277886150536714,0.05,4.314895969692936,"[1.2849631808164095, 0.39616263075046987, 0.20958675927673934, 0.13785968511821323]"
2566,,"[0.0, 0.0, 0.3283275467692211, 0.0]",1,0.12303759610142194,1.2469676315946794,4.513835179432113,0.0,2.5305309726708693,"[1.2896115327002038, 0.39049677329113214, 0.20459721230262096, 0.14023620333405826]"
2567,,"[0.0, 0.0, 0.13702718379406095, 0.0]",1,0.12782986361715987,1.1380151373794738,1.9185396576005402,0.1,3.610599500021503,"[1.2765554277584112, 0.38423816929686716, 0.19994195407929072, 0.1350263886846598]"
2568,,"[0.0, 0.19120796087625086, 0.27706029377492236, 0.0]",2,0.07889376193706354,1.591132342830362,1.5981023724622945,0.1,1.4683185445751454,"[1.3003155145617424, 0.39181738979238817, 0.20574440235337688, 0.14389343629572257]"
2569,,"[0.18538716729051394, 0.0, 0.0, 0.0]",1,0.22629277208212595,1.1208477511875354,2.793020359893958,0.1,6.7390463554563205,"[1.2959898345452538, 0.3893495641071337, 0.20287177735139, 0.1344303333244698]"
2570,,"[0.0, 0.0, 0.0, 0.30418270093654703]",1,0.22079294252950354,0.8096596065653048,0.009980959449170034,0.1,46.81537217467852,"[1.2772948809132474, 0.392249418371898, 0.20629260323849288, 0.1346169134748176]"
2571,,"[0.0, 0.0, 0.0, 0.0]",0,0.13351147569948982,1.1504060367714315,0.3036645908875074,0.1,3.973555461736348,"[1.2700425053309456, 0.38089106650530674, 0.19751950326624496, 0.132036311275897]"
2572,,"[0.0, 0.0, 0.0, 0.0]",0,0.21352996304759148,1.4908560471892698,0.13135346796765157,0.2,4.047317233486047,"[1.2700425053309456, 0.38089106650530663, 0.19751950326624493, 0.132036311275897]"
2573,,"[0.0, 0.0, 0.0, 0.0]",0,0.09707081447787949,1.0413085825492154,3.0812026297368,0.0,3.753839567197732,"[1.2700425053309454, 0.38089106650530663, 0.19751950326624512, 0.13203631127589696]"
2574,,"[0.24389681163868615, 0.0, 0.0, 0.12470401054005106]",2,0.18071579974599286,0.8308897283774312,1.3019975354447637,0.1,19.771581101980534,"[1.3083296027640394, 0.39626214961881046, 0.20792786493830842, 0.1364183107178905]"
2575,,"[0.0, 0.2865525502959673, 0.3004745735020549, 0.0]",2,0.23924754716245336,0.8841944671917901,5.443149899188764,0.05,15.665686118205441,"[1.3122876463131703, 0.39459387420406733, 0.20799931165983596, 0.14784878203999935]"
2576,,"[0.32035010650405044, 0.16572995435722176, 0.0, 0.0]",2,0.060668257252034466,1.711990445563381,2.501840577137719,0.2,1.0671025591928414,"[1.3330379045115952, 0.40023126198822817, 0.21090606466346892, 0.14016349555547966]"
2577,,"[0.0, 0.0, 0.0, 0.0]",0,0.19876399198311268,0.5272663282608204,0.22081497217813878,0.2,7.41418092479407,"[1.2700425053309454, 0.38089106650530663, 0.19751950326624482, 0.13203631127589693]"
2578,,"[0.0, 0.0, 0.0, 0.09494087616316194]",1,0.18897378802557652,1.0397138773427566,5.656509346803646,0.05,7.20969144608486,"[1.2718919381167055, 0.38362625272692435, 0.19976845814399222, 0.13278615907376567]"
2579,,"[0.0, 0.0, 0.0, 0.17088179110511834]",1,0.11615224721357378,1.7008187916805748,4.696738226565712,0.2,2.153874356787109,"[1.2736025244935911, 0.3862584902255606, 0.2018506830817218, 0.13342109838599792]"
2580,,"[0.0, 0.1043839033554585, 0.0, 0.2841174616059381]",2,0.159522046798519,1.3826858668377928,2.8395470997172643,0.05,3.040138452381735,"[1.2839746727334627, 0.39289697212210095, 0.2069339315907358, 0.13714786794468994]"
2581,,"[0.17000874388199716, 0.0, 0.0, 0.0]",1,0.13217849673778528,0.8101444273421423,2.310885829625064,0.05,21.152262786930258,"[1.2935412259381887, 0.38854221895892516, 0.20236867745897233, 0.13422332696029912]"
2582,,"[0.3491964638156613, 0.0, 0.0, 0.0626780839952328]",2,0.21903086717015013,1.513147995666306,0.023388938560462775,0.1,3.8568393608527582,"[1.3281066627491254, 0.40135166790841303, 0.21052974627938018, 0.13736235208369893]"
2583,,"[0.0, 0.0, 0.12087512668503418, 0.0]",1,0.11054254018214925,1.9604084601197704,4.966991545142533,0.0,1.8448461573513273,"[1.2756924603647148, 0.3838045251494633, 0.19962539400458204, 0.13464558203015217]"
2584,,"[0.07998240951764633, 0.1070206349935898, 0.0, 0.0]",2,0.06197571938963884,1.3423248340432075,6.076800673819506,0.2,1.327658592220624,"[1.2879107437784825, 0.38597523429371433, 0.20126788176591734, 0.13558642759884806]"
2585,,"[0.0, 0.0, 0.0, 0.0]",0,0.16730296987738658,1.8162076116063048,0.4311997589854298,0.2,3.11557449312737,"[1.270042505330945, 0.3808910665053066, 0.19751950326624504, 0.13203631127589702]"
2586,,"[0.0, 0.0, 0.0, 0.0]",0,0.05660296920216648,1.6689603226269645,3.1598519573871156,0.0,0.9907402158629852,"[1.2700425053309456, 0.38089106650530674, 0.1975195032662451, 0.13203631127589696]"
2587,,"[0.0, 0.3236427462904893, 0.0, 0.3182238805483173]",2,0.20776961740916872,0.790300232743343,1.8037457065731908,0.0,39.5411830847639,"[1.307238221282249, 0.3990303462570781, 0.2120247255796836, 0.14492294037147424]"
2588,,"[0.09976930955433444, 0.0, 0.20494956116353885, 0.0]",2,0.08941154515667307,1.8823689115614137,2.6300260258476627,0.2,1.6748786681937404,"[1.2934647932750167, 0.3904859255813708, 0.20392114081161308, 0.13819209911439784]"
2589,,"[0.1957461557918817, 0.0, 0.196636422466751, 0.0]",2,0.21196140233633165,0.8118670018975741,4.2519212096056025,0.2,33.28656790656612,"[1.3073825645410317, 0.39506770138834985, 0.20659232570886313, 0.13944427464541634]"
2590,,"[0.0, 0.1675312738079268, 0.0, 0.0]",1,0.1287892735462196,1.8739586079439432,4.3250477265750105,0.1,2.3081174489647704,"[1.2827136939679047, 0.38375300181021366, 0.20009222158260664, 0.13626904577421695]"
2591,,"[0.0, 0.0, 0.12430426872813422, 0.26469297349611265]",2,0.17614978011059984,1.9570360966200322,3.3492431564134075,0.0,3.3333427269109013,"[1.2818906647154296, 0.39310314521744194, 0.20720389220106292, 0.13678145809770975]"
2592,,"[0.0, 0.0, 0.0, 0.0]",0,0.14645264705021355,0.6177851393372686,0.5141378751246618,0.05,7.4461488181214115,"[1.2700425053309454, 0.38089106650530674, 0.19751950326624493, 0.13203631127589682]"
2593,,"[0.0, 0.0, 0.15370196474383044, 0.0]",1,0.1406583821976216,1.8489402073208419,5.586369669709841,0.1,2.384777839889629,"[1.277477660741025, 0.3846985194677878, 0.20027889712556413, 0.13542820630753807]"
2594,,"[0.0, 0.3055976470972311, 0.0, 0.3038235848303402]",2,0.07565293325578544,1.8835804228691153,4.621000443602308,0.0,1.2675690289862334,"[1.3044611032433286, 0.39784209322154124, 0.21111779078977225, 0.14402496932415365]"
2595,,"[0.21573068916421395, 0.0, 0.0, 0.0]",1,0.11658851561159266,1.8463749910471399,5.5174170928901685,0.0,2.2616505023834264,"[1.3010173153504048, 0.3910121237608104, 0.20390100448328333, 0.13484332463134763]"
2596,,"[0.0, 0.0, 0.0, 0.21968473423124046]",1,0.22575825289697743,0.5918991177145219,6.257987240856817,0.1,10.166979770176942,"[1.2748375062296793, 0.388217025042635, 0.20334782278607386, 0.1338465338078026]"
2597,,"[0.0, 0.0, 0.0, 0.0]",0,0.12236251703210183,0.9925811400672511,2.6485482905088213,0.0,5.604464084086838,"[1.2700425053309452, 0.38089106650530624, 0.19751950326624496, 0.13203631127589704]"
2598,,"[0.11032273930128259, 0.0, 0.0, 0.0]",1,0.13596607281476183,0.5708037416496359,0.5074712431557656,0.2,6.830764672472876,"[1.2846022481047032, 0.3856098176734147, 0.20052535589118065, 0.13343447105142597]"
2599,,"[0.0, 0.26050471440089185, 0.0, 0.0]",1,0.1847071578114305,0.7080906709189737,3.8817152974021663,0.1,21.36488006855811,"[1.292074900420536, 0.38559857713396045, 0.20192044346601332, 0.13909692539200735]"
2600,,"[0.0, 0.2318368246456236, 0.0, 0.0]",1,0.2477639319514999,0.6703787612119538,3.4545466142335424,0.05,18.832475399044828,"[1.2889597444161474, 0.3850061180595226, 0.20131718882973246, 0.13818278021810554]"
2601,,"[0.0, 0.1908146829537397, 0.14209303098364873, 0.0]",2,0.19976205422708135,1.759847978733152,1.0793685658709726,0.0,3.4801550074192784,"[1.2916419323073631, 0.387638151194165, 0.20285801826403183, 0.1401699248218027]"
2602,,"[0.0, 0.2534015145210644, 0.0, 0.0]",1,0.19053518329390068,0.6470721238284434,5.490805175348434,0.0,12.353742958890125,"[1.2912819385603451, 0.3854496882908392, 0.2017673141468484, 0.13886671907166184]"
2603,,"[0.0, 0.0, 0.0, 0.0]",0,0.2345487452779089,0.6555019464523205,2.363258168540239,0.0,15.058519533237192,"[1.2700425053309456, 0.3808910665053068, 0.197519503266245, 0.132036311275897]"
2604,,"[0.32241754844348625, 0.0, 0.0, 0.05380036871444813]",2,0.19473304320656765,1.499655379945517,2.9578009596040444,0.0,3.3933913796826376,"[1.3221379495804197, 0.39916115886518605, 0.2091785170821662, 0.13687206446767736]"
2605,,"[0.07754782065836664, 0.0, 0.0, 0.0]",1,0.15240971153920627,1.8211324656756525,5.86649565146676,0.2,2.6768502038074704,"[1.2800347836919297, 0.38412138145738217, 0.1995815287525469, 0.13301105744506442]"
2606,,"[0.0, 0.0, 0.2886451153358271, 0.0]",1,0.06291540008173986,0.8221587939089536,5.4832517343959815,0.2,10.92258732338625,"[1.286376072442521, 0.388993385079826, 0.20346508134121666, 0.13903875425689455]"
2607,,"[0.0, 0.0, 0.0, 0.18170962257299447]",1,0.12878284201949744,1.0190568135661868,0.42707091233697,0.05,5.337189659382664,"[1.2738664830140134, 0.38667309483226486, 0.20217131289930168, 0.13351428993868716]"
2608,,"[0.0, 0.25746962245428523, 0.14832161834723334, 0.0]",2,0.10476074310471513,1.031881394184435,5.272889710609791,0.05,3.6320762852559616,"[1.2988437043657495, 0.38913542999693557, 0.2042234269776206, 0.14244446155129964]"
2609,,"[0.0, 0.1119807968507214, 0.0, 0.0]",1,0.16171859324228843,1.6546598014736607,4.75745580159129,0.0,2.9742270123955574,"[1.2780104265985117, 0.3827452529215544, 0.19915321611207235, 0.1347542145243187]"
2610,,"[0.0, 0.0, 0.0, 0.0]",0,0.12737089280153718,0.6669353677406434,0.27324284617333006,0.1,8.718516144807731,"[1.2700425053309454, 0.3808910665053068, 0.19751950326624498, 0.13203631127589696]"
2611,,"[0.0, 0.0, 0.0, 0.0]",0,0.10572427028900605,1.6559964923928359,3.4885634021674368,0.05,1.8281477905432049,"[1.2700425053309454, 0.38089106650530674, 0.19751950326624493, 0.13203631127589696]"
2612,,"[0.0, 0.0, 0.0, 0.29875249454956654]",1,0.10099531758446055,0.88205708931265,0.8967531860785223,0.0,8.076612502240405,"[1.2771227613753142, 0.3919614137145263, 0.20608831586573914, 0.13456608140992307]"
2613,,"[0.0, 0.0, 0.0, 0.0]",0,0.1263238114928452,0.5875496328751564,4.137101622796364,0.2,6.661085102400266,"[1.2700425053309454, 0.38089106650530674, 0.19751950326624493, 0.13203631127589696]"
2614,,"[0.0, 0.0, 0.0, 0.0]",0,0.09239226220710538,1.4351063134537618,2.5164947888819333,0.1,1.7962005100798084,"[1.2700425053309454, 0.3808910665053066, 0.19751950326624504, 0.13203631127589696]"
2615,,"[0.0, 0.0, 0.0, 0.0]",0,0.06207048190571196,1.4982807071272213,0.9737835179074604,0.05,0.9851573831465292,"[1.2700425053309452, 0.3808910665053069, 0.19751950326624504, 0.13203631127589696]"
2616,,"[0.0, 0.0, 0.0, 0.0]",0,0.1176389288975187,0.6193169586390992,4.2360676572741145,0.1,6.684540773289425,"[1.2700425053309454, 0.3808910665053064, 0.19751950326624504, 0.13203631127589693]"
2617,,"[0.0, 0.3314393475427894, 0.0, 0.06401825480503708]",2,0.14141155333035807,0.9933552624307095,1.2135190073527753,0.1,5.364057141265538,"[1.3020347437995219, 0.38894133667099334, 0.20494009844631597, 0.14221721489344172]"
2618,,"[0.20660694086552525, 0.0, 0.0, 0.34470257979889996]",2,0.06991733001628704,1.6237425547473723,0.008396175022014587,0.1,1.2531479008994615,"[1.3077937581511971, 0.40387163473786214, 0.2140071151010748, 0.1381812472656062]"
2619,,"[0.0, 0.0, 0.13769672626893067, 0.0]",1,0.19407477512524784,1.803789767297748,5.744123673455118,0.2,3.695185510702606,"[1.2765918332027586, 0.3842564014477721, 0.19995528132609858, 0.1350423511182251]"
2620,,"[0.0, 0.18236761481625502, 0.13522523505290462, 0.0]",2,0.1448049550133088,1.9470775222354348,1.9264699117344666,0.0,2.941787541084417,"[1.2904747857905088, 0.38729227538225525, 0.20258388372622568, 0.13974654806396214]"
2621,,"[0.0, 0.0, 0.2782589256592751, 0.0]",1,0.21563753944457034,0.7223192664461986,4.957739793642134,0.2,31.543288419501415,"[1.2855834058767663, 0.38862068804106487, 0.20318568090453853, 0.13873625079552182]"
2622,,"[0.0, 0.05545346454150372, 0.0, 0.0]",1,0.19801802634574717,1.3507690665522316,5.898775792484383,0.0,3.7811448591646855,"[1.2737643736846767, 0.38178193601867416, 0.19829024810036489, 0.1333301034202904]"
2623,,"[0.13775642991393294, 0.0, 0.0, 0.0]",1,0.2227979775245148,0.8924587602129305,5.407290875359372,0.1,16.37221913079911,"[1.2886050287224458, 0.3869198869248818, 0.20135176755722678, 0.13379418925883022]"
2624,,"[0.0, 0.0, 0.0, 0.0]",0,0.12986772084450132,1.348565246585149,5.605367900803658,0.05,2.613737205055656,"[1.2700425053309456, 0.3808910665053066, 0.197519503266245, 0.13203631127589693]"
2625,,"[0.0, 0.0, 0.0, 0.0]",0,0.19529845165739335,1.0875397589224043,4.803481623680341,0.0,5.770906946342046,"[1.2700425053309454, 0.38089106650530674, 0.197519503266245, 0.13203631127589696]"
2626,,"[0.0, 0.0, 0.23828601018771486, 0.0]",1,0.23029685985492923,1.5767752837174638,0.2915290391425877,0.1,4.121685415820091,"[1.2827183649391363, 0.38725828691706465, 0.20216887031845424, 0.13761216799082798]"
2627,,"[0.0, 0.0, 0.0, 0.0]",0,0.22249176263212056,1.6589750270206938,3.256256647398582,0.1,3.868241666844116,"[1.2700425053309459, 0.38089106650530674, 0.19751950326624496, 0.13203631127589696]"
2628,,"[0.0, 0.0, 0.10411228102937639, 0.1944618779942256]",2,0.12980439432580568,1.3789480049769782,3.296953787573998,0.0,2.388061906673008,"[1.2789500405419005, 0.38956793367841597, 0.20444117378127918, 0.1357532883042484]"
2629,,"[0.07490229896820323, 0.0, 0.0, 0.3434967658732817]",2,0.16627194337741125,0.6931898278966607,5.629432183510889,0.0,15.175591730117544,"[1.2881461479395806, 0.3974965592762675, 0.2098402824467718, 0.13609738016464243]"
2630,,"[0.12113949145956616, 0.0, 0.0, 0.0]",1,0.17537496619954196,1.4957731576497124,5.5770898397191715,0.2,3.194873693359027,"[1.2861600695361526, 0.38611906826545933, 0.2008471140376089, 0.1335757234196341]"
2631,,"[0.0, 0.17876429869123173, 0.0, 0.0]",1,0.21620173342574575,1.5504286605868276,2.6505585558926286,0.2,3.916940062789157,"[1.283737914625121, 0.38396484619293114, 0.20029467414274493, 0.13659041104473393]"
2632,,"[0.0, 0.0, 0.0, 0.0]",0,0.21390861114159135,0.763441579339861,3.036130512281945,0.1,47.544560042655235,"[1.2700425053309459, 0.3808910665053068, 0.197519503266245, 0.13203631127589696]"
2633,,"[0.2769679092276117, 0.0, 0.0, 0.0]",1,0.14824432198031243,0.900932332057363,2.6898807705999848,0.05,9.06025171131741,"[1.3120628036651112, 0.394684614642456, 0.2061382361005633, 0.13569523955579768]"
2634,,"[0.0, 0.0, 0.0, 0.0]",0,0.23734685357018148,0.9299085790491532,0.4224648119102484,0.0,14.332579231513611,"[1.2700425053309456, 0.3808910665053068, 0.19751950326624498, 0.13203631127589696]"
2635,,"[0.0, 0.20515677429744592, 0.3193908509746772, 0.0]",2,0.14098951882780897,1.3825337993788769,2.827344668971163,0.2,2.8085454614670806,"[1.3050058190975034, 0.3936470417353366, 0.20705476096912262, 0.14566000800251938]"
2636,,"[0.07254434510146708, 0.0, 0.0, 0.0]",1,0.10314514054836797,0.6963627007261561,0.09516748357968775,0.05,9.346848148415493,"[1.279356763219235, 0.3839010410555102, 0.19944141755661488, 0.13294702174257536]"
2637,,"[0.0, 0.1507612558042268, 0.0, 0.0]",1,0.2318767466609799,0.7241068153294159,0.2406397917246712,0.1,30.215528884611558,"[1.2812324255786292, 0.38344193454354497, 0.19979820073031304, 0.13579892995360168]"
2638,,"[0.0, 0.0, 0.0, 0.0]",0,0.16597370116434212,1.8270845979163353,3.508819593645373,0.0,2.706216692983779,"[1.2700425053309452, 0.38089106650530674, 0.19751950326624498, 0.13203631127589702]"
2639,,"[0.0, 0.30637365619213736, 0.31665499766228267, 0.0]",2,0.13036017866709068,1.1074386495711874,0.0823102360113485,0.0,3.699020954696894,"[1.3160405043724046, 0.3956407329838692, 0.20879159867045816, 0.14912028325253665]"
2640,,"[0.21155425199976957, 0.0, 0.0, 0.0]",1,0.2436977900751924,1.2346974403012183,2.6186708512459407,0.05,5.791297856991547,"[1.3003091520946812, 0.3907775587125444, 0.20375637446584272, 0.13478612254809755]"
2641,,"[0.0, 0.0, 0.0, 0.06029718122699939]",1,0.22480158669488107,0.5887232425171547,0.7047142195010465,0.2,11.401419187129726,"[1.2711837844964253, 0.38256504450546674, 0.19890618422637654, 0.13250703789053167]"
2642,,"[0.0, 0.0, 0.0, 0.1372418960850437]",1,0.2204296666897828,1.3860708745471866,4.739448188984916,0.2,4.052070731713573,"[1.2728158134544552, 0.3850360154438239, 0.20089367661986318, 0.13313584979423376]"
2643,,"[0.0, 0.0, 0.0, 0.0]",0,0.17659461018880113,0.8212365801077077,4.977189041619517,0.2,34.85714145384579,"[1.2700425053309452, 0.38089106650530663, 0.19751950326624504, 0.13203631127589696]"
2644,,"[0.0, 0.13159317448285435, 0.0, 0.0]",1,0.10798988042445164,1.3428339663132576,2.6847487582269616,0.2,2.1490170119263774,"[1.2796058013148575, 0.38309373798406315, 0.1994735549389641, 0.1352753261658135]"
2645,,"[0.0, 0.0, 0.2590123527720581, 0.1787762877266927]",2,0.10859764192248687,0.7097056247706492,1.6914487993968834,0.2,14.118269920269434,"[1.2878774590180944, 0.3933896727951786, 0.20753024793745653, 0.13939212371885207]"
2646,,"[0.0, 0.0, 0.0, 0.0]",0,0.12147333848781246,0.9855374605446858,5.556986848761478,0.05,5.617059816086878,"[1.2700425053309456, 0.38089106650530663, 0.19751950326624493, 0.13203631127589696]"
2647,,"[0.1325189794749165, 0.0, 0.08524100293087188, 0.0]",2,0.20341430746182132,1.2450209553987743,6.058145732983124,0.0,4.779159773324066,"[1.291607110960521, 0.38868440070688176, 0.20255641091128918, 0.13562448975855929]"
2648,,"[0.0, 0.0, 0.17873177836576312, 0.29987706613522097]",2,0.18984735120917756,0.6557033894814661,0.015506931231621121,0.05,12.497598687693626,"[1.2859923853190665, 0.39626518845756914, 0.20974079008822505, 0.1383125407358643]"
2649,,"[0.0, 0.0, 0.0, 0.0]",0,0.07664991438281087,1.0388841541522114,2.6154877028160723,0.0,2.940647057902186,"[1.2700425053309452, 0.3808910665053066, 0.19751950326624504, 0.13203631127589693]"
2650,,"[0.0, 0.0, 0.0, 0.0]",0,0.17371229463953305,1.0068621427449438,2.713701984392874,0.1,7.941962973981232,"[1.2700425053309454, 0.38089106650530674, 0.19751950326624493, 0.1320363112758969]"
2651,,"[0.3366286471867762, 0.0, 0.22653524784101225, 0.0]",2,0.13803889921769316,1.1247018127128448,1.2664336424019027,0.1,3.107267186942067,"[1.3354938141030939, 0.4049801377459861, 0.21227522855223369, 0.1426796255253007]"
2652,,"[0.0, 0.0, 0.16522020832750384, 0.0]",1,0.08328489253780905,1.671001573151678,4.091308727929097,0.1,1.4986195207607902,"[1.2781342380039102, 0.38502437410294793, 0.20051794993236846, 0.13571105467642702]"
2653,,"[0.13210538122754797, 0.1625664714856285, 0.0, 0.0]",2,0.08435368819773668,1.1437642889967736,4.889718674245814,0.2,2.2329344318098614,"[1.2999097608362638, 0.3893521720112387, 0.20384217181682102, 0.1376908143499941]"
2654,,"[0.0, 0.0, 0.0, 0.0]",0,0.1128454745099412,1.0973753982853065,2.780177203848355,0.1,3.8772183550409336,"[1.2700425053309456, 0.3808910665053063, 0.197519503266245, 0.13203631127589696]"
2655,,"[0.34971213342961616, 0.0, 0.0, 0.0]",1,0.12114247040255913,1.3952835106590702,6.031312740162526,0.2,2.359667998471929,"[1.3271081001356133, 0.3997172026721893, 0.20911129597714484, 0.1367393607312188]"
2656,,"[0.0, 0.0, 0.21120233716129772, 0.0]",1,0.12963290705655847,0.9234271830235903,0.3758597997274648,0.05,7.97129106530163,"[1.2809287695422746, 0.3863944672417564, 0.20152801705808052, 0.1368852069101411]"
2657,,"[0.0, 0.0, 0.0932866393342689, 0.0]",1,0.24480634198148357,1.0579249056724,5.021723607209908,0.0,8.102313165535069,"[1.2742831396367216, 0.38309015429486987, 0.19910567457535597, 0.13401363037589384]"
2658,,"[0.0, 0.0, 0.17087843615033294, 0.0]",1,0.15406376384538745,1.848210800171874,4.011503700276798,0.05,2.708128121439879,"[1.2784628514622733, 0.3851868841943937, 0.20063734024860744, 0.1358516160431909]"
2659,,"[0.0, 0.0, 0.12169774700303171, 0.28457606312318956]",2,0.2188343037295187,1.8953281443581487,4.828612578302143,0.05,3.7588652264184517,"[1.2823447823104837, 0.3940008586231658, 0.20787539101855565, 0.13689425216720463]"
2660,,"[0.0, 0.27060583867308946, 0.0, 0.0]",1,0.08811214603765066,1.7205922565925365,6.008193772724679,0.0,1.4764622561309158,"[1.2932276992609346, 0.3858127634839849, 0.20214256871730107, 0.13942859882412065]"
2661,,"[0.28262503835922437, 0.0, 0.0, 0.2740641348408776]",2,0.17141576347821974,0.7931754815657764,6.19007188175902,0.0,27.59812467321459,"[1.3191659719005708, 0.404557401255285, 0.21406123528248855, 0.13861870946142424]"
2662,,"[0.3056424692615138, 0.28516188386509106, 0.0, 0.0]",2,0.20412340336694032,0.8324765505641627,0.6284155820906187,0.2,19.466922929384474,"[1.3421818903780942, 0.4014380698976967, 0.21321064777475077, 0.14335987376667816]"
2663,,"[0.0, 0.0, 0.0, 0.0]",0,0.17228156632327526,0.7894602008307589,4.651782473096968,0.0,46.41415483741281,"[1.2700425053309454, 0.3808910665053068, 0.197519503266245, 0.13203631127589696]"
2664,,"[0.0, 0.3342978545049383, 0.0, 0.0]",1,0.19573438229753137,1.8091136064313589,0.2573548684270621,0.05,3.6458317396989925,"[1.3012565786978834, 0.3872352108327599, 0.20367541371262, 0.14164267111270995]"
2665,,"[0.0, 0.0, 0.0, 0.0]",0,0.07458325146832692,1.6841532339753122,3.3768356511387885,0.0,1.3082186140806167,"[1.270042505330945, 0.3808910665053066, 0.19751950326624487, 0.13203631127589696]"
2666,,"[0.0, 0.0, 0.0, 0.3392724143665058]",1,0.2133266712767765,1.1725961836112888,5.596136457716899,0.0,5.908635456354276,"[1.278461995018732, 0.3942231761087074, 0.2076682122578344, 0.13494988397987154]"
2667,,"[0.0, 0.0, 0.08125868480337242, 0.22643244141557203]",2,0.20198718660718898,1.4476839284420286,5.834909932053819,0.1,3.904640481553862,"[1.278651190782819, 0.3903278621764167, 0.20502115637581728, 0.13553059367376702]"
2668,,"[0.0, 0.15800136352422195, 0.0, 0.3193358703827247]",2,0.16364355895001334,1.5030689867314444,0.9389973585916648,0.2,2.98255773272917,"[1.2894931083946686, 0.39570887440929536, 0.20904009496753076, 0.1390898550948872]"
2669,,"[0.0, 0.10901814307242566, 0.18432821221675022, 0.0]",2,0.2195968317845824,0.5955022333242195,0.25401173503462404,0.0,9.89193985513941,"[1.286983806058528, 0.3873498283391997, 0.20238354318853677, 0.13891254385834464]"
2670,,"[0.0, 0.0, 0.0, 0.0]",0,0.24224124613757972,0.9462413289752116,4.8005553774937235,0.0,12.484114827333531,"[1.2700425053309454, 0.3808910665053066, 0.19751950326624493, 0.13203631127589696]"
2671,,"[0.0, 0.0, 0.0, 0.0]",0,0.050329318422099784,0.5986557692591541,1.6303460321283492,0.0,2.572900843767493,"[1.2700425053309456, 0.38089106650530663, 0.197519503266245, 0.13203631127589696]"
2672,,"[0.0, 0.10930305419747406, 0.0, 0.0]",1,0.17597515630220512,1.7349436698221485,2.998049750527683,0.1,3.0329651025123314,"[1.2777977732038688, 0.382698265224347, 0.1991103652605058, 0.13468418284489012]"
2673,,"[0.0, 0.0, 0.0, 0.0]",0,0.15211847709813342,1.6320628407560678,1.5353288516067314,0.2,3.0178858208492234,"[1.2700425053309456, 0.38089106650530663, 0.19751950326624504, 0.13203631127589696]"
2674,,"[0.12226607533564386, 0.0, 0.0, 0.0]",1,0.052199041160339736,0.7997456036412958,5.233675656648869,0.05,10.95238562769958,"[1.286323823909962, 0.3861726450182759, 0.2008809281308588, 0.13359047845397945]"
2675,,"[0.0, 0.28113094054023574, 0.06805493497549524, 0.0]",2,0.20617714737975007,1.0729650155220294,1.4690111359056566,0.0,5.530734071646065,"[1.2974682223895844, 0.38758236611069763, 0.2033783008835552, 0.1412859103623433]"
2676,,"[0.0, 0.0, 0.0731992333195629, 0.0]",1,0.05531439814475976,0.5430895652631986,2.5656509752234604,0.0,2.009605120445645,"[1.2733049358330004, 0.3825896484507367, 0.1987428569737533, 0.13356763138494862]"
2677,,"[0.07954090879568008, 0.0, 0.22367953788769543, 0.0]",2,0.08954555181842422,0.7276584409763862,4.32487085279284,0.0,12.386575463469189,"[1.2918875854916667, 0.39015407210197517, 0.20379320303906096, 0.13840248433852723]"
2678,,"[0.11957083491108017, 0.0, 0.0, 0.0]",1,0.2317164561426061,1.0860414983762974,4.944771302029823,0.1,7.039262627475164,"[1.2859325350084563, 0.38604463837458597, 0.20080012691666663, 0.13355519212784012]"
2679,,"[0.0, 0.0, 0.30070994718001415, 0.0]",1,0.24192393601722065,0.640193374732517,6.046247036331399,0.05,14.293952382787968,"[1.28732398520254, 0.38943676711313735, 0.20379813988080073, 0.13939574406698424]"
2680,,"[0.0, 0.0, 0.3196462386124105, 0.0]",1,0.06978418524480644,0.7347598187097484,0.8644729567858845,0.0,10.374069300545019,"[1.288874035841725, 0.390156538737714, 0.2043403095024352, 0.13996846288800746]"
2681,,"[0.09946447489234936, 0.0, 0.0, 0.17235747886598357]",2,0.20119782642745487,0.5036633795613894,2.543154962248149,0.05,6.508065482397092,"[1.2866064347978718, 0.39048082603899664, 0.20457772112425276, 0.13479309996199834]"
2682,,"[0.0, 0.17546903530096794, 0.0, 0.1843633240949107]",2,0.24864414650574249,1.4275554760610256,2.608000962088434,0.1,4.763559731021679,"[1.2872583620314122, 0.38976027084000336, 0.2048073093829454, 0.13822423657884025]"
2683,,"[0.11537044999998983, 0.0, 0.0, 0.0]",1,0.1432335537824402,1.860954313739275,3.992593562657236,0.0,2.5192133291400407,"[1.2853259827737678, 0.38584630787120844, 0.20067485525106385, 0.13350029366512392]"
2684,,"[0.0, 0.0, 0.10595500076717795, 0.17156276976989884]",2,0.13813575109237064,1.4015885426926642,3.7550879669928663,0.05,2.531412998719199,"[1.278480126294285, 0.38873471022629197, 0.20377752772362162, 0.13560749938744407]"
2685,,"[0.0, 0.0, 0.25343296069131893, 0.2942928351337015]",2,0.1928369827047346,0.6274539729338512,1.7175661078085753,0.2,13.184571410881333,"[1.2906431731608834, 0.3981707588880603, 0.21145359203450279, 0.14010665378706957]"
2686,,"[0.0, 0.0, 0.0, 0.050797430975504744]",1,0.09224073034732826,1.5471798183144367,5.037720001970937,0.05,1.7511830875251193,"[1.2709966028446429, 0.3822874006730269, 0.19867842979232486, 0.1324316183066658]"
2687,,"[0.0, 0.0, 0.0, 0.0]",0,0.16389585728385728,1.1304426520837574,6.134778827496829,0.1,4.954194376031428,"[1.2700425053309452, 0.38089106650530674, 0.197519503266245, 0.13203631127589696]"
2688,,"[0.0, 0.27452947078395623, 0.13904026284797188, 0.0]",2,0.22907281139614374,1.9256162448572907,3.4453863390383486,0.1,4.050622054439019,"[1.3002808525053695, 0.3892423849942059, 0.20440876498938987, 0.1427846718514357]"
2689,,"[0.0, 0.0, 0.0, 0.29124186311610195]",1,0.22107413067401327,0.6335108272421864,2.086683579292761,0.05,13.391842817261306,"[1.276888213722477, 0.3915702557452939, 0.20580939076661284, 0.13449607885423898]"
2690,,"[0.0, 0.0, 0.32559061660067967, 0.0]",1,0.2465690786423342,1.5744879165105485,1.5267399080966766,0.1,4.665335983070321,"[1.2893771352313559, 0.39038878974545677, 0.2045156344867915, 0.14015143743879518]"
2691,,"[0.2190862758600063, 0.3384306371467674, 0.0, 0.0]",2,0.07697631669311021,1.9359467917835098,2.799520697052558,0.05,1.4325352933344822,"[1.3329861050956056, 0.39731635570974166, 0.21116418356225278, 0.14410520754940567]"
2692,,"[0.3348891787861437, 0.0, 0.0, 0.0]",1,0.19635769521074603,1.5041415423033646,5.954944876072644,0.0,3.4041755873391017,"[1.3238447335845263, 0.39862367266453164, 0.20847508176390325, 0.13652377653301423]"
2693,,"[0.17581623355104284, 0.0, 0.3428899065129955, 0.0]",2,0.10498366667926143,0.958617324306037,5.3363276938281,0.1,4.773316863426345,"[1.314810912801495, 0.3992695945027421, 0.2094687889311006, 0.14372065792186173]"
2694,,"[0.0, 0.28142149750082873, 0.0, 0.0]",1,0.07157251880045672,0.7540937015470563,0.05311174455949209,0.2,19.20164320343145,"[1.2944960336322298, 0.3860453862262549, 0.2023863106743986, 0.13978944401206586]"
2695,,"[0.0, 0.22564708333195735, 0.0, 0.0]",1,0.056328598627181294,0.8489463285920009,3.181701081430426,0.05,5.845162176957018,"[1.2883158423979553, 0.38488107374573016, 0.20119190847188567, 0.13799052930735545]"
2696,,"[0.0, 0.0, 0.0, 0.09139613559101523]",1,0.09051711089071438,1.144108452059485,1.9926198964898725,0.2,2.6910100514405726,"[1.2718175656112707, 0.38351400331269336, 0.19967787028677095, 0.1327573022310719]"
2697,,"[0.0579038407463808, 0.0, 0.0692717893382193, 0.0]",2,0.23957060050097811,1.88113810385648,0.9014120385590407,0.1,5.038397645098049,"[1.280454974906263, 0.3848763593080174, 0.20016565475618509, 0.1342407597882187]"
2698,,"[0.0, 0.0, 0.0, 0.0]",0,0.1981046339483049,1.1624284239188603,2.091568221360674,0.1,5.397571232099793,"[1.270042505330945, 0.38089106650530663, 0.19751950326624496, 0.13203631127589696]"
2699,,"[0.0, 0.0, 0.0, 0.0]",0,0.21466700886945422,1.0308834475688369,5.325802044649647,0.05,8.335719930154804,"[1.2700425053309452, 0.38089106650530674, 0.19751950326624504, 0.13203631127589693]"
2700,,"[0.0, 0.2958376338689936, 0.0, 0.26327476691183427]",2,0.0818278767151751,0.9892584008925027,2.1215522659565123,0.0,3.29467973745014,"[1.302055077262674, 0.39559216261412067, 0.20951957834729754, 0.1431559486412059]"
2701,,"[0.0, 0.0, 0.27492049221297893, 0.0]",1,0.10542111760877632,1.7352418610996356,1.2244778605250861,0.0,1.8970283862903028,"[1.2853330510214516, 0.3885026036505104, 0.20309726531215871, 0.1386399499477437]"
2702,,"[0.0, 0.0, 0.0, 0.0]",0,0.061949495401758495,0.7028270280984616,4.391440786748082,0.2,6.49233461443125,"[1.2700425053309452, 0.38089106650530663, 0.19751950326624496, 0.13203631127589696]"
2703,,"[0.25112263229345616, 0.0, 0.0, 0.0]",1,0.09395068298676382,1.510627446989441,0.461935849929534,0.2,1.6842510010649874,"[1.3072425168600528, 0.39307894314411956, 0.2051665861231387, 0.1353326731576382]"
2704,,"[0.0, 0.0, 0.0, 0.0]",0,0.05551170661836256,0.9948113525239288,2.6220315613056373,0.1,2.5315782545170924,"[1.2700425053309456, 0.3808910665053064, 0.197519503266245, 0.13203631127589696]"
2705,,"[0.0, 0.0, 0.20160566070360061, 0.0]",1,0.17235498017587886,1.2218963620893017,6.163653595085927,0.0,4.3278120277003085,"[1.2803213189756784, 0.38609889936842373, 0.2013094477813505, 0.13663404622429962]"
2706,,"[0.0, 0.0, 0.0, 0.1062103707484753]",1,0.1256315059699119,0.7570684817068523,5.666977130228921,0.05,23.58570839280475,"[1.2721314163733597, 0.3839889551674784, 0.20006016468906782, 0.132878356428212]"
2707,,"[0.20211042054215186, 0.0, 0.0, 0.18780155051358072]",2,0.1731600608796307,1.4380600700859838,0.09579063080940937,0.1,3.2164718319303787,"[1.3025729854140247, 0.39614995733215974, 0.20826525336397805, 0.13642958602293617]"
2708,,"[0.0, 0.0, 0.0, 0.31382963857421137]",1,0.10873736934315202,0.7718881565444551,0.5159542183444291,0.2,31.600128957986474,"[1.2776060771862816, 0.39277217338563664, 0.20666107131752476, 0.13470767585000146]"
2709,,"[0.0, 0.0, 0.0, 0.0]",0,0.16253149357746471,1.3245100215043915,3.510988661762704,0.0,3.2630158131282716,"[1.2700425053309452, 0.38089106650530674, 0.19751950326624487, 0.13203631127589713]"
2710,,"[0.0, 0.2828769493069986, 0.32733207462181035, 0.0]",2,0.1484716743026507,1.030956284583129,3.216637632748877,0.2,5.844359498980536,"[1.3140552421637126, 0.3955414378234438, 0.20860910146603945, 0.14859989873979376]"
2711,,"[0.0, 0.19080221408791653, 0.0, 0.21260757147250847]",2,0.21504729161257008,1.6319403349368709,4.061510832890726,0.05,3.9585856581007106,"[1.289387633226697, 0.3911870766570068, 0.2059140802093428, 0.13898326876297817]"
2712,,"[0.0, 0.18614549954505172, 0.0, 0.0]",1,0.08183740782027682,1.465033916964512,3.044032839435248,0.2,1.5190822487115816,"[1.2844255020730986, 0.38410561338315147, 0.20043021481066284, 0.13680447091469652]"
2713,,"[0.0, 0.0, 0.0, 0.0]",0,0.08553743462816768,1.949664324233593,3.732967046433074,0.0,1.4575402104024584,"[1.2700425053309454, 0.3808910665053066, 0.19751950326624498, 0.13203631127589696]"
2714,,"[0.10572566433168781, 0.0, 0.0, 0.0]",1,0.20998021047738802,0.9184956120950868,3.2017949440682267,0.0,12.890119757191073,"[1.283947971350284, 0.3853961719335279, 0.20039018380187332, 0.1333746673187182]"
2715,,"[0.0, 0.0, 0.16125229502260496, 0.26824446577145533]",2,0.13141440623119766,1.9951027636482583,5.797786392165863,0.05,2.7849903383655925,"[1.2840181536696924, 0.3942312912345223, 0.20814185538097746, 0.13764363709478036]"
2716,,"[0.16509316650413572, 0.3008660470391472, 0.0, 0.0]",2,0.16293014704005276,1.5178132515492595,6.255642399354646,0.05,2.818541248519357,"[1.3193586374227229, 0.3936761773950924, 0.2080660964692971, 0.14223825117833458]"
2717,,"[0.0, 0.34731742985995745, 0.23217922485598572, 0.0]",2,0.1258547331618968,1.4015259744641593,3.523073341949669,0.0,2.280404941495936,"[1.3152617373848006, 0.39361526281317344, 0.20779242561651737, 0.14803551363981549]"
2718,,"[0.0, 0.0759230384090637, 0.0, 0.0]",1,0.16056147758521544,1.24931061584418,1.4959740220212607,0.1,3.3364820780368096,"[1.2752450591398954, 0.3821239985670666, 0.19859301013273462, 0.13383292362097698]"
2719,,"[0.0, 0.0, 0.0, 0.0]",0,0.23715397308250466,0.7097835714465088,0.979192462708776,0.05,23.52789169253628,"[1.2700425053309454, 0.3808910665053068, 0.19751950326624498, 0.1320363112758969]"
2720,,"[0.29665998681176875, 0.0, 0.0, 0.0]",1,0.05387067050318304,1.463368563677795,2.440559708292209,0.0,0.9650136438912589,"[1.315907350365698, 0.3959680190878695, 0.20690713516029519, 0.13597444447608362]"
2721,,"[0.0, 0.0, 0.0, 0.0]",0,0.22838285622870425,1.7814023631133518,5.415832719836005,0.1,3.9400115087214944,"[1.270042505330945, 0.38089106650530674, 0.19751950326624493, 0.13203631127589696]"
2722,,"[0.11223228948276101, 0.0, 0.0, 0.0]",1,0.19471439052628822,1.7178538321692045,3.4834192938729855,0.05,3.335012752485565,"[1.2848753777783397, 0.3856990463996812, 0.20058177837322805, 0.13345935248388613]"
2723,,"[0.0, 0.0, 0.23375073613574746, 0.0]",1,0.14953625204321924,1.9084116821711887,2.519827851246901,0.2,2.7753344461607723,"[1.2824106306452128, 0.38711047008077176, 0.2020589914062406, 0.13748853330007457]"
2724,,"[0.0, 0.0, 0.0, 0.10509839449748319]",1,0.10660985035076039,0.8790361626883518,5.2039469647308865,0.1,9.462419562369659,"[1.2721075787852316, 0.38395276587440574, 0.20003112793125497, 0.13286922828772138]"
2725,,"[0.0, 0.09098364798302218, 0.23372103444005668, 0.0]",2,0.22510465291297765,1.7379003755366234,0.08899220363910967,0.2,4.40662812920644,"[1.28872984200462, 0.3885659170978682, 0.20321963164584667, 0.13975417865263792]"
2726,,"[0.0, 0.0, 0.15150600567148423, 0.0]",1,0.18508463747609916,1.9646191824758417,3.1015772637039425,0.05,3.8390422222444145,"[1.2773543254833963, 0.38463713524889714, 0.20023391559569909, 0.13537477583807572]"
2727,,"[0.22738123809210314, 0.26935745368244446, 0.0, 0.0]",2,0.2413313366774169,1.5542548498648734,1.7332174662196678,0.2,4.596753199899109,"[1.3257763756173133, 0.39633596447841246, 0.20955099478830044, 0.1419425042786072]"
2728,,"[0.18553526896100325, 0.0, 0.2239623869816997, 0.0]",2,0.05955707263939698,1.3508157140826458,3.4059797035405537,0.2,1.2108484509906283,"[1.307437537879143, 0.39538208208776626, 0.20684006765256246, 0.14007070407789518]"
2729,,"[0.0, 0.2414406410656319, 0.0, 0.1438557524046729]",2,0.21002653053436282,0.5233685062226352,1.3851624241219394,0.0,8.683463738942068,"[1.292829798987261, 0.3895545170316896, 0.20488038873726183, 0.13990333958628093]"
2730,,"[0.0, 0.0, 0.0, 0.29962167772100307]",1,0.15996249238514937,0.7921954150651582,4.46080632572193,0.2,49.4629020128882,"[1.277150166655696, 0.3920072164077536, 0.206120865856075, 0.13457420538324455]"
2731,,"[0.0, 0.0, 0.0, 0.0]",0,0.18268223645719428,0.8823424593252486,4.566655099158552,0.1,15.664234919683208,"[1.2700425053309456, 0.38089106650530674, 0.19751950326624487, 0.13203631127589693]"
2732,,"[0.0, 0.22398961652848795, 0.0, 0.3001551766971145]",2,0.2441321107518516,1.6705236581927922,1.915129502489641,0.2,4.562916281200506,"[1.2951074232023505, 0.39592923982789113, 0.2094161839729588, 0.14101255172393107]"
2733,,"[0.0, 0.0, 0.0, 0.2878240893557967]",1,0.22846904969524517,0.8380504232297223,3.3409184595452484,0.0,28.593667744278854,"[1.2767828026173031, 0.39139495540819585, 0.2056838374602993, 0.13446434017569892]"
2734,,"[0.34158854451878395, 0.34223007578271103, 0.0, 0.0]",2,0.05614436031666357,0.9485623932452932,5.114164078510824,0.0,2.105360318562553,"[1.3569655075231757, 0.40507297297750744, 0.21663363948801248, 0.1456063327892539]"
2735,,"[0.0, 0.0, 0.15085686209009408, 0.06684111316380065]",2,0.17691433801524506,1.8637274714704166,5.913426471257419,0.2,3.3998235575034936,"[1.2785805017668985, 0.3864498547043212, 0.20181224418497978, 0.13583498479684858]"
2736,,"[0.0, 0.0, 0.0, 0.0]",0,0.13624027978190875,1.6466675816376948,3.4462269218515367,0.0,2.33413815461836,"[1.2700425053309452, 0.38089106650530663, 0.197519503266245, 0.13203631127589696]"
2737,,"[0.0, 0.0, 0.0, 0.11924393464861706]",1,0.08544165654782432,0.5556711709814478,4.903390479085574,0.05,3.7155812831774986,"[1.2724142968964747, 0.38441985756252, 0.20040473050100327, 0.13298585556155054]"
2738,,"[0.0, 0.0, 0.0, 0.0]",0,0.136260108732726,1.0844878938630576,4.2990683139245975,0.1,4.095648783647612,"[1.2700425053309456, 0.38089106650530674, 0.19751950326624504, 0.132036311275897]"
2739,,"[0.0, 0.0, 0.0, 0.30697752026668507]",1,0.1208528021021757,0.5582187018587343,2.6024677730261763,0.1,4.74150002734842,"[1.277384316187016, 0.39239938666218543, 0.2063986166952755, 0.13464314794225696]"
2740,,"[0.0, 0.0, 0.0, 0.0]",0,0.099593583637448,0.5621153350531929,0.17130797507116668,0.05,3.7186734163569657,"[1.2700425053309456, 0.3808910665053069, 0.19751950326624504, 0.13203631127589696]"
2741,,"[0.08373151691168118, 0.0, 0.1763570862837049, 0.0]",2,0.23438055702674823,1.971728592548018,3.65792649359358,0.05,4.366934902964591,"[1.289531640884003, 0.38888697963303487, 0.2028801036035965, 0.13718842535454012]"
2742,,"[0.0, 0.0, 0.10098621878052771, 0.21202354224667294]",2,0.21021886287065567,1.5039861796496976,0.09596688625449738,0.0,3.7640853945904165,"[1.279241963468019, 0.39019930751255133, 0.20493631211218213, 0.13583031901630932]"
2743,,"[0.05204058592374973, 0.0, 0.0, 0.0]",1,0.050226226033883825,0.5544834084166518,4.20423996894348,0.2,2.4071115455878114,"[1.2766286383372356, 0.3830161172530047, 0.1988778086234534, 0.13268626829849137]"
2744,,"[0.09951612822590651, 0.0, 0.0, 0.1766420713712716]",2,0.06971168252050546,1.4837283809965363,1.570072486504786,0.0,1.2996429646488383,"[1.286716179142685, 0.3906449994513662, 0.20470580908785801, 0.1348334406160212]"
2745,,"[0.0, 0.0, 0.0, 0.0]",0,0.11771974643413392,1.0674847120370363,4.254921324594444,0.2,3.8380137642539793,"[1.2700425053309454, 0.38089106650530674, 0.19751950326624493, 0.13203631127589696]"
2746,,"[0.0, 0.14672891938775173, 0.0, 0.0]",1,0.10456226675291021,0.9584591513960914,1.8273563824778567,0.0,4.709088753872124,"[1.2808844870445397, 0.38336804439195027, 0.19972891844230392, 0.13568758024610522]"
2747,,"[0.0, 0.0, 0.0, 0.0]",0,0.22613683107856136,0.9808591778072746,0.896231943090028,0.0,10.45486338424427,"[1.2700425053309452, 0.38089106650530663, 0.19751950326624504, 0.1320363112758969]"
2748,,"[0.0, 0.0, 0.0, 0.0]",0,0.1857804320139118,1.5488395405370594,4.333375665668736,0.0,3.133415071183803,"[1.2700425053309454, 0.38089106650530674, 0.19751950326624507, 0.13203631127589693]"
2749,,"[0.0, 0.2775152801213846, 0.1967796278692184, 0.0]",2,0.05085654211413851,1.1928993677064057,0.8924193572312009,0.0,1.0824031930756608,"[1.3039708052678662, 0.3909464236015108, 0.2055456995001972, 0.14442149302635998]"
2750,,"[0.0, 0.0, 0.0, 0.268420186524992]",1,0.05790191419508135,0.5311243064337826,1.16105474583832,0.0,2.35291523276782,"[1.2761994126110772, 0.39043040307291904, 0.20498687186406347, 0.13428552155488155]"
2751,,"[0.0, 0.2626500711605801, 0.0, 0.0]",1,0.2055324107681594,1.8249969380820457,1.8936716637481026,0.05,4.047083352763779,"[1.2923172395320415, 0.38564382419561183, 0.2019671859456092, 0.1391669432054075]"
2752,,"[0.0, 0.1630731694048827, 0.0, 0.26264990653574627]",2,0.12267543864889892,1.5526360344622354,4.295913947532299,0.0,2.178438914154245,"[1.2882093879165997, 0.3928908845398683, 0.20707248268213413, 0.13864535129870062]"
2753,,"[0.0, 0.0, 0.0, 0.07718666306214021]",1,0.08689418522523135,0.9595214051829781,0.7898869905099541,0.1,4.559292290096567,"[1.271523887929698, 0.3830725837644265, 0.19932021298142094, 0.13264230944810151]"
2754,,"[0.0, 0.0, 0.0, 0.0]",0,0.19827268138984744,1.9445425230511695,2.91795909351708,0.0,3.6511387352306217,"[1.2700425053309448, 0.38089106650530663, 0.19751950326624496, 0.13203631127589696]"
2755,,"[0.0, 0.0704814376044828, 0.2862001600027213, 0.0]",2,0.15031612799928087,1.8854485923484934,2.6766481930367196,0.0,2.6136816291749234,"[1.290978679407694, 0.3900161402688526, 0.2042506802510987, 0.14071896566948172]"
2756,,"[0.0, 0.28455310158744274, 0.0, 0.0]",1,0.24349701588454922,1.1389912969595428,4.40002303619205,0.05,5.463154493995914,"[1.2948700459549054, 0.38611338945701024, 0.20245806222834012, 0.1398950438349939]"
2757,,"[0.0, 0.0, 0.0, 0.0]",0,0.12418122843410945,1.2853044228919046,4.553436706990025,0.1,2.589909041404961,"[1.2700425053309452, 0.38089106650530674, 0.19751950326624504, 0.132036311275897]"
2758,,"[0.0, 0.3187573433461909, 0.0, 0.0]",1,0.09694844008023361,1.9632821637577706,1.5810260967332816,0.2,1.7979678832885426,"[1.2991666324025182, 0.38687602201228816, 0.2032785808643759, 0.1410821823357315]"
2759,,"[0.0, 0.0, 0.0, 0.0]",0,0.11577854176072762,1.2197816313316268,1.8316062906000243,0.1,2.8919622622429326,"[1.2700425053309456, 0.3808910665053071, 0.19751950326624504, 0.13203631127589704]"
2760,,"[0.0, 0.0, 0.1506293374758858, 0.2861513145295247]",2,0.1569359937424854,1.975943854306863,4.6203497850519035,0.1,3.3164531811456874,"[1.2839546761055254, 0.3948188116495144, 0.20856489071829307, 0.1375505796920747]"
2761,,"[0.0, 0.27225503547434965, 0.0, 0.1783990817118829]",2,0.05716740341544888,1.2558049000124756,5.881677282650036,0.0,1.2836077121431984,"[1.2970526970839116, 0.3914669193033782, 0.20644514559193988, 0.14132391806847389]"
2762,,"[0.0, 0.0, 0.0, 0.0]",0,0.17863117424391406,1.6492331556217292,0.4559274297581165,0.2,3.4563646674090345,"[1.2700425053309454, 0.38089106650530663, 0.19751950326624498, 0.13203631127589693]"
2763,,"[0.23571915959857997, 0.0, 0.34567434214627407, 0.0]",2,0.19912032558569007,1.4658447181467626,2.7350517785844204,0.0,3.4914384273756864,"[1.3248752946614133, 0.40279693589152615, 0.2113753184600443, 0.14492330540568005]"
2764,,"[0.0, 0.0, 0.0, 0.0]",0,0.21682852199972835,1.4075103706149608,5.59760637745422,0.1,4.168899972198817,"[1.2700425053309456, 0.38089106650530663, 0.19751950326624493, 0.13203631127589693]"
2765,,"[0.3444579671806205, 0.0, 0.0, 0.0]",1,0.16005322804023978,0.6440868639176043,3.637920789147406,0.2,12.052284537297092,"[1.3259386806402456, 0.3993252545979928, 0.20888390842719626, 0.13666277938814006]"
2766,,"[0.0, 0.0, 0.25941660696831864, 0.10747539673777497]",2,0.21351077145667727,1.5319036577835285,5.233336833431811,0.2,4.145830445933409,"[1.2862875746658098, 0.39097677628406, 0.20542702653180445, 0.13890525622833863]"
2767,,"[0.0, 0.0, 0.12644938699661898, 0.0]",1,0.19513499804483098,0.6660358322045463,5.14803996224391,0.05,14.143051969388173,"[1.2759870056249023, 0.3839528527153104, 0.19973358169402597, 0.13477608192844834]"
2768,,"[0.0, 0.0, 0.0, 0.0]",0,0.09707268695616743,1.3922602328078102,3.7868430293762643,0.2,1.8946396278784872,"[1.2700425053309452, 0.3808910665053068, 0.19751950326624507, 0.13203631127589696]"
2769,,"[0.0, 0.23872388561431587, 0.0, 0.0]",1,0.16880347525903386,1.6868985502021692,1.8388757265133224,0.05,3.0283849331730255,"[1.2896878354155403, 0.38514642625842427, 0.2014585986806538, 0.13839879824661866]"
2770,,"[0.0, 0.0, 0.0, 0.28803006402101666]",1,0.21704076795377744,0.665141585840594,0.32713074690607946,0.0,14.747114792730821,"[1.276789132213566, 0.3914054729160643, 0.20569137992836328, 0.1344662508709531]"
2771,,"[0.0, 0.0, 0.0, 0.0]",0,0.09359525647590661,0.6917777726198027,1.4527065136211705,0.1,8.323468006333034,"[1.2700425053309454, 0.38089106650530646, 0.19751950326624493, 0.13203631127589696]"
2772,,"[0.0, 0.0, 0.0, 0.0]",0,0.16337771502785076,0.8866779983976649,5.999173197991128,0.2,15.155557456433904,"[1.2700425053309454, 0.38089106650530663, 0.197519503266245, 0.13203631127589693]"
2773,,"[0.0, 0.0, 0.18348529921447196, 0.0672052597395206]",2,0.227259465687607,1.2293287914827467,0.9526176333204939,0.05,4.865108832363353,"[1.280477637689644, 0.3873861532337939, 0.20252198151635686, 0.1366353502199654]"
2774,,"[0.0, 0.0, 0.0, 0.0]",0,0.22723188472593098,1.935645361117716,4.246526831868361,0.2,4.1892493436843585,"[1.2700425053309452, 0.38089106650530674, 0.19751950326624504, 0.13203631127589696]"
2775,,"[0.23000128539411838, 0.0, 0.0, 0.0]",1,0.23367443167579727,1.4042330922427775,4.469104276532047,0.0,3.9003214693538224,"[1.3034781224938716, 0.39182812405806283, 0.20440258758303978, 0.13503964559466736]"
2776,,"[0.29263017896489263, 0.0, 0.0, 0.18868906039187505]",2,0.17115840010118913,1.8982157087134868,6.281653583818265,0.0,3.043579376402196,"[1.3189025595025212, 0.4015589918516746, 0.21161595450840487, 0.13782565208316302]"
2777,,"[0.0, 0.0, 0.3395828212924193, 0.0]",1,0.11223190487518116,1.830438845389678,2.4319185680790265,0.05,1.8281445879655653,"[1.290594281995284, 0.390947986593283, 0.2049385023432703, 0.14058827690531464]"
2778,,"[0.32289302714893975, 0.0, 0.0, 0.0]",1,0.21984508267237973,1.0369420990119185,4.972180898609822,0.0,6.8912038330101595,"[1.321282439789176, 0.3977656621433249, 0.20797199150930087, 0.13635036243476037]"
2779,,"[0.0, 0.0, 0.0, 0.0]",0,0.23389184511869499,1.985984740397711,4.820294113377325,0.05,4.091318176581932,"[1.2700425053309454, 0.38089106650530674, 0.19751950326624496, 0.13203631127589693]"
2780,,"[0.0, 0.0, 0.16853204206948555, 0.0]",1,0.0829118273022202,1.0632382045874025,5.803897743785484,0.2,3.0988605559778897,"[1.2783260855581624, 0.3851192954643518, 0.20058767152566087, 0.1357931968187705]"
2781,,"[0.22665565021541365, 0.0, 0.0, 0.0]",1,0.10577550644884093,1.4816442411599464,3.190225379312405,0.2,1.983833482548671,"[1.3028954010576146, 0.39163477017357895, 0.20428395712348785, 0.13499349937969224]"
2782,,"[0.0, 0.0, 0.07348167415672534, 0.1271921160419977]",2,0.20170698939928355,0.8728616369873803,6.052149160296676,0.1,18.739834021098346,"[1.2758572868505558, 0.386360411499427, 0.20188692950340126, 0.13454794621342772]"
2783,,"[0.0, 0.0, 0.303350373809115, 0.0]",1,0.11748837310134608,1.6586110271987327,1.4584662548939435,0.0,2.149069827850854,"[1.2875354637098229, 0.38953534826111824, 0.20387228847823893, 0.13947468569469854]"
2784,,"[0.0, 0.123681427554944, 0.1401002952073691, 0.0]",2,0.1808111422632803,1.6699084129193553,0.5007067360753409,0.2,3.3374237225209473,"[1.2856269069837065, 0.3863547650035733, 0.20171868814874555, 0.13819487737082314]"
2785,,"[0.1572578611249931, 0.0, 0.0, 0.30925322542808775]",2,0.1972999278390725,0.8132528074568945,1.4214465767667492,0.1,30.05673979460165,"[1.2987894034045757, 0.3993427460676208, 0.21094578198277952, 0.13700413632580347]"
2786,,"[0.0, 0.0, 0.0, 0.19763885759940336]",1,0.19239918774407927,0.8762939964359444,1.522726571610118,0.1,16.796245787757847,"[1.2742649539250752, 0.38730313206437433, 0.2026547358781532, 0.13365262418442428]"
2787,,"[0.0577443416930003, 0.0, 0.0, 0.0]",1,0.18865466401390896,1.6842503827790065,1.7345356171288089,0.1,3.5086275036199726,"[1.2773795785503448, 0.38325943369847526, 0.19903291413991725, 0.13275853783516517]"
2788,,"[0.28077838503633146, 0.0, 0.0, 0.10045810794584333]",2,0.2172043025677559,1.2044761035984912,4.251405926737422,0.0,4.381938664249692,"[1.3146670589510285, 0.3977507525991308, 0.20867020629662386, 0.13672261400161406]"
2789,,"[0.0, 0.22059296278415158, 0.0, 0.0]",1,0.0708087098981397,0.7398603935182115,5.593733885955279,0.2,12.837565603442398,"[1.2877972614939408, 0.3847797019256017, 0.20109085577588912, 0.13783486528843386]"
2790,,"[0.0, 0.0, 0.0, 0.0]",0,0.19693210201808484,0.9520245554246072,5.473381946010374,0.2,10.869108742085624,"[1.2700425053309456, 0.38089106650530674, 0.19751950326624493, 0.132036311275897]"
2791,,"[0.0558596697023845, 0.0, 0.0, 0.1674548389410575]",2,0.10460694626238454,1.5502740142633273,1.4119664491185246,0.05,1.9488576233160806,"[1.2805801942122952, 0.38839092592263585, 0.20320966223342957, 0.13414437788520336]"
2792,,"[0.0, 0.29294444319984214, 0.0, 0.0]",1,0.14153532476930644,1.4113840476863864,3.8515459590719967,0.05,2.5389737246696558,"[1.2958876896599145, 0.3862970760602441, 0.20265301354907814, 0.1401805192621251]"
2793,,"[0.0, 0.0, 0.22490563299468486, 0.10076266626764427]",2,0.13908264730271733,1.099199671985997,4.272138887121653,0.1,3.6157788108360727,"[1.283771331008133, 0.38964986482437325, 0.20436701650021358, 0.13793265639145788]"
2794,,"[0.0, 0.0, 0.3083535790928909, 0.0]",1,0.07467840940821031,1.0195020409895916,2.8597267186546897,0.1,2.9867324593471123,"[1.2879402564484734, 0.38972370523710625, 0.20401405887721213, 0.13962507779751934]"
2795,,"[0.33999280613284383, 0.0, 0.0, 0.0]",1,0.13782429625948867,1.0903621307708524,5.0434525511209145,0.0,3.6945291589533094,"[1.3249558961186356, 0.3989959299782822, 0.2086922912392756, 0.13659784051417298]"
2796,,"[0.0, 0.0, 0.2597790882241283, 0.0]",1,0.1148638457987654,0.55136201850532,2.3049195329583747,0.2,4.873352150741047,"[1.2842236171918626, 0.38797712504618753, 0.20270446134422848, 0.13820878422518643]"
2797,,"[0.1648949019224253, 0.0, 0.0, 0.06852260118804555]",2,0.17475688326718797,0.7415698653962628,2.3428116163471735,0.05,32.11458351973493,"[1.2940134034946715, 0.39016647244741165, 0.2037855846836073, 0.13475728626051947]"
2798,,"[0.0, 0.0, 0.0, 0.0]",0,0.2175546697341354,0.6183523767313466,4.453517478066711,0.0,11.917085462800747,"[1.2700425053309454, 0.3808910665053068, 0.19751950326624504, 0.13203631127589696]"
2799,,"[0.0, 0.308740024182342, 0.0, 0.2607960523610864]",2,0.21157225273114788,0.5225022213211143,4.86838022458949,0.05,8.690431326623127,"[1.303596851440238, 0.3957620599133381, 0.2097127845948705, 0.14361784059473795]"
2800,,"[0.0, 0.0, 0.19192261407377958, 0.0]",1,0.16464034846309183,0.572974309776276,0.8167274059079505,0.2,7.79697743574951,"[1.2797217613817737, 0.3858059653087225, 0.20109318723736777, 0.13638394258642855]"
2801,,"[0.0, 0.0, 0.058708532718001305, 0.0]",1,0.23925992955546543,0.6582893412025502,1.6352488286513758,0.1,16.845810499400045,"[1.2726227703323405, 0.38223827718872544, 0.19848878946318232, 0.13325302344935266]"
2802,,"[0.0, 0.3277931373882702, 0.0, 0.0]",1,0.09487808511507907,1.5301291235221361,3.706803888789953,0.2,1.675510251434301,"[1.3003706737167082, 0.3870838589239906, 0.20350737052056228, 0.14140642098600836]"
2803,,"[0.0, 0.0, 0.0, 0.19371312558049736]",1,0.10729239465903223,0.6060539656656596,5.7752781764026855,0.1,5.344190769492766,"[1.2741656002188704, 0.3871455760558458, 0.20253427449352782, 0.13361839450542948]"
2804,,"[0.0, 0.3494874957184468, 0.0, 0.0]",1,0.21694932911690556,0.5362988919307567,4.732749202874105,0.2,10.432876000848488,"[1.3033905326896065, 0.38759448119381273, 0.20407922002451043, 0.14220377674379422]"
2805,,"[0.0, 0.0, 0.0, 0.0]",0,0.13710462847318505,0.7913053893312608,4.408684410015357,0.05,37.33459183065694,"[1.2700425053309456, 0.3808910665053068, 0.19751950326624498, 0.13203631127589696]"
2806,,"[0.2889671589151132, 0.0, 0.14369898944031279, 0.0]",2,0.07936453623016913,1.8046019672645581,4.029542176088739,0.1,1.5424034466133445,"[1.3209761278501793, 0.3990942558153621, 0.20885724905297243, 0.13943727597776945]"
2807,,"[0.0, 0.0956175212596424, 0.27466996860123793, 0.0]",2,0.18927080937778157,1.0795663805648554,4.737021855156807,0.05,5.488094104746195,"[1.2919858186502384, 0.390023977007358, 0.20428119319675073, 0.14104618915480088]"
2808,,"[0.0, 0.08431051030451377, 0.17360103791420406, 0.0]",2,0.1612300119891279,1.779736947290726,4.791359959296166,0.05,2.8775907248382873,"[1.2844434614173283, 0.3866170077011668, 0.2018052564733966, 0.13798337681028933]"
2809,,"[0.0940059157393047, 0.0, 0.1579528354890502, 0.0]",2,0.23188556494482632,1.0568495769488813,4.328856032746633,0.05,6.746552949267895,"[1.2898864098522305, 0.38882065053533293, 0.20278835451569246, 0.13686236414626884]"
2810,,"[0.0, 0.0, 0.3368418053176815, 0.0]",1,0.052740992105002986,1.9170023597348764,3.6877682421734144,0.05,0.9135194299714046,"[1.2903521167182301, 0.3908370270761847, 0.20485451330054436, 0.14050201633726647]"
2811,,"[0.19691309169921659, 0.0, 0.0, 0.0]",1,0.1838003757840594,1.2949091841204898,3.9620324597599157,0.05,3.649057288317323,"[1.297867921748853, 0.38996988848958125, 0.20325689916957357, 0.13458649608671855]"
2812,,"[0.0, 0.0, 0.14352579213786854, 0.0]",1,0.15467846931641663,0.5058476390167318,0.4491375613486281,0.0,5.015392656846575,"[1.2769109646526098, 0.3844160139551004, 0.20007201529144356, 0.13518192424721187]"
2813,,"[0.2619205415153468, 0.0, 0.10769691244918042, 0.0]",2,0.10232039186709024,0.554440563567711,6.100976931006613,0.0,3.9717076272756247,"[1.3140097759818226, 0.3963713990433736, 0.20722816035882435, 0.13806092633826766]"
2814,,"[0.0, 0.2155520904368958, 0.0, 0.22644660595662797]",2,0.21674478620252108,0.5129060882435421,5.414339472739668,0.0,7.431691597435089,"[1.2921542453142274, 0.3922542388687358, 0.20677844682728733, 0.13992036543650047]"
2815,,"[0.07164131266258637, 0.0, 0.0, 0.2875184370954831]",2,0.20241650507502496,0.8163474720897628,0.26783733396526715,0.0,31.325163165977802,"[1.2858941299496778, 0.39428166398006553, 0.20757279393214537, 0.13548934956499456]"
2816,,"[0.2367203393153616, 0.0, 0.0, 0.2177560522000168]",2,0.07717811731348401,0.9023437699830748,2.236140132081358,0.2,5.050136566924913,"[1.3092172238868152, 0.3992836045850679, 0.2104149884782808, 0.13726608210192698]"
2817,,"[0.0, 0.3151390369233372, 0.0, 0.0]",1,0.17291420842298352,0.9897777841988058,4.050036768694501,0.1,7.2877709456490605,"[1.2986929183486466, 0.3867935652792386, 0.20318843588173685, 0.14095361327145958]"
2818,,"[0.0, 0.0, 0.2307832086486892, 0.0]",1,0.1363749712682966,0.8094639204056986,4.1626247091864625,0.1,26.199092681462094,"[1.2822110711063899, 0.38701445522022143, 0.20198766668192322, 0.13740805525871694]"
2819,,"[0.0, 0.0, 0.0, 0.34520573441005187]",1,0.12833394844630183,1.5975457687262977,2.518343197681323,0.05,2.3026398736932157,"[1.278669360233205, 0.3945775592187065, 0.20791073805688304, 0.13500696296354467]"
2820,,"[0.0, 0.14489699309323417, 0.0, 0.0]",1,0.22341636260395142,1.7510865992471787,5.5049900869999275,0.1,3.785560343950329,"[1.2807274427664348, 0.3833345894147268, 0.19969761935279293, 0.13563720624982953]"
2821,,"[0.0, 0.0, 0.0, 0.3258987656065989]",1,0.11004346172794038,0.599996301610101,2.34415652875021,0.05,5.401876579464732,"[1.2780055434624786, 0.3934469910069474, 0.20713230226705545, 0.1348220563142348]"
2822,,"[0.0, 0.10660308921352758, 0.0, 0.0]",1,0.07807623203299466,1.273908660548265,3.8621949999070955,0.0,1.5664762968482266,"[1.2775845783992255, 0.3826510290003634, 0.19906736842439482, 0.13461383742090519]"
2823,,"[0.22476376100557643, 0.06641341031475405, 0.0, 0.0]",2,0.11091885872866032,1.168037386070474,6.054770426530579,0.0,2.931613869588655,"[1.3070226548042507, 0.3925594613896635, 0.20526174686478563, 0.1364487517987652]"
2824,,"[0.22818566312898375, 0.26443216944142506, 0.0, 0.0]",2,0.08980804091996342,1.175430609940481,5.990917079571078,0.05,2.293154188751277,"[1.3253587630367054, 0.3962833674976981, 0.2094561075391222, 0.14179991140186074]"
2825,,"[0.0, 0.23180668448963004, 0.0, 0.0]",1,0.21119885611305567,1.73073769049026,0.673714439543579,0.1,3.737612865824368,"[1.2889565852129499, 0.3850055067612009, 0.20131657467470082, 0.13818183974956272]"
2826,,"[0.251327305405727, 0.13448752103327177, 0.0, 0.0]",2,0.053911572505338956,1.6923341640255254,5.2275603366287084,0.2,0.9618870924695427,"[1.3169546612014662, 0.3952425640641102, 0.20746549148663573, 0.13845556232959294]"
2827,,"[0.0, 0.0, 0.0, 0.170026875157114]",1,0.23224948676562057,0.7957609350451329,0.9676335790409066,0.0,58.716877961113774,"[1.2735819142171676, 0.38622621029118953, 0.20182563612539176, 0.13341376919905745]"
2828,,"[0.0, 0.0, 0.20839533725231643, 0.0]",1,0.13494043368031036,1.9431878324843044,2.9177352963672365,0.2,2.6000346260834104,"[1.2807497008172946, 0.3863074641931067, 0.20146364140102163, 0.13681140120263244]"
2829,,"[0.05899930688868674, 0.0, 0.0, 0.275209778113117]",2,0.10795668649129826,1.328021792609577,3.326279506203426,0.2,2.254093108437542,"[1.2838485602798393, 0.3931320287960598, 0.20677698112225137, 0.13518601867456428]"
2830,,"[0.0, 0.19659025556780127, 0.0, 0.11510536902354328]",2,0.1751320738644988,1.0094483669240006,1.2235020248943325,0.1,6.668245840344433,"[1.2876560305438232, 0.3876805248496791, 0.20328579667415633, 0.1381860566732683]"
2831,,"[0.1784310912632038, 0.0, 0.07786454883887547, 0.0]",2,0.17602820008921952,1.557076317014713,5.1595732498393065,0.2,3.3443533978668136,"[1.2982789029312198, 0.3908229734028292, 0.20385847667312706, 0.13609681613391827]"
2832,,"[0.0, 0.0, 0.0, 0.33830291587104655]",1,0.05876574667436379,0.7339446142768828,5.477076505532427,0.2,9.13112535477657,"[1.2784284004893747, 0.3941658666107556, 0.20762886542724857, 0.13494057884078522]"
2833,,"[0.14392812023203233, 0.0, 0.0, 0.0]",1,0.1545840633226431,0.5650416908325326,3.19462575966687,0.2,6.820270847747521,"[1.2895296571584132, 0.3872232230840318, 0.20154247589550978, 0.13387578466718442]"
2834,,"[0.0, 0.0, 0.13326783782299118, 0.3316531458766246]",2,0.13001382190577843,1.838309174920795,4.1334109257266185,0.05,2.351677295439166,"[1.284469179071914, 0.3967944941499272, 0.20996781470865286, 0.13755706817443472]"
2835,,"[0.12330700437571843, 0.0, 0.0, 0.0]",1,0.2459292402304653,1.0621124179425658,2.0390970005981433,0.2,8.69566207288298,"[1.2864753835966272, 0.3862222395950123, 0.20091222250381272, 0.1336041189322135]"
2836,,"[0.0, 0.1020770191058232, 0.0, 0.0]",1,0.08523818139394512,0.5851010409565147,0.432596270863308,0.1,3.723999451020319,"[1.2772299169523196, 0.38257216111072845, 0.19899575802486147, 0.13449651285458625]"
2837,,"[0.0, 0.0, 0.0, 0.17349563512809205]",1,0.17728549576698371,1.4027997657274507,0.784048589097752,0.1,3.2415926113077234,"[1.2736657464485324, 0.3863575930736803, 0.20192750439419602, 0.1334435329335881]"
2838,,"[0.0, 0.0, 0.08599214998011084, 0.0]",1,0.17610199302129723,1.7668787644480233,5.586277356959558,0.2,3.2870267898293206,"[1.2739234169956153, 0.3829065518648987, 0.1989724556901523, 0.1338503226276789]"
2839,,"[0.0, 0.0, 0.0, 0.0]",0,0.24392991838656458,1.316759952429023,3.6064649138562306,0.05,4.963459510120247,"[1.2700425053309454, 0.3808910665053068, 0.19751950326624504, 0.13203631127589696]"
2840,,"[0.0, 0.0, 0.0, 0.06461284254430257]",1,0.13878969590415327,1.553908157839374,5.709470713810762,0.2,2.634892777830524,"[1.2712697865514881, 0.38269301304096887, 0.19901085739382396, 0.13254145830383093]"
2841,,"[0.0, 0.3222930782018647, 0.0, 0.3098921433328055]",2,0.20818764214700622,1.2196325331133715,1.1700439165696614,0.2,4.578885638767905,"[1.3067981785233251, 0.3985444524377129, 0.21169221322203513, 0.1447618326373406]"
2842,,"[0.0, 0.0, 0.0, 0.0]",0,0.19588507771637154,1.6147136704743363,1.3507300621551557,0.0,3.527451484876295,"[1.2700425053309452, 0.38089106650530663, 0.19751950326624496, 0.13203631127589696]"
2843,,"[0.08333782082313244, 0.0, 0.0, 0.053996513671797634]",2,0.20915230866089052,1.3234912555258138,0.30524623404561185,0.05,4.264379927222581,"[1.2818300209567155, 0.38585641214103816, 0.20097759200516596, 0.1335309946565052]"
2844,,"[0.0, 0.22586063900482647, 0.3397084164648361, 0.0]",2,0.17829223317660067,1.1873217586807427,3.395335138822562,0.1,4.609260768988347,"[1.308827439853518, 0.39485715317210557, 0.20794588948647733, 0.14701151441559324]"
2845,,"[0.2036577827378344, 0.0, 0.0, 0.0]",1,0.11892161628403977,0.7410541629659093,2.213321627797646,0.1,23.23100024577031,"[1.2989846327288452, 0.3903391636181923, 0.20348554462414842, 0.1346782825464315]"
2846,,"[0.0, 0.0, 0.0, 0.0]",0,0.11352506300263117,0.7117849814311563,2.5470528092373486,0.1,11.8844568732327,"[1.2700425053309454, 0.38089106650530663, 0.197519503266245, 0.13203631127589693]"
2847,,"[0.06367834657580378, 0.23723168170413664, 0.0, 0.0]",2,0.11642424777518195,1.4682274993504798,4.170640207986402,0.05,1.8530739890309755,"[1.2975889434487289, 0.38769180916439894, 0.20324106106741227, 0.13905989723621762]"
2848,,"[0.0, 0.2976838309348698, 0.0, 0.14896714011672907]",2,0.19701346499771058,0.8689193609095653,0.3798399523019427,0.1,16.318999941069592,"[1.2994151898304345, 0.3909327270920271, 0.2061914142860951, 0.1419083128726594]"
2849,,"[0.16439355535959227, 0.28016820007390586, 0.0, 0.0]",2,0.1308928980285238,1.2595615294734355,4.2343340515752415,0.1,2.4607761586509733,"[1.3167524138329858, 0.393207887175507, 0.20750346604793524, 0.14155536307544564]"
2850,,"[0.0, 0.0, 0.0, 0.0]",0,0.19890773248969543,0.5685528653719448,5.91682665838853,0.0,7.724312617101111,"[1.2700425053309452, 0.3808910665053066, 0.197519503266245, 0.13203631127589696]"
2851,,"[0.0, 0.0, 0.0, 0.0]",0,0.0726422898319341,0.6650287395307837,1.9510672341724544,0.0,5.0268964828796,"[1.2700425053309454, 0.3808910665053068, 0.19751950326624493, 0.132036311275897]"
2852,,"[0.0, 0.09025205087949276, 0.0, 0.0]",1,0.09590315873301092,1.9357783892391114,5.433650425867611,0.05,1.6400330051406966,"[1.2763191088074592, 0.3823679524634181, 0.19881137090796488, 0.1341934819478054]"
2853,,"[0.0, 0.0, 0.2317759406615752, 0.32452812425292743]",2,0.1213717588453134,0.7347498554873586,0.35324512799066893,0.1,19.474140971426717,"[1.290126183221108, 0.3990875316100973, 0.21208127379797628, 0.13979650379801575]"
2854,,"[0.16976161201242762, 0.0, 0.17798487293578574, 0.0]",2,0.17003388334552264,0.8322251694296214,1.3647102605539505,0.05,19.06193818228919,"[1.302143654929627, 0.3931089159661136, 0.2053999066221939, 0.1385210882126391]"
2855,,"[0.0, 0.26351965217767376, 0.0, 0.3329939978598555]",2,0.08146977211465256,1.2303349802826815,3.5453228217622557,0.1,1.9555135751032728,"[1.3003898624003465, 0.3985452962132322, 0.21136644675212232, 0.1427922404760902]"
2856,,"[0.07697786671411298, 0.0, 0.0, 0.0]",1,0.2272751195868921,1.7005214986104118,2.2822414050920448,0.2,4.319182307082343,"[1.279957300209179, 0.38409619302162973, 0.199565516571256, 0.1330037549984495]"
2857,,"[0.1703278204370173, 0.0, 0.0, 0.2763608868594277]",2,0.06004183322199952,1.5940450540932454,1.8534078925253932,0.05,1.106077845407071,"[1.2998111953654405, 0.39831942282324895, 0.2101401798629197, 0.13685900969072348]"
2858,,"[0.0, 0.09505608672099236, 0.0, 0.22409051036133304]",2,0.12540844971067325,0.9725247427814933,4.729175024109961,0.2,5.68531616494817,"[1.2815571403330017, 0.3899446887107459, 0.20476572954082184, 0.13630262676101293]"
2859,,"[0.0, 0.05308271363784653, 0.0, 0.09351412190388561]",2,0.2356177509348764,1.5379029939702464,5.492263170417378,0.05,4.306203862538395,"[1.2754079455006948, 0.38442848525329926, 0.20044872732214059, 0.13403991614369334]"
2860,,"[0.12909174794153533, 0.0, 0.0, 0.0]",1,0.05439879277988074,0.7540661593305495,2.193711297066058,0.05,11.853333216497942,"[1.2873221555007193, 0.3864994616157213, 0.20108703529180066, 0.1336800504682493]"
2861,,"[0.0, 0.0, 0.0, 0.0]",0,0.05446506256264625,1.9491507936190628,0.7116268229751501,0.05,0.921875894541249,"[1.2700425053309454, 0.38089106650530674, 0.19751950326624493, 0.132036311275897]"
2862,,"[0.0, 0.0, 0.1250356533671958, 0.27222615811162443]",2,0.2061726933099947,1.234879583247844,0.04364472867135416,0.1,5.092165448118789,"[1.2821500517196915, 0.3934802719466494, 0.20749143110958657, 0.136861569228173]"
2863,,"[0.0, 0.08301281114294899, 0.0, 0.0]",1,0.1561982591360911,1.1138646776827414,1.6268661910547986,0.2,4.623200934731063,"[1.2757725055554772, 0.38224423055233914, 0.19870037115188044, 0.13401042377012698]"
2864,,"[0.0, 0.20357881828591934, 0.0, 0.1372015695168515]",2,0.07458845387635897,1.2640531548568708,4.958160632152034,0.05,1.6734664797943026,"[1.2888137874359753, 0.388565237189099, 0.20398779507559786, 0.1386189918224031]"
2865,,"[0.0, 0.0, 0.0, 0.3405680604472671]",1,0.2417810044205269,0.5481147328620394,1.783773416370119,0.2,11.049674079042138,"[1.278507016821719, 0.3943000247205758, 0.207720918669133, 0.13496232887129272]"
2866,,"[0.0, 0.0, 0.0, 0.0]",0,0.2098079460245577,0.6838858734683804,2.517089748446647,0.2,19.89990707418636,"[1.2700425053309454, 0.38089106650530674, 0.19751950326624515, 0.13203631127589693]"
2867,,"[0.0, 0.2332787246885957, 0.0, 0.0]",1,0.1220126000630905,1.5074045002170653,5.739896163977863,0.0,2.14982940518185,"[1.2891111549349392, 0.3850353902188368, 0.2013466174512442, 0.13822782179521936]"
2868,,"[0.0, 0.0, 0.0, 0.0]",0,0.16428938556596362,1.0210982025201658,0.005747036947179236,0.0,6.841880928079494,"[1.2700425053309454, 0.38089106650530674, 0.19751950326624504, 0.13203631127589696]"
2869,,"[0.0, 0.0, 0.0, 0.0]",0,0.14965612836021955,0.5982427015208518,0.3366419860721629,0.05,6.708887926105614,"[1.2700425053309452, 0.38089106650530663, 0.19751950326624498, 0.132036311275897]"
2870,,"[0.0, 0.34614911981885577, 0.21830517378106992, 0.0]",2,0.09330356587854459,0.7961136437948644,0.9762929699704429,0.0,14.726939411974246,"[1.3141851743935355, 0.39314825346945514, 0.20748970058204846, 0.14757841156228246]"
2871,,"[0.0, 0.0, 0.0, 0.14119802385212624]",1,0.11172243016272161,1.1623422307390445,2.774706534674425,0.05,3.280487251726118,"[1.2729058260446473, 0.3851748718871617, 0.20100325444987288, 0.133169062997799]"
2872,,"[0.0, 0.0, 0.2463779399440642, 0.29450885870178417]",2,0.13563259734448643,1.8319776438979432,0.817875128219605,0.2,2.794473580259375,"[1.2901566772562287, 0.3979613386361783, 0.21126607059557465, 0.13992651032041675]"
2873,,"[0.18843868816910533, 0.2303508413525531, 0.0, 0.0]",2,0.194112987809309,1.0028655442696741,5.248357859654821,0.05,6.96276849938251,"[1.3150568542178445, 0.3934476362030269, 0.20715864819966986, 0.14029876040089193]"
2874,,"[0.0, 0.1369970942150141, 0.08365886477128659, 0.0]",2,0.2142114732669981,0.660021262365946,2.6578098847053115,0.05,14.691780981733407,"[1.2838198256003237, 0.3851290487140042, 0.20090616795800517, 0.13722626788347228]"
2875,,"[0.0, 0.0, 0.0, 0.2029784734355118]",1,0.10615106695336318,1.4250940237129095,4.002624793939365,0.2,1.9628120047555522,"[1.2744013287261342, 0.3875198951675776, 0.2028199966387839, 0.13369932697225848]"
2876,,"[0.0, 0.0, 0.08619181685267119, 0.0]",1,0.185368802947759,0.7502304573605818,5.85590450356254,0.05,31.69159427819972,"[1.2739331941842882, 0.38291154905564073, 0.19897607964735473, 0.1338547721030148]"
2877,,"[0.0, 0.0, 0.24057972768313932, 0.0]",1,0.07692276777353423,1.1358142583322581,3.6733044760922002,0.1,2.212391029641678,"[1.282875282131433, 0.38733354689786886, 0.20222484833684945, 0.13767499260980204]"
2878,,"[0.0, 0.2767713874494765, 0.0, 0.0]",1,0.1476689652754732,0.9553460483976105,4.7838515418376035,0.05,6.5754559570020845,"[1.293946322235626, 0.38594494910409066, 0.20228075085438546, 0.1396335702057129]"
2879,,"[0.0, 0.0, 0.0, 0.0]",0,0.09544447458303561,1.8498551502671023,2.221837621784288,0.1,1.7311957289604878,"[1.2700425053309456, 0.38089106650530663, 0.19751950326624498, 0.13203631127589696]"
2880,,"[0.1104563195043251, 0.0, 0.0, 0.0]",1,0.20912421081930452,0.7185812320286709,1.02981016576238,0.0,24.381493721827063,"[1.2846213285786579, 0.385616050277406, 0.2005292976024378, 0.1334362108381784]"
2881,,"[0.0, 0.0, 0.31257434256618105, 0.0]",1,0.1684847459217394,1.557442267258977,2.6868838703776032,0.1,3.027805682760929,"[1.2882859602996537, 0.3898842186619343, 0.20413497093006294, 0.13975278012670986]"
2882,,"[0.0, 0.2373547243960508, 0.0, 0.0]",1,0.05423270750481697,0.5426364249183091,6.131399985190197,0.05,1.9474132752177065,"[1.289542097885719, 0.38511843298152554, 0.2014303144676957, 0.13835567520453396]"
2883,,"[0.0, 0.0, 0.0941547822734658, 0.2865812080274891]",2,0.23490689627200206,1.0063362514204113,5.862399892854624,0.0,9.976580361865228,"[1.281003694078539, 0.3934285916372005, 0.20738144880373835, 0.13632157455094215]"
2884,,"[0.0, 0.0, 0.30492209456249103, 0.0]",1,0.147488438579941,0.7162479164394994,2.8021432635022645,0.2,20.757831152416486,"[1.287662048606545, 0.38959429794582334, 0.2039166445323644, 0.13952181581969822]"
2885,,"[0.0, 0.0, 0.0, 0.343677138713598]",1,0.10671371299603312,1.334959628363575,3.832423690107418,0.05,1.9646524430366574,"[1.2786156441980094, 0.3944856550138575, 0.2078479715676688, 0.13499223609522545]"
2886,,"[0.2141217243209789, 0.0, 0.2621766698327334, 0.0]",2,0.16235281193952622,0.6084304535554697,1.1959035171604238,0.2,10.210711401173915,"[1.3146744183950896, 0.3982706453316267, 0.20859539827047852, 0.14170718210996916]"
2887,,"[0.09077099283730128, 0.2986747135934572, 0.0, 0.0]",2,0.20447062416136652,0.9440295064844262,5.804667496158278,0.0,9.849892789429903,"[1.308275338461352, 0.3901450756737241, 0.20550442870863356, 0.14134640841224458]"
2888,,"[0.0, 0.0, 0.05327608430063342, 0.08375861022393372]",2,0.1303794362288266,0.7812742421196953,5.380716233509861,0.0,35.18728800404344,"[1.2739841054771377, 0.38447753951204927, 0.20037783766183279, 0.13377645042061365]"
2889,,"[0.3308904858674459, 0.0, 0.0, 0.18097617227917073]",2,0.13070404500836216,0.7334237173420473,5.337978576858115,0.1,29.930826906203574,"[1.3265637528390315, 0.4038688129667814, 0.21294714054404912, 0.1383458435949748]"
2890,,"[0.0, 0.0, 0.2526150572868725, 0.1669374452030545]",2,0.0610626603137801,1.8790334185967463,0.23187482217163605,0.0,1.082795787777537,"[1.2871390645814027, 0.3927487248764361, 0.20698926827572045, 0.13913559999038722]"
2891,,"[0.2671126033150674, 0.1748988312169083, 0.0, 0.0]",2,0.053774065777222636,1.1890371658472048,0.9216761159083724,0.2,1.2171415430442911,"[1.3233446402489721, 0.39690675354040633, 0.20889826287380034, 0.13971218215297]"
2892,,"[0.0, 0.23938846951999948, 0.0, 0.0]",1,0.08033530695833224,0.519456671970594,4.812759488449293,0.0,3.2784881296334127,"[1.2897587547710159, 0.38516003201479504, 0.2014723587052103, 0.13841976199549183]"
2893,,"[0.2529349462605613, 0.0, 0.0, 0.33770451743261504]",2,0.16023582989884075,0.7645262123941771,3.5835903794179353,0.1,44.084336556779384,"[1.3155774503269004, 0.40607228360824177, 0.21538483757913135, 0.13886670380281504]"
2894,,"[0.05963295350404727, 0.0, 0.15831125772429888, 0.0]",2,0.19265991629740273,1.0317634967608011,2.8072444513141788,0.2,7.968280244276165,"[1.2852698894935615, 0.3872994127637825, 0.20187046890912536, 0.1363774069674237]"
2895,,"[0.3405027815618198, 0.24270757547686686, 0.0, 0.0]",2,0.1760698439357149,1.7525132790862594,5.02486679438603,0.1,2.966834109149983,"[1.3447501048463395, 0.4030368135508426, 0.21362916324394204, 0.14252358628001843]"
2896,,"[0.2616894451743478, 0.0, 0.34628197919093806, 0.0]",2,0.18576391919106494,1.2991957784780528,3.3808567450044835,0.05,3.506530597572405,"[1.329534066385462, 0.40442915009050784, 0.2122464013967283, 0.14543604753245473]"
2897,,"[0.0, 0.0, 0.0, 0.2932726484208608]",1,0.16183678981476146,0.7503061427861821,5.838131759883216,0.2,34.15604372336964,"[1.2769512360008655, 0.3916752098437157, 0.20588439742891354, 0.134514971946141]"
2898,,"[0.0, 0.0, 0.0, 0.12124400736337108]",1,0.15101030140296576,1.030573704592173,2.0471105201675477,0.2,5.785010981185416,"[1.2724582831003404, 0.3844870987478727, 0.20045830402278356, 0.13300243498981162]"
2899,,"[0.0, 0.0, 0.0, 0.0]",0,0.1629955184786226,1.4869230053809404,1.0077924248215702,0.0,2.628664578997001,"[1.2700425053309452, 0.38089106650530663, 0.19751950326624496, 0.13203631127589693]"
2900,,"[0.10422287809210713, 0.0, 0.0, 0.0]",1,0.17010716680554774,0.6963410360315687,1.8494498429432664,0.1,17.24490757679616,"[1.2837350786655037, 0.385326685108029, 0.20034619711393356, 0.1333551468870681]"
2901,,"[0.0, 0.0, 0.0, 0.0]",0,0.15024968309707698,0.7480566350082961,3.310823603529352,0.05,23.92109366276817,"[1.2700425053309454, 0.38089106650530646, 0.197519503266245, 0.132036311275897]"
2902,,"[0.0, 0.190313182143658, 0.0, 0.25541711224318847]",2,0.12846245143050553,1.6398197958514946,4.672694078860415,0.2,2.3661867513922186,"[1.290490763960833, 0.39306182173700316, 0.2072763803759853, 0.13941626388707903]"
2903,,"[0.0, 0.34505000937263774, 0.0, 0.0]",1,0.20253543427625031,1.9164542895513599,4.139337802924919,0.0,3.492798556549257,"[1.3027574401970201, 0.3874886634614441, 0.2039595598306913, 0.1420384775912629]"
2904,,"[0.31892486765142314, 0.0, 0.0, 0.0]",1,0.23184066347177895,0.9699690918552284,2.5561666176953257,0.0,9.940229136899243,"[1.3204497166200382, 0.3974869510118283, 0.20780784405727878, 0.13629320790593763]"
2905,,"[0.0, 0.258797653111833, 0.0, 0.0]",1,0.21032489858619544,0.9881705377793812,1.6966237069656307,0.05,7.784587768166444,"[1.291883020108486, 0.3855626668390064, 0.20188341513779381, 0.13904137493785082]"
2906,,"[0.0, 0.0, 0.0, 0.0]",0,0.20079042105979722,0.631440568616662,6.1688430278094115,0.1,10.888273231823543,"[1.2700425053309456, 0.3808910665053069, 0.19751950326624526, 0.13203631127589696]"
2907,,"[0.0, 0.0, 0.0, 0.0]",0,0.1864188886801252,0.549201520554571,0.6678142055290939,0.05,7.099200790997177,"[1.2700425053309454, 0.38089106650530646, 0.19751950326624493, 0.132036311275897]"
2908,,"[0.22617711796397902, 0.26559983743658955, 0.0, 0.0]",2,0.07107656191534661,0.6622828156870202,1.5440240197768396,0.05,6.131996647549709,"[1.3251436306453594, 0.396193160971349, 0.20940840079221892, 0.14181216554508463]"
2909,,"[0.0, 0.0, 0.0, 0.13330107382820958]",1,0.24147174571900687,0.8403885495516713,2.7716345590673557,0.1,31.977401833030765,"[1.2727267872568517, 0.3848989410409303, 0.20078528491877806, 0.1331028524545002]"
2910,,"[0.0, 0.0, 0.0, 0.0]",0,0.23464203168777853,1.3074452103972487,3.4647225478127934,0.0,4.946858407948269,"[1.2700425053309452, 0.3808910665053066, 0.19751950326624496, 0.13203631127589696]"
2911,,"[0.0, 0.0, 0.0, 0.2359155304307147]",1,0.22520761489257246,1.0038942600572054,2.265798164004983,0.0,9.579414595256438,"[1.2752756845774604, 0.3889231659147067, 0.2038767889938936, 0.13399114127615766]"
2912,,"[0.0, 0.0, 0.052854597438816334, 0.0]",1,0.08877748843993293,1.375161012283155,3.3166765769438835,0.1,1.6501396020565187,"[1.2723525461738312, 0.3820985479001509, 0.19838790135550546, 0.13312758304634636]"
2913,,"[0.06855351755799853, 0.24281501956762347, 0.0, 0.0]",2,0.1104840412318195,1.1404970756955106,0.45597575549874775,0.1,3.1122957623707874,"[1.2988311226699925, 0.38801222894493265, 0.20350752034635827, 0.13928833988655448]"
2914,,"[0.0, 0.0, 0.0, 0.0]",0,0.11031216100923208,0.7542901040997019,4.682423194249193,0.1,20.252756863837483,"[1.2700425053309452, 0.38089106650530674, 0.19751950326624512, 0.13203631127589702]"
2915,,"[0.0, 0.0, 0.29303968424871696, 0.0]",1,0.24919525036871226,0.6502518491922564,1.1892556954514872,0.05,16.96184108323118,"[1.2867179012926677, 0.38915356091737685, 0.2035853190355485, 0.1391680844352899]"
2916,,"[0.12357375884919883, 0.0, 0.06508945365266297, 0.0]",2,0.224049542009907,1.7590487606519774,0.3115758182755828,0.2,4.408353092251045,"[1.2893479050224994, 0.3877512671598358, 0.20194938566035625, 0.1350330242252316]"
2917,,"[0.2937415717385245, 0.0, 0.0, 0.0]",1,0.18033966655182954,0.8948463429661564,5.033268127698079,0.1,10.961196586975658,"[1.3153276726813339, 0.39577436910608726, 0.20679157110460808, 0.13593290415876755]"
2918,,"[0.0, 0.0, 0.0, 0.15565968108307926]",1,0.20635846519840664,1.7305832648893538,2.8377401586882627,0.2,3.939682429197482,"[1.2732404599671712, 0.3856933978823887, 0.20141046337891466, 0.1332912259331398]"
2919,,"[0.28613312091534443, 0.0, 0.0, 0.0]",1,0.15124296738302856,1.3731824386198366,1.103156206925795,0.0,2.5165521793338206,"[1.3138328258207195, 0.3952752151184816, 0.2064929446940495, 0.13582487065716967]"
2920,,"[0.0, 0.0, 0.15165578653717215, 0.0]",1,0.13169011903810857,0.7676492742582518,2.6913905205202826,0.1,33.172689412914636,"[1.2773627194191066, 0.38464131468551327, 0.20023697771658852, 0.13537841520193666]"
2921,,"[0.0, 0.16220865670870613, 0.0, 0.0]",1,0.23772200511199543,1.8253346724030197,5.512098747487234,0.05,3.958975114236956,"[1.2822374705341435, 0.3836536066736272, 0.19999785627928052, 0.1361185967865165]"
2922,,"[0.0, 0.0, 0.0, 0.0]",0,0.11962477818495668,1.1934515853720424,5.457052818051225,0.0,3.2105781699736275,"[1.2700425053309454, 0.38089106650530674, 0.19751950326624504, 0.13203631127589704]"
2923,,"[0.0, 0.0, 0.13695003571485773, 0.0]",1,0.1341091173567157,0.9103467901314157,5.416240485490431,0.0,8.567521115696241,"[1.2765512362355669, 0.38423606982929015, 0.19994041951302108, 0.135024550326309]"
2924,,"[0.0, 0.34546283520088916, 0.0, 0.0]",1,0.060510892995743505,0.5148394832015701,5.4770829904274905,0.05,2.1186012738927498,"[1.302815995052553, 0.3874984775013471, 0.20397063206766036, 0.14205380729233508]"
2925,,"[0.0, 0.0, 0.2401225093010263, 0.20493431144114646]",2,0.20495846706549006,1.8915483422589463,4.35663135778311,0.2,3.8572711997611013,"[1.2872074988792912, 0.3937817849099766, 0.2078721331608094, 0.13908188706088956]"
2926,,"[0.17758096954705976, 0.0, 0.0, 0.0]",1,0.059853120343380285,0.8118780516057855,6.223093300135914,0.1,9.657320564368964,"[1.2947389036056818, 0.3889369068821443, 0.20261488660347993, 0.13432506230248897]"
2927,,"[0.0, 0.0, 0.0, 0.19028713449256687]",1,0.14817559303882544,1.5108574974283373,4.380697289758809,0.2,2.6293315042951,"[1.274079515400543, 0.387009310628081, 0.2024298598532411, 0.13358859583455207]"
2928,,"[0.0, 0.0, 0.20142944834994964, 0.0]",1,0.17149744152208912,1.8885426495300663,5.7991071877393505,0.0,3.0518006769418617,"[1.2803102897353529, 0.38609352155115634, 0.20130547432419366, 0.13662946523141103]"
2929,,"[0.0, 0.0, 0.32183526446255967, 0.0]",1,0.12758890349103355,0.995439085293164,0.06891668865939121,0.05,5.566950581188475,"[1.2890583572808496, 0.39024170540610986, 0.20440458018047936, 0.14003566420038926]"
2930,,"[0.08343006580607375, 0.0, 0.0, 0.0]",1,0.21667973701125964,0.6347946705618128,1.391034165873014,0.05,13.058452405154185,"[1.2808382376801175, 0.38438269275309417, 0.19974756886017297, 0.13308654365552663]"
2931,,"[0.0, 0.0, 0.22444023981677044, 0.0]",1,0.15847235058594478,1.2684814935593285,2.5171058503684733,0.0,3.626635290300573,"[1.2817892068584824, 0.38681106761123596, 0.20183670411099056, 0.13723713874031115]"
2932,,"[0.08970656126601466, 0.13525867767903052, 0.0, 0.0]",2,0.24177019344248327,1.790737643355553,5.337370739297342,0.1,4.205872839987599,"[1.2915271185617367, 0.3869008716559392, 0.20203590212840838, 0.13644040340660119]"
2933,,"[0.0, 0.0, 0.0, 0.0]",0,0.12497317739383605,1.5266667752042,1.2187087044648306,0.1,2.1215121330978457,"[1.2700425053309452, 0.38089106650530646, 0.19751950326624504, 0.132036311275897]"
2934,,"[0.0, 0.0, 0.1365819592559981, 0.07863593834412339]",2,0.24605873310607354,1.1205073174122477,2.723338196649415,0.0,7.417689678191863,"[1.2780322613167943, 0.38641208378606545, 0.20181817580409533, 0.13558386969650374]"
2935,,"[0.0, 0.07221567124717866, 0.3113679075130572, 0.0]",2,0.13012791538340693,0.5995142374025311,2.4652530247973496,0.2,7.1694323608319195,"[1.2931022521698474, 0.3909761784183356, 0.20495702445236474, 0.1415253027215394]"
2936,,"[0.0, 0.0, 0.2987368347232371, 0.0]",1,0.22685359068028405,0.5176830310738502,5.412697724486234,0.1,8.17149121846125,"[1.2871669103047754, 0.3893634673296843, 0.20374302947380774, 0.13933694506519834]"
2937,,"[0.0, 0.0, 0.0, 0.0]",0,0.13579175644322664,1.4447687366649038,2.770357014249756,0.05,2.6101746125405456,"[1.2700425053309452, 0.38089106650530646, 0.19751950326624496, 0.1320363112758969]"
2938,,"[0.14669569374714508, 0.0, 0.23496960814977957, 0.0]",2,0.20507351665282153,0.5444354358908747,3.5163820108600317,0.1,7.9870375051660165,"[1.3021599595718416, 0.3937194093437868, 0.20591007128386332, 0.1397713437566721]"
2939,,"[0.0, 0.0, 0.06907997369866019, 0.2600512373262192]",2,0.07527992113717888,0.9994745325712151,5.012440972696095,0.0,3.0271203479001243,"[1.279005434254554, 0.3915504795444058, 0.20593240287964482, 0.1355676905939007]"
2940,,"[0.0, 0.0, 0.0, 0.2528019187605693]",1,0.14258445569876738,0.9151753948729313,5.49622540714149,0.05,9.06392225357997,"[1.2757475607721096, 0.3896900076531403, 0.2044447853625697, 0.13414327189328304]"
2941,,"[0.07828206429288781, 0.0, 0.1509886360449656, 0.0]",2,0.058128739829400346,0.7667160459235407,0.2837262439831093,0.0,14.716057069375625,"[1.2873476104541224, 0.3879126297690814, 0.20222089907146534, 0.1364592603706568]"
2942,,"[0.0, 0.0, 0.057961866992409565, 0.0]",1,0.13230516601898826,0.5283651846175565,3.5867799628081354,0.2,4.949298891410234,"[1.27258813455751, 0.38222038479822296, 0.19847586605525663, 0.1332369710993492]"
2943,,"[0.0, 0.09607247802446081, 0.3016484741005489, 0.0]",2,0.12955712640960365,1.0276351886932655,2.5895522292050877,0.05,4.880187038569497,"[1.294102356795884, 0.39100717060632256, 0.2049962594119319, 0.14186652954608425]"
2944,,"[0.0, 0.0, 0.16797052272177673, 0.13392552725217527]",2,0.18811209171592366,1.3408072375857019,2.8254336085192557,0.0,3.637018759968452,"[1.2809708794997954, 0.38903968159071967, 0.2039709157024425, 0.13674221758836608]"
2945,,"[0.1858789537953731, 0.0, 0.0, 0.25049003769868367]",2,0.19680280406085915,0.8568829799398556,3.6342261915468907,0.05,17.472011323005585,"[1.3015409321711238, 0.39790545360864465, 0.20974179128207363, 0.13682724728740697]"
2946,,"[0.0, 0.0, 0.0, 0.0]",0,0.07903165398059182,1.5908669040123131,2.8316492525911294,0.1,1.4770210369682546,"[1.2700425053309456, 0.38089106650530674, 0.19751950326624493, 0.13203631127589696]"
2947,,"[0.0, 0.0, 0.26178249598164754, 0.0]",1,0.10823174602598523,0.5593206881767532,3.802777741940676,0.05,4.477785043395755,"[1.2843680126783792, 0.38804572234749857, 0.20275567833369978, 0.13826531079984067]"
2948,,"[0.0, 0.14838193212951237, 0.3432648270950234, 0.0]",2,0.1818340705197815,1.3256769654559257,5.650850758519847,0.0,3.3574943434361826,"[1.3018650659429907, 0.39353984173486306, 0.20687900950160462, 0.1446758500238522]"
2949,,"[0.0, 0.1894698616430644, 0.0, 0.0]",1,0.1624882367535292,1.5196370092142684,1.7283214727824323,0.0,2.9999766414961107,"[1.2847390526781006, 0.384169424942547, 0.20049192729104842, 0.13690163940766806]"
2950,,"[0.0, 0.07389548434720121, 0.0, 0.0]",1,0.09605770640107557,1.83503939609412,1.1628389608616243,0.2,1.8136151309387083,"[1.2750956263864277, 0.38208978255804055, 0.19856254758221664, 0.13378248183464908]"
2951,,"[0.0, 0.1131012016606453, 0.0, 0.14070753271932876]",2,0.11733594536585923,1.7855599427712208,4.078893254729486,0.0,2.061480652412084,"[1.2809225897103542, 0.3870178538591132, 0.2025717008138749, 0.13601376969897921]"
2952,,"[0.08862910532803622, 0.0, 0.0, 0.0]",1,0.05428162565618355,1.9461040407543855,0.13961881708846144,0.05,0.9308812719627751,"[1.2815541777784472, 0.3846157298293064, 0.19989552598445998, 0.13315344605025548]"
2953,,"[0.0, 0.0, 0.06606554423481785, 0.0]",1,0.16990115431429348,1.9488837309323164,2.76827948747092,0.1,2.9886929389415737,"[1.2729667174295134, 0.3824156814370522, 0.19861699988829165, 0.13341201695004662]"
2954,,"[0.12610806679242997, 0.10704153502287853, 0.0, 0.0]",2,0.22578092792047766,0.7178200361005497,0.8557695183117705,0.05,28.87651712493507,"[1.294412467498234, 0.38808881516759003, 0.20265402897004808, 0.13615825718151275]"
2955,,"[0.0, 0.0, 0.0, 0.0]",0,0.20184441014468793,1.8257046297513948,2.1540716647244262,0.2,3.812497507090745,"[1.2700425053309452, 0.3808910665053068, 0.19751950326624512, 0.13203631127589702]"
2956,,"[0.0, 0.0, 0.2997435373076118, 0.32150522564002665]",2,0.10902733140058825,0.9840894561144555,6.030052670767699,0.1,5.090601532314345,"[1.294975670870041, 0.4010926378150981, 0.2139424618933627, 0.14154819449590508]"
2957,,"[0.0, 0.07615492572991857, 0.0, 0.0]",1,0.23796037493686462,0.8673776894844862,3.222076991762396,0.05,22.293202220255953,"[1.2752621890850429, 0.3821279165308593, 0.19859650085133565, 0.13383870158370778]"
2958,,"[0.0, 0.1641345862746245, 0.18761267230334383, 0.0]",2,0.06971373976014993,1.4311151074052346,2.1047760205304815,0.1,1.3509835359830042,"[1.2918088267483712, 0.38842802987893765, 0.20329946647816904, 0.140546630728155]"
2959,,"[0.0, 0.216492881036649, 0.0, 0.0]",1,0.05049095033375986,0.706728222185041,6.016824253973785,0.2,5.916947034733773,"[1.2873812265927296, 0.38469794183580586, 0.20100968313431125, 0.13770944498251367]"
2960,,"[0.0, 0.0, 0.0, 0.0]",0,0.13561504964875598,0.8665812916032929,0.29252073605168555,0.1,13.681205534207688,"[1.2700425053309452, 0.38089106650530663, 0.19751950326624504, 0.13203631127589704]"
2961,,"[0.0, 0.08253745079078187, 0.0, 0.32401135556275384]",2,0.19566324431776194,1.113261687064807,2.9722104444240145,0.2,6.309927928336332,"[1.2835789374433197, 0.39465487707882907, 0.20812194880364382, 0.13694264152766003]"
2962,,"[0.0, 0.0, 0.17517947628668923, 0.0]",1,0.1126588810742411,0.5996385695973852,4.856883668482315,0.05,5.969046462015059,"[1.2787153883212923, 0.38531151296915817, 0.20072897694976574, 0.135959182952369]"
2963,,"[0.0, 0.0, 0.32602171055359747, 0.0]",1,0.1852304685126694,1.7659665147229098,2.5326616989690183,0.2,3.490459780950664,"[1.289413938710147, 0.39040575394882093, 0.20452844777978094, 0.14016476708181783]"
2964,,"[0.06692902472806132, 0.10283761644096549, 0.0, 0.0]",2,0.09050597206981509,0.8559677385856458,4.316385862592754,0.0,8.404297807077608,"[1.2858238830682924, 0.3853333925170863, 0.20082383605725898, 0.13532005137352782]"
2965,,"[0.20711180726600678, 0.0, 0.0, 0.32348598989126065]",2,0.1365275100385336,1.6914146116115516,1.9983693261303255,0.2,2.44938379536773,"[1.3071761424192698, 0.4026871241656747, 0.21315984166941299, 0.13795017531934428]"
2966,,"[0.0, 0.0, 0.20316840935290217, 0.0]",1,0.06888757406101752,0.9995902774515409,5.562500594092325,0.1,2.9859653223160545,"[1.2804193271805369, 0.38614667000581676, 0.20134474893800133, 0.1366747213365209]"
2967,,"[0.0, 0.0, 0.0, 0.0]",0,0.20603173631921062,0.8805867926604477,4.911107507489931,0.05,17.287260490906924,"[1.2700425053309454, 0.38089106650530663, 0.19751950326624507, 0.13203631127589696]"
2968,,"[0.0, 0.0, 0.16707034381499208, 0.0]",1,0.06285589504158473,1.9027338119881398,2.0445471904007357,0.1,1.045098275874898,"[1.278241241244814, 0.3850773327423634, 0.2005568443336601, 0.1357568976541257]"
2969,,"[0.27990905274445127, 0.0, 0.0, 0.3313447224950568]",2,0.24076980131678283,1.2356370017202805,3.7984664046588437,0.05,5.025912984340622,"[1.320377574639896, 0.4073477241646782, 0.21615603804816813, 0.13924525789274664]"
2970,,"[0.0, 0.0, 0.0545710013101062, 0.0]",1,0.06487515208425923,1.4687622904373971,3.460623166410226,0.0,1.1943025984079172,"[1.2724314639048275, 0.3821393872705297, 0.1984173798187769, 0.13316426522821462]"
2971,,"[0.0, 0.0, 0.31501127099359727, 0.2887207669522998]",2,0.1345911684284099,0.7309445560635714,4.9290498090189505,0.05,20.73573524780502,"[1.2951721585690519, 0.3999592617594203, 0.2130852751012501, 0.14172977305275822]"
2972,,"[0.23201560395584148, 0.0, 0.0, 0.0]",1,0.19026061127871727,1.8733028363079585,6.1883426312857095,0.2,3.7843104929339217,"[1.3038307113473588, 0.39194515367286187, 0.20447432222677017, 0.13506746454402882]"
2973,,"[0.0, 0.0, 0.0, 0.0]",0,0.21567446815128807,1.7640278222679613,3.2035913784792402,0.1,4.171076947959674,"[1.2700425053309454, 0.38089106650530674, 0.19751950326624504, 0.1320363112758969]"
2974,,"[0.0, 0.0, 0.0, 0.0]",0,0.13288865275850686,1.8886308385519512,1.1181328630128917,0.1,2.4069486303264704,"[1.2700425053309452, 0.3808910665053066, 0.197519503266245, 0.13203631127589702]"
2975,,"[0.0, 0.21050014887278304, 0.08811753546642129, 0.0]",2,0.12341207827350381,1.6968129805943648,3.8153235708383355,0.1,2.1978479641646205,"[1.2907564802985945, 0.38661804140870076, 0.20226279149414772, 0.1394664241034696]"
2976,,"[0.0, 0.33475869517562395, 0.0, 0.1670845164546155]",2,0.22800991300824838,1.0468885341844085,5.965682528952445,0.1,8.166755237288882,"[1.3046555238702868, 0.39243607318187784, 0.2075324268074003, 0.14350586116449587]"
2977,,"[0.0, 0.0, 0.2905680060390067, 0.0]",1,0.23745668901572173,1.176131388647282,5.508696170481337,0.05,6.530818831988517,"[1.2865251643171964, 0.3890632873660604, 0.2035175426298797, 0.13909524563723438]"
2978,,"[0.08748793911286716, 0.17420245731384593, 0.0, 0.0]",2,0.21733054537495136,0.6185268800204141,1.7726461312559743,0.05,12.815034387593014,"[1.2946129857796207, 0.3875084591956987, 0.2026814163615481, 0.1374766288334629]"
2979,,"[0.0, 0.0, 0.0, 0.1396137836553138]",1,0.09167374440808998,1.4345594423798524,2.033518430698493,0.2,1.8076265244168064,"[1.2728697027384661, 0.38511911510892166, 0.2009592812489546, 0.1331557521309251]"
2980,,"[0.20807047998848052, 0.0, 0.20752732663449935, 0.0]",2,0.14955791754978207,1.6353089681644903,3.896638519740337,0.0,2.6003293003346575,"[1.3100725021194155, 0.39609400257097127, 0.20721331650290697, 0.1399529404245672]"
2981,,"[0.0, 0.0, 0.0, 0.0]",0,0.16818524568977009,1.0290657340121703,1.7631866798731508,0.05,5.841804347694182,"[1.2700425053309456, 0.38089106650530663, 0.19751950326624504, 0.13203631127589702]"
2982,,"[0.0, 0.0, 0.0, 0.0]",0,0.16852409937196108,1.9703761522719807,1.189477890912432,0.0,3.0718009210535913,"[1.2700425053309456, 0.3808910665053066, 0.19751950326624493, 0.13203631127589696]"
2983,,"[0.0, 0.2021262780954962, 0.06728906502325777, 0.0]",2,0.11620674013779711,0.8700315340964431,0.9378258488465977,0.2,10.54732510961929,"[1.2889309950804921, 0.385946757050065, 0.20176361797597606, 0.13873294247995685]"
2984,,"[0.0, 0.0, 0.0, 0.0]",0,0.07667425814353097,0.6397135786112549,2.8606937109581323,0.1,4.58336074616999,"[1.2700425053309454, 0.38089106650530663, 0.19751950326624504, 0.132036311275897]"
2985,,"[0.0, 0.2676003295847748, 0.0, 0.0]",1,0.09353795447122351,1.2583876956409452,3.01688355792481,0.0,2.138264914680283,"[1.292881547339814, 0.38574872835250595, 0.202075930928104, 0.13932937854722968]"
2986,,"[0.16829236773617484, 0.0, 0.0, 0.0]",1,0.11604236522398036,1.4702450289798512,4.857097322154566,0.1,2.1435494699803233,"[1.2932718687038718, 0.3884535090206942, 0.20231327303135152, 0.13420031891012119]"
2987,,"[0.0, 0.15545813186823748, 0.3263516193127921, 0.0]",2,0.19762032461437004,0.747114697147329,1.5702599201320093,0.1,44.64151596957496,"[1.301001301118655, 0.39298934350408565, 0.20649423337272269, 0.14433729124545616]"
2988,,"[0.0, 0.14290037857961066, 0.0, 0.0]",1,0.07348609896407828,1.0456094570896857,3.258666759841065,0.05,2.797713585841544,"[1.2805570048875936, 0.38329820748295307, 0.19966363094282522, 0.13558245458839616]"
2989,,"[0.0, 0.0, 0.07223172104444661, 0.29977674803934984]",2,0.14827092962438124,0.8381617365763095,2.755454911411868,0.2,20.157779306541617,"[1.2803514902513298, 0.3935913879309447, 0.20744396051878145, 0.13598456471418924]"
2990,,"[0.25940897449997025, 0.0, 0.0, 0.11565532238124107]",2,0.1407164098046906,1.6625305094592848,2.238962259582886,0.05,2.466688705656612,"[1.310955281046162, 0.39689826097442205, 0.2082569888978611, 0.13655770687867516]"
2991,,"[0.0, 0.3140348221919543, 0.0, 0.0]",1,0.1547550820924706,1.1293400855579239,4.334520836297851,0.0,3.4058939179806083,"[1.298549294931042, 0.3867684880303094, 0.20316109026670967, 0.14091452063642262]"
2992,,"[0.0, 0.0, 0.1915446373282676, 0.0]",1,0.1620494917656213,1.586038043256054,1.4514701357397082,0.1,2.9935919155706503,"[1.2796986234922338, 0.3857946361945928, 0.20108483069854213, 0.1363742466230564]"
2993,,"[0.17620468821908025, 0.0, 0.0, 0.0]",1,0.07479099689641933,1.904808100421763,4.706770759194862,0.2,1.5153703182288547,"[1.2945200787322064, 0.38886476470356895, 0.20256992025191178, 0.1343065436676343]"
2994,,"[0.3409529491637629, 0.0, 0.0, 0.22068757242288178]",2,0.09148255406605288,1.5190747785226195,3.9577678460102863,0.2,1.6620170381422623,"[1.329690117505662, 0.406142007968308, 0.21462287138081154, 0.1389590985627801]"
2995,,"[0.0, 0.10078523907935881, 0.32142266700175753, 0.0]",2,0.16231084418043681,0.5961008487772732,2.847439280248614,0.2,8.542697696312606,"[1.2960878564539253, 0.39183915154115223, 0.20560639951386211, 0.142608496139436]"
2996,,"[0.3201164979276475, 0.0721045751503994, 0.0, 0.0]",2,0.1363262202534729,0.865386197772775,5.397323174605501,0.0,9.459104003016012,"[1.3255370167835183, 0.3986703988500907, 0.20906073568574354, 0.13788155552939776]"
2997,,"[0.0, 0.0, 0.0, 0.0]",0,0.1204555335691612,1.7133951790339628,5.130880275430127,0.1,2.168365873425068,"[1.2700425053309456, 0.3808910665053068, 0.19751950326624504, 0.13203631127589693]"
2998,,"[0.0, 0.0, 0.17161696079051705, 0.0]",1,0.24126600447318977,1.8066186499482515,2.085588194344598,0.2,4.349889044298036,"[1.2785060443099456, 0.3852082160731186, 0.20065302039216323, 0.13587004174926015]"
2999,,"[0.0, 0.29676594927644917, 0.05573729110339411, 0.0]",2,0.07720301510505781,1.4483635221620523,5.547086822712071,0.2,1.5728015859833662,"[1.298791412761994, 0.3876320775328327, 0.20354437022493016, 0.14154100318869003]"
