seed,model,candidate,alpha,C,gamma,epsilon,val_mse,val_mae,fit_seconds,mean_support_vector_ratio,selected
0,ridge,ridge_alpha_1e-06,1e-06,,,,0.00411131401714738,0.0461032146135118,0.0010175000061281025,,False
0,ridge,ridge_alpha_3e-06,3e-06,,,,0.0041111280392053026,0.046108164378689226,0.00045545800821855664,,True
0,ridge,ridge_alpha_1e-05,1e-05,,,,0.004111369172360439,0.04611798878729308,0.00040016701677814126,,False
0,ridge,ridge_alpha_3e-05,3e-05,,,,0.004112367804701552,0.04612692020382776,0.0003818340483121574,,False
0,ridge,ridge_alpha_0.0001,0.0001,,,,0.00411366733224411,0.04613604725695263,0.00037966598756611347,,False
0,ridge,ridge_alpha_0.0003,0.0003,,,,0.004114776178386102,0.04614542465622779,0.00037945801159366965,,False
0,ridge,ridge_alpha_0.001,0.001,,,,0.004116749712996372,0.046166658912011306,0.0003856660332530737,,False
0,ridge,ridge_alpha_0.003,0.003,,,,0.004122047295979424,0.04622697603414511,0.00037362496368587017,,False
0,ridge,ridge_alpha_0.01,0.01,,,,0.004142498471330668,0.04642605869128627,0.00038416701136156917,,False
0,ridge,ridge_alpha_0.03,0.03,,,,0.004198716227055819,0.04689105117677302,0.00036695803282782435,,False
0,ridge,ridge_alpha_0.1,0.1,,,,0.004337525255946051,0.04790904351731896,0.0003816660027951002,,False
0,ridge,ridge_alpha_1,1.0,,,,0.004978716042319458,0.052585256986272116,0.00037045899080112576,,False
0,ridge,ridge_alpha_10,10.0,,,,0.0067204202772216705,0.06427006309837188,0.00036812498001381755,,False
0,ridge,ridge_alpha_100,100.0,,,,0.009132384957771867,0.07738530329085326,0.00038591696647927165,,False
0,ridge,ridge_alpha_300,300.0,,,,0.009824426826700348,0.08078306721737154,0.00037833297392353415,,False
0,rbf_svr,rbf_svr_C_100_gamma_0p0005_eps_0.02,,100.0,0.0005,0.02,0.004165642924590481,0.040891501931522224,1.1247837920091115,0.6423809523809524,False
0,rbf_svr,rbf_svr_C_100_gamma_0p0005_eps_0.03,,100.0,0.0005,0.03,0.004060575393729518,0.042272067418947554,0.31722195801557973,0.5360714285714285,False
0,rbf_svr,rbf_svr_C_100_gamma_0p0005_eps_0.04,,100.0,0.0005,0.04,0.004029921680976748,0.04419994422712574,0.27913695899769664,0.44785714285714284,False
0,rbf_svr,rbf_svr_C_100_gamma_0p00075_eps_0.02,,100.0,0.00075,0.02,0.0037678959246051757,0.03860735450557774,0.4415896669961512,0.6338095238095238,False
0,rbf_svr,rbf_svr_C_100_gamma_0p00075_eps_0.03,,100.0,0.00075,0.03,0.0036606513437911505,0.039766862723503604,0.37608749995706603,0.5228571428571429,False
0,rbf_svr,rbf_svr_C_100_gamma_0p00075_eps_0.04,,100.0,0.00075,0.04,0.0036680316051787,0.041732201405701136,0.33675129199400544,0.4266666666666667,False
0,rbf_svr,rbf_svr_C_100_gamma_0p001_eps_0.02,,100.0,0.001,0.02,0.0035271452960714674,0.037108510657043854,0.4959064589929767,0.6326190476190476,False
0,rbf_svr,rbf_svr_C_100_gamma_0p001_eps_0.03,,100.0,0.001,0.03,0.003441167972968519,0.03836598754048404,0.42050733300857246,0.5129761904761905,False
0,rbf_svr,rbf_svr_C_100_gamma_0p001_eps_0.04,,100.0,0.001,0.04,0.0034614863089334883,0.040300325429040225,0.37518495897529647,0.41404761904761905,False
0,rbf_svr,rbf_svr_C_100_gamma_0p003_eps_0.02,,100.0,0.003,0.02,0.0029482954916218974,0.03316956622726667,0.9639802500023507,0.613452380952381,False
0,rbf_svr,rbf_svr_C_100_gamma_0p003_eps_0.03,,100.0,0.003,0.03,0.0029208173202444395,0.03413488542282752,0.8484936659806408,0.48547619047619045,False
0,rbf_svr,rbf_svr_C_100_gamma_0p003_eps_0.04,,100.0,0.003,0.04,0.002938579849333781,0.03573776315364402,0.5722472079796717,0.38416666666666666,False
0,rbf_svr,rbf_svr_C_100_gamma_0p01_eps_0.02,,100.0,0.01,0.02,0.0031755627274508967,0.03477071548990971,2.37749199999962,0.6189285714285714,False
0,rbf_svr,rbf_svr_C_100_gamma_0p01_eps_0.03,,100.0,0.01,0.03,0.0031699111345310192,0.03565327458708365,1.539958332956303,0.49476190476190474,False
0,rbf_svr,rbf_svr_C_100_gamma_0p01_eps_0.04,,100.0,0.01,0.04,0.0032227033671688925,0.03675635893837982,1.0376080420101061,0.3925,False
0,rbf_svr,rbf_svr_C_300_gamma_0p0005_eps_0.02,,300.0,0.0005,0.02,0.003541414499468515,0.03714771937316963,0.7461421249900013,0.6355952380952381,False
0,rbf_svr,rbf_svr_C_300_gamma_0p0005_eps_0.03,,300.0,0.0005,0.03,0.0034559603216693627,0.03832447778911857,0.5739189579617232,0.5153571428571428,False
0,rbf_svr,rbf_svr_C_300_gamma_0p0005_eps_0.04,,300.0,0.0005,0.04,0.0034516523318100035,0.03998956371344132,0.46508908295072615,0.4129761904761905,False
0,rbf_svr,rbf_svr_C_300_gamma_0p00075_eps_0.02,,300.0,0.00075,0.02,0.003242469094525406,0.035297641395060565,0.9214650000212714,0.6307142857142857,False
0,rbf_svr,rbf_svr_C_300_gamma_0p00075_eps_0.03,,300.0,0.00075,0.03,0.0031906112977095986,0.03659631798347179,0.8030163329676725,0.5011904761904762,False
0,rbf_svr,rbf_svr_C_300_gamma_0p00075_eps_0.04,,300.0,0.00075,0.04,0.003179117322962719,0.03799457857076798,0.6790782079915516,0.4004761904761905,False
0,rbf_svr,rbf_svr_C_300_gamma_0p001_eps_0.02,,300.0,0.001,0.02,0.0030825240199857094,0.034387786848694334,1.2837521670153365,0.6255952380952381,False
0,rbf_svr,rbf_svr_C_300_gamma_0p001_eps_0.03,,300.0,0.001,0.03,0.003027467122519359,0.03532805560763033,0.9184460829710588,0.4953571428571429,False
0,rbf_svr,rbf_svr_C_300_gamma_0p001_eps_0.04,,300.0,0.001,0.04,0.0030396846404894895,0.036835163836149876,0.7586624589748681,0.39166666666666666,False
0,rbf_svr,rbf_svr_C_300_gamma_0p003_eps_0.02,,300.0,0.003,0.02,0.002857972701836431,0.032319662705871395,3.018589334038552,0.6116666666666667,False
0,rbf_svr,rbf_svr_C_300_gamma_0p003_eps_0.03,,300.0,0.003,0.03,0.0028006510743303426,0.032818495840743866,2.3170318749616854,0.4775,False
0,rbf_svr,rbf_svr_C_300_gamma_0p003_eps_0.04,,300.0,0.003,0.04,0.0028419422993923157,0.034290162311396075,1.5234955840278417,0.37535714285714283,False
0,rbf_svr,rbf_svr_C_300_gamma_0p01_eps_0.02,,300.0,0.01,0.02,0.0033821238221450668,0.03560516803694132,6.350813333003316,0.6322619047619048,False
0,rbf_svr,rbf_svr_C_300_gamma_0p01_eps_0.03,,300.0,0.01,0.03,0.0032525422772123787,0.03542920981763159,3.60055004095193,0.5047619047619047,False
0,rbf_svr,rbf_svr_C_300_gamma_0p01_eps_0.04,,300.0,0.01,0.04,0.003273214508449129,0.036292496506416645,2.314308291010093,0.3954761904761905,False
0,rbf_svr,rbf_svr_C_500_gamma_0p0005_eps_0.02,,500.0,0.0005,0.02,0.0033120955011710198,0.035708315240121635,1.0417959169717506,0.6323809523809524,False
0,rbf_svr,rbf_svr_C_500_gamma_0p0005_eps_0.03,,500.0,0.0005,0.03,0.003261767155055781,0.03697734478420094,0.8159692920162342,0.5078571428571429,False
0,rbf_svr,rbf_svr_C_500_gamma_0p0005_eps_0.04,,500.0,0.0005,0.04,0.0032423593062511735,0.03833050214809316,0.7057458329945803,0.4023809523809524,False
0,rbf_svr,rbf_svr_C_500_gamma_0p00075_eps_0.02,,500.0,0.00075,0.02,0.0030773452805051217,0.03436609671937447,1.4423692499985918,0.6291666666666667,False
0,rbf_svr,rbf_svr_C_500_gamma_0p00075_eps_0.03,,500.0,0.00075,0.03,0.0030299755820983078,0.035324512733589414,1.1399013749905862,0.49488095238095237,False
0,rbf_svr,rbf_svr_C_500_gamma_0p00075_eps_0.04,,500.0,0.00075,0.04,0.0030357915004258227,0.03665333679395456,0.9645152499433607,0.3892857142857143,False
0,rbf_svr,rbf_svr_C_500_gamma_0p001_eps_0.02,,500.0,0.001,0.02,0.0029522979191049354,0.03339635495509372,1.8693655420211144,0.6210714285714286,False
0,rbf_svr,rbf_svr_C_500_gamma_0p001_eps_0.03,,500.0,0.001,0.03,0.002872884074417364,0.03409410630229771,1.4302724579465576,0.48404761904761906,False
0,rbf_svr,rbf_svr_C_500_gamma_0p001_eps_0.04,,500.0,0.001,0.04,0.00290391186503507,0.035478255375964676,1.1195927079534158,0.38416666666666666,False
0,rbf_svr,rbf_svr_C_500_gamma_0p003_eps_0.02,,500.0,0.003,0.02,0.002882995191145992,0.032252144164959064,5.122884000011254,0.611547619047619,False
0,rbf_svr,rbf_svr_C_500_gamma_0p003_eps_0.03,,500.0,0.003,0.03,0.002855654884038309,0.032867496855150245,3.568138832983095,0.4767857142857143,False
0,rbf_svr,rbf_svr_C_500_gamma_0p003_eps_0.04,,500.0,0.003,0.04,0.0028769023542966434,0.033986760827884786,2.5650691249757074,0.3769047619047619,False
0,rbf_svr,rbf_svr_C_500_gamma_0p01_eps_0.02,,500.0,0.01,0.02,0.003534731160555919,0.03595288493336894,10.169084583001677,0.6394047619047619,False
0,rbf_svr,rbf_svr_C_500_gamma_0p01_eps_0.03,,500.0,0.01,0.03,0.0033668105977834113,0.03577038381308042,5.164142917026766,0.5061904761904762,False
0,rbf_svr,rbf_svr_C_500_gamma_0p01_eps_0.04,,500.0,0.01,0.04,0.003337886155384461,0.036278229568300055,2.9193410410080105,0.3973809523809524,False
0,rbf_svr,rbf_svr_C_750_gamma_0p0005_eps_0.02,,750.0,0.0005,0.02,0.0031744755955629314,0.03486654869298863,1.5681644579744898,0.6308333333333334,False
0,rbf_svr,rbf_svr_C_750_gamma_0p0005_eps_0.03,,750.0,0.0005,0.03,0.003116176033393856,0.036045179453496924,1.197780665999744,0.5013095238095238,False
0,rbf_svr,rbf_svr_C_750_gamma_0p0005_eps_0.04,,750.0,0.0005,0.04,0.0031155348888523516,0.037293933056164644,1.0421750419773161,0.3983333333333333,False
0,rbf_svr,rbf_svr_C_750_gamma_0p00075_eps_0.02,,750.0,0.00075,0.02,0.002985189311553611,0.03366343745108304,2.1209185830084607,0.6223809523809524,False
0,rbf_svr,rbf_svr_C_750_gamma_0p00075_eps_0.03,,750.0,0.00075,0.03,0.002912261670833371,0.03444039537303909,1.5950421249726787,0.4891666666666667,False
0,rbf_svr,rbf_svr_C_750_gamma_0p00075_eps_0.04,,750.0,0.00075,0.04,0.0029336477667820595,0.03570082782562931,1.2055069580092095,0.38642857142857145,False
0,rbf_svr,rbf_svr_C_750_gamma_0p001_eps_0.02,,750.0,0.001,0.02,0.002844665727671851,0.03252618399039061,2.804071667022072,0.6158333333333333,False
0,rbf_svr,rbf_svr_C_750_gamma_0p001_eps_0.03,,750.0,0.001,0.03,0.0028076706829939964,0.03333814482032998,1.9881854580016807,0.4826190476190476,False
0,rbf_svr,rbf_svr_C_750_gamma_0p001_eps_0.04,,750.0,0.001,0.04,0.0028028444880616107,0.03456909518602458,1.716116332972888,0.3773809523809524,False
0,rbf_svr,rbf_svr_C_750_gamma_0p003_eps_0.02,,750.0,0.003,0.02,0.002891335986790764,0.032124886196502965,8.393445249996148,0.6116666666666667,False
0,rbf_svr,rbf_svr_C_750_gamma_0p003_eps_0.03,,750.0,0.003,0.03,0.0029474884399660842,0.03304067696047784,5.567992875003256,0.4789285714285714,False
0,rbf_svr,rbf_svr_C_750_gamma_0p003_eps_0.04,,750.0,0.003,0.04,0.002947710480988235,0.03412995167706596,3.9148053330136463,0.38047619047619047,False
0,rbf_svr,rbf_svr_C_750_gamma_0p01_eps_0.02,,750.0,0.01,0.02,0.00365311944050605,0.03647519201413135,13.212830416974612,0.6452380952380953,False
0,rbf_svr,rbf_svr_C_750_gamma_0p01_eps_0.03,,750.0,0.01,0.03,0.003445907028634052,0.03599387820628573,6.619353667018004,0.5098809523809524,False
0,rbf_svr,rbf_svr_C_750_gamma_0p01_eps_0.04,,750.0,0.01,0.04,0.0034282333293248215,0.036529788360645916,3.053702791046817,0.3980952380952381,False
0,rbf_svr,rbf_svr_C_1000_gamma_0p0005_eps_0.02,,1000.0,0.0005,0.02,0.0030875944583096094,0.03436255589858207,2.1150519590009935,0.6322619047619048,False
0,rbf_svr,rbf_svr_C_1000_gamma_0p0005_eps_0.03,,1000.0,0.0005,0.03,0.003031574317663416,0.03538536094172478,1.4664750000229105,0.4953571428571429,False
0,rbf_svr,rbf_svr_C_1000_gamma_0p0005_eps_0.04,,1000.0,0.0005,0.04,0.0030327578703082695,0.03651947146811953,1.2071320829563774,0.3914285714285714,False
0,rbf_svr,rbf_svr_C_1000_gamma_0p00075_eps_0.02,,1000.0,0.00075,0.02,0.0029132482643384693,0.033075957781277164,2.9560021669603884,0.6188095238095238,False
0,rbf_svr,rbf_svr_C_1000_gamma_0p00075_eps_0.03,,1000.0,0.00075,0.03,0.0028366883205294805,0.03379205354012876,2.3310667920159176,0.485,False
0,rbf_svr,rbf_svr_C_1000_gamma_0p00075_eps_0.04,,1000.0,0.00075,0.04,0.002867122864712067,0.03507147435032018,1.7669097909820266,0.3786904761904762,False
0,rbf_svr,rbf_svr_C_1000_gamma_0p001_eps_0.02,,1000.0,0.001,0.02,0.002809036561283854,0.03210065653482787,3.6472825419623405,0.615,False
0,rbf_svr,rbf_svr_C_1000_gamma_0p001_eps_0.03,,1000.0,0.001,0.03,0.0027751330843993264,0.032947169159487415,2.896534708037507,0.4822619047619048,False
0,rbf_svr,rbf_svr_C_1000_gamma_0p001_eps_0.04,,1000.0,0.001,0.04,0.002774411758267372,0.034224601632214455,2.14342612499604,0.373452380952381,True
0,rbf_svr,rbf_svr_C_1000_gamma_0p003_eps_0.02,,1000.0,0.003,0.02,0.002935719656240236,0.03227300141304689,10.800122208020184,0.6120238095238095,False
0,rbf_svr,rbf_svr_C_1000_gamma_0p003_eps_0.03,,1000.0,0.003,0.03,0.0030022977980635173,0.03311111130643049,7.525590832985472,0.48035714285714287,False
0,rbf_svr,rbf_svr_C_1000_gamma_0p003_eps_0.04,,1000.0,0.003,0.04,0.0029862160858935417,0.03417289647924912,5.124708416988142,0.38166666666666665,False
0,rbf_svr,rbf_svr_C_1000_gamma_0p01_eps_0.02,,1000.0,0.01,0.02,0.003729709321596016,0.036753562666798245,16.793168166012038,0.6492857142857142,False
0,rbf_svr,rbf_svr_C_1000_gamma_0p01_eps_0.03,,1000.0,0.01,0.03,0.0035363246628625777,0.03617238957653396,7.0905149999889545,0.5122619047619048,False
0,rbf_svr,rbf_svr_C_1000_gamma_0p01_eps_0.04,,1000.0,0.01,0.04,0.0034942847450313945,0.03665278847770202,3.339627666049637,0.39976190476190476,False
1,ridge,ridge_alpha_1e-06,1e-06,,,,0.004270554179128165,0.04582565973392006,0.0007231670315377414,,False
1,ridge,ridge_alpha_3e-06,3e-06,,,,0.00426642347071832,0.0458253701228203,0.0004330419469624758,,False
1,ridge,ridge_alpha_1e-05,1e-05,,,,0.00426081858161035,0.04581736637926265,0.0004323340253904462,,False
1,ridge,ridge_alpha_3e-05,3e-05,,,,0.004255659691044903,0.04580256459250992,0.0004063749802298844,,False
1,ridge,ridge_alpha_0.0001,0.0001,,,,0.004251798432453908,0.04579391229342498,0.0004033750155940652,,False
1,ridge,ridge_alpha_0.0003,0.0003,,,,0.004250237965737726,0.0457954663128456,0.0004011249984614551,,False
1,ridge,ridge_alpha_0.001,0.001,,,,0.004250045019122423,0.04581844183690985,0.00039787503192201257,,True
1,ridge,ridge_alpha_0.003,0.003,,,,0.00425230005180459,0.04589649813692163,0.00039670796832069755,,False
1,ridge,ridge_alpha_0.01,0.01,,,,0.0042670447599161675,0.046132706636374685,0.0003956250147894025,,False
1,ridge,ridge_alpha_0.03,0.03,,,,0.004319560333354579,0.04662884613004566,0.000397083000279963,,False
1,ridge,ridge_alpha_0.1,0.1,,,,0.004466607449234807,0.047720520203329515,0.0003980839974246919,,False
1,ridge,ridge_alpha_1,1.0,,,,0.005189466864432863,0.05276106554599052,0.0005214159609749913,,False
1,ridge,ridge_alpha_10,10.0,,,,0.007081572526260446,0.06442504129793339,0.0004331659874878824,,False
1,ridge,ridge_alpha_100,100.0,,,,0.00962007573628773,0.07767812240735326,0.00041929102735593915,,False
1,ridge,ridge_alpha_300,300.0,,,,0.010380979910310681,0.08146995544397284,0.0004107079585082829,,False
1,rbf_svr,rbf_svr_C_100_gamma_0p0005_eps_0.02,,100.0,0.0005,0.02,0.004345699592167056,0.040938423511926926,0.38100958295399323,0.6504761904761904,False
1,rbf_svr,rbf_svr_C_100_gamma_0p0005_eps_0.03,,100.0,0.0005,0.03,0.004258409435566776,0.04239001103459919,0.33115887496387586,0.5351190476190476,False
1,rbf_svr,rbf_svr_C_100_gamma_0p0005_eps_0.04,,100.0,0.0005,0.04,0.004258476938815438,0.04459443090471743,0.31528908299515024,0.4477380952380952,False
1,rbf_svr,rbf_svr_C_100_gamma_0p00075_eps_0.02,,100.0,0.00075,0.02,0.003907555033398987,0.03833968544230581,0.45375179196707904,0.6364285714285715,False
1,rbf_svr,rbf_svr_C_100_gamma_0p00075_eps_0.03,,100.0,0.00075,0.03,0.0038613624359502396,0.039877647582594794,0.4178875829675235,0.5229761904761905,False
1,rbf_svr,rbf_svr_C_100_gamma_0p00075_eps_0.04,,100.0,0.00075,0.04,0.0038403614341113363,0.04170126112111895,0.3518621669500135,0.43,False
1,rbf_svr,rbf_svr_C_100_gamma_0p001_eps_0.02,,100.0,0.001,0.02,0.0036342441132717006,0.036724041799371984,0.5304903329815716,0.6336904761904761,False
1,rbf_svr,rbf_svr_C_100_gamma_0p001_eps_0.03,,100.0,0.001,0.03,0.0035651907607057304,0.038039489796537436,0.42935904196929187,0.5089285714285714,False
1,rbf_svr,rbf_svr_C_100_gamma_0p001_eps_0.04,,100.0,0.001,0.04,0.0035633171089025006,0.039778665168047476,0.377756625006441,0.4164285714285714,False
1,rbf_svr,rbf_svr_C_100_gamma_0p003_eps_0.02,,100.0,0.003,0.02,0.0028888885632610884,0.03217915057008233,1.078847875003703,0.6198809523809524,False
1,rbf_svr,rbf_svr_C_100_gamma_0p003_eps_0.03,,100.0,0.003,0.03,0.0028427147906962286,0.03334051543969427,0.8568671669927426,0.48083333333333333,False
1,rbf_svr,rbf_svr_C_100_gamma_0p003_eps_0.04,,100.0,0.003,0.04,0.00288901876704068,0.03492650064542363,0.6658635419444181,0.3830952380952381,False
1,rbf_svr,rbf_svr_C_100_gamma_0p01_eps_0.02,,100.0,0.01,0.02,0.002677277733026158,0.031021970078794474,2.4280677079805173,0.6214285714285714,False
1,rbf_svr,rbf_svr_C_100_gamma_0p01_eps_0.03,,100.0,0.01,0.03,0.0027102204153411297,0.03182434750401695,1.789164709043689,0.4961904761904762,False
1,rbf_svr,rbf_svr_C_100_gamma_0p01_eps_0.04,,100.0,0.01,0.04,0.002801416289506096,0.033592855476621164,1.0646223750081845,0.3998809523809524,False
1,rbf_svr,rbf_svr_C_300_gamma_0p0005_eps_0.02,,300.0,0.0005,0.02,0.0036460681803732065,0.036862955156513444,0.7012620419845916,0.6357142857142857,False
1,rbf_svr,rbf_svr_C_300_gamma_0p0005_eps_0.03,,300.0,0.0005,0.03,0.003585745092003027,0.03813822164501689,0.6567272079992108,0.5119047619047619,False
1,rbf_svr,rbf_svr_C_300_gamma_0p0005_eps_0.04,,300.0,0.0005,0.04,0.0035922326119857966,0.039812887265819726,0.565382375032641,0.4170238095238095,False
1,rbf_svr,rbf_svr_C_300_gamma_0p00075_eps_0.02,,300.0,0.00075,0.02,0.003331836385111002,0.03480425197138588,0.975722459028475,0.6291666666666667,False
1,rbf_svr,rbf_svr_C_300_gamma_0p00075_eps_0.03,,300.0,0.00075,0.03,0.003266286223125051,0.03584785111797433,0.8061113340081647,0.49738095238095237,False
1,rbf_svr,rbf_svr_C_300_gamma_0p00075_eps_0.04,,300.0,0.00075,0.04,0.003255344421218039,0.03740036683513913,0.6397813750081696,0.40273809523809523,False
1,rbf_svr,rbf_svr_C_300_gamma_0p001_eps_0.02,,300.0,0.001,0.02,0.00313296685705549,0.03345078573919659,1.2375784169998951,0.6230952380952381,False
1,rbf_svr,rbf_svr_C_300_gamma_0p001_eps_0.03,,300.0,0.001,0.03,0.0030572635139286034,0.03438687219634816,0.9195513750310056,0.4901190476190476,False
1,rbf_svr,rbf_svr_C_300_gamma_0p001_eps_0.04,,300.0,0.001,0.04,0.003037928392661669,0.03582673512670093,0.7767516250023618,0.39071428571428574,False
1,rbf_svr,rbf_svr_C_300_gamma_0p003_eps_0.02,,300.0,0.003,0.02,0.0025399202747380454,0.029856818920686316,3.1977294579846784,0.6082142857142857,False
1,rbf_svr,rbf_svr_C_300_gamma_0p003_eps_0.03,,300.0,0.003,0.03,0.002508912891358373,0.03081528230875524,2.0559242499875836,0.4736904761904762,False
1,rbf_svr,rbf_svr_C_300_gamma_0p003_eps_0.04,,300.0,0.003,0.04,0.0025316958347759255,0.03203989966999797,1.390737541951239,0.37214285714285716,False
1,rbf_svr,rbf_svr_C_300_gamma_0p01_eps_0.02,,300.0,0.01,0.02,0.0027559249771174714,0.031008713916452983,7.053294291021302,0.6340476190476191,False
1,rbf_svr,rbf_svr_C_300_gamma_0p01_eps_0.03,,300.0,0.01,0.03,0.0027389813494449367,0.03155245780532991,3.937891874986235,0.5054761904761905,False
1,rbf_svr,rbf_svr_C_300_gamma_0p01_eps_0.04,,300.0,0.01,0.04,0.0027201825120663973,0.032676492962819714,2.1934547499986365,0.4014285714285714,False
1,rbf_svr,rbf_svr_C_500_gamma_0p0005_eps_0.02,,500.0,0.0005,0.02,0.0034153607864484217,0.03535810747361443,1.1058211660129018,0.6314285714285715,False
1,rbf_svr,rbf_svr_C_500_gamma_0p0005_eps_0.03,,500.0,0.0005,0.03,0.003357362226006506,0.03654224128706822,0.855004207987804,0.5010714285714286,False
1,rbf_svr,rbf_svr_C_500_gamma_0p0005_eps_0.04,,500.0,0.0005,0.04,0.0033478223590894707,0.037933558216038075,0.7845674580312334,0.4058333333333333,False
1,rbf_svr,rbf_svr_C_500_gamma_0p00075_eps_0.02,,500.0,0.00075,0.02,0.0031594690927389756,0.033490378275860454,1.636410417035222,0.6261904761904762,False
1,rbf_svr,rbf_svr_C_500_gamma_0p00075_eps_0.03,,500.0,0.00075,0.03,0.003059923615058958,0.034302394609681285,1.2038886249647476,0.4919047619047619,False
1,rbf_svr,rbf_svr_C_500_gamma_0p00075_eps_0.04,,500.0,0.00075,0.04,0.0030516321445076765,0.03583933675771538,0.9534202920040116,0.39035714285714285,False
1,rbf_svr,rbf_svr_C_500_gamma_0p001_eps_0.02,,500.0,0.001,0.02,0.0029272106812813594,0.032178518145018466,2.0749110839678906,0.6197619047619047,False
1,rbf_svr,rbf_svr_C_500_gamma_0p001_eps_0.03,,500.0,0.001,0.03,0.002902541080861932,0.033261406750371356,1.5245325000141747,0.4847619047619048,False
1,rbf_svr,rbf_svr_C_500_gamma_0p001_eps_0.04,,500.0,0.001,0.04,0.002888924173616248,0.034554153023451224,1.1944407079718076,0.3830952380952381,False
1,rbf_svr,rbf_svr_C_500_gamma_0p003_eps_0.02,,500.0,0.003,0.02,0.0024783341441880673,0.029293804933854427,5.1963043750147335,0.6121428571428571,False
1,rbf_svr,rbf_svr_C_500_gamma_0p003_eps_0.03,,500.0,0.003,0.03,0.002429185564542696,0.03003248514390586,3.6995064999791794,0.4725,False
1,rbf_svr,rbf_svr_C_500_gamma_0p003_eps_0.04,,500.0,0.003,0.04,0.0024650925706380484,0.03134446358974168,2.3953885409864597,0.3757142857142857,False
1,rbf_svr,rbf_svr_C_500_gamma_0p01_eps_0.02,,500.0,0.01,0.02,0.0028294334200967583,0.031222578275340723,10.37423283298267,0.6375,False
1,rbf_svr,rbf_svr_C_500_gamma_0p01_eps_0.03,,500.0,0.01,0.03,0.002768745389268341,0.03159020215738509,5.170111583021935,0.5135714285714286,False
1,rbf_svr,rbf_svr_C_500_gamma_0p01_eps_0.04,,500.0,0.01,0.04,0.002782680295430002,0.03298456681379352,2.7651291249785572,0.40976190476190477,False
1,rbf_svr,rbf_svr_C_750_gamma_0p0005_eps_0.02,,750.0,0.0005,0.02,0.0032586228078207028,0.03425541390212582,1.641834290989209,0.6307142857142857,False
1,rbf_svr,rbf_svr_C_750_gamma_0p0005_eps_0.03,,750.0,0.0005,0.03,0.0032025067200429527,0.03523605082740175,1.1662326250225306,0.49654761904761907,False
1,rbf_svr,rbf_svr_C_750_gamma_0p0005_eps_0.04,,750.0,0.0005,0.04,0.0031833389740659832,0.03664094680273454,1.0168989580124617,0.3954761904761905,False
1,rbf_svr,rbf_svr_C_750_gamma_0p00075_eps_0.02,,750.0,0.00075,0.02,0.0029807111284855152,0.03237600801134748,2.193623333994765,0.6201190476190476,False
1,rbf_svr,rbf_svr_C_750_gamma_0p00075_eps_0.03,,750.0,0.00075,0.03,0.0029336669821743034,0.033468190036350605,1.891593791951891,0.4855952380952381,False
1,rbf_svr,rbf_svr_C_750_gamma_0p00075_eps_0.04,,750.0,0.00075,0.04,0.00289938477923118,0.0346798738061766,1.301964084035717,0.3844047619047619,False
1,rbf_svr,rbf_svr_C_750_gamma_0p001_eps_0.02,,750.0,0.001,0.02,0.0028017330939488715,0.03130903700245044,2.9043282920029014,0.6183333333333333,False
1,rbf_svr,rbf_svr_C_750_gamma_0p001_eps_0.03,,750.0,0.001,0.03,0.0027818902319437515,0.03242128075545215,2.2405370000051335,0.4798809523809524,False
1,rbf_svr,rbf_svr_C_750_gamma_0p001_eps_0.04,,750.0,0.001,0.04,0.002818080501964112,0.033745520822756066,1.700839375029318,0.3761904761904762,False
1,rbf_svr,rbf_svr_C_750_gamma_0p003_eps_0.02,,750.0,0.003,0.02,0.0024491218506349035,0.02904890921062393,8.204557916033082,0.6105952380952381,False
1,rbf_svr,rbf_svr_C_750_gamma_0p003_eps_0.03,,750.0,0.003,0.03,0.002433759852528738,0.02967674207962571,5.5044491669978015,0.47785714285714287,False
1,rbf_svr,rbf_svr_C_750_gamma_0p003_eps_0.04,,750.0,0.003,0.04,0.0024331866882106924,0.030761482106057354,3.953959083009977,0.37666666666666665,False
1,rbf_svr,rbf_svr_C_750_gamma_0p01_eps_0.02,,750.0,0.01,0.02,0.002943883042496178,0.031757320049626406,13.167915041965898,0.6417857142857143,False
1,rbf_svr,rbf_svr_C_750_gamma_0p01_eps_0.03,,750.0,0.01,0.03,0.0028370273504231907,0.03199322093445977,5.732682875008322,0.518095238095238,False
1,rbf_svr,rbf_svr_C_750_gamma_0p01_eps_0.04,,750.0,0.01,0.04,0.0028630268958492917,0.0334560727493202,3.294114082993474,0.41523809523809524,False
1,rbf_svr,rbf_svr_C_1000_gamma_0p0005_eps_0.02,,1000.0,0.0005,0.02,0.003177475934904459,0.033544544456930114,2.2063853329746053,0.626547619047619,False
1,rbf_svr,rbf_svr_C_1000_gamma_0p0005_eps_0.03,,1000.0,0.0005,0.03,0.0030952015766657127,0.03439239523865866,1.6698377080028877,0.493452380952381,False
1,rbf_svr,rbf_svr_C_1000_gamma_0p0005_eps_0.04,,1000.0,0.0005,0.04,0.003089396426721622,0.035939813538107254,1.3367646249826066,0.39321428571428574,False
1,rbf_svr,rbf_svr_C_1000_gamma_0p00075_eps_0.02,,1000.0,0.00075,0.02,0.0028820963986666893,0.03178580839744483,2.8932457079645246,0.6214285714285714,False
1,rbf_svr,rbf_svr_C_1000_gamma_0p00075_eps_0.03,,1000.0,0.00075,0.03,0.0028526722518385046,0.03283060682905076,2.5190476249554195,0.48273809523809524,False
1,rbf_svr,rbf_svr_C_1000_gamma_0p00075_eps_0.04,,1000.0,0.00075,0.04,0.0028468802198616744,0.03413949071097469,1.9661157919908874,0.38,False
1,rbf_svr,rbf_svr_C_1000_gamma_0p001_eps_0.02,,1000.0,0.001,0.02,0.0027195340736072974,0.03074353171143013,4.01979583298089,0.6172619047619048,False
1,rbf_svr,rbf_svr_C_1000_gamma_0p001_eps_0.03,,1000.0,0.001,0.03,0.002730073021252482,0.031924004711991215,2.6923444580170326,0.475,False
1,rbf_svr,rbf_svr_C_1000_gamma_0p001_eps_0.04,,1000.0,0.001,0.04,0.002750724435747838,0.03313457572046214,2.2069194589857943,0.3725,False
1,rbf_svr,rbf_svr_C_1000_gamma_0p003_eps_0.02,,1000.0,0.003,0.02,0.002460112603798594,0.02891840055448878,10.791727541945875,0.6082142857142857,False
1,rbf_svr,rbf_svr_C_1000_gamma_0p003_eps_0.03,,1000.0,0.003,0.03,0.0024299217848149,0.02941574486597241,8.249485833977815,0.4807142857142857,False
1,rbf_svr,rbf_svr_C_1000_gamma_0p003_eps_0.04,,1000.0,0.003,0.04,0.0024219865557635993,0.030379253494126325,5.056857499992475,0.3780952380952381,True
1,rbf_svr,rbf_svr_C_1000_gamma_0p01_eps_0.02,,1000.0,0.01,0.02,0.0030643184671211104,0.03225496289469218,14.058070750033949,0.6472619047619048,False
1,rbf_svr,rbf_svr_C_1000_gamma_0p01_eps_0.03,,1000.0,0.01,0.03,0.002877005969499263,0.032282422014032995,6.858605624991469,0.5227380952380952,False
1,rbf_svr,rbf_svr_C_1000_gamma_0p01_eps_0.04,,1000.0,0.01,0.04,0.0028908768566452063,0.033696159198509136,3.603007375029847,0.4160714285714286,False
2,ridge,ridge_alpha_1e-06,1e-06,,,,0.004119624896858796,0.04437235816339429,0.0005335419555194676,,False
2,ridge,ridge_alpha_3e-06,3e-06,,,,0.004118372922934432,0.04436289198443226,0.00043049996020272374,,False
2,ridge,ridge_alpha_1e-05,1e-05,,,,0.004118039852176609,0.044363475061006456,0.0004106669803149998,,True
2,ridge,ridge_alpha_3e-05,3e-05,,,,0.00411916072446381,0.04437556113096426,0.0004081249935552478,,False
2,ridge,ridge_alpha_0.0001,0.0001,,,,0.004121147656346726,0.04439460495425005,0.00040629104478284717,,False
2,ridge,ridge_alpha_0.0003,0.0003,,,,0.004122255607079398,0.044409042129751004,0.00041033304296433926,,False
2,ridge,ridge_alpha_0.001,0.001,,,,0.004121963986696168,0.04442987829722817,0.0003992500132881105,,False
2,ridge,ridge_alpha_0.003,0.003,,,,0.004122107465864495,0.04448386846740808,0.0004048330010846257,,False
2,ridge,ridge_alpha_0.01,0.01,,,,0.004128204177353618,0.04465856408618343,0.0004024580121040344,,False
2,ridge,ridge_alpha_0.03,0.03,,,,0.004160600633064436,0.045075397467449,0.00040016602724790573,,False
2,ridge,ridge_alpha_0.1,0.1,,,,0.00426429328890138,0.046122345302723994,0.0003832500078715384,,False
2,ridge,ridge_alpha_1,1.0,,,,0.004872082131533496,0.05079810674548391,0.0003851250512525439,,False
2,ridge,ridge_alpha_10,10.0,,,,0.006644067219957976,0.06293220223158962,0.00037824996979907155,,False
2,ridge,ridge_alpha_100,100.0,,,,0.00927614785488383,0.077412356302955,0.0005127500044181943,,False
2,ridge,ridge_alpha_300,300.0,,,,0.010066755562464343,0.08141246450583277,0.0004194169887341559,,False
2,rbf_svr,rbf_svr_C_100_gamma_0p0005_eps_0.02,,100.0,0.0005,0.02,0.004071122194023854,0.03936234870521855,0.36479654198046774,0.6409523809523809,False
2,rbf_svr,rbf_svr_C_100_gamma_0p0005_eps_0.03,,100.0,0.0005,0.03,0.003965953228346165,0.04061044076670585,0.33049987500999123,0.5380952380952381,False
2,rbf_svr,rbf_svr_C_100_gamma_0p0005_eps_0.04,,100.0,0.0005,0.04,0.003922811557762274,0.04244423584173108,0.29047687497222796,0.4479761904761905,False
2,rbf_svr,rbf_svr_C_100_gamma_0p00075_eps_0.02,,100.0,0.00075,0.02,0.0036970487552193685,0.03717376306338485,0.45172370795626193,0.6345238095238095,False
2,rbf_svr,rbf_svr_C_100_gamma_0p00075_eps_0.03,,100.0,0.00075,0.03,0.0035899813990111188,0.038035105729330235,0.39109437505248934,0.5210714285714285,False
2,rbf_svr,rbf_svr_C_100_gamma_0p00075_eps_0.04,,100.0,0.00075,0.04,0.003547848504298915,0.03971309229029106,0.34104020800441504,0.4303571428571429,False
2,rbf_svr,rbf_svr_C_100_gamma_0p001_eps_0.02,,100.0,0.001,0.02,0.0034402798829561146,0.03565842743994156,0.5112661250168458,0.6285714285714286,False
2,rbf_svr,rbf_svr_C_100_gamma_0p001_eps_0.03,,100.0,0.001,0.03,0.003350871823582305,0.03646818246050679,0.4530464590061456,0.515,False
2,rbf_svr,rbf_svr_C_100_gamma_0p001_eps_0.04,,100.0,0.001,0.04,0.003342159281699788,0.0381286022063899,0.3812323330203071,0.4170238095238095,False
2,rbf_svr,rbf_svr_C_100_gamma_0p003_eps_0.02,,100.0,0.003,0.02,0.0028891407213918353,0.032264398684200196,1.229863208020106,0.618452380952381,False
2,rbf_svr,rbf_svr_C_100_gamma_0p003_eps_0.03,,100.0,0.003,0.03,0.002810358309389105,0.03307810234902233,0.9294851659797132,0.48547619047619045,False
2,rbf_svr,rbf_svr_C_100_gamma_0p003_eps_0.04,,100.0,0.003,0.04,0.0028295589865061526,0.034395141836218585,0.6439712079591118,0.385,False
2,rbf_svr,rbf_svr_C_100_gamma_0p01_eps_0.02,,100.0,0.01,0.02,0.0031161779312433927,0.032732981992091036,2.594058041984681,0.6316666666666667,False
2,rbf_svr,rbf_svr_C_100_gamma_0p01_eps_0.03,,100.0,0.01,0.03,0.0030057539623572055,0.03325051100863722,1.7915436669718474,0.5045238095238095,False
2,rbf_svr,rbf_svr_C_100_gamma_0p01_eps_0.04,,100.0,0.01,0.04,0.0029952975245508585,0.03430698768353419,1.1431782500003465,0.40154761904761904,False
2,rbf_svr,rbf_svr_C_300_gamma_0p0005_eps_0.02,,300.0,0.0005,0.02,0.003382281854905365,0.035383710995016894,0.7056906249490567,0.6319047619047619,False
2,rbf_svr,rbf_svr_C_300_gamma_0p0005_eps_0.03,,300.0,0.0005,0.03,0.0032914430317952446,0.0361864076282032,0.6157379999640398,0.5148809523809523,False
2,rbf_svr,rbf_svr_C_300_gamma_0p0005_eps_0.04,,300.0,0.0005,0.04,0.003295378329114884,0.03781051482743191,0.5022437499719672,0.4185714285714286,False
2,rbf_svr,rbf_svr_C_300_gamma_0p00075_eps_0.02,,300.0,0.00075,0.02,0.0030822299019200947,0.033602160741509915,0.9493952500051819,0.6290476190476191,False
2,rbf_svr,rbf_svr_C_300_gamma_0p00075_eps_0.03,,300.0,0.00075,0.03,0.003078501747705141,0.034675865380894975,0.7815234590088949,0.5013095238095238,False
2,rbf_svr,rbf_svr_C_300_gamma_0p00075_eps_0.04,,300.0,0.00075,0.04,0.003078845280856698,0.03602667621214632,0.6514086250099353,0.40535714285714286,False
2,rbf_svr,rbf_svr_C_300_gamma_0p001_eps_0.02,,300.0,0.001,0.02,0.0029229073453992693,0.032814667475448124,1.163889458985068,0.6229761904761905,False
2,rbf_svr,rbf_svr_C_300_gamma_0p001_eps_0.03,,300.0,0.001,0.03,0.0029085936709163144,0.033650472401890646,0.9312690829974599,0.4957142857142857,False
2,rbf_svr,rbf_svr_C_300_gamma_0p001_eps_0.04,,300.0,0.001,0.04,0.0028943548360042403,0.034651960672110425,0.8968125419924036,0.3964285714285714,False
2,rbf_svr,rbf_svr_C_300_gamma_0p003_eps_0.02,,300.0,0.003,0.02,0.002990173316093741,0.03175340972956304,3.066773542028386,0.6138095238095238,False
2,rbf_svr,rbf_svr_C_300_gamma_0p003_eps_0.03,,300.0,0.003,0.03,0.0029002596761454787,0.03215554919290728,2.373911709000822,0.47845238095238096,False
2,rbf_svr,rbf_svr_C_300_gamma_0p003_eps_0.04,,300.0,0.003,0.04,0.002810002595719886,0.032929847296151664,1.500855499994941,0.3788095238095238,False
2,rbf_svr,rbf_svr_C_300_gamma_0p01_eps_0.02,,300.0,0.01,0.02,0.0033939060277995655,0.03347046588125118,7.34555787499994,0.641547619047619,False
2,rbf_svr,rbf_svr_C_300_gamma_0p01_eps_0.03,,300.0,0.01,0.03,0.003268420977015403,0.033467031203569114,4.048217458999716,0.5083333333333333,False
2,rbf_svr,rbf_svr_C_300_gamma_0p01_eps_0.04,,300.0,0.01,0.04,0.003113621379032681,0.03391722308052815,2.476774250040762,0.4066666666666667,False
2,rbf_svr,rbf_svr_C_500_gamma_0p0005_eps_0.02,,500.0,0.0005,0.02,0.0031039065926057223,0.03382509095310833,1.0531805839855224,0.63,False
2,rbf_svr,rbf_svr_C_500_gamma_0p0005_eps_0.03,,500.0,0.0005,0.03,0.003103859620250806,0.034903831087851785,0.9067094579804689,0.5064285714285715,False
2,rbf_svr,rbf_svr_C_500_gamma_0p0005_eps_0.04,,500.0,0.0005,0.04,0.003121858938403106,0.036400366475079014,0.7897159589920193,0.4095238095238095,False
2,rbf_svr,rbf_svr_C_500_gamma_0p00075_eps_0.02,,500.0,0.00075,0.02,0.0028998172187795126,0.03265307474375484,1.5152437079814263,0.6222619047619048,False
2,rbf_svr,rbf_svr_C_500_gamma_0p00075_eps_0.03,,500.0,0.00075,0.03,0.0029004549432947585,0.03357327475176743,1.1705177499679849,0.493452380952381,False
2,rbf_svr,rbf_svr_C_500_gamma_0p00075_eps_0.04,,500.0,0.00075,0.04,0.0028803125697882685,0.03449447035896657,0.9552216250449419,0.39630952380952383,False
2,rbf_svr,rbf_svr_C_500_gamma_0p001_eps_0.02,,500.0,0.001,0.02,0.002779608787974791,0.032062836386469395,2.072579375002533,0.6213095238095238,False
2,rbf_svr,rbf_svr_C_500_gamma_0p001_eps_0.03,,500.0,0.001,0.03,0.0027744829888291123,0.03285927471885498,1.6032418750110082,0.4891666666666667,False
2,rbf_svr,rbf_svr_C_500_gamma_0p001_eps_0.04,,500.0,0.001,0.04,0.0027734339284571836,0.033728132144840765,1.1156582920229994,0.38392857142857145,False
2,rbf_svr,rbf_svr_C_500_gamma_0p003_eps_0.02,,500.0,0.003,0.02,0.0031996244061339983,0.03192968452359009,5.30472950002877,0.6135714285714285,False
2,rbf_svr,rbf_svr_C_500_gamma_0p003_eps_0.03,,500.0,0.003,0.03,0.0030561208499272022,0.03189585856593005,4.0254360000253655,0.4838095238095238,False
2,rbf_svr,rbf_svr_C_500_gamma_0p003_eps_0.04,,500.0,0.003,0.04,0.00293941064916736,0.03266137594484746,2.3012985829846,0.3761904761904762,False
2,rbf_svr,rbf_svr_C_500_gamma_0p01_eps_0.02,,500.0,0.01,0.02,0.00363066089422523,0.03426363982899532,10.092705207993276,0.6429761904761905,False
2,rbf_svr,rbf_svr_C_500_gamma_0p01_eps_0.03,,500.0,0.01,0.03,0.003417560020348857,0.03390928571526109,5.690443250001408,0.5155952380952381,False
2,rbf_svr,rbf_svr_C_500_gamma_0p01_eps_0.04,,500.0,0.01,0.04,0.003197937676048644,0.034007099420400186,2.8983279999811202,0.41309523809523807,False
2,rbf_svr,rbf_svr_C_750_gamma_0p0005_eps_0.02,,750.0,0.0005,0.02,0.002976594174418744,0.03307303827674335,1.4893852090463042,0.6264285714285714,False
2,rbf_svr,rbf_svr_C_750_gamma_0p0005_eps_0.03,,750.0,0.0005,0.03,0.0029813984083847723,0.034071032627527045,1.1253129999968223,0.4980952380952381,False
2,rbf_svr,rbf_svr_C_750_gamma_0p0005_eps_0.04,,750.0,0.0005,0.04,0.0029866360342463726,0.035257077705009604,0.9794030420016497,0.40345238095238095,False
2,rbf_svr,rbf_svr_C_750_gamma_0p00075_eps_0.02,,750.0,0.00075,0.02,0.0027829443645071283,0.03210335792484906,2.2225422079791315,0.6230952380952381,False
2,rbf_svr,rbf_svr_C_750_gamma_0p00075_eps_0.03,,750.0,0.00075,0.03,0.0027652959011913985,0.03276510115925811,1.786377667041961,0.49142857142857144,False
2,rbf_svr,rbf_svr_C_750_gamma_0p00075_eps_0.04,,750.0,0.00075,0.04,0.0027752117833554804,0.03366713081842475,1.3626130420016125,0.38654761904761903,False
2,rbf_svr,rbf_svr_C_750_gamma_0p001_eps_0.02,,750.0,0.001,0.02,0.002741525241627113,0.031507186287689566,3.447568957984913,0.6201190476190476,False
2,rbf_svr,rbf_svr_C_750_gamma_0p001_eps_0.03,,750.0,0.001,0.03,0.0027439320830593083,0.03251889352629953,2.3717584590194747,0.4838095238095238,False
2,rbf_svr,rbf_svr_C_750_gamma_0p001_eps_0.04,,750.0,0.001,0.04,0.00269517004019517,0.0331133818789862,1.7736162910005078,0.37797619047619047,False
2,rbf_svr,rbf_svr_C_750_gamma_0p003_eps_0.02,,750.0,0.003,0.02,0.0032353152374555287,0.031739882637333794,8.05509683402488,0.6139285714285714,False
2,rbf_svr,rbf_svr_C_750_gamma_0p003_eps_0.03,,750.0,0.003,0.03,0.0030847181143677117,0.031647767267998145,6.681696416984778,0.48345238095238097,False
2,rbf_svr,rbf_svr_C_750_gamma_0p003_eps_0.04,,750.0,0.003,0.04,0.003019131122510287,0.032493501924872915,3.6985689169960096,0.38,False
2,rbf_svr,rbf_svr_C_750_gamma_0p01_eps_0.02,,750.0,0.01,0.02,0.00376814766879574,0.03480473689225258,14.601361249980982,0.6522619047619047,False
2,rbf_svr,rbf_svr_C_750_gamma_0p01_eps_0.03,,750.0,0.01,0.03,0.0035124542206692875,0.03431451155393106,7.687110292026773,0.5205952380952381,False
2,rbf_svr,rbf_svr_C_750_gamma_0p01_eps_0.04,,750.0,0.01,0.04,0.0032229969548557167,0.034009525444738196,3.4237376659875736,0.4151190476190476,False
2,rbf_svr,rbf_svr_C_1000_gamma_0p0005_eps_0.02,,1000.0,0.0005,0.02,0.0028952107159765186,0.03256041168096231,2.056047667050734,0.6245238095238095,False
2,rbf_svr,rbf_svr_C_1000_gamma_0p0005_eps_0.03,,1000.0,0.0005,0.03,0.002900164767953033,0.03352573502311402,1.5307764579774812,0.4938095238095238,False
2,rbf_svr,rbf_svr_C_1000_gamma_0p0005_eps_0.04,,1000.0,0.0005,0.04,0.0028802435989758813,0.03446510769885245,1.3019305830239318,0.395,False
2,rbf_svr,rbf_svr_C_1000_gamma_0p00075_eps_0.02,,1000.0,0.00075,0.02,0.002760438969099442,0.03171565207138716,3.0251508749788627,0.6203571428571428,False
2,rbf_svr,rbf_svr_C_1000_gamma_0p00075_eps_0.03,,1000.0,0.00075,0.03,0.0027181122073206845,0.032413247525776456,2.3521630829782225,0.4866666666666667,False
2,rbf_svr,rbf_svr_C_1000_gamma_0p00075_eps_0.04,,1000.0,0.00075,0.04,0.002727201521769551,0.03327201516480899,1.7401411249884404,0.3846428571428571,False
2,rbf_svr,rbf_svr_C_1000_gamma_0p001_eps_0.02,,1000.0,0.001,0.02,0.0026992270224767694,0.031147141332119474,4.23785587499151,0.6145238095238095,False
2,rbf_svr,rbf_svr_C_1000_gamma_0p001_eps_0.03,,1000.0,0.001,0.03,0.002734195542005405,0.03229194379297454,3.1678483330179006,0.48119047619047617,False
2,rbf_svr,rbf_svr_C_1000_gamma_0p001_eps_0.04,,1000.0,0.001,0.04,0.002646411656193981,0.03278608017739132,2.2567714999895543,0.3767857142857143,True
2,rbf_svr,rbf_svr_C_1000_gamma_0p003_eps_0.02,,1000.0,0.003,0.02,0.0032876021625654886,0.031810370589979646,11.064407708006911,0.6201190476190476,False
2,rbf_svr,rbf_svr_C_1000_gamma_0p003_eps_0.03,,1000.0,0.003,0.03,0.003079059078767231,0.031401563697302286,7.792376416968182,0.4829761904761905,False
2,rbf_svr,rbf_svr_C_1000_gamma_0p003_eps_0.04,,1000.0,0.003,0.04,0.0030829520139836514,0.0323085222427986,5.043817790981848,0.379047619047619,False
2,rbf_svr,rbf_svr_C_1000_gamma_0p01_eps_0.02,,1000.0,0.01,0.02,0.0038818726330100153,0.03525283170562676,17.554997958999593,0.6579761904761905,False
2,rbf_svr,rbf_svr_C_1000_gamma_0p01_eps_0.03,,1000.0,0.01,0.03,0.003547804984911096,0.034444376764989466,7.974893375008833,0.5236904761904762,False
2,rbf_svr,rbf_svr_C_1000_gamma_0p01_eps_0.04,,1000.0,0.01,0.04,0.003232968071597962,0.03401279608444669,3.2530510420328937,0.41535714285714287,False
3,ridge,ridge_alpha_1e-06,1e-06,,,,0.0041421318896887535,0.04651382417460201,0.0005438329535536468,,False
3,ridge,ridge_alpha_3e-06,3e-06,,,,0.0041414840144441585,0.04651585727134851,0.00044299999717622995,,False
3,ridge,ridge_alpha_1e-05,1e-05,,,,0.004140191304460278,0.04651880393819965,0.0004487080150283873,,False
3,ridge,ridge_alpha_3e-05,3e-05,,,,0.0041387252047863,0.0465173358393132,0.00042504200246185064,,False
3,ridge,ridge_alpha_0.0001,0.0001,,,,0.004137561741927174,0.04651368252426808,0.00042691704584285617,,False
3,ridge,ridge_alpha_0.0003,0.0003,,,,0.0041373103264309395,0.04651561798981629,0.0004165419959463179,,True
3,ridge,ridge_alpha_0.001,0.001,,,,0.004138249041246466,0.04653242199569688,0.0004150840104557574,,False
3,ridge,ridge_alpha_0.003,0.003,,,,0.004142063344482697,0.046584993068856065,0.0004162920522503555,,False
3,ridge,ridge_alpha_0.01,0.01,,,,0.004158630542131412,0.04678564889348211,0.00040912500116974115,,False
3,ridge,ridge_alpha_0.03,0.03,,,,0.004207440000563677,0.04727340279538209,0.0004106669803149998,,False
3,ridge,ridge_alpha_0.1,0.1,,,,0.00433348997268506,0.04833025935534419,0.00041337497532367706,,False
3,ridge,ridge_alpha_1,1.0,,,,0.004982626082301357,0.053126129012385906,0.00041270803194493055,,False
3,ridge,ridge_alpha_10,10.0,,,,0.006796510560449528,0.06445979072170378,0.0005366249824874103,,False
3,ridge,ridge_alpha_100,100.0,,,,0.009278109426538535,0.07728511483081114,0.00043720798566937447,,False
3,ridge,ridge_alpha_300,300.0,,,,0.010013156383676537,0.08084709929732639,0.00041508302092552185,,False
3,rbf_svr,rbf_svr_C_100_gamma_0p0005_eps_0.02,,100.0,0.0005,0.02,0.004037981082323156,0.040684098068529774,0.3686235000495799,0.6479761904761905,False
3,rbf_svr,rbf_svr_C_100_gamma_0p0005_eps_0.03,,100.0,0.0005,0.03,0.003941750500751853,0.04220337537672002,0.31498850003117695,0.5382142857142858,False
3,rbf_svr,rbf_svr_C_100_gamma_0p0005_eps_0.04,,100.0,0.0005,0.04,0.003952789814173206,0.04432183523557248,0.30032300000311807,0.4494047619047619,False
3,rbf_svr,rbf_svr_C_100_gamma_0p00075_eps_0.02,,100.0,0.00075,0.02,0.003626611236906344,0.03819962808889139,0.4616843330441043,0.6401190476190476,False
3,rbf_svr,rbf_svr_C_100_gamma_0p00075_eps_0.03,,100.0,0.00075,0.03,0.0035855460964757313,0.03966917046893692,0.4030680420110002,0.5232142857142857,False
3,rbf_svr,rbf_svr_C_100_gamma_0p00075_eps_0.04,,100.0,0.00075,0.04,0.0036113090242841576,0.04167743572339014,0.35232795897172764,0.43023809523809525,False
3,rbf_svr,rbf_svr_C_100_gamma_0p001_eps_0.02,,100.0,0.001,0.02,0.0034086372506072675,0.03685301458844151,0.5264449160313234,0.6304761904761905,False
3,rbf_svr,rbf_svr_C_100_gamma_0p001_eps_0.03,,100.0,0.001,0.03,0.0033598395697703345,0.038012714170055376,0.4562470830278471,0.5136904761904761,False
3,rbf_svr,rbf_svr_C_100_gamma_0p001_eps_0.04,,100.0,0.001,0.04,0.0034208035916101394,0.040178015164274744,0.398853708000388,0.4201190476190476,False
3,rbf_svr,rbf_svr_C_100_gamma_0p003_eps_0.02,,100.0,0.003,0.02,0.002977729504731552,0.03360739007079676,1.129013790981844,0.6153571428571428,False
3,rbf_svr,rbf_svr_C_100_gamma_0p003_eps_0.03,,100.0,0.003,0.03,0.0028979849077033727,0.03425217160537989,0.842803500010632,0.48738095238095236,False
3,rbf_svr,rbf_svr_C_100_gamma_0p003_eps_0.04,,100.0,0.003,0.04,0.0028817600360098775,0.0353143240823017,0.6177161659579724,0.38095238095238093,False
3,rbf_svr,rbf_svr_C_100_gamma_0p01_eps_0.02,,100.0,0.01,0.02,0.0031932928095155097,0.034438705921411274,2.788128709013108,0.6264285714285714,False
3,rbf_svr,rbf_svr_C_100_gamma_0p01_eps_0.03,,100.0,0.01,0.03,0.0031917544953750667,0.03528383929047115,1.6803061669925228,0.4928571428571429,False
3,rbf_svr,rbf_svr_C_100_gamma_0p01_eps_0.04,,100.0,0.01,0.04,0.0032060392466143326,0.0363116466606888,1.228381667053327,0.3961904761904762,False
3,rbf_svr,rbf_svr_C_300_gamma_0p0005_eps_0.02,,300.0,0.0005,0.02,0.0034089248380854533,0.03683438675333932,0.7803958339500241,0.6385714285714286,False
3,rbf_svr,rbf_svr_C_300_gamma_0p0005_eps_0.03,,300.0,0.0005,0.03,0.0033521838875201796,0.03786984102232742,0.5642702920013107,0.5139285714285714,False
3,rbf_svr,rbf_svr_C_300_gamma_0p0005_eps_0.04,,300.0,0.0005,0.04,0.0033747006570178525,0.03980152880581316,0.5542197080212645,0.41785714285714287,False
3,rbf_svr,rbf_svr_C_300_gamma_0p00075_eps_0.02,,300.0,0.00075,0.02,0.003109752810134002,0.03504084584774307,0.9941190420067869,0.6298809523809524,False
3,rbf_svr,rbf_svr_C_300_gamma_0p00075_eps_0.03,,300.0,0.00075,0.03,0.0030956722475669347,0.03627091986986072,0.7424364589969628,0.5013095238095238,False
3,rbf_svr,rbf_svr_C_300_gamma_0p00075_eps_0.04,,300.0,0.00075,0.04,0.003116753301735625,0.03786750203360026,0.6939966250211,0.40226190476190476,False
3,rbf_svr,rbf_svr_C_300_gamma_0p001_eps_0.02,,300.0,0.001,0.02,0.0029900703778703895,0.03426236979160488,1.1757454170146957,0.6232142857142857,False
3,rbf_svr,rbf_svr_C_300_gamma_0p001_eps_0.03,,300.0,0.001,0.03,0.0029273961255596452,0.03505939278068766,0.9786939159967005,0.4969047619047619,False
3,rbf_svr,rbf_svr_C_300_gamma_0p001_eps_0.04,,300.0,0.001,0.04,0.002949175491951506,0.036686736739803674,0.7368125829962082,0.38976190476190475,False
3,rbf_svr,rbf_svr_C_300_gamma_0p003_eps_0.02,,300.0,0.003,0.02,0.0027445616600355652,0.03186089137694045,2.9773091659881175,0.6152380952380953,False
3,rbf_svr,rbf_svr_C_300_gamma_0p003_eps_0.03,,300.0,0.003,0.03,0.0027016727559534474,0.03256675099851059,2.238365125027485,0.47595238095238096,False
3,rbf_svr,rbf_svr_C_300_gamma_0p003_eps_0.04,,300.0,0.003,0.04,0.0027019325304215966,0.03360346403272495,1.4655330000096,0.3726190476190476,False
3,rbf_svr,rbf_svr_C_300_gamma_0p01_eps_0.02,,300.0,0.01,0.02,0.0034468236236100225,0.034941433984303466,6.764932791993488,0.6371428571428571,False
3,rbf_svr,rbf_svr_C_300_gamma_0p01_eps_0.03,,300.0,0.01,0.03,0.0033433823351858285,0.03544776389628453,4.031625832954887,0.5020238095238095,False
3,rbf_svr,rbf_svr_C_300_gamma_0p01_eps_0.04,,300.0,0.01,0.04,0.003256500312111311,0.035768465946572105,2.1648755420465022,0.39916666666666667,False
3,rbf_svr,rbf_svr_C_500_gamma_0p0005_eps_0.02,,500.0,0.0005,0.02,0.0031982196522293183,0.03548996777777612,1.036993625049945,0.6308333333333334,False
3,rbf_svr,rbf_svr_C_500_gamma_0p0005_eps_0.03,,500.0,0.0005,0.03,0.0031602677226633237,0.036644062154215305,0.9066638749791309,0.5067857142857143,False
3,rbf_svr,rbf_svr_C_500_gamma_0p0005_eps_0.04,,500.0,0.0005,0.04,0.0031744455648769748,0.03823206575289448,0.7289812079980038,0.40785714285714286,False
3,rbf_svr,rbf_svr_C_500_gamma_0p00075_eps_0.02,,500.0,0.00075,0.02,0.0029579401477899205,0.034182711240350994,1.5012045000330545,0.625,False
3,rbf_svr,rbf_svr_C_500_gamma_0p00075_eps_0.03,,500.0,0.00075,0.03,0.002907398947832097,0.034925192434821284,1.2370946249575354,0.49773809523809526,False
3,rbf_svr,rbf_svr_C_500_gamma_0p00075_eps_0.04,,500.0,0.00075,0.04,0.002913006690475906,0.036371560384687314,0.9568229590076953,0.3896428571428571,False
3,rbf_svr,rbf_svr_C_500_gamma_0p001_eps_0.02,,500.0,0.001,0.02,0.0028443652268131323,0.033340421433791734,1.8288932090508752,0.6175,False
3,rbf_svr,rbf_svr_C_500_gamma_0p001_eps_0.03,,500.0,0.001,0.03,0.0027857213798364758,0.03413321927174346,1.5130182089633308,0.49214285714285716,False
3,rbf_svr,rbf_svr_C_500_gamma_0p001_eps_0.04,,500.0,0.001,0.04,0.0028211801981438056,0.0354550118542345,1.131126457999926,0.37976190476190474,False
3,rbf_svr,rbf_svr_C_500_gamma_0p003_eps_0.02,,500.0,0.003,0.02,0.0028243707481999413,0.03184138062006727,4.990576041978784,0.6075,False
3,rbf_svr,rbf_svr_C_500_gamma_0p003_eps_0.03,,500.0,0.003,0.03,0.0027547180857445497,0.032573514964194375,3.7465124999871477,0.4739285714285714,False
3,rbf_svr,rbf_svr_C_500_gamma_0p003_eps_0.04,,500.0,0.003,0.04,0.0027106430621352514,0.033396795727491914,2.653588291956112,0.37226190476190474,False
3,rbf_svr,rbf_svr_C_500_gamma_0p01_eps_0.02,,500.0,0.01,0.02,0.003639948110845693,0.03545535816878498,10.679831499990541,0.6446428571428572,False
3,rbf_svr,rbf_svr_C_500_gamma_0p01_eps_0.03,,500.0,0.01,0.03,0.0034455282622905367,0.035619890559862644,5.9474665420129895,0.5085714285714286,False
3,rbf_svr,rbf_svr_C_500_gamma_0p01_eps_0.04,,500.0,0.01,0.04,0.0032621856571030507,0.03564744301000391,3.1180357499979436,0.4008333333333333,False
3,rbf_svr,rbf_svr_C_750_gamma_0p0005_eps_0.02,,750.0,0.0005,0.02,0.0030429784957646823,0.03465682447599125,1.5360100410180166,0.633095238095238,False
3,rbf_svr,rbf_svr_C_750_gamma_0p0005_eps_0.03,,750.0,0.0005,0.03,0.0030198083002240124,0.03569470914128898,1.2048922919784673,0.5002380952380953,False
3,rbf_svr,rbf_svr_C_750_gamma_0p0005_eps_0.04,,750.0,0.0005,0.04,0.0030077581067912565,0.037063499289835475,0.9962839999934658,0.3986904761904762,False
3,rbf_svr,rbf_svr_C_750_gamma_0p00075_eps_0.02,,750.0,0.00075,0.02,0.002842551216845162,0.03339817611375924,2.1025673749973066,0.6214285714285714,False
3,rbf_svr,rbf_svr_C_750_gamma_0p00075_eps_0.03,,750.0,0.00075,0.03,0.0027943478645556436,0.034249332127095584,1.6524838749901392,0.4919047619047619,False
3,rbf_svr,rbf_svr_C_750_gamma_0p00075_eps_0.04,,750.0,0.00075,0.04,0.0028369834414976166,0.03558878529367856,1.203190334024839,0.38261904761904764,False
3,rbf_svr,rbf_svr_C_750_gamma_0p001_eps_0.02,,750.0,0.001,0.02,0.0027776226196959295,0.03277080107848067,2.819974292011466,0.6148809523809524,False
3,rbf_svr,rbf_svr_C_750_gamma_0p001_eps_0.03,,750.0,0.001,0.03,0.0027226779331181957,0.03355639054058092,2.1540455410140567,0.48369047619047617,False
3,rbf_svr,rbf_svr_C_750_gamma_0p001_eps_0.04,,750.0,0.001,0.04,0.00272800045728805,0.03464131548615684,1.679437417013105,0.3769047619047619,False
3,rbf_svr,rbf_svr_C_750_gamma_0p003_eps_0.02,,750.0,0.003,0.02,0.0029929916512077413,0.03220715653793217,7.594044875004329,0.6079761904761904,False
3,rbf_svr,rbf_svr_C_750_gamma_0p003_eps_0.03,,750.0,0.003,0.03,0.002865031958577275,0.032692969277088625,6.0965742919943295,0.4739285714285714,False
3,rbf_svr,rbf_svr_C_750_gamma_0p003_eps_0.04,,750.0,0.003,0.04,0.0027748400519893896,0.03348776117217035,3.271734124980867,0.37607142857142856,False
3,rbf_svr,rbf_svr_C_750_gamma_0p01_eps_0.02,,750.0,0.01,0.02,0.003821531888523504,0.03588143120141446,13.09523891704157,0.6514285714285715,False
3,rbf_svr,rbf_svr_C_750_gamma_0p01_eps_0.03,,750.0,0.01,0.03,0.0035001903865700137,0.03560138181692584,7.547030457993969,0.5104761904761905,False
3,rbf_svr,rbf_svr_C_750_gamma_0p01_eps_0.04,,750.0,0.01,0.04,0.003295369401043904,0.03578718421066229,3.5046757080126554,0.4030952380952381,False
3,rbf_svr,rbf_svr_C_1000_gamma_0p0005_eps_0.02,,1000.0,0.0005,0.02,0.0029558061888503824,0.034224537241119186,1.9857130000018515,0.6273809523809524,False
3,rbf_svr,rbf_svr_C_1000_gamma_0p0005_eps_0.03,,1000.0,0.0005,0.03,0.002910298782739901,0.034986957940391035,1.668977791967336,0.4988095238095238,False
3,rbf_svr,rbf_svr_C_1000_gamma_0p0005_eps_0.04,,1000.0,0.0005,0.04,0.002908265009725333,0.036178571398578926,1.2780127080040984,0.39071428571428574,False
3,rbf_svr,rbf_svr_C_1000_gamma_0p00075_eps_0.02,,1000.0,0.00075,0.02,0.002784713134804124,0.03301774199248975,3.1130763340042904,0.6195238095238095,False
3,rbf_svr,rbf_svr_C_1000_gamma_0p00075_eps_0.03,,1000.0,0.00075,0.03,0.0027344031217204977,0.03378355628137091,2.3284497910062782,0.4891666666666667,False
3,rbf_svr,rbf_svr_C_1000_gamma_0p00075_eps_0.04,,1000.0,0.00075,0.04,0.002792461982171136,0.035204360452305426,1.6558025830308907,0.37857142857142856,False
3,rbf_svr,rbf_svr_C_1000_gamma_0p001_eps_0.02,,1000.0,0.001,0.02,0.002748173791265736,0.032382566508956996,3.667002958012745,0.6161904761904762,False
3,rbf_svr,rbf_svr_C_1000_gamma_0p001_eps_0.03,,1000.0,0.001,0.03,0.0026573193172250856,0.03304043356299748,2.858981582976412,0.4780952380952381,True
3,rbf_svr,rbf_svr_C_1000_gamma_0p001_eps_0.04,,1000.0,0.001,0.04,0.002671539981966263,0.03405145780656438,2.1852903749677353,0.3763095238095238,False
3,rbf_svr,rbf_svr_C_1000_gamma_0p003_eps_0.02,,1000.0,0.003,0.02,0.003097263221336604,0.032453216729259944,9.797315125004388,0.6070238095238095,False
3,rbf_svr,rbf_svr_C_1000_gamma_0p003_eps_0.03,,1000.0,0.003,0.03,0.0029583896771872694,0.03274320001587762,8.117015415977221,0.4745238095238095,False
3,rbf_svr,rbf_svr_C_1000_gamma_0p003_eps_0.04,,1000.0,0.003,0.04,0.002850212347272367,0.03353547236267572,4.503703917027451,0.3742857142857143,False
3,rbf_svr,rbf_svr_C_1000_gamma_0p01_eps_0.02,,1000.0,0.01,0.02,0.003913222064816769,0.0361715819243126,15.55131704203086,0.6551190476190476,False
3,rbf_svr,rbf_svr_C_1000_gamma_0p01_eps_0.03,,1000.0,0.01,0.03,0.0035533167859219035,0.03580370027133984,7.866692999959923,0.51,False
3,rbf_svr,rbf_svr_C_1000_gamma_0p01_eps_0.04,,1000.0,0.01,0.04,0.0033263412557971426,0.035850659652484795,3.5191062089870684,0.4023809523809524,False
4,ridge,ridge_alpha_1e-06,1e-06,,,,0.004275900636622799,0.04618075078530168,0.0005445830174721777,,False
4,ridge,ridge_alpha_3e-06,3e-06,,,,0.004274349098633609,0.04619478859731428,0.0004367919755168259,,False
4,ridge,ridge_alpha_1e-05,1e-05,,,,0.004274661823355433,0.04621302995737157,0.00044658296974375844,,False
4,ridge,ridge_alpha_3e-05,3e-05,,,,0.004272703936429697,0.04621716138925853,0.00041262502782046795,,True
4,ridge,ridge_alpha_0.0001,0.0001,,,,0.004274762229331687,0.04624031745730952,0.0004046669928357005,,False
4,ridge,ridge_alpha_0.0003,0.0003,,,,0.004276968195110335,0.04625620249754879,0.0004113329923711717,,False
4,ridge,ridge_alpha_0.001,0.001,,,,0.0042779449304494845,0.04627066472609855,0.0004058749764226377,,False
4,ridge,ridge_alpha_0.003,0.003,,,,0.004279145944899352,0.04631155748833605,0.00039962498703971505,,False
4,ridge,ridge_alpha_0.01,0.01,,,,0.004291340674825802,0.04647860738122431,0.0003993330174125731,,False
4,ridge,ridge_alpha_0.03,0.03,,,,0.0043444172063606895,0.04692254616910044,0.0004039169871248305,,False
4,ridge,ridge_alpha_0.1,0.1,,,,0.004500436438300582,0.04803703393920439,0.0003976249718107283,,False
4,ridge,ridge_alpha_1,1.0,,,,0.005242187451143953,0.05317488755950526,0.0004030410200357437,,False
4,ridge,ridge_alpha_10,10.0,,,,0.00708227827215073,0.06508419615794477,0.0005147909978404641,,False
4,ridge,ridge_alpha_100,100.0,,,,0.009459348115243314,0.07798169362314733,0.00047633302165195346,,False
4,ridge,ridge_alpha_300,300.0,,,,0.010159897101788735,0.0814629957165772,0.00042100000428035855,,False
4,rbf_svr,rbf_svr_C_100_gamma_0p0005_eps_0.02,,100.0,0.0005,0.02,0.0045141797622678895,0.04252882861967175,0.35026258300058544,0.6311904761904762,False
4,rbf_svr,rbf_svr_C_100_gamma_0p0005_eps_0.03,,100.0,0.0005,0.03,0.004382396909428021,0.04375901620918749,0.32985412498237565,0.5275,False
4,rbf_svr,rbf_svr_C_100_gamma_0p0005_eps_0.04,,100.0,0.0005,0.04,0.0043430303604363694,0.04571620528186389,0.2905692079802975,0.4388095238095238,False
4,rbf_svr,rbf_svr_C_100_gamma_0p00075_eps_0.02,,100.0,0.00075,0.02,0.004033933047028934,0.04008172048803606,0.45407625002553686,0.6248809523809524,False
4,rbf_svr,rbf_svr_C_100_gamma_0p00075_eps_0.03,,100.0,0.00075,0.03,0.003932545189231841,0.0412536622853188,0.4050149999675341,0.5141666666666667,False
4,rbf_svr,rbf_svr_C_100_gamma_0p00075_eps_0.04,,100.0,0.00075,0.04,0.003928316494236269,0.04317436771098828,0.3282006249646656,0.42083333333333334,False
4,rbf_svr,rbf_svr_C_100_gamma_0p001_eps_0.02,,100.0,0.001,0.02,0.0037083134967239428,0.03839595644537551,0.5177200000034645,0.6209523809523809,False
4,rbf_svr,rbf_svr_C_100_gamma_0p001_eps_0.03,,100.0,0.001,0.03,0.0036442587639819155,0.03960170241723451,0.4414678750326857,0.503452380952381,False
4,rbf_svr,rbf_svr_C_100_gamma_0p001_eps_0.04,,100.0,0.001,0.04,0.0036263923135432404,0.041172069380344505,0.38105662498855963,0.40535714285714286,False
4,rbf_svr,rbf_svr_C_100_gamma_0p003_eps_0.02,,100.0,0.003,0.02,0.002931128394783542,0.033664097570178284,1.055397875024937,0.6047619047619047,False
4,rbf_svr,rbf_svr_C_100_gamma_0p003_eps_0.03,,100.0,0.003,0.03,0.002872931533539745,0.034245483341933336,0.7794002079754137,0.47535714285714287,False
4,rbf_svr,rbf_svr_C_100_gamma_0p003_eps_0.04,,100.0,0.003,0.04,0.0029117248640886254,0.035644002554984774,0.6330198330106214,0.37583333333333335,False
4,rbf_svr,rbf_svr_C_100_gamma_0p01_eps_0.02,,100.0,0.01,0.02,0.003135515929464009,0.03372810626726389,3.067112167016603,0.6216666666666667,False
4,rbf_svr,rbf_svr_C_100_gamma_0p01_eps_0.03,,100.0,0.01,0.03,0.0031193443901677224,0.03466160532270614,1.7610992079717107,0.48595238095238097,False
4,rbf_svr,rbf_svr_C_100_gamma_0p01_eps_0.04,,100.0,0.01,0.04,0.003068821428402672,0.03550146473411135,1.0649163330090232,0.39011904761904764,False
4,rbf_svr,rbf_svr_C_300_gamma_0p0005_eps_0.02,,300.0,0.0005,0.02,0.003707276761656393,0.038298883375390336,0.7691574999480508,0.6222619047619048,False
4,rbf_svr,rbf_svr_C_300_gamma_0p0005_eps_0.03,,300.0,0.0005,0.03,0.00361542130324785,0.03932001467929859,0.6015547079732642,0.5042857142857143,False
4,rbf_svr,rbf_svr_C_300_gamma_0p0005_eps_0.04,,300.0,0.0005,0.04,0.0035823385578434507,0.04075446680563661,0.4917338749510236,0.4064285714285714,False
4,rbf_svr,rbf_svr_C_300_gamma_0p00075_eps_0.02,,300.0,0.00075,0.02,0.003313896100043248,0.03630793865891827,0.9277518750168383,0.6146428571428572,False
4,rbf_svr,rbf_svr_C_300_gamma_0p00075_eps_0.03,,300.0,0.00075,0.03,0.003254402032982977,0.03717987270965591,0.7652506669983268,0.495,False
4,rbf_svr,rbf_svr_C_300_gamma_0p00075_eps_0.04,,300.0,0.00075,0.04,0.0032206892843572948,0.03843573954382806,0.6433969999779947,0.39130952380952383,False
4,rbf_svr,rbf_svr_C_300_gamma_0p001_eps_0.02,,300.0,0.001,0.02,0.003087442274532741,0.03493868075083337,1.1285371250123717,0.6070238095238095,False
4,rbf_svr,rbf_svr_C_300_gamma_0p001_eps_0.03,,300.0,0.001,0.03,0.003006423603220632,0.035635843137149965,0.978639499982819,0.4832142857142857,False
4,rbf_svr,rbf_svr_C_300_gamma_0p001_eps_0.04,,300.0,0.001,0.04,0.003041532491607875,0.03708012925660863,0.7899114589672536,0.3830952380952381,False
4,rbf_svr,rbf_svr_C_300_gamma_0p003_eps_0.02,,300.0,0.003,0.02,0.0027954849594511977,0.03250698994730689,2.8891838749987073,0.601547619047619,False
4,rbf_svr,rbf_svr_C_300_gamma_0p003_eps_0.03,,300.0,0.003,0.03,0.0027321324023827885,0.032830717621824455,2.381385874992702,0.47,False
4,rbf_svr,rbf_svr_C_300_gamma_0p003_eps_0.04,,300.0,0.003,0.04,0.0027082045132712264,0.033939981540373684,1.6004716659663245,0.3692857142857143,False
4,rbf_svr,rbf_svr_C_300_gamma_0p01_eps_0.02,,300.0,0.01,0.02,0.0034273125203678114,0.03423817820668448,7.572254208032973,0.6305952380952381,False
4,rbf_svr,rbf_svr_C_300_gamma_0p01_eps_0.03,,300.0,0.01,0.03,0.0033561853219363207,0.03477441102407117,4.139995334029663,0.4969047619047619,False
4,rbf_svr,rbf_svr_C_300_gamma_0p01_eps_0.04,,300.0,0.01,0.04,0.003158966608120041,0.035164625275041585,2.21630908298539,0.3969047619047619,False
4,rbf_svr,rbf_svr_C_500_gamma_0p0005_eps_0.02,,500.0,0.0005,0.02,0.0034154425559782433,0.03678009493249705,1.0694760829792358,0.6197619047619047,False
4,rbf_svr,rbf_svr_C_500_gamma_0p0005_eps_0.03,,500.0,0.0005,0.03,0.003325256606485473,0.037621746104836276,0.8763857500161976,0.5003571428571428,False
4,rbf_svr,rbf_svr_C_500_gamma_0p0005_eps_0.04,,500.0,0.0005,0.04,0.003292614054213026,0.0388363415980676,0.7191332919755951,0.3983333333333333,False
4,rbf_svr,rbf_svr_C_500_gamma_0p00075_eps_0.02,,500.0,0.00075,0.02,0.0030776661110417584,0.03481741289091429,1.361627625010442,0.6061904761904762,False
4,rbf_svr,rbf_svr_C_500_gamma_0p00075_eps_0.03,,500.0,0.00075,0.03,0.0030164294083590824,0.03573521990462195,1.1805548330303282,0.4875,False
4,rbf_svr,rbf_svr_C_500_gamma_0p00075_eps_0.04,,500.0,0.00075,0.04,0.0030172449638419035,0.03686039811604959,0.9537242500227876,0.38107142857142856,False
4,rbf_svr,rbf_svr_C_500_gamma_0p001_eps_0.02,,500.0,0.001,0.02,0.0028865262491192694,0.03369561224386115,1.9171474589966238,0.6057142857142858,False
4,rbf_svr,rbf_svr_C_500_gamma_0p001_eps_0.03,,500.0,0.001,0.03,0.002839409661113234,0.03440957546148186,1.5261410829843953,0.47869047619047617,False
4,rbf_svr,rbf_svr_C_500_gamma_0p001_eps_0.04,,500.0,0.001,0.04,0.0028978785546959784,0.03584797310770376,1.1412377079832368,0.37452380952380954,False
4,rbf_svr,rbf_svr_C_500_gamma_0p003_eps_0.02,,500.0,0.003,0.02,0.002870124391779175,0.032315231783924,5.138248624978587,0.6014285714285714,False
4,rbf_svr,rbf_svr_C_500_gamma_0p003_eps_0.03,,500.0,0.003,0.03,0.002831229519751155,0.03269493223611019,3.4641387909650803,0.4673809523809524,False
4,rbf_svr,rbf_svr_C_500_gamma_0p003_eps_0.04,,500.0,0.003,0.04,0.002734505738605627,0.033491540935299116,2.5192497079842724,0.36833333333333335,False
4,rbf_svr,rbf_svr_C_500_gamma_0p01_eps_0.02,,500.0,0.01,0.02,0.0035725132023925864,0.03436045875147239,10.123929833003785,0.6366666666666667,False
4,rbf_svr,rbf_svr_C_500_gamma_0p01_eps_0.03,,500.0,0.01,0.03,0.003472402983698623,0.03481638979650209,5.674178999965079,0.5041666666666667,False
4,rbf_svr,rbf_svr_C_500_gamma_0p01_eps_0.04,,500.0,0.01,0.04,0.0032429705513763343,0.035446367664964964,2.855194500007201,0.4,False
4,rbf_svr,rbf_svr_C_750_gamma_0p0005_eps_0.02,,750.0,0.0005,0.02,0.003185460080027004,0.035564474414735245,1.5419096249970607,0.6125,False
4,rbf_svr,rbf_svr_C_750_gamma_0p0005_eps_0.03,,750.0,0.0005,0.03,0.003141053331868731,0.03644851846741019,1.2812100000446662,0.4925,False
4,rbf_svr,rbf_svr_C_750_gamma_0p0005_eps_0.04,,750.0,0.0005,0.04,0.003119764907199468,0.037653754118351465,1.0145739170257002,0.3858333333333333,False
4,rbf_svr,rbf_svr_C_750_gamma_0p00075_eps_0.02,,750.0,0.00075,0.02,0.002931575789538103,0.03392921857284983,2.1574309999705292,0.6060714285714286,False
4,rbf_svr,rbf_svr_C_750_gamma_0p00075_eps_0.03,,750.0,0.00075,0.03,0.002876564526118231,0.034702304986191625,1.6606990420259535,0.48178571428571426,False
4,rbf_svr,rbf_svr_C_750_gamma_0p00075_eps_0.04,,750.0,0.00075,0.04,0.0029320147115293174,0.03602576603491611,1.3680972920265049,0.3769047619047619,False
4,rbf_svr,rbf_svr_C_750_gamma_0p001_eps_0.02,,750.0,0.001,0.02,0.002795345282592559,0.03302608322089338,2.6917582909809425,0.6035714285714285,False
4,rbf_svr,rbf_svr_C_750_gamma_0p001_eps_0.03,,750.0,0.001,0.03,0.00270811602898995,0.0335951531166571,2.2010220420197584,0.4711904761904762,False
4,rbf_svr,rbf_svr_C_750_gamma_0p001_eps_0.04,,750.0,0.001,0.04,0.002772823951870793,0.034901696485853395,1.4804711670149118,0.36833333333333335,False
4,rbf_svr,rbf_svr_C_750_gamma_0p003_eps_0.02,,750.0,0.003,0.02,0.0030375245373592797,0.032242372272648416,7.730198708013631,0.6017857142857143,False
4,rbf_svr,rbf_svr_C_750_gamma_0p003_eps_0.03,,750.0,0.003,0.03,0.002937509768193146,0.032575859172195694,4.891726833011489,0.46773809523809523,False
4,rbf_svr,rbf_svr_C_750_gamma_0p003_eps_0.04,,750.0,0.003,0.04,0.0028019277383519122,0.033457547626521186,3.906687000009697,0.3680952380952381,False
4,rbf_svr,rbf_svr_C_750_gamma_0p01_eps_0.02,,750.0,0.01,0.02,0.0036843373079351546,0.034531487265632564,13.948220167018007,0.6396428571428572,False
4,rbf_svr,rbf_svr_C_750_gamma_0p01_eps_0.03,,750.0,0.01,0.03,0.0035503281583846094,0.034997964970127686,6.490377667010762,0.5054761904761905,False
4,rbf_svr,rbf_svr_C_750_gamma_0p01_eps_0.04,,750.0,0.01,0.04,0.0033302196728352868,0.03570197200718768,3.3557218750356697,0.4041666666666667,False
4,rbf_svr,rbf_svr_C_1000_gamma_0p0005_eps_0.02,,1000.0,0.0005,0.02,0.003080331803795554,0.03488043180199941,2.027154374984093,0.6107142857142858,False
4,rbf_svr,rbf_svr_C_1000_gamma_0p0005_eps_0.03,,1000.0,0.0005,0.03,0.0030328008061885963,0.035804894323623375,1.7427778330165893,0.48845238095238097,False
4,rbf_svr,rbf_svr_C_1000_gamma_0p0005_eps_0.04,,1000.0,0.0005,0.04,0.00301219461642909,0.03679887642129597,1.2012911249767058,0.38226190476190475,False
4,rbf_svr,rbf_svr_C_1000_gamma_0p00075_eps_0.02,,1000.0,0.00075,0.02,0.0028392868137461992,0.03337540559696956,2.931987291027326,0.6054761904761905,False
4,rbf_svr,rbf_svr_C_1000_gamma_0p00075_eps_0.03,,1000.0,0.00075,0.03,0.00278233666514834,0.033976849160552096,2.201990583969746,0.47523809523809524,False
4,rbf_svr,rbf_svr_C_1000_gamma_0p00075_eps_0.04,,1000.0,0.00075,0.04,0.0028566584087857433,0.03539910147041379,1.689411833009217,0.37023809523809526,False
4,rbf_svr,rbf_svr_C_1000_gamma_0p001_eps_0.02,,1000.0,0.001,0.02,0.0027338613611339073,0.03261415048566187,3.962285250017885,0.6004761904761905,False
4,rbf_svr,rbf_svr_C_1000_gamma_0p001_eps_0.03,,1000.0,0.001,0.03,0.0026773328310782415,0.03316317415455864,2.916712583974004,0.47095238095238096,True
4,rbf_svr,rbf_svr_C_1000_gamma_0p001_eps_0.04,,1000.0,0.001,0.04,0.0027275249442269326,0.03425213806585644,2.0516560840187594,0.36654761904761907,False
4,rbf_svr,rbf_svr_C_1000_gamma_0p003_eps_0.02,,1000.0,0.003,0.02,0.0031862915868974264,0.03222665301756011,11.107574374997057,0.6053571428571428,False
4,rbf_svr,rbf_svr_C_1000_gamma_0p003_eps_0.03,,1000.0,0.003,0.03,0.003073976512391553,0.03268224471516053,6.2140300829778425,0.4679761904761905,False
4,rbf_svr,rbf_svr_C_1000_gamma_0p003_eps_0.04,,1000.0,0.003,0.04,0.0028977454751687266,0.03361149150734281,4.896405833016615,0.36952380952380953,False
4,rbf_svr,rbf_svr_C_1000_gamma_0p01_eps_0.02,,1000.0,0.01,0.02,0.0037609706364750218,0.03471020009341309,15.231686374987476,0.6425,False
4,rbf_svr,rbf_svr_C_1000_gamma_0p01_eps_0.03,,1000.0,0.01,0.03,0.003592264148948214,0.035055137209089066,6.74363095901208,0.5082142857142857,False
4,rbf_svr,rbf_svr_C_1000_gamma_0p01_eps_0.04,,1000.0,0.01,0.04,0.0033890940363905143,0.03582395676057808,3.723434916988481,0.4035714285714286,False
5,ridge,ridge_alpha_1e-06,1e-06,,,,0.003998082061208931,0.04503889321591625,0.000538207998033613,,False
5,ridge,ridge_alpha_3e-06,3e-06,,,,0.003993705963919635,0.0450250919561864,0.0004349580267444253,,False
5,ridge,ridge_alpha_1e-05,1e-05,,,,0.0039908657517778705,0.045017905324891326,0.0004250829806551337,,False
5,ridge,ridge_alpha_3e-05,3e-05,,,,0.003989417206886892,0.04501446028174947,0.0004233329673297703,,False
5,ridge,ridge_alpha_0.0001,0.0001,,,,0.003988844722526046,0.04501545181405734,0.0004113330505788326,,True
5,ridge,ridge_alpha_0.0003,0.0003,,,,0.003989134863201981,0.045020670135555975,0.0004051670548506081,,False
5,ridge,ridge_alpha_0.001,0.001,,,,0.003990805222552698,0.04503841562398746,0.0004070420400239527,,False
5,ridge,ridge_alpha_0.003,0.003,,,,0.003995993670330733,0.045093088671250774,0.0004047079710289836,,False
5,ridge,ridge_alpha_0.01,0.01,,,,0.004015519834762638,0.04528350112630114,0.0004030829877592623,,False
5,ridge,ridge_alpha_0.03,0.03,,,,0.004067843712998551,0.04574882951945491,0.00040216604247689247,,False
5,ridge,ridge_alpha_0.1,0.1,,,,0.004195045253626708,0.04674049334381779,0.00039958400884643197,,False
5,ridge,ridge_alpha_1,1.0,,,,0.004841522242646848,0.05136848625359976,0.00040379195706918836,,False
5,ridge,ridge_alpha_10,10.0,,,,0.006808783098245488,0.06389755884149304,0.0004385000211186707,,False
5,ridge,ridge_alpha_100,100.0,,,,0.009550410080375746,0.07804009030931525,0.00046454102266579866,,False
5,ridge,ridge_alpha_300,300.0,,,,0.010317013081226078,0.08164088427547979,0.0004044999950565398,,False
5,rbf_svr,rbf_svr_C_100_gamma_0p0005_eps_0.02,,100.0,0.0005,0.02,0.003899946944434211,0.039369046766402724,0.3808617499889806,0.6402380952380953,False
5,rbf_svr,rbf_svr_C_100_gamma_0p0005_eps_0.03,,100.0,0.0005,0.03,0.003770540207171841,0.040359025334826285,0.31851900002220646,0.5352380952380953,False
5,rbf_svr,rbf_svr_C_100_gamma_0p0005_eps_0.04,,100.0,0.0005,0.04,0.0037386026264579378,0.04226624411252724,0.30069308396195993,0.4475,False
5,rbf_svr,rbf_svr_C_100_gamma_0p00075_eps_0.02,,100.0,0.00075,0.02,0.003466042776973014,0.036764448520792546,0.46100437495624647,0.6360714285714286,False
5,rbf_svr,rbf_svr_C_100_gamma_0p00075_eps_0.03,,100.0,0.00075,0.03,0.0033922784489240684,0.03794984596812414,0.37721812503878027,0.5217857142857143,False
5,rbf_svr,rbf_svr_C_100_gamma_0p00075_eps_0.04,,100.0,0.00075,0.04,0.003372733130117003,0.039822886319989204,0.3356320830062032,0.43142857142857144,False
5,rbf_svr,rbf_svr_C_100_gamma_0p001_eps_0.02,,100.0,0.001,0.02,0.003222697336570384,0.03531429426742643,0.5162839170079678,0.6270238095238095,False
5,rbf_svr,rbf_svr_C_100_gamma_0p001_eps_0.03,,100.0,0.001,0.03,0.0031607367776665127,0.036532763616206575,0.4550690830219537,0.511547619047619,False
5,rbf_svr,rbf_svr_C_100_gamma_0p001_eps_0.04,,100.0,0.001,0.04,0.0031686982331086606,0.03833876253280311,0.38116066699149087,0.4197619047619048,False
5,rbf_svr,rbf_svr_C_100_gamma_0p003_eps_0.02,,100.0,0.003,0.02,0.00258839931548096,0.031492766943704044,1.1067049999837764,0.6223809523809524,False
5,rbf_svr,rbf_svr_C_100_gamma_0p003_eps_0.03,,100.0,0.003,0.03,0.002539469422845161,0.032175100309019065,0.8016807080130093,0.48642857142857143,False
5,rbf_svr,rbf_svr_C_100_gamma_0p003_eps_0.04,,100.0,0.003,0.04,0.002541444627129038,0.03347106110686793,0.6879895000020042,0.38321428571428573,False
5,rbf_svr,rbf_svr_C_100_gamma_0p01_eps_0.02,,100.0,0.01,0.02,0.002828083064233182,0.032149306572261394,2.8320186670171097,0.6260714285714286,False
5,rbf_svr,rbf_svr_C_100_gamma_0p01_eps_0.03,,100.0,0.01,0.03,0.00284739788545379,0.033124367378498464,1.8496070830151439,0.4980952380952381,False
5,rbf_svr,rbf_svr_C_100_gamma_0p01_eps_0.04,,100.0,0.01,0.04,0.0029394414038333224,0.03467706144041106,1.229805416020099,0.3986904761904762,False
5,rbf_svr,rbf_svr_C_300_gamma_0p0005_eps_0.02,,300.0,0.0005,0.02,0.003193699519484689,0.0353192067724473,0.694623125018552,0.6307142857142857,False
5,rbf_svr,rbf_svr_C_300_gamma_0p0005_eps_0.03,,300.0,0.0005,0.03,0.003115348916883897,0.036443346870493665,0.5838296670117415,0.5125,False
5,rbf_svr,rbf_svr_C_300_gamma_0p0005_eps_0.04,,300.0,0.0005,0.04,0.0031177633825987187,0.03807132893605135,0.49851304199546576,0.41833333333333333,False
5,rbf_svr,rbf_svr_C_300_gamma_0p00075_eps_0.02,,300.0,0.00075,0.02,0.002932949989370593,0.033696471096554555,1.1383140829857439,0.6241666666666666,False
5,rbf_svr,rbf_svr_C_300_gamma_0p00075_eps_0.03,,300.0,0.00075,0.03,0.002888014857414868,0.034894000446486655,0.829057416995056,0.5029761904761905,False
5,rbf_svr,rbf_svr_C_300_gamma_0p00075_eps_0.04,,300.0,0.00075,0.04,0.002892322652272345,0.03628856517591398,0.6976752919727005,0.4032142857142857,False
5,rbf_svr,rbf_svr_C_300_gamma_0p001_eps_0.02,,300.0,0.001,0.02,0.0027445682866258283,0.032602818100802754,1.1768247080035508,0.621904761904762,False
5,rbf_svr,rbf_svr_C_300_gamma_0p001_eps_0.03,,300.0,0.001,0.03,0.0027027144660456983,0.03355109253386783,0.960892207978759,0.49464285714285716,False
5,rbf_svr,rbf_svr_C_300_gamma_0p001_eps_0.04,,300.0,0.001,0.04,0.00270125690134142,0.03477144986298578,0.7647989169927314,0.3921428571428571,False
5,rbf_svr,rbf_svr_C_300_gamma_0p003_eps_0.02,,300.0,0.003,0.02,0.00237354170388019,0.03005683655261918,3.57963374996325,0.618452380952381,False
5,rbf_svr,rbf_svr_C_300_gamma_0p003_eps_0.03,,300.0,0.003,0.03,0.0023636803070129593,0.030824999333075358,2.2929569170228206,0.4770238095238095,False
5,rbf_svr,rbf_svr_C_300_gamma_0p003_eps_0.04,,300.0,0.003,0.04,0.002364395161473473,0.03177578812399321,1.531059250002727,0.37785714285714284,False
5,rbf_svr,rbf_svr_C_300_gamma_0p01_eps_0.02,,300.0,0.01,0.02,0.0030515898608780814,0.03295076486474746,7.362202875025105,0.6395238095238095,False
5,rbf_svr,rbf_svr_C_300_gamma_0p01_eps_0.03,,300.0,0.01,0.03,0.0029887379053567683,0.03369790269802576,4.106458458001725,0.5057142857142857,False
5,rbf_svr,rbf_svr_C_300_gamma_0p01_eps_0.04,,300.0,0.01,0.04,0.0030335222798440874,0.034763883059559055,2.3294134580064565,0.40714285714285714,False
5,rbf_svr,rbf_svr_C_500_gamma_0p0005_eps_0.02,,500.0,0.0005,0.02,0.002986263280039581,0.034120072577627676,1.0044329169904813,0.6251190476190476,False
5,rbf_svr,rbf_svr_C_500_gamma_0p0005_eps_0.03,,500.0,0.0005,0.03,0.0029258225994052795,0.035197934629122164,0.8490294579532929,0.5057142857142857,False
5,rbf_svr,rbf_svr_C_500_gamma_0p0005_eps_0.04,,500.0,0.0005,0.04,0.0029503536313220755,0.03672679951114226,0.7611837500007823,0.4060714285714286,False
5,rbf_svr,rbf_svr_C_500_gamma_0p00075_eps_0.02,,500.0,0.00075,0.02,0.002734058837508164,0.03254311618451596,1.44741691701347,0.6226190476190476,False
5,rbf_svr,rbf_svr_C_500_gamma_0p00075_eps_0.03,,500.0,0.00075,0.03,0.002694073727690756,0.033552544857628985,1.2714932080125436,0.495952380952381,False
5,rbf_svr,rbf_svr_C_500_gamma_0p00075_eps_0.04,,500.0,0.00075,0.04,0.002686371608753335,0.034754828988003306,1.0118004170362838,0.3930952380952381,False
5,rbf_svr,rbf_svr_C_500_gamma_0p001_eps_0.02,,500.0,0.001,0.02,0.0025437663691427028,0.031433807001145016,1.7585385830025189,0.6185714285714285,False
5,rbf_svr,rbf_svr_C_500_gamma_0p001_eps_0.03,,500.0,0.001,0.03,0.0025114415851784353,0.03229110464344486,1.5998309580027126,0.48678571428571427,False
5,rbf_svr,rbf_svr_C_500_gamma_0p001_eps_0.04,,500.0,0.001,0.04,0.002514789066649654,0.03334401687540308,1.1410746250185184,0.3788095238095238,False
5,rbf_svr,rbf_svr_C_500_gamma_0p003_eps_0.02,,500.0,0.003,0.02,0.0023643295594255073,0.029759365273757783,5.205776207963936,0.6107142857142858,False
5,rbf_svr,rbf_svr_C_500_gamma_0p003_eps_0.03,,500.0,0.003,0.03,0.0023532684599331106,0.03033629776329948,4.51672245800728,0.48142857142857143,False
5,rbf_svr,rbf_svr_C_500_gamma_0p003_eps_0.04,,500.0,0.003,0.04,0.002364882559631805,0.031296008920402,2.500295083038509,0.38035714285714284,False
5,rbf_svr,rbf_svr_C_500_gamma_0p01_eps_0.02,,500.0,0.01,0.02,0.003244232259136554,0.03379869136147421,10.430870041018352,0.6466666666666666,False
5,rbf_svr,rbf_svr_C_500_gamma_0p01_eps_0.03,,500.0,0.01,0.03,0.0031239074377037842,0.0341324507150689,5.675803749996703,0.5108333333333334,False
5,rbf_svr,rbf_svr_C_500_gamma_0p01_eps_0.04,,500.0,0.01,0.04,0.003127362337113516,0.03497301725899476,2.4931059590307996,0.40845238095238096,False
5,rbf_svr,rbf_svr_C_750_gamma_0p0005_eps_0.02,,750.0,0.0005,0.02,0.0028490337749821817,0.03329924444995726,1.6088043749914505,0.6244047619047619,False
5,rbf_svr,rbf_svr_C_750_gamma_0p0005_eps_0.03,,750.0,0.0005,0.03,0.002794833052320762,0.03431666105106199,1.2271197920199484,0.5017857142857143,False
5,rbf_svr,rbf_svr_C_750_gamma_0p0005_eps_0.04,,750.0,0.0005,0.04,0.002808489993027792,0.03566311751107152,1.0192828330327757,0.39845238095238095,False
5,rbf_svr,rbf_svr_C_750_gamma_0p00075_eps_0.02,,750.0,0.00075,0.02,0.0025820795241495156,0.03162319346116843,2.110817875014618,0.6208333333333333,False
5,rbf_svr,rbf_svr_C_750_gamma_0p00075_eps_0.03,,750.0,0.00075,0.03,0.0025350438141061677,0.03248978976524717,1.7691375840222463,0.4891666666666667,False
5,rbf_svr,rbf_svr_C_750_gamma_0p00075_eps_0.04,,750.0,0.00075,0.04,0.0025435292453180125,0.03360587620662849,1.2959973329561763,0.3825,False
5,rbf_svr,rbf_svr_C_750_gamma_0p001_eps_0.02,,750.0,0.001,0.02,0.0024063404544732926,0.03058208262431275,2.9900090839946643,0.6177380952380952,False
5,rbf_svr,rbf_svr_C_750_gamma_0p001_eps_0.03,,750.0,0.001,0.03,0.0023975733296011615,0.031487053011820844,2.295624250022229,0.4851190476190476,False
5,rbf_svr,rbf_svr_C_750_gamma_0p001_eps_0.04,,750.0,0.001,0.04,0.0024076824108964483,0.032592714510116194,1.8215583330020308,0.3763095238095238,False
5,rbf_svr,rbf_svr_C_750_gamma_0p003_eps_0.02,,750.0,0.003,0.02,0.0023469973854205527,0.029388945106580435,7.933650833030697,0.6153571428571428,False
5,rbf_svr,rbf_svr_C_750_gamma_0p003_eps_0.03,,750.0,0.003,0.03,0.002330904567065386,0.03014423928170788,5.570229917007964,0.4819047619047619,True
5,rbf_svr,rbf_svr_C_750_gamma_0p003_eps_0.04,,750.0,0.003,0.04,0.0023615957094638342,0.03103664718820668,3.947714540991001,0.38095238095238093,False
5,rbf_svr,rbf_svr_C_750_gamma_0p01_eps_0.02,,750.0,0.01,0.02,0.0034208277935873,0.034456548057202066,14.263027416018303,0.6561904761904762,False
5,rbf_svr,rbf_svr_C_750_gamma_0p01_eps_0.03,,750.0,0.01,0.03,0.0032346451923482376,0.034413886268891886,6.815657833009027,0.5155952380952381,False
5,rbf_svr,rbf_svr_C_750_gamma_0p01_eps_0.04,,750.0,0.01,0.04,0.0031751747169826328,0.035096840045727815,3.3980670839664526,0.41059523809523807,False
5,rbf_svr,rbf_svr_C_1000_gamma_0p0005_eps_0.02,,1000.0,0.0005,0.02,0.002741669473093832,0.032673921820744446,1.8837069590226747,0.6222619047619048,False
5,rbf_svr,rbf_svr_C_1000_gamma_0p0005_eps_0.03,,1000.0,0.0005,0.03,0.0027004027728261114,0.03362571388023186,1.6801453750231303,0.4961904761904762,False
5,rbf_svr,rbf_svr_C_1000_gamma_0p0005_eps_0.04,,1000.0,0.0005,0.04,0.0027023405375467434,0.034872126515271745,1.3155912499642,0.3927380952380952,False
5,rbf_svr,rbf_svr_C_1000_gamma_0p00075_eps_0.02,,1000.0,0.00075,0.02,0.0024663674959500563,0.030978870791746972,3.058156292012427,0.6192857142857143,False
5,rbf_svr,rbf_svr_C_1000_gamma_0p00075_eps_0.03,,1000.0,0.00075,0.03,0.0024480913341280394,0.031862563415218356,2.236668791039847,0.4855952380952381,False
5,rbf_svr,rbf_svr_C_1000_gamma_0p00075_eps_0.04,,1000.0,0.00075,0.04,0.0024554766801276016,0.03299507201817503,1.8520983749767765,0.38,False
5,rbf_svr,rbf_svr_C_1000_gamma_0p001_eps_0.02,,1000.0,0.001,0.02,0.0023500471989123793,0.030229579286387538,3.5677170419949107,0.616547619047619,False
5,rbf_svr,rbf_svr_C_1000_gamma_0p001_eps_0.03,,1000.0,0.001,0.03,0.002339566349752896,0.031002643378913508,3.028091249987483,0.47904761904761906,False
5,rbf_svr,rbf_svr_C_1000_gamma_0p001_eps_0.04,,1000.0,0.001,0.04,0.0023455514505952677,0.0321633152518145,2.2076208330108784,0.37607142857142856,False
5,rbf_svr,rbf_svr_C_1000_gamma_0p003_eps_0.02,,1000.0,0.003,0.02,0.002344796070660425,0.02914938430272903,11.521201082970947,0.6173809523809524,False
5,rbf_svr,rbf_svr_C_1000_gamma_0p003_eps_0.03,,1000.0,0.003,0.03,0.002331218814610027,0.03012198699584641,8.205061333021149,0.48119047619047617,False
5,rbf_svr,rbf_svr_C_1000_gamma_0p003_eps_0.04,,1000.0,0.003,0.04,0.0023885576769958074,0.031104371071613936,4.669019458000548,0.38083333333333336,False
5,rbf_svr,rbf_svr_C_1000_gamma_0p01_eps_0.02,,1000.0,0.01,0.02,0.0035362253005889886,0.03494221208828833,15.740711207967252,0.659047619047619,False
5,rbf_svr,rbf_svr_C_1000_gamma_0p01_eps_0.03,,1000.0,0.01,0.03,0.0032868908205053553,0.03449453876314868,7.36694149998948,0.5178571428571429,False
5,rbf_svr,rbf_svr_C_1000_gamma_0p01_eps_0.04,,1000.0,0.01,0.04,0.0031871718432342168,0.035101902477601477,3.6656123750144616,0.4123809523809524,False
6,ridge,ridge_alpha_1e-06,1e-06,,,,0.004154578250796499,0.04571815923596956,0.0005302090430632234,,False
6,ridge,ridge_alpha_3e-06,3e-06,,,,0.004152709312463989,0.04572372184442903,0.00043037504656240344,,True
6,ridge,ridge_alpha_1e-05,1e-05,,,,0.004153067708332377,0.04573778501844657,0.00041437498293817043,,False
6,ridge,ridge_alpha_3e-05,3e-05,,,,0.00415562837926021,0.045758963436282246,0.000421375036239624,,False
6,ridge,ridge_alpha_0.0001,0.0001,,,,0.00415933589817772,0.04577880484616123,0.00039970804937183857,,False
6,ridge,ridge_alpha_0.0003,0.0003,,,,0.00416186143294316,0.04579874651144736,0.00038183300057426095,,False
6,ridge,ridge_alpha_0.001,0.001,,,,0.004164597715032406,0.045822701711213526,0.00038845802191644907,,False
6,ridge,ridge_alpha_0.003,0.003,,,,0.0041702989159669536,0.04587355707288494,0.00038183300057426095,,False
6,ridge,ridge_alpha_0.01,0.01,,,,0.004189939722949862,0.04603784398700543,0.0003774159704335034,,False
6,ridge,ridge_alpha_0.03,0.03,,,,0.004244711512748406,0.0464584200202083,0.0003789999755099416,,False
6,ridge,ridge_alpha_0.1,0.1,,,,0.004386391143537547,0.0474738597745602,0.00037454196717590094,,False
6,ridge,ridge_alpha_1,1.0,,,,0.005053420545403885,0.05225620934649765,0.0003820830024778843,,False
6,ridge,ridge_alpha_10,10.0,,,,0.006751239812944387,0.06369948100312428,0.0003792499774135649,,False
6,ridge,ridge_alpha_100,100.0,,,,0.009094578928680697,0.07680730265791827,0.0004903330118395388,,False
6,ridge,ridge_alpha_300,300.0,,,,0.009760662110415957,0.08017230365063903,0.00042637501610442996,,False
6,rbf_svr,rbf_svr_C_100_gamma_0p0005_eps_0.02,,100.0,0.0005,0.02,0.0043585447237102885,0.04091140595362571,0.3568653750116937,0.6440476190476191,False
6,rbf_svr,rbf_svr_C_100_gamma_0p0005_eps_0.03,,100.0,0.0005,0.03,0.004225555933119947,0.04230836168919941,0.34865374997025356,0.5377380952380952,False
6,rbf_svr,rbf_svr_C_100_gamma_0p0005_eps_0.04,,100.0,0.0005,0.04,0.004175770601724574,0.04420766962357672,0.29829599999357015,0.45154761904761903,False
6,rbf_svr,rbf_svr_C_100_gamma_0p00075_eps_0.02,,100.0,0.00075,0.02,0.003932178329760076,0.03848514623751307,0.4643945830175653,0.6359523809523809,False
6,rbf_svr,rbf_svr_C_100_gamma_0p00075_eps_0.03,,100.0,0.00075,0.03,0.003871144708727493,0.03990649041269959,0.3976720000500791,0.5222619047619048,False
6,rbf_svr,rbf_svr_C_100_gamma_0p00075_eps_0.04,,100.0,0.00075,0.04,0.003829067781423179,0.041638122536978524,0.33376725000562146,0.42928571428571427,False
6,rbf_svr,rbf_svr_C_100_gamma_0p001_eps_0.02,,100.0,0.001,0.02,0.003716134348806399,0.037182122869146246,0.5240039580385201,0.628095238095238,False
6,rbf_svr,rbf_svr_C_100_gamma_0p001_eps_0.03,,100.0,0.001,0.03,0.0036052596817942235,0.03825985367144817,0.4756071249721572,0.5144047619047619,False
6,rbf_svr,rbf_svr_C_100_gamma_0p001_eps_0.04,,100.0,0.001,0.04,0.003599728542163476,0.04008793273299835,0.3714724999736063,0.4113095238095238,False
6,rbf_svr,rbf_svr_C_100_gamma_0p003_eps_0.02,,100.0,0.003,0.02,0.0029798218925775,0.033402477866721195,1.0941008340450935,0.6179761904761905,False
6,rbf_svr,rbf_svr_C_100_gamma_0p003_eps_0.03,,100.0,0.003,0.03,0.0029139094341706015,0.03414143331212812,0.8618273329921067,0.48404761904761906,False
6,rbf_svr,rbf_svr_C_100_gamma_0p003_eps_0.04,,100.0,0.003,0.04,0.002946757158848408,0.03551948170912358,0.6842221660190262,0.38416666666666666,False
6,rbf_svr,rbf_svr_C_100_gamma_0p01_eps_0.02,,100.0,0.01,0.02,0.00301792216196271,0.033409532143508065,2.767019374994561,0.6247619047619047,False
6,rbf_svr,rbf_svr_C_100_gamma_0p01_eps_0.03,,100.0,0.01,0.03,0.0030835088643031074,0.03463823401901175,1.6515595419914462,0.4932142857142857,False
6,rbf_svr,rbf_svr_C_100_gamma_0p01_eps_0.04,,100.0,0.01,0.04,0.003190112627791473,0.036072073725493176,1.162175917008426,0.3930952380952381,False
6,rbf_svr,rbf_svr_C_300_gamma_0p0005_eps_0.02,,300.0,0.0005,0.02,0.003659022796770213,0.03686081030674674,0.7091265420312993,0.6285714285714286,False
6,rbf_svr,rbf_svr_C_300_gamma_0p0005_eps_0.03,,300.0,0.0005,0.03,0.003569263522108655,0.03799584503023544,0.6026768329902552,0.5142857142857142,False
6,rbf_svr,rbf_svr_C_300_gamma_0p0005_eps_0.04,,300.0,0.0005,0.04,0.003552653992017328,0.03960949442825103,0.540585791983176,0.41345238095238096,False
6,rbf_svr,rbf_svr_C_300_gamma_0p00075_eps_0.02,,300.0,0.00075,0.02,0.0033792666880795726,0.03528119001003718,0.9234788329922594,0.623452380952381,False
6,rbf_svr,rbf_svr_C_300_gamma_0p00075_eps_0.03,,300.0,0.00075,0.03,0.0032696362654506955,0.036301192757693834,0.791336250025779,0.5019047619047619,False
6,rbf_svr,rbf_svr_C_300_gamma_0p00075_eps_0.04,,300.0,0.00075,0.04,0.003279488871691387,0.03781466147898891,0.6303211660124362,0.39976190476190476,False
6,rbf_svr,rbf_svr_C_300_gamma_0p001_eps_0.02,,300.0,0.001,0.02,0.003146370946777727,0.034206826084601454,1.2040740000084043,0.6194047619047619,False
6,rbf_svr,rbf_svr_C_300_gamma_0p001_eps_0.03,,300.0,0.001,0.03,0.0030623439703986346,0.03514450297633038,1.0103304160293192,0.49392857142857144,False
6,rbf_svr,rbf_svr_C_300_gamma_0p001_eps_0.04,,300.0,0.001,0.04,0.0030747311747110137,0.03639638930559099,0.8059961670078337,0.39345238095238094,False
6,rbf_svr,rbf_svr_C_300_gamma_0p003_eps_0.02,,300.0,0.003,0.02,0.00267818850798899,0.0312066614954385,3.3057494160020724,0.6121428571428571,False
6,rbf_svr,rbf_svr_C_300_gamma_0p003_eps_0.03,,300.0,0.003,0.03,0.0026184001838502327,0.031797694772177976,2.138234250014648,0.4745238095238095,True
6,rbf_svr,rbf_svr_C_300_gamma_0p003_eps_0.04,,300.0,0.003,0.04,0.0027371430994043333,0.03340278018605062,1.5871340000303462,0.3726190476190476,False
6,rbf_svr,rbf_svr_C_300_gamma_0p01_eps_0.02,,300.0,0.01,0.02,0.0032789495334548157,0.03404884455229825,7.309597917017527,0.6322619047619048,False
6,rbf_svr,rbf_svr_C_300_gamma_0p01_eps_0.03,,300.0,0.01,0.03,0.0032365970041777913,0.03457468176566939,4.050291042018216,0.5063095238095238,False
6,rbf_svr,rbf_svr_C_300_gamma_0p01_eps_0.04,,300.0,0.01,0.04,0.0032345242232504428,0.03567567072549097,2.4029273749911226,0.40154761904761904,False
6,rbf_svr,rbf_svr_C_500_gamma_0p0005_eps_0.02,,500.0,0.0005,0.02,0.0034447161437447266,0.03567257997438631,1.055047417001333,0.6253571428571428,False
6,rbf_svr,rbf_svr_C_500_gamma_0p0005_eps_0.03,,500.0,0.0005,0.03,0.0033493969521659625,0.0366425686586115,0.8584312080056407,0.5064285714285715,False
6,rbf_svr,rbf_svr_C_500_gamma_0p0005_eps_0.04,,500.0,0.0005,0.04,0.003329076199657679,0.0380417464906196,0.7191464999923483,0.4036904761904762,False
6,rbf_svr,rbf_svr_C_500_gamma_0p00075_eps_0.02,,500.0,0.00075,0.02,0.0031425579039499017,0.034099079718218565,1.4195286660105921,0.6202380952380953,False
6,rbf_svr,rbf_svr_C_500_gamma_0p00075_eps_0.03,,500.0,0.00075,0.03,0.003051873229746156,0.03496998208695786,1.1403516249847598,0.49238095238095236,False
6,rbf_svr,rbf_svr_C_500_gamma_0p00075_eps_0.04,,500.0,0.00075,0.04,0.003053241081050114,0.03627812139679186,0.905325542029459,0.3921428571428571,False
6,rbf_svr,rbf_svr_C_500_gamma_0p001_eps_0.02,,500.0,0.001,0.02,0.00292731875770465,0.033117470413854336,2.1388866669731215,0.6180952380952381,False
6,rbf_svr,rbf_svr_C_500_gamma_0p001_eps_0.03,,500.0,0.001,0.03,0.0028566017486512897,0.033812956233698434,1.4837094590184279,0.4880952380952381,False
6,rbf_svr,rbf_svr_C_500_gamma_0p001_eps_0.04,,500.0,0.001,0.04,0.002915627875077389,0.03540011897181002,1.1650452500325628,0.38654761904761903,False
6,rbf_svr,rbf_svr_C_500_gamma_0p003_eps_0.02,,500.0,0.003,0.02,0.002627351092761425,0.030709696223813397,5.741116292017978,0.6125,False
6,rbf_svr,rbf_svr_C_500_gamma_0p003_eps_0.03,,500.0,0.003,0.03,0.0026570889963122607,0.03128018413664847,4.025212875043508,0.47226190476190477,False
6,rbf_svr,rbf_svr_C_500_gamma_0p003_eps_0.04,,500.0,0.003,0.04,0.002720120140859438,0.03261963710833448,2.5372885830001906,0.37083333333333335,False
6,rbf_svr,rbf_svr_C_500_gamma_0p01_eps_0.02,,500.0,0.01,0.02,0.0034338427638316905,0.03434710041627265,10.351205333019607,0.6414285714285715,False
6,rbf_svr,rbf_svr_C_500_gamma_0p01_eps_0.03,,500.0,0.01,0.03,0.0033300393845081574,0.034805824436477194,5.803015000012238,0.5077380952380952,False
6,rbf_svr,rbf_svr_C_500_gamma_0p01_eps_0.04,,500.0,0.01,0.04,0.0033134121793843545,0.03589865796978746,2.8117125830031,0.4067857142857143,False
6,rbf_svr,rbf_svr_C_750_gamma_0p0005_eps_0.02,,750.0,0.0005,0.02,0.0032874463451927774,0.034799013026611904,1.4269432079745457,0.6229761904761905,False
6,rbf_svr,rbf_svr_C_750_gamma_0p0005_eps_0.03,,750.0,0.0005,0.03,0.003181743243396414,0.03564639669976333,1.1752974590053782,0.4994047619047619,False
6,rbf_svr,rbf_svr_C_750_gamma_0p0005_eps_0.04,,750.0,0.0005,0.04,0.0031886116839418854,0.03706541944019248,0.9528440840076655,0.39726190476190476,False
6,rbf_svr,rbf_svr_C_750_gamma_0p00075_eps_0.02,,750.0,0.00075,0.02,0.002973478192477004,0.03324710067910202,2.0825932919979095,0.6204761904761905,False
6,rbf_svr,rbf_svr_C_750_gamma_0p00075_eps_0.03,,750.0,0.00075,0.03,0.002904332066550865,0.03405499490851426,1.7471796660101973,0.48845238095238097,False
6,rbf_svr,rbf_svr_C_750_gamma_0p00075_eps_0.04,,750.0,0.00075,0.04,0.0029404982372664085,0.03554415830746825,1.2806637089815922,0.3871428571428571,False
6,rbf_svr,rbf_svr_C_750_gamma_0p001_eps_0.02,,750.0,0.001,0.02,0.0027737249451198357,0.03230349177926345,2.886613749957178,0.618452380952381,False
6,rbf_svr,rbf_svr_C_750_gamma_0p001_eps_0.03,,750.0,0.001,0.03,0.0027142961843040075,0.033079821078085284,2.2190865830052644,0.48035714285714287,False
6,rbf_svr,rbf_svr_C_750_gamma_0p001_eps_0.04,,750.0,0.001,0.04,0.0027996133186730422,0.03459358354263637,1.553098707983736,0.37892857142857145,False
6,rbf_svr,rbf_svr_C_750_gamma_0p003_eps_0.02,,750.0,0.003,0.02,0.002625275578820402,0.030544746963175225,8.22986691701226,0.6107142857142858,False
6,rbf_svr,rbf_svr_C_750_gamma_0p003_eps_0.03,,750.0,0.003,0.03,0.002666306099092748,0.031033260585596616,5.5438585840165615,0.47154761904761905,False
6,rbf_svr,rbf_svr_C_750_gamma_0p003_eps_0.04,,750.0,0.003,0.04,0.0027678720607623147,0.03231802047379632,3.590248041029554,0.3682142857142857,False
6,rbf_svr,rbf_svr_C_750_gamma_0p01_eps_0.02,,750.0,0.01,0.02,0.003556737556716923,0.03484939745198054,12.989129874971695,0.6483333333333333,False
6,rbf_svr,rbf_svr_C_750_gamma_0p01_eps_0.03,,750.0,0.01,0.03,0.0033940263107218468,0.03500518731017692,6.331973582971841,0.5086904761904761,False
6,rbf_svr,rbf_svr_C_750_gamma_0p01_eps_0.04,,750.0,0.01,0.04,0.003354233047852156,0.035916309742538205,3.266290250001475,0.4089285714285714,False
6,rbf_svr,rbf_svr_C_1000_gamma_0p0005_eps_0.02,,1000.0,0.0005,0.02,0.0031590512159923993,0.03411549157383371,1.8745673749945126,0.6232142857142857,False
6,rbf_svr,rbf_svr_C_1000_gamma_0p0005_eps_0.03,,1000.0,0.0005,0.03,0.003066838523204889,0.03492854648809333,1.5169079159968533,0.495,False
6,rbf_svr,rbf_svr_C_1000_gamma_0p0005_eps_0.04,,1000.0,0.0005,0.04,0.0030735431474521796,0.036332574597291244,1.2636119169765152,0.39476190476190476,False
6,rbf_svr,rbf_svr_C_1000_gamma_0p00075_eps_0.02,,1000.0,0.00075,0.02,0.0028666830989690496,0.03267518411169516,2.6972524999873713,0.616904761904762,False
6,rbf_svr,rbf_svr_C_1000_gamma_0p00075_eps_0.03,,1000.0,0.00075,0.03,0.0028181616557676806,0.033583740518458555,2.2590477500343695,0.4851190476190476,False
6,rbf_svr,rbf_svr_C_1000_gamma_0p00075_eps_0.04,,1000.0,0.00075,0.04,0.00286403573124641,0.03509292401152509,1.7305207499885,0.3838095238095238,False
6,rbf_svr,rbf_svr_C_1000_gamma_0p001_eps_0.02,,1000.0,0.001,0.02,0.0026780243907992634,0.03177018546285352,3.8927765829721466,0.6105952380952381,False
6,rbf_svr,rbf_svr_C_1000_gamma_0p001_eps_0.03,,1000.0,0.001,0.03,0.0026477391070693903,0.03267894561176758,2.932549624994863,0.48,False
6,rbf_svr,rbf_svr_C_1000_gamma_0p001_eps_0.04,,1000.0,0.001,0.04,0.002741661618610426,0.03397581888091349,2.062122916977387,0.3740476190476191,False
6,rbf_svr,rbf_svr_C_1000_gamma_0p003_eps_0.02,,1000.0,0.003,0.02,0.0026473120226937277,0.030436555674346836,10.34538054204313,0.6114285714285714,False
6,rbf_svr,rbf_svr_C_1000_gamma_0p003_eps_0.03,,1000.0,0.003,0.03,0.002688098026143362,0.030978909225881812,7.703030583041254,0.47154761904761905,False
6,rbf_svr,rbf_svr_C_1000_gamma_0p003_eps_0.04,,1000.0,0.003,0.04,0.0027919825891437977,0.032304556805450683,4.149676083994564,0.37142857142857144,False
6,rbf_svr,rbf_svr_C_1000_gamma_0p01_eps_0.02,,1000.0,0.01,0.02,0.0036318130683487414,0.03508662262681223,14.653600834019016,0.6507142857142857,False
6,rbf_svr,rbf_svr_C_1000_gamma_0p01_eps_0.03,,1000.0,0.01,0.03,0.003427477119953604,0.035088290700302456,6.991714624979068,0.5105952380952381,False
6,rbf_svr,rbf_svr_C_1000_gamma_0p01_eps_0.04,,1000.0,0.01,0.04,0.003377019296397559,0.03600176394389543,3.373986167018302,0.4091666666666667,False
7,ridge,ridge_alpha_1e-06,1e-06,,,,0.0038691917365226715,0.045016426099268106,0.0005352909793145955,,False
7,ridge,ridge_alpha_3e-06,3e-06,,,,0.003867414104906764,0.04501237711484004,0.00043591600842773914,,False
7,ridge,ridge_alpha_1e-05,1e-05,,,,0.0038644475597795643,0.04500319652923081,0.00042145804036408663,,True
7,ridge,ridge_alpha_3e-05,3e-05,,,,0.0038653900796123903,0.04500656977485115,0.0004072909941896796,,False
7,ridge,ridge_alpha_0.0001,0.0001,,,,0.0038689761214748992,0.045021769872777,0.00040495803114026785,,False
7,ridge,ridge_alpha_0.0003,0.0003,,,,0.0038719844688172513,0.04503658640920389,0.000406875042244792,,False
7,ridge,ridge_alpha_0.001,0.001,,,,0.0038764427658476166,0.04506681847684527,0.0004021250060759485,,False
7,ridge,ridge_alpha_0.003,0.003,,,,0.0038867730275645575,0.04515181129218551,0.00038770801620557904,,False
7,ridge,ridge_alpha_0.01,0.01,,,,0.003919901210454142,0.04541306412880294,0.00037941703340038657,,False
7,ridge,ridge_alpha_0.03,0.03,,,,0.0039955166981464705,0.04596001405413393,0.00038358301389962435,,False
7,ridge,ridge_alpha_0.1,0.1,,,,0.00416186592332688,0.047164882441022876,0.00038104195846244693,,False
7,ridge,ridge_alpha_1,1.0,,,,0.004863618083546912,0.05210092932173952,0.00039120903238654137,,False
7,ridge,ridge_alpha_10,10.0,,,,0.006566561394169068,0.06351539117647192,0.0003818750265054405,,False
7,ridge,ridge_alpha_100,100.0,,,,0.008958420124045664,0.07657474566655607,0.00038058299105614424,,False
7,ridge,ridge_alpha_300,300.0,,,,0.00968694377637229,0.08010812559163939,0.0003813749644905329,,False
7,rbf_svr,rbf_svr_C_100_gamma_0p0005_eps_0.02,,100.0,0.0005,0.02,0.0038749651960632587,0.03927388387750134,0.36082020797766745,0.6489285714285714,False
7,rbf_svr,rbf_svr_C_100_gamma_0p0005_eps_0.03,,100.0,0.0005,0.03,0.003796775024952768,0.04085496736491041,0.3174527910305187,0.544047619047619,False
7,rbf_svr,rbf_svr_C_100_gamma_0p0005_eps_0.04,,100.0,0.0005,0.04,0.0037790604732060936,0.04291136219656011,0.30222587496973574,0.45595238095238094,False
7,rbf_svr,rbf_svr_C_100_gamma_0p00075_eps_0.02,,100.0,0.00075,0.02,0.0034049464357349506,0.03649031192740536,0.4392027919529937,0.6441666666666667,False
7,rbf_svr,rbf_svr_C_100_gamma_0p00075_eps_0.03,,100.0,0.00075,0.03,0.0033339633217763127,0.03776685951024285,0.3781317920074798,0.5270238095238096,False
7,rbf_svr,rbf_svr_C_100_gamma_0p00075_eps_0.04,,100.0,0.00075,0.04,0.0033698033541630324,0.04004000700829721,0.35894800000824034,0.43714285714285717,False
7,rbf_svr,rbf_svr_C_100_gamma_0p001_eps_0.02,,100.0,0.001,0.02,0.0031287443261989907,0.03489534742198867,0.518478415964637,0.6371428571428571,False
7,rbf_svr,rbf_svr_C_100_gamma_0p001_eps_0.03,,100.0,0.001,0.03,0.003101251213835508,0.03631736116496162,0.45489304105285555,0.5172619047619048,False
7,rbf_svr,rbf_svr_C_100_gamma_0p001_eps_0.04,,100.0,0.001,0.04,0.0031227819483742817,0.03842543460289995,0.39396004198351875,0.42428571428571427,False
7,rbf_svr,rbf_svr_C_100_gamma_0p003_eps_0.02,,100.0,0.003,0.02,0.0025263315034639382,0.031202079262032535,1.0556672089733183,0.6239285714285714,False
7,rbf_svr,rbf_svr_C_100_gamma_0p003_eps_0.03,,100.0,0.003,0.03,0.0025540981712668617,0.03246729920022485,0.8018093749997206,0.48904761904761906,False
7,rbf_svr,rbf_svr_C_100_gamma_0p003_eps_0.04,,100.0,0.003,0.04,0.002619505008855388,0.03426819229144595,0.65271416696487,0.3871428571428571,False
7,rbf_svr,rbf_svr_C_100_gamma_0p01_eps_0.02,,100.0,0.01,0.02,0.0027937027790466613,0.03182094621250192,2.4876865000114776,0.6329761904761905,False
7,rbf_svr,rbf_svr_C_100_gamma_0p01_eps_0.03,,100.0,0.01,0.03,0.0027543298888059982,0.0328199444391306,1.8028286669868976,0.5016666666666667,False
7,rbf_svr,rbf_svr_C_100_gamma_0p01_eps_0.04,,100.0,0.01,0.04,0.0028362728136211482,0.03442662090588416,1.1670589999994263,0.3979761904761905,False
7,rbf_svr,rbf_svr_C_300_gamma_0p0005_eps_0.02,,300.0,0.0005,0.02,0.0031193029248442463,0.0348743686902914,0.7223987080506049,0.6436904761904761,False
7,rbf_svr,rbf_svr_C_300_gamma_0p0005_eps_0.03,,300.0,0.0005,0.03,0.0030724751116238355,0.03615054395996522,0.6085516659659334,0.5186904761904761,False
7,rbf_svr,rbf_svr_C_300_gamma_0p0005_eps_0.04,,300.0,0.0005,0.04,0.0030916245456716358,0.03813145045424707,0.525029957992956,0.4244047619047619,False
7,rbf_svr,rbf_svr_C_300_gamma_0p00075_eps_0.02,,300.0,0.00075,0.02,0.0028417546301937858,0.033129535957229284,0.994110332976561,0.6335714285714286,False
7,rbf_svr,rbf_svr_C_300_gamma_0p00075_eps_0.03,,300.0,0.00075,0.03,0.0027954780498078077,0.0342791364695917,0.746129666978959,0.5047619047619047,False
7,rbf_svr,rbf_svr_C_300_gamma_0p00075_eps_0.04,,300.0,0.00075,0.04,0.002816501900080295,0.036100445562174135,0.6305403339792974,0.40845238095238096,False
7,rbf_svr,rbf_svr_C_300_gamma_0p001_eps_0.02,,300.0,0.001,0.02,0.0026575466043838444,0.03210747251323056,1.1671083330293186,0.6247619047619047,False
7,rbf_svr,rbf_svr_C_300_gamma_0p001_eps_0.03,,300.0,0.001,0.03,0.002587556212936217,0.0329821496651524,0.9416677500121295,0.49785714285714283,False
7,rbf_svr,rbf_svr_C_300_gamma_0p001_eps_0.04,,300.0,0.001,0.04,0.00262527533644589,0.03463902445283784,0.8667022910085507,0.3970238095238095,False
7,rbf_svr,rbf_svr_C_300_gamma_0p003_eps_0.02,,300.0,0.003,0.02,0.0023286858215696626,0.02973891844853624,2.9683632089872845,0.6177380952380952,False
7,rbf_svr,rbf_svr_C_300_gamma_0p003_eps_0.03,,300.0,0.003,0.03,0.0024184466648479474,0.030999594183817338,2.0663991670007817,0.47773809523809524,False
7,rbf_svr,rbf_svr_C_300_gamma_0p003_eps_0.04,,300.0,0.003,0.04,0.002456397677339749,0.03241696019978823,1.5482450420386158,0.3786904761904762,False
7,rbf_svr,rbf_svr_C_300_gamma_0p01_eps_0.02,,300.0,0.01,0.02,0.003255285344727649,0.032700858394501243,6.915124541963451,0.6392857142857142,False
7,rbf_svr,rbf_svr_C_300_gamma_0p01_eps_0.03,,300.0,0.01,0.03,0.003089042215089382,0.033214699534892415,3.850595208001323,0.5057142857142857,False
7,rbf_svr,rbf_svr_C_300_gamma_0p01_eps_0.04,,300.0,0.01,0.04,0.003046451857224655,0.03466660711874095,2.059952042007353,0.40773809523809523,False
7,rbf_svr,rbf_svr_C_500_gamma_0p0005_eps_0.02,,500.0,0.0005,0.02,0.002888551613063014,0.03349217539271361,1.0869115000241436,0.6394047619047619,False
7,rbf_svr,rbf_svr_C_500_gamma_0p0005_eps_0.03,,500.0,0.0005,0.03,0.0028458793545992696,0.03470127972160963,0.8337636670330539,0.5075,False
7,rbf_svr,rbf_svr_C_500_gamma_0p0005_eps_0.04,,500.0,0.0005,0.04,0.002876262013587727,0.036530289106241266,0.7276409170008264,0.4095238095238095,False
7,rbf_svr,rbf_svr_C_500_gamma_0p00075_eps_0.02,,500.0,0.00075,0.02,0.002652624492040936,0.03205279583772175,1.480723082961049,0.6257142857142857,False
7,rbf_svr,rbf_svr_C_500_gamma_0p00075_eps_0.03,,500.0,0.00075,0.03,0.002588987572514741,0.032971534378254494,1.1243145830230787,0.49773809523809526,False
7,rbf_svr,rbf_svr_C_500_gamma_0p00075_eps_0.04,,500.0,0.00075,0.04,0.002627930709483682,0.03464576805400141,1.1067092079902068,0.3969047619047619,False
7,rbf_svr,rbf_svr_C_500_gamma_0p001_eps_0.02,,500.0,0.001,0.02,0.0024599245946502132,0.03087749179303279,1.8257485420326702,0.6202380952380953,False
7,rbf_svr,rbf_svr_C_500_gamma_0p001_eps_0.03,,500.0,0.001,0.03,0.002425632668744274,0.03195940833440344,1.4803984999889508,0.48797619047619045,False
7,rbf_svr,rbf_svr_C_500_gamma_0p001_eps_0.04,,500.0,0.001,0.04,0.0024690905655470234,0.03356311135509276,1.0329244590247981,0.3861904761904762,False
7,rbf_svr,rbf_svr_C_500_gamma_0p003_eps_0.02,,500.0,0.003,0.02,0.0024340736284347384,0.02958817345564765,4.901676083973143,0.6205952380952381,False
7,rbf_svr,rbf_svr_C_500_gamma_0p003_eps_0.03,,500.0,0.003,0.03,0.0024660313601934055,0.03079502057917683,3.6624459589947946,0.48178571428571426,False
7,rbf_svr,rbf_svr_C_500_gamma_0p003_eps_0.04,,500.0,0.003,0.04,0.002462932688634955,0.03197501655584015,2.862794540997129,0.3792857142857143,False
7,rbf_svr,rbf_svr_C_500_gamma_0p01_eps_0.02,,500.0,0.01,0.02,0.003375655603784517,0.03291236734311965,10.442031499987934,0.6407142857142857,False
7,rbf_svr,rbf_svr_C_500_gamma_0p01_eps_0.03,,500.0,0.01,0.03,0.003240176715369892,0.033503663797712434,4.972437833959702,0.5078571428571429,False
7,rbf_svr,rbf_svr_C_500_gamma_0p01_eps_0.04,,500.0,0.01,0.04,0.0031597059042260166,0.03487076942102245,2.7270960829919204,0.4082142857142857,False
7,rbf_svr,rbf_svr_C_750_gamma_0p0005_eps_0.02,,750.0,0.0005,0.02,0.002760519647447902,0.03275461919844639,1.5569857500377111,0.6327380952380952,False
7,rbf_svr,rbf_svr_C_750_gamma_0p0005_eps_0.03,,750.0,0.0005,0.03,0.002699940298911844,0.03365484338456431,1.1503252919646911,0.5017857142857143,False
7,rbf_svr,rbf_svr_C_750_gamma_0p0005_eps_0.04,,750.0,0.0005,0.04,0.0027378082499792487,0.035386063804677896,0.976970124989748,0.4030952380952381,False
7,rbf_svr,rbf_svr_C_750_gamma_0p00075_eps_0.02,,750.0,0.00075,0.02,0.002489365866632071,0.031079632061052694,2.201643457985483,0.623452380952381,False
7,rbf_svr,rbf_svr_C_750_gamma_0p00075_eps_0.03,,750.0,0.00075,0.03,0.002446818371113252,0.032086010639452385,1.5425800409866497,0.48964285714285716,False
7,rbf_svr,rbf_svr_C_750_gamma_0p00075_eps_0.04,,750.0,0.00075,0.04,0.0024962370441732286,0.03375171617412463,1.2631085839821026,0.3886904761904762,False
7,rbf_svr,rbf_svr_C_750_gamma_0p001_eps_0.02,,750.0,0.001,0.02,0.0023440816579358976,0.03022628344007091,2.926307958958205,0.6179761904761905,False
7,rbf_svr,rbf_svr_C_750_gamma_0p001_eps_0.03,,750.0,0.001,0.03,0.0023429741089419052,0.03141185896553336,2.0173176669632085,0.48238095238095235,False
7,rbf_svr,rbf_svr_C_750_gamma_0p001_eps_0.04,,750.0,0.001,0.04,0.0023702377488492767,0.03278191103380523,1.5390481670037843,0.3788095238095238,False
7,rbf_svr,rbf_svr_C_750_gamma_0p003_eps_0.02,,750.0,0.003,0.02,0.002666766989793877,0.02979959020954785,8.0815935000428,0.6188095238095238,False
7,rbf_svr,rbf_svr_C_750_gamma_0p003_eps_0.03,,750.0,0.003,0.03,0.0025838170211133775,0.030688704858469352,6.586925959039945,0.48035714285714287,False
7,rbf_svr,rbf_svr_C_750_gamma_0p003_eps_0.04,,750.0,0.003,0.04,0.002506628518034257,0.03207043258080568,4.126951749960426,0.3825,False
7,rbf_svr,rbf_svr_C_750_gamma_0p01_eps_0.02,,750.0,0.01,0.02,0.003468659262583251,0.03322255639404531,13.061527875019237,0.6446428571428572,False
7,rbf_svr,rbf_svr_C_750_gamma_0p01_eps_0.03,,750.0,0.01,0.03,0.0033140130332017233,0.03377386408026698,5.737793541979045,0.5136904761904761,False
7,rbf_svr,rbf_svr_C_750_gamma_0p01_eps_0.04,,750.0,0.01,0.04,0.003220604952968414,0.03496283380866575,2.9843076660181396,0.4095238095238095,False
7,rbf_svr,rbf_svr_C_1000_gamma_0p0005_eps_0.02,,1000.0,0.0005,0.02,0.00266601163927241,0.032217165340723164,1.991384332999587,0.6301190476190476,False
7,rbf_svr,rbf_svr_C_1000_gamma_0p0005_eps_0.03,,1000.0,0.0005,0.03,0.0025994973802193114,0.03300952225215065,1.5355227920226753,0.49892857142857144,False
7,rbf_svr,rbf_svr_C_1000_gamma_0p0005_eps_0.04,,1000.0,0.0005,0.04,0.0026380897779849067,0.034637160775436306,1.264184458006639,0.3960714285714286,False
7,rbf_svr,rbf_svr_C_1000_gamma_0p00075_eps_0.02,,1000.0,0.00075,0.02,0.0024004759760484842,0.030576188915395215,2.662756542034913,0.6191666666666666,False
7,rbf_svr,rbf_svr_C_1000_gamma_0p00075_eps_0.03,,1000.0,0.00075,0.03,0.002384173348809912,0.03164811254920296,2.3796180420322344,0.4895238095238095,False
7,rbf_svr,rbf_svr_C_1000_gamma_0p00075_eps_0.04,,1000.0,0.00075,0.04,0.002410778370293464,0.03305113573661538,1.570165208016988,0.3836904761904762,False
7,rbf_svr,rbf_svr_C_1000_gamma_0p001_eps_0.02,,1000.0,0.001,0.02,0.002283956028311761,0.029896640724319554,3.886081875010859,0.6173809523809524,True
7,rbf_svr,rbf_svr_C_1000_gamma_0p001_eps_0.03,,1000.0,0.001,0.03,0.0023000047978572248,0.031023436088504584,2.584447207977064,0.4788095238095238,False
7,rbf_svr,rbf_svr_C_1000_gamma_0p001_eps_0.04,,1000.0,0.001,0.04,0.002331946804345367,0.03243160883670374,2.0143606669735163,0.37726190476190474,False
7,rbf_svr,rbf_svr_C_1000_gamma_0p003_eps_0.02,,1000.0,0.003,0.02,0.002694250175128823,0.029642348855458533,11.354562916967552,0.6220238095238095,False
7,rbf_svr,rbf_svr_C_1000_gamma_0p003_eps_0.03,,1000.0,0.003,0.03,0.0027191505586495503,0.0307692333640101,7.623930541973095,0.4798809523809524,False
7,rbf_svr,rbf_svr_C_1000_gamma_0p003_eps_0.04,,1000.0,0.003,0.04,0.0025832797812525214,0.032147690046361824,5.224878333043307,0.38345238095238093,False
7,rbf_svr,rbf_svr_C_1000_gamma_0p01_eps_0.02,,1000.0,0.01,0.02,0.003502985918828832,0.033320835980634504,14.738725665956736,0.6517857142857143,False
7,rbf_svr,rbf_svr_C_1000_gamma_0p01_eps_0.03,,1000.0,0.01,0.03,0.0033699841215372485,0.03389431174237127,6.437659125018399,0.5161904761904762,False
7,rbf_svr,rbf_svr_C_1000_gamma_0p01_eps_0.04,,1000.0,0.01,0.04,0.003240156332887488,0.03497006176648527,3.0925968749797903,0.4123809523809524,False
8,ridge,ridge_alpha_1e-06,1e-06,,,,0.004088505796246105,0.04478577864549903,0.0005672499537467957,,False
8,ridge,ridge_alpha_3e-06,3e-06,,,,0.004086052263595946,0.04477083638457012,0.0004437500028871,,False
8,ridge,ridge_alpha_1e-05,1e-05,,,,0.004083086745032789,0.04475909841380187,0.00043791596544906497,,False
8,ridge,ridge_alpha_3e-05,3e-05,,,,0.004080652668722561,0.044755079245185576,0.00042812502942979336,,False
8,ridge,ridge_alpha_0.0001,0.0001,,,,0.00407911107786621,0.0447555649653413,0.0004209160106256604,,False
8,ridge,ridge_alpha_0.0003,0.0003,,,,0.004078912751783558,0.04476196373784095,0.0004230000195093453,,True
8,ridge,ridge_alpha_0.001,0.001,,,,0.0040801974167850846,0.044783290389654756,0.0005520830163732171,,False
8,ridge,ridge_alpha_0.003,0.003,,,,0.004084651118190284,0.044841657716153616,0.0004608750459738076,,False
8,ridge,ridge_alpha_0.01,0.01,,,,0.004101317255072835,0.045026940725482224,0.0004267080221325159,,False
8,ridge,ridge_alpha_0.03,0.03,,,,0.004146760652568361,0.04545637998510082,0.0004157920484431088,,False
8,ridge,ridge_alpha_0.1,0.1,,,,0.004270295166625337,0.04651530883356884,0.0004164999700151384,,False
8,ridge,ridge_alpha_1,1.0,,,,0.0048820501199980685,0.051263442321045384,0.000514333019964397,,False
8,ridge,ridge_alpha_10,10.0,,,,0.00672457403131568,0.06325555822780474,0.0004624580033123493,,False
8,ridge,ridge_alpha_100,100.0,,,,0.00932865411560342,0.07680760221052708,0.0004248750046826899,,False
8,ridge,ridge_alpha_300,300.0,,,,0.01006330225503687,0.08040870196444194,0.000412957975640893,,False
8,rbf_svr,rbf_svr_C_100_gamma_0p0005_eps_0.02,,100.0,0.0005,0.02,0.00402814425281866,0.03985787117440286,0.3612902500317432,0.6396428571428572,False
8,rbf_svr,rbf_svr_C_100_gamma_0p0005_eps_0.03,,100.0,0.0005,0.03,0.003933259018814764,0.041343051393149984,0.3159786250325851,0.5335714285714286,False
8,rbf_svr,rbf_svr_C_100_gamma_0p0005_eps_0.04,,100.0,0.0005,0.04,0.0038933022279470336,0.04315275081401401,0.30600337497889996,0.445,False
8,rbf_svr,rbf_svr_C_100_gamma_0p00075_eps_0.02,,100.0,0.00075,0.02,0.003667939881829233,0.03789423310975485,0.4671670409734361,0.6326190476190476,False
8,rbf_svr,rbf_svr_C_100_gamma_0p00075_eps_0.03,,100.0,0.00075,0.03,0.003567175335232896,0.03907687742509309,0.3924451249768026,0.5175,False
8,rbf_svr,rbf_svr_C_100_gamma_0p00075_eps_0.04,,100.0,0.00075,0.04,0.0035444919762110303,0.04076738025839072,0.3661491249804385,0.42404761904761906,False
8,rbf_svr,rbf_svr_C_100_gamma_0p001_eps_0.02,,100.0,0.001,0.02,0.0034221707867438224,0.03656462041503406,0.5393494999734685,0.6282142857142857,False
8,rbf_svr,rbf_svr_C_100_gamma_0p001_eps_0.03,,100.0,0.001,0.03,0.003344037865288123,0.0376133977431555,0.4537097080028616,0.5064285714285715,False
8,rbf_svr,rbf_svr_C_100_gamma_0p001_eps_0.04,,100.0,0.001,0.04,0.003357670833011914,0.03939609558854086,0.39417137496639043,0.4126190476190476,False
8,rbf_svr,rbf_svr_C_100_gamma_0p003_eps_0.02,,100.0,0.003,0.02,0.002861636215421098,0.03321546015533499,1.1512924580019899,0.613452380952381,False
8,rbf_svr,rbf_svr_C_100_gamma_0p003_eps_0.03,,100.0,0.003,0.03,0.002779730880528905,0.033959529043364585,0.9437170419842005,0.47869047619047617,False
8,rbf_svr,rbf_svr_C_100_gamma_0p003_eps_0.04,,100.0,0.003,0.04,0.0028769863051410307,0.035524736608756886,0.6867689580540173,0.37976190476190474,False
8,rbf_svr,rbf_svr_C_100_gamma_0p01_eps_0.02,,100.0,0.01,0.02,0.0030550773154846508,0.033537548330671726,2.621241791988723,0.6209523809523809,False
8,rbf_svr,rbf_svr_C_100_gamma_0p01_eps_0.03,,100.0,0.01,0.03,0.0031116587499812375,0.03477378714350444,1.6266064579831436,0.4876190476190476,False
8,rbf_svr,rbf_svr_C_100_gamma_0p01_eps_0.04,,100.0,0.01,0.04,0.0031198036473851433,0.03589822549170481,1.061126917018555,0.39166666666666666,False
8,rbf_svr,rbf_svr_C_300_gamma_0p0005_eps_0.02,,300.0,0.0005,0.02,0.0033755971341947483,0.036291545531127754,0.721177582978271,0.6298809523809524,False
8,rbf_svr,rbf_svr_C_300_gamma_0p0005_eps_0.03,,300.0,0.0005,0.03,0.0032980994185470474,0.03737500161746933,0.6333767919568345,0.5069047619047619,False
8,rbf_svr,rbf_svr_C_300_gamma_0p0005_eps_0.04,,300.0,0.0005,0.04,0.0032973966316266704,0.038945979853563795,0.5122774160117842,0.41,False
8,rbf_svr,rbf_svr_C_300_gamma_0p00075_eps_0.02,,300.0,0.00075,0.02,0.0031253571822132953,0.03496773523689928,0.9692146250163205,0.621547619047619,False
8,rbf_svr,rbf_svr_C_300_gamma_0p00075_eps_0.03,,300.0,0.00075,0.03,0.0030562733688039973,0.03577501115767811,0.7871089589898475,0.49202380952380953,False
8,rbf_svr,rbf_svr_C_300_gamma_0p00075_eps_0.04,,300.0,0.00075,0.04,0.003057720109965661,0.037219261829927845,0.6003159169922583,0.3985714285714286,False
8,rbf_svr,rbf_svr_C_300_gamma_0p001_eps_0.02,,300.0,0.001,0.02,0.0029791724966719804,0.03422127818311953,1.1636778750107624,0.6160714285714286,False
8,rbf_svr,rbf_svr_C_300_gamma_0p001_eps_0.03,,300.0,0.001,0.03,0.0029334985284854447,0.035037424826470605,0.9015636669937521,0.4870238095238095,False
8,rbf_svr,rbf_svr_C_300_gamma_0p001_eps_0.04,,300.0,0.001,0.04,0.0029309342004572277,0.03618314270403253,0.7578393750009127,0.38511904761904764,False
8,rbf_svr,rbf_svr_C_300_gamma_0p003_eps_0.02,,300.0,0.003,0.02,0.002786067588437416,0.031954972714577125,3.08988645800855,0.6133333333333333,False
8,rbf_svr,rbf_svr_C_300_gamma_0p003_eps_0.03,,300.0,0.003,0.03,0.0027484011554129457,0.03259933513974245,2.3825263750040904,0.47095238095238096,False
8,rbf_svr,rbf_svr_C_300_gamma_0p003_eps_0.04,,300.0,0.003,0.04,0.0028300164904307193,0.03404179794760094,1.6147065830300562,0.37273809523809526,False
8,rbf_svr,rbf_svr_C_300_gamma_0p01_eps_0.02,,300.0,0.01,0.02,0.0032517151264563294,0.03420174699289838,6.401366915961262,0.6290476190476191,False
8,rbf_svr,rbf_svr_C_300_gamma_0p01_eps_0.03,,300.0,0.01,0.03,0.003156118725897649,0.034617130465037074,3.814958250033669,0.49476190476190474,False
8,rbf_svr,rbf_svr_C_300_gamma_0p01_eps_0.04,,300.0,0.01,0.04,0.003096235034271654,0.03508119945088305,2.020200540951919,0.3983333333333333,False
8,rbf_svr,rbf_svr_C_500_gamma_0p0005_eps_0.02,,500.0,0.0005,0.02,0.0031902749348416927,0.03532463835991846,1.1305911249946803,0.6244047619047619,False
8,rbf_svr,rbf_svr_C_500_gamma_0p0005_eps_0.03,,500.0,0.0005,0.03,0.00310243081755025,0.03608644458909686,0.8533406669739634,0.49714285714285716,False
8,rbf_svr,rbf_svr_C_500_gamma_0p0005_eps_0.04,,500.0,0.0005,0.04,0.0030950385997308492,0.03749756659630067,0.702029499982018,0.3995238095238095,False
8,rbf_svr,rbf_svr_C_500_gamma_0p00075_eps_0.02,,500.0,0.00075,0.02,0.0029614471311296174,0.03409835102700614,1.447192040970549,0.6180952380952381,False
8,rbf_svr,rbf_svr_C_500_gamma_0p00075_eps_0.03,,500.0,0.00075,0.03,0.002909313449507299,0.03486090260308487,1.1143624170217663,0.48654761904761906,False
8,rbf_svr,rbf_svr_C_500_gamma_0p00075_eps_0.04,,500.0,0.00075,0.04,0.002906462574296497,0.03595811490026449,0.9297095419606194,0.3852380952380952,False
8,rbf_svr,rbf_svr_C_500_gamma_0p001_eps_0.02,,500.0,0.001,0.02,0.0028451541252823985,0.033425622122955544,2.0661729999701492,0.6170238095238095,False
8,rbf_svr,rbf_svr_C_500_gamma_0p001_eps_0.03,,500.0,0.001,0.03,0.002823241500737174,0.034205748965881536,1.4446132080047391,0.47869047619047617,False
8,rbf_svr,rbf_svr_C_500_gamma_0p001_eps_0.04,,500.0,0.001,0.04,0.002820488933736535,0.03523913523699228,1.0948575000511482,0.37666666666666665,False
8,rbf_svr,rbf_svr_C_500_gamma_0p003_eps_0.02,,500.0,0.003,0.02,0.0028703155923855066,0.03194827127874111,5.70027933298843,0.6077380952380952,False
8,rbf_svr,rbf_svr_C_500_gamma_0p003_eps_0.03,,500.0,0.003,0.03,0.0028317492081371197,0.032617267924550705,3.5646262919763103,0.4738095238095238,False
8,rbf_svr,rbf_svr_C_500_gamma_0p003_eps_0.04,,500.0,0.003,0.04,0.0028548616589217785,0.033985774397789985,2.3083445839583874,0.3682142857142857,False
8,rbf_svr,rbf_svr_C_500_gamma_0p01_eps_0.02,,500.0,0.01,0.02,0.0034334301347039202,0.03485396492622967,9.904623165959492,0.6321428571428571,False
8,rbf_svr,rbf_svr_C_500_gamma_0p01_eps_0.03,,500.0,0.01,0.03,0.0032139415219057514,0.03476939720896471,5.150674333970528,0.5001190476190476,False
8,rbf_svr,rbf_svr_C_500_gamma_0p01_eps_0.04,,500.0,0.01,0.04,0.0031121501426434927,0.03508191970172261,2.5252402500482276,0.3995238095238095,False
8,rbf_svr,rbf_svr_C_750_gamma_0p0005_eps_0.02,,750.0,0.0005,0.02,0.0030367336629083604,0.0344776176411002,1.4138904580031522,0.6229761904761905,False
8,rbf_svr,rbf_svr_C_750_gamma_0p0005_eps_0.03,,750.0,0.0005,0.03,0.00296987063888479,0.03518817886224872,1.3233294999809004,0.49142857142857144,False
8,rbf_svr,rbf_svr_C_750_gamma_0p0005_eps_0.04,,750.0,0.0005,0.04,0.002967760205506084,0.036489816773688684,0.9776148340315558,0.3939285714285714,False
8,rbf_svr,rbf_svr_C_750_gamma_0p00075_eps_0.02,,750.0,0.00075,0.02,0.0028513081470142817,0.03351807433635252,2.2934535419917665,0.6142857142857143,False
8,rbf_svr,rbf_svr_C_750_gamma_0p00075_eps_0.03,,750.0,0.00075,0.03,0.002818887649326975,0.03425293532214877,1.826684249972459,0.4857142857142857,False
8,rbf_svr,rbf_svr_C_750_gamma_0p00075_eps_0.04,,750.0,0.00075,0.04,0.002813917520300245,0.035232449257212584,1.2259258749545552,0.37761904761904763,False
8,rbf_svr,rbf_svr_C_750_gamma_0p001_eps_0.02,,750.0,0.001,0.02,0.0028058227788084456,0.033013262798752926,3.071683749963995,0.6120238095238095,False
8,rbf_svr,rbf_svr_C_750_gamma_0p001_eps_0.03,,750.0,0.001,0.03,0.0027655480877797926,0.033710406189599786,2.07760512502864,0.4795238095238095,False
8,rbf_svr,rbf_svr_C_750_gamma_0p001_eps_0.04,,750.0,0.001,0.04,0.0027851160301382914,0.03474755740927025,1.7080093339900486,0.37333333333333335,False
8,rbf_svr,rbf_svr_C_750_gamma_0p003_eps_0.02,,750.0,0.003,0.02,0.0029747187190304787,0.03212073725313662,8.69924391596578,0.6080952380952381,False
8,rbf_svr,rbf_svr_C_750_gamma_0p003_eps_0.03,,750.0,0.003,0.03,0.002896323157634503,0.03284708772018557,5.135855917003937,0.46773809523809523,False
8,rbf_svr,rbf_svr_C_750_gamma_0p003_eps_0.04,,750.0,0.003,0.04,0.0029006238726250943,0.03392813145517998,3.596998209017329,0.37107142857142855,False
8,rbf_svr,rbf_svr_C_750_gamma_0p01_eps_0.02,,750.0,0.01,0.02,0.003549115369090119,0.03513086706714771,12.674518750049174,0.6390476190476191,False
8,rbf_svr,rbf_svr_C_750_gamma_0p01_eps_0.03,,750.0,0.01,0.03,0.00325804310335401,0.03481170891347217,5.678422583965585,0.4988095238095238,False
8,rbf_svr,rbf_svr_C_750_gamma_0p01_eps_0.04,,750.0,0.01,0.04,0.0031499134041211587,0.03521723236619453,2.8587563749752007,0.4032142857142857,False
8,rbf_svr,rbf_svr_C_1000_gamma_0p0005_eps_0.02,,1000.0,0.0005,0.02,0.0029544383773690746,0.034047821403650244,1.9763535839738324,0.6225,False
8,rbf_svr,rbf_svr_C_1000_gamma_0p0005_eps_0.03,,1000.0,0.0005,0.03,0.002902556962573245,0.034755202134359,1.4880076659610495,0.49047619047619045,False
8,rbf_svr,rbf_svr_C_1000_gamma_0p0005_eps_0.04,,1000.0,0.0005,0.04,0.00288403948796051,0.03579801180369722,1.203026500006672,0.38785714285714284,False
8,rbf_svr,rbf_svr_C_1000_gamma_0p00075_eps_0.02,,1000.0,0.00075,0.02,0.0028032838576662216,0.03315672576651411,3.11251283303136,0.6171428571428571,False
8,rbf_svr,rbf_svr_C_1000_gamma_0p00075_eps_0.03,,1000.0,0.00075,0.03,0.002786008983408012,0.03392923564500043,2.271436208044179,0.4804761904761905,False
8,rbf_svr,rbf_svr_C_1000_gamma_0p00075_eps_0.04,,1000.0,0.00075,0.04,0.0027871201269415746,0.03490121845262836,1.6528555420227349,0.37702380952380954,False
8,rbf_svr,rbf_svr_C_1000_gamma_0p001_eps_0.02,,1000.0,0.001,0.02,0.0027790259158336785,0.03262997843342443,3.972860916983336,0.6080952380952381,False
8,rbf_svr,rbf_svr_C_1000_gamma_0p001_eps_0.03,,1000.0,0.001,0.03,0.0027473141750814674,0.03340076757835211,2.6080574590014294,0.4780952380952381,True
8,rbf_svr,rbf_svr_C_1000_gamma_0p001_eps_0.04,,1000.0,0.001,0.04,0.002773214556242009,0.034478883197046235,2.106400374963414,0.37202380952380953,False
8,rbf_svr,rbf_svr_C_1000_gamma_0p003_eps_0.02,,1000.0,0.003,0.02,0.0030525703268578872,0.03222396865637658,11.414127708005253,0.6101190476190477,False
8,rbf_svr,rbf_svr_C_1000_gamma_0p003_eps_0.03,,1000.0,0.003,0.03,0.0029633584954041857,0.032984011999990015,7.27778466703603,0.47226190476190477,False
8,rbf_svr,rbf_svr_C_1000_gamma_0p003_eps_0.04,,1000.0,0.003,0.04,0.0029326870230809553,0.03388772972879325,4.466639542020857,0.37333333333333335,False
8,rbf_svr,rbf_svr_C_1000_gamma_0p01_eps_0.02,,1000.0,0.01,0.02,0.003632973917566482,0.03530624712565827,15.03632266697241,0.6426190476190476,False
8,rbf_svr,rbf_svr_C_1000_gamma_0p01_eps_0.03,,1000.0,0.01,0.03,0.003301601107330771,0.03490177790559719,6.203095833014231,0.5004761904761905,False
8,rbf_svr,rbf_svr_C_1000_gamma_0p01_eps_0.04,,1000.0,0.01,0.04,0.0031686003433497993,0.03527673080271786,3.0126167080015875,0.40523809523809523,False
9,ridge,ridge_alpha_1e-06,1e-06,,,,0.0038524632052409284,0.04395802251519591,0.0006345409783534706,,False
9,ridge,ridge_alpha_3e-06,3e-06,,,,0.0038509433620816137,0.0439457727227709,0.00043754198122769594,,False
9,ridge,ridge_alpha_1e-05,1e-05,,,,0.0038499771286613525,0.04394532551737971,0.00041787500958889723,,False
9,ridge,ridge_alpha_3e-05,3e-05,,,,0.0038503077862734997,0.04395659053956936,0.0004112919559702277,,False
9,ridge,ridge_alpha_0.0001,0.0001,,,,0.0038512268742125263,0.04396642525468768,0.0004082079976797104,,False
9,ridge,ridge_alpha_0.0003,0.0003,,,,0.003851145774183705,0.043972790703935845,0.00041379104368388653,,False
9,ridge,ridge_alpha_0.001,0.001,,,,0.003848696163651374,0.04398161552603779,0.00041500001680105925,,False
9,ridge,ridge_alpha_0.003,0.003,,,,0.003842813694746359,0.04400492907724348,0.0003843330196104944,,False
9,ridge,ridge_alpha_0.01,0.01,,,,0.0038373536787394435,0.044123345383655733,0.0003828330081887543,,True
9,ridge,ridge_alpha_0.03,0.03,,,,0.0038533207849330803,0.04441208494412685,0.000383291975595057,,False
9,ridge,ridge_alpha_0.1,0.1,,,,0.003971241776255807,0.04529757444233386,0.0003839999553747475,,False
9,ridge,ridge_alpha_1,1.0,,,,0.004634022096370697,0.05009442067320708,0.00043408299097791314,,False
9,ridge,ridge_alpha_10,10.0,,,,0.006520731265771321,0.06238955273011516,0.00045179203152656555,,False
9,ridge,ridge_alpha_100,100.0,,,,0.009090211246142394,0.07628221761639702,0.00040958396857604384,,False
9,ridge,ridge_alpha_300,300.0,,,,0.009782202602885022,0.07983330172834367,0.00039304199162870646,,False
9,rbf_svr,rbf_svr_C_100_gamma_0p0005_eps_0.02,,100.0,0.0005,0.02,0.0035822323893770574,0.03696515694361275,0.38528716698056087,0.6520238095238096,False
9,rbf_svr,rbf_svr_C_100_gamma_0p0005_eps_0.03,,100.0,0.0005,0.03,0.0034921677188372367,0.038502209549024065,0.33020408399170265,0.5452380952380952,False
9,rbf_svr,rbf_svr_C_100_gamma_0p0005_eps_0.04,,100.0,0.0005,0.04,0.003533346532966143,0.04092857573044126,0.3070116250310093,0.45535714285714285,False
9,rbf_svr,rbf_svr_C_100_gamma_0p00075_eps_0.02,,100.0,0.00075,0.02,0.0031585030475283007,0.03456270965809205,0.43709854094777256,0.6425,False
9,rbf_svr,rbf_svr_C_100_gamma_0p00075_eps_0.03,,100.0,0.00075,0.03,0.0030916436863152362,0.035974386121142454,0.40938858297886327,0.5295238095238095,False
9,rbf_svr,rbf_svr_C_100_gamma_0p00075_eps_0.04,,100.0,0.00075,0.04,0.0031219661225609335,0.0380926953944399,0.33880912500899285,0.43785714285714283,False
9,rbf_svr,rbf_svr_C_100_gamma_0p001_eps_0.02,,100.0,0.001,0.02,0.0028851534615256737,0.033089746120526606,0.5137570830411278,0.6364285714285715,False
9,rbf_svr,rbf_svr_C_100_gamma_0p001_eps_0.03,,100.0,0.001,0.03,0.002846918458332293,0.03449639033645933,0.441200667002704,0.520952380952381,False
9,rbf_svr,rbf_svr_C_100_gamma_0p001_eps_0.04,,100.0,0.001,0.04,0.0028877169136930507,0.03658201551118559,0.36594562500249594,0.4255952380952381,False
9,rbf_svr,rbf_svr_C_100_gamma_0p003_eps_0.02,,100.0,0.003,0.02,0.0021627538584465702,0.029183108528311047,1.1090279589989223,0.6213095238095238,False
9,rbf_svr,rbf_svr_C_100_gamma_0p003_eps_0.03,,100.0,0.003,0.03,0.002198453070159083,0.03030378836024765,0.8129642919520847,0.4919047619047619,False
9,rbf_svr,rbf_svr_C_100_gamma_0p003_eps_0.04,,100.0,0.003,0.04,0.0022789329635853578,0.03178766007050644,0.6471045410144143,0.3911904761904762,False
9,rbf_svr,rbf_svr_C_100_gamma_0p01_eps_0.02,,100.0,0.01,0.02,0.002408992808487139,0.030306513542122895,2.480468333000317,0.6317857142857143,False
9,rbf_svr,rbf_svr_C_100_gamma_0p01_eps_0.03,,100.0,0.01,0.03,0.0025177680822304495,0.0315864405251903,1.7557208340149373,0.5032142857142857,False
9,rbf_svr,rbf_svr_C_100_gamma_0p01_eps_0.04,,100.0,0.01,0.04,0.002571204469477544,0.03286903167566001,1.280771374993492,0.4030952380952381,False
9,rbf_svr,rbf_svr_C_300_gamma_0p0005_eps_0.02,,300.0,0.0005,0.02,0.0028992508667899496,0.03313497650081466,0.7133998749777675,0.6379761904761905,False
9,rbf_svr,rbf_svr_C_300_gamma_0p0005_eps_0.03,,300.0,0.0005,0.03,0.002843437463099442,0.0343706089609579,0.6175516659859568,0.520952380952381,False
9,rbf_svr,rbf_svr_C_300_gamma_0p0005_eps_0.04,,300.0,0.0005,0.04,0.0028840521212466844,0.03629604607324229,0.509805082983803,0.4270238095238095,False
9,rbf_svr,rbf_svr_C_300_gamma_0p00075_eps_0.02,,300.0,0.00075,0.02,0.0025664670381358567,0.03143129144319301,1.0515069589600898,0.6332142857142857,False
9,rbf_svr,rbf_svr_C_300_gamma_0p00075_eps_0.03,,300.0,0.00075,0.03,0.002546748390032425,0.03256866200687782,0.8916287919855677,0.5070238095238095,False
9,rbf_svr,rbf_svr_C_300_gamma_0p00075_eps_0.04,,300.0,0.00075,0.04,0.002581858337390969,0.034418702516083394,0.6167196250171401,0.4104761904761905,False
9,rbf_svr,rbf_svr_C_300_gamma_0p001_eps_0.02,,300.0,0.001,0.02,0.0023622137563592688,0.030375923849408334,1.1945869170012884,0.6304761904761905,False
9,rbf_svr,rbf_svr_C_300_gamma_0p001_eps_0.03,,300.0,0.001,0.03,0.0023416081840538098,0.03133206020714945,0.9567690420080908,0.5047619047619047,False
9,rbf_svr,rbf_svr_C_300_gamma_0p001_eps_0.04,,300.0,0.001,0.04,0.002414380972254033,0.033071159951613534,0.7114172499859706,0.3995238095238095,False
9,rbf_svr,rbf_svr_C_300_gamma_0p003_eps_0.02,,300.0,0.003,0.02,0.002014110862527558,0.028167049873206534,3.2352594999829307,0.6225,True
9,rbf_svr,rbf_svr_C_300_gamma_0p003_eps_0.03,,300.0,0.003,0.03,0.0020444360263767677,0.028911708328413672,2.283236874965951,0.4872619047619048,False
9,rbf_svr,rbf_svr_C_300_gamma_0p003_eps_0.04,,300.0,0.003,0.04,0.0021590525768169135,0.030368582869392816,1.5231522919493727,0.3813095238095238,False
9,rbf_svr,rbf_svr_C_300_gamma_0p01_eps_0.02,,300.0,0.01,0.02,0.0025753721741486164,0.03075491918210585,7.152299665962346,0.6375,False
9,rbf_svr,rbf_svr_C_300_gamma_0p01_eps_0.03,,300.0,0.01,0.03,0.0026256258552851976,0.031679509286624184,4.20594675000757,0.5121428571428571,False
9,rbf_svr,rbf_svr_C_300_gamma_0p01_eps_0.04,,300.0,0.01,0.04,0.0026941952526055393,0.03295879110507138,2.685094583022874,0.41,False
9,rbf_svr,rbf_svr_C_500_gamma_0p0005_eps_0.02,,500.0,0.0005,0.02,0.0026558350827539387,0.031856816176423344,1.035544500045944,0.6357142857142857,False
9,rbf_svr,rbf_svr_C_500_gamma_0p0005_eps_0.03,,500.0,0.0005,0.03,0.0026271056361384932,0.03298873021488896,0.9063786250189878,0.511547619047619,False
9,rbf_svr,rbf_svr_C_500_gamma_0p0005_eps_0.04,,500.0,0.0005,0.04,0.0026648667698967584,0.03484386001429891,0.7783759169979021,0.4129761904761905,False
9,rbf_svr,rbf_svr_C_500_gamma_0p00075_eps_0.02,,500.0,0.00075,0.02,0.0023672541943061927,0.030392460316347538,1.7873607919900678,0.6309523809523809,False
9,rbf_svr,rbf_svr_C_500_gamma_0p00075_eps_0.03,,500.0,0.00075,0.03,0.002346763139513292,0.03137515161605208,1.2359387499745935,0.5051190476190476,False
9,rbf_svr,rbf_svr_C_500_gamma_0p00075_eps_0.04,,500.0,0.00075,0.04,0.002418049979736624,0.033080475405512226,0.9019164999481291,0.4010714285714286,False
9,rbf_svr,rbf_svr_C_500_gamma_0p001_eps_0.02,,500.0,0.001,0.02,0.0021781728090788685,0.029236635671331928,2.0087500840309076,0.6267857142857143,False
9,rbf_svr,rbf_svr_C_500_gamma_0p001_eps_0.03,,500.0,0.001,0.03,0.002186547689531864,0.030285840758978062,1.517274665995501,0.4963095238095238,False
9,rbf_svr,rbf_svr_C_500_gamma_0p001_eps_0.04,,500.0,0.001,0.04,0.0022578538520470885,0.03172920374731498,1.1964931670227088,0.39154761904761903,False
9,rbf_svr,rbf_svr_C_500_gamma_0p003_eps_0.02,,500.0,0.003,0.02,0.002020996077881858,0.0280575735218914,4.942941582994536,0.616904761904762,False
9,rbf_svr,rbf_svr_C_500_gamma_0p003_eps_0.03,,500.0,0.003,0.03,0.0020480965717101164,0.028671766515543255,3.5565453749732114,0.4866666666666667,False
9,rbf_svr,rbf_svr_C_500_gamma_0p003_eps_0.04,,500.0,0.003,0.04,0.002153643643334119,0.03000421095730102,2.519213666964788,0.38035714285714284,False
9,rbf_svr,rbf_svr_C_500_gamma_0p01_eps_0.02,,500.0,0.01,0.02,0.002699819159340853,0.031222055918422323,9.464361707970966,0.64,False
9,rbf_svr,rbf_svr_C_500_gamma_0p01_eps_0.03,,500.0,0.01,0.03,0.002680730669307264,0.031940378635072375,5.452134583960287,0.5195238095238095,False
9,rbf_svr,rbf_svr_C_500_gamma_0p01_eps_0.04,,500.0,0.01,0.04,0.0027719407330348187,0.033319859593388707,3.211720624996815,0.41214285714285714,False
9,rbf_svr,rbf_svr_C_750_gamma_0p0005_eps_0.02,,750.0,0.0005,0.02,0.0025072634844448445,0.03109568613481603,1.456739833985921,0.633452380952381,False
9,rbf_svr,rbf_svr_C_750_gamma_0p0005_eps_0.03,,750.0,0.0005,0.03,0.0024707489716787752,0.03207793840054886,1.145871333021205,0.5070238095238095,False
9,rbf_svr,rbf_svr_C_750_gamma_0p0005_eps_0.04,,750.0,0.0005,0.04,0.0025164056058525936,0.03378408553075689,0.9920387500314973,0.4064285714285714,False
9,rbf_svr,rbf_svr_C_750_gamma_0p00075_eps_0.02,,750.0,0.00075,0.02,0.0022295953134531623,0.02955967052608943,2.1876237909891643,0.6296428571428572,False
9,rbf_svr,rbf_svr_C_750_gamma_0p00075_eps_0.03,,750.0,0.00075,0.03,0.002227378848132229,0.030500699666324845,1.6656070839962922,0.49738095238095237,False
9,rbf_svr,rbf_svr_C_750_gamma_0p00075_eps_0.04,,750.0,0.00075,0.04,0.0023007311547067534,0.03211388651748473,1.334565167024266,0.39476190476190476,False
9,rbf_svr,rbf_svr_C_750_gamma_0p001_eps_0.02,,750.0,0.001,0.02,0.002073786680560604,0.028538892330416694,3.4844257079530507,0.6239285714285714,False
9,rbf_svr,rbf_svr_C_750_gamma_0p001_eps_0.03,,750.0,0.001,0.03,0.002100961556138199,0.029581081740590674,2.311008457967546,0.4932142857142857,False
9,rbf_svr,rbf_svr_C_750_gamma_0p001_eps_0.04,,750.0,0.001,0.04,0.002175708526757012,0.03091790246026365,1.8460302909952588,0.3880952380952381,False
9,rbf_svr,rbf_svr_C_750_gamma_0p003_eps_0.02,,750.0,0.003,0.02,0.00204110379910499,0.027884637886863312,8.28237466700375,0.621547619047619,False
9,rbf_svr,rbf_svr_C_750_gamma_0p003_eps_0.03,,750.0,0.003,0.03,0.0020633705160498007,0.02848954011850584,5.828580458008219,0.48642857142857143,False
9,rbf_svr,rbf_svr_C_750_gamma_0p003_eps_0.04,,750.0,0.003,0.04,0.0021732919220526048,0.029841534018720896,4.083324457984418,0.3852380952380952,False
9,rbf_svr,rbf_svr_C_750_gamma_0p01_eps_0.02,,750.0,0.01,0.02,0.0027932447440975157,0.031629069874731845,12.83436520799296,0.6460714285714285,False
9,rbf_svr,rbf_svr_C_750_gamma_0p01_eps_0.03,,750.0,0.01,0.03,0.0027808762080060675,0.03247845641597086,6.0448517089826055,0.52,False
9,rbf_svr,rbf_svr_C_750_gamma_0p01_eps_0.04,,750.0,0.01,0.04,0.0028406255342926013,0.033581031142559614,3.464219374989625,0.4164285714285714,False
9,rbf_svr,rbf_svr_C_1000_gamma_0p0005_eps_0.02,,1000.0,0.0005,0.02,0.002402003637497372,0.03052224046713134,1.841275000013411,0.6316666666666667,False
9,rbf_svr,rbf_svr_C_1000_gamma_0p0005_eps_0.03,,1000.0,0.0005,0.03,0.002372390918653402,0.031464630257119534,1.785807125037536,0.5057142857142857,False
9,rbf_svr,rbf_svr_C_1000_gamma_0p0005_eps_0.04,,1000.0,0.0005,0.04,0.0024359887314954034,0.03319913179291,1.1165261670248583,0.40035714285714286,False
9,rbf_svr,rbf_svr_C_1000_gamma_0p00075_eps_0.02,,1000.0,0.00075,0.02,0.0021485970193653786,0.02902941698209829,2.6939620000193827,0.6271428571428571,False
9,rbf_svr,rbf_svr_C_1000_gamma_0p00075_eps_0.03,,1000.0,0.00075,0.03,0.0021510002789704723,0.029993200810724017,2.0357328340178356,0.4925,False
9,rbf_svr,rbf_svr_C_1000_gamma_0p00075_eps_0.04,,1000.0,0.00075,0.04,0.0022188792977923364,0.031362603833752056,1.7557457920047455,0.3908333333333333,False
9,rbf_svr,rbf_svr_C_1000_gamma_0p001_eps_0.02,,1000.0,0.001,0.02,0.002025240066150451,0.02822115796163675,3.6519575000274926,0.6207142857142857,False
9,rbf_svr,rbf_svr_C_1000_gamma_0p001_eps_0.03,,1000.0,0.001,0.03,0.0020672840243080052,0.02925980079755515,2.753588374995161,0.49047619047619045,False
9,rbf_svr,rbf_svr_C_1000_gamma_0p001_eps_0.04,,1000.0,0.001,0.04,0.0021351989266853457,0.03055251713705045,2.1776409579906613,0.38571428571428573,False
9,rbf_svr,rbf_svr_C_1000_gamma_0p003_eps_0.02,,1000.0,0.003,0.02,0.0020554620093214135,0.027736719562257487,11.979275333986152,0.6230952380952381,False
9,rbf_svr,rbf_svr_C_1000_gamma_0p003_eps_0.03,,1000.0,0.003,0.03,0.002086127339664822,0.028495676618493337,8.053153084008954,0.48392857142857143,False
9,rbf_svr,rbf_svr_C_1000_gamma_0p003_eps_0.04,,1000.0,0.003,0.04,0.002221687494967078,0.02992866012587266,5.099173916969448,0.38476190476190475,False
9,rbf_svr,rbf_svr_C_1000_gamma_0p01_eps_0.02,,1000.0,0.01,0.02,0.0028786735506141398,0.032000530657908144,14.951858916028868,0.6496428571428572,False
9,rbf_svr,rbf_svr_C_1000_gamma_0p01_eps_0.03,,1000.0,0.01,0.03,0.0028430639440679742,0.032748241941156594,6.934249042009469,0.5190476190476191,False
9,rbf_svr,rbf_svr_C_1000_gamma_0p01_eps_0.04,,1000.0,0.01,0.04,0.002891716849333161,0.033796027690023316,3.6417870830046013,0.41904761904761906,False
