case_id,noise_level,noise_percent,replicate,descriptor_shift_l2,descriptor_shift_l1,standard_case_mae,standard_case_mae_change,calibrated_case_mae,calibrated_case_mae_change
1235,0.0,0,0,0.0,0.0,0.015434379105162694,0.0,0.015491906559314093,0.0
1648,0.0,0,0,0.0,0.0,0.009987049838370617,0.0,0.009987049838370617,0.0
1607,0.0,0,0,0.0,0.0,0.030490277391108163,0.0,0.03161444825362085,0.0
1449,0.0,0,0,0.0,0.0,0.08697363598259082,0.0,0.08210922256866368,0.0
11,0.0,0,0,0.0,0.0,0.019613017280496105,0.0,0.0190808480926227,0.0
1753,0.0,0,0,0.0,0.0,0.012389261223915848,0.0,0.007469670347255311,0.0
2042,0.0,0,0,0.0,0.0,0.01895108111480703,0.0,0.01895108111480703,0.0
2939,0.0,0,0,0.0,0.0,0.020429140441412155,0.0,0.016670626332590872,0.0
1439,0.0,0,0,0.0,0.0,0.020767334283743354,0.0,0.01265210396927681,0.0
2114,0.0,0,0,0.0,0.0,0.06768840540067277,0.0,0.06768840540067277,0.0
1368,0.0,0,0,0.0,0.0,0.00583979758715426,0.0,0.007906310417287721,0.0
1005,0.0,0,0,0.0,0.0,0.014611973460382835,0.0,0.014079804272509428,0.0
1713,0.0,0,0,0.0,0.0,0.011290305851083574,0.0,0.016154719265010713,0.0
385,0.0,0,0,0.0,0.0,0.014374883936651844,0.0,0.009510470522724704,0.0
827,0.0,0,0,0.0,0.0,0.031179165999872378,0.0,0.02678711149469792,0.0
2275,0.0,0,0,0.0,0.0,0.01712142269669687,0.0,0.015390633786571009,0.0
329,0.0,0,0,0.0,0.0,0.01500867285198998,0.0,0.017400571589155103,0.0
15,0.0,0,0,0.0,0.0,0.020861426786972264,0.0,0.012710858172976517,0.0
230,0.0,0,0,0.0,0.0,0.00767705752591131,0.0,0.006157668358237464,0.0
10,0.0,0,0,0.0,0.0,0.03106251871917081,0.0,0.03246529725267981,0.0
140,0.0,0,0,0.0,0.0,0.0017397474216562375,0.0,0.006131801926830702,0.0
428,0.0,0,0,0.0,0.0,0.006978063592259111,0.0,0.006978063592259111,0.0
287,0.0,0,0,0.0,0.0,0.021768610876538006,0.0,0.0212364416886646,0.0
1127,0.0,0,0,0.0,0.0,0.04832660059670439,0.0,0.04393454609152993,0.0
2197,0.0,0,0,0.0,0.0,0.032339706968408176,0.0,0.028613105274713217,0.0
2188,0.0,0,0,0.0,0.0,0.029850825774258665,0.0,0.03424288027943313,0.0
822,0.0,0,0,0.0,0.0,0.00893470118497379,0.0,0.004070287771046649,0.0
100,0.0,0,0,0.0,0.0,0.0070949640330134085,0.0,0.0070949640330134085,0.0
26,0.0,0,0,0.0,0.0,0.020194454653266206,0.0,0.020194454653266206,0.0
903,0.0,0,0,0.0,0.0,0.02397826874225925,0.0,0.02977310178094271,0.0
1803,0.0,0,0,0.0,0.0,0.028187796359222497,0.0,0.036338364973218254,0.0
2594,0.0,0,0,0.0,0.0,0.01727079624130505,0.0,0.007717449093800302,0.0
2397,0.0,0,0,0.0,0.0,0.018581279582578016,0.0,0.021164586231470363,0.0
16,0.0,0,0,0.0,0.0,0.005546134386273882,0.0,0.006161430256323614,0.0
2444,0.0,0,0,0.0,0.0,0.010421919906389724,0.0,0.007716744281232752,0.0
942,0.0,0,0,0.0,0.0,0.012336701082828135,0.0,0.012336701082828135,0.0
304,0.0,0,0,0.0,0.0,0.0024638479554117184,0.0,0.0024638479554117184,0.0
1577,0.0,0,0,0.0,0.0,0.036718213286123354,0.0,0.026531325742265438,0.0
2134,0.0,0,0,0.0,0.0,0.06425839852401388,0.0,0.06425839852401388,0.0
2199,0.0,0,0,0.0,0.0,0.015145257889586164,0.0,0.01943417471052127,0.0
256,0.0,0,0,0.0,0.0,0.01596249943067911,0.0,0.024113068044674862,0.0
2719,0.0,0,0,0.0,0.0,0.06738310620095728,0.0,0.06791527538883069,0.0
2463,0.0,0,0,0.0,0.0,0.05582324926509141,0.0,0.06161808230377487,0.0
2296,0.0,0,0,0.0,0.0,0.005903503585929351,0.0,0.010295558091103815,0.0
425,0.0,0,0,0.0,0.0,0.020389427390427206,0.0,0.020389427390427206,0.0
2985,0.0,0,0,0.0,0.0,0.020695536038016625,0.0,0.026490369076700084,0.0
2195,0.0,0,0,0.0,0.0,0.011291497506678011,0.0,0.00969051297937088,0.0
1847,0.0,0,0,0.0,0.0,0.010336531269489411,0.0,0.015599195120299463,0.0
1629,0.0,0,0,0.0,0.0,0.019447288821710533,0.0,0.01458287540778339,0.0
1375,0.0,0,0,0.0,0.0,0.0010013015075592373,0.0,0.00012286935495344972,0.0
1790,0.0,0,0,0.0,0.0,0.04712926485976077,0.0,0.04712926485976077,0.0
1998,0.0,0,0,0.0,0.0,0.008543481200517188,0.0,0.004784967091695905,0.0
1352,0.0,0,0,0.0,0.0,0.024556735914170444,0.0,0.030351568952853902,0.0
2059,0.0,0,0,0.0,0.0,0.04398880137330124,0.0,0.04023028726447995,0.0
1738,0.0,0,0,0.0,0.0,0.047918899187993025,0.0,0.047918899187993025,0.0
161,0.0,0,0,0.0,0.0,0.015995390854212005,0.0,0.020859804268139145,0.0
2218,0.0,0,0,0.0,0.0,0.00932020516351463,0.0,0.008788035975641224,0.0
1870,0.0,0,0,0.0,0.0,0.011900995866218865,0.0,0.007508941361044408,0.0
1513,0.0,0,0,0.0,0.0,0.016595792425010497,0.0,0.011731379011083357,0.0
1125,0.0,0,0,0.0,0.0,0.02154332458118999,0.0,0.024287193115098266,0.0
305,0.0,0,0,0.0,0.0,0.013475162417227345,0.0,0.013475162417227345,0.0
566,0.0,0,0,0.0,0.0,0.034282633114743694,0.0,0.039147046528670834,0.0
2223,0.0,0,0,0.0,0.0,0.05465781528451913,0.0,0.05465781528451913,0.0
833,0.0,0,0,0.0,0.0,0.009701467158518821,0.0,0.005942953049697539,0.0
2977,0.0,0,0,0.0,0.0,0.008531289147188509,0.0,0.0036668757332613683,0.0
2671,0.0,0,0,0.0,0.0,0.05200230508062237,0.0,0.05200230508062237,0.0
2301,0.0,0,0,0.0,0.0,0.020608388327408654,0.0,0.026165950426028088,0.0
2657,0.0,0,0,0.0,0.0,0.015132475351892204,0.0,0.015664644539765613,0.0
918,0.0,0,0,0.0,0.0,0.018545508235664983,0.0,0.012984450039819578,0.0
928,0.0,0,0,0.0,0.0,0.012522716841520455,0.0,0.012522716841520455,0.0
1626,0.0,0,0,0.0,0.0,0.0480094652000686,0.0,0.0480094652000686,0.0
2847,0.0,0,0,0.0,0.0,0.03663417212659892,0.0,0.04242900516528238,0.0
2342,0.0,0,0,0.0,0.0,0.0534205712796782,0.0,0.0534205712796782,0.0
1522,0.0,0,0,0.0,0.0,0.01692148318835094,0.0,0.01832426172185994,0.0
1412,0.0,0,0,0.0,0.0,0.0361248547155501,0.0,0.02797428610155436,0.0
1679,0.0,0,0,0.0,0.0,0.02656168413235177,0.0,0.022803170023530488,0.0
572,0.0,0,0,0.0,0.0,0.00787797403288883,0.0,0.0122686765559137,0.0
1401,0.0,0,0,0.0,0.0,0.01165478816782453,0.0,0.006790374753897389,0.0
2194,0.0,0,0,0.0,0.0,0.021781181864793137,0.0,0.013158254342044711,0.0
2720,0.0,0,0,0.0,0.0,0.03761840940854293,0.0,0.03322635490336848,0.0
2068,0.0,0,0,0.0,0.0,0.008868062873323715,0.0,0.009802666917597316,0.0
2629,0.0,0,0,0.0,0.0,0.008900727132974502,0.0,0.006808744342122778,0.0
2043,0.0,0,0,0.0,0.0,0.016640157238453156,0.0,0.022434990277136614,0.0
2416,0.0,0,0,0.0,0.0,0.01048896137946337,0.0,0.0013356311446011248,0.0
1085,0.0,0,0,0.0,0.0,0.015242434602567367,0.0,0.008900613844853737,0.0
557,0.0,0,0,0.0,0.0,0.05213373029151963,0.0,0.05213373029151963,0.0
834,0.0,0,0,0.0,0.0,0.03545646808116773,0.0,0.03921498218998902,0.0
906,0.0,0,0,0.0,0.0,0.029911050795106288,0.0,0.029911050795106288,0.0
694,0.0,0,0,0.0,0.0,0.012656373660853145,0.0,0.012656373660853145,0.0
472,0.0,0,0,0.0,0.0,0.0065463604381526975,0.0,0.011410773852079838,0.0
2337,0.0,0,0,0.0,0.0,0.025704938567896275,0.0,0.030569351981823416,0.0
306,0.0,0,0,0.0,0.0,0.01679805940683758,0.0,0.007244712259332833,0.0
1720,0.0,0,0,0.0,0.0,0.014102613819713951,0.0,0.014102613819713951,0.0
2810,0.0,0,0,0.0,0.0,0.01712912251094148,0.0,0.014404363448193446,0.0
105,0.0,0,0,0.0,0.0,0.05280069266923654,0.0,0.05280069266923654,0.0
1433,0.0,0,0,0.0,0.0,0.019430444086754546,0.0,0.019430444086754546,0.0
2273,0.0,0,0,0.0,0.0,0.009435717795052534,0.0,0.006081573430005798,0.0
2935,0.0,0,0,0.0,0.0,0.009904522642296819,0.0,0.00930145726502122,0.0
1421,0.0,0,0,0.0,0.0,0.010922953349596472,0.0,0.006058539935669332,0.0
1407,0.0,0,0,0.0,0.0,0.013527084655244465,0.0,0.01212430612173547,0.0
214,0.0,0,0,0.0,0.0,0.04883852138272221,0.0,0.04883852138272221,0.0
2984,0.0,0,0,0.0,0.0,0.03784956643394949,0.0,0.03784956643394949,0.0
2534,0.0,0,0,0.0,0.0,0.014078558110188752,0.0,0.004822090191087147,0.0
288,0.0,0,0,0.0,0.0,0.011026651745951327,0.0,0.01499639874776243,0.0
2852,0.0,0,0,0.0,0.0,0.01106278319786161,0.0,0.01106278319786161,0.0
2804,0.0,0,0,0.0,0.0,0.009884131220163642,0.0,0.004089298181480183,0.0
388,0.0,0,0,0.0,0.0,0.03308486512315026,0.0,0.038009088816198126,0.0
2102,0.0,0,0,0.0,0.0,0.009462010584426934,0.0,0.013321895901727984,0.0
2623,0.0,0,0,0.0,0.0,0.023517012750640057,0.0,0.027767786795010085,0.0
264,0.0,0,0,0.0,0.0,0.03258213484550161,0.0,0.024534703915745228,0.0
2365,0.0,0,0,0.0,0.0,0.020027775852979626,0.0,0.015103552159931762,0.0
1454,0.0,0,0,0.0,0.0,0.016549400481135935,0.0,0.020307914589957225,0.0
578,0.0,0,0,0.0,0.0,0.014996949186866797,0.0,0.014996949186866797,0.0
1625,0.0,0,0,0.0,0.0,0.011000427813210492,0.0,0.01679526085189395,0.0
2950,0.0,0,0,0.0,0.0,0.006512542133085475,0.0,0.006512542133085475,0.0
1135,0.0,0,0,0.0,0.0,0.026554307015140617,0.0,0.030312821123961907,0.0
1517,0.0,0,0,0.0,0.0,0.006277769502528868,0.0,0.016937015955139467,0.0
866,0.0,0,0,0.0,0.0,0.0,0.0,0.0,0.0
199,0.0,0,0,0.0,0.0,0.009423405010856353,0.0,0.0007634825330015693,0.0
228,0.0,0,0,0.0,0.0,0.02576385832301188,0.0,0.026296027510885285,0.0
29,0.0,0,0,0.0,0.0,0.029953393149678473,0.0,0.031356171683187474,0.0
2998,0.0,0,0,0.0,0.0,0.010355728797366607,0.0,0.011227370609425394,0.0
1036,0.0,0,0,0.0,0.0,0.010907928971879716,0.0,0.01689607404605514,0.0
2376,0.0,0,0,0.0,0.0,0.03555041819546506,0.0,0.03555041819546506,0.0
1486,0.0,0,0,0.0,0.0,0.03791582907111518,0.0,0.03791582907111518,0.0
1951,0.0,0,0,0.0,0.0,0.010731647398474875,0.0,0.010199437277957663,0.0
399,0.0,0,0,0.0,0.0,0.06334031830858272,0.0,0.06334031830858272,0.0
1743,0.0,0,0,0.0,0.0,0.012099465492611818,0.0,0.012099465492611818,0.0
2384,0.0,0,0,0.0,0.0,0.03187117530437434,0.0,0.03673558871830148,0.0
622,0.0,0,0,0.0,0.0,0.010617768752544717,0.0,0.010617768752544717,0.0
2698,0.0,0,0,0.0,0.0,0.021338535671713676,0.0,0.021338535671713676,0.0
1004,0.0,0,0,0.0,0.0,0.01898827685789299,0.0,0.02478310989657645,0.0
1555,0.0,0,0,0.0,0.0,0.056577282277228816,0.0,0.06462471320698521,0.0
2954,0.0,0,0,0.0,0.0,0.045564046168821606,0.0,0.054710170222356476,0.0
2649,0.0,0,0,0.0,0.0,0.04395010711856834,0.0,0.04395010711856834,0.0
2263,0.0,0,0,0.0,0.0,0.011368451165215702,0.0,0.006648835495664305,0.0
2008,0.0,0,0,0.0,0.0,0.025389933833161883,0.0,0.0216314197243406,0.0
2049,0.0,0,0,0.0,0.0,0.01884718423644166,0.0,0.01884718423644166,0.0
1798,0.0,0,0,0.0,0.0,0.01159390144682337,0.0,0.01159390144682337,0.0
2261,0.0,0,0,0.0,0.0,0.029269921432694246,0.0,0.035064754471377704,0.0
2974,0.0,0,0,0.0,0.0,0.0022414641376818888,0.0,0.0022414641376818888,0.0
2945,0.0,0,0,0.0,0.0,0.023488362669951315,0.0,0.015337794055955575,0.0
2574,0.0,0,0,0.0,0.0,0.007949912139404977,0.0,0.012341966644579434,0.0
2878,0.0,0,0,0.0,0.0,0.03843974269267667,0.0,0.04423457573136013,0.0
1432,0.0,0,0,0.0,0.0,0.02339613535951346,0.0,0.02715464946833475,0.0
1223,0.0,0,0,0.0,0.0,0.026415893581521556,0.0,0.031236979590330068,0.0
1335,0.0,0,0,0.0,0.0,0.01365737325584439,0.0,0.015822956085755867,0.0
1376,0.0,0,0,0.0,0.0,0.0211864986972264,0.0,0.016794444192051942,0.0
2333,0.0,0,0,0.0,0.0,0.007359746693932681,0.0,0.007359746693932681,0.0
747,0.0,0,0,0.0,0.0,0.0419729126485804,0.0,0.037580858143405935,0.0
1124,0.0,0,0,0.0,0.0,0.030197500653185577,0.0,0.030197500653185577,0.0
1544,0.0,0,0,0.0,0.0,0.01706445258286461,0.0,0.0208229666916859,0.0
2680,0.0,0,0,0.0,0.0,0.015669933584256758,0.0,0.0205343469981839,0.0
2654,0.0,0,0,0.0,0.0,0.03882522344787581,0.0,0.03882522344787581,0.0
168,0.0,0,0,0.0,0.0,0.006453822333010933,0.0,0.011318235746938073,0.0
2245,0.0,0,0,0.0,0.0,0.022461256586283344,0.0,0.022461256586283344,0.0
2471,0.0,0,0,0.0,0.0,0.03246351975385714,0.0,0.03246351975385714,0.0
1697,0.0,0,0,0.0,0.0,0.01758021241636376,0.0,0.017048043228490357,0.0
2360,0.0,0,0,0.0,0.0,0.04252153600570491,0.0,0.04252153600570491,0.0
2171,0.0,0,0,0.0,0.0,0.03992795739704942,0.0,0.03506354398312228,0.0
245,0.0,0,0,0.0,0.0,0.0289954482679797,0.0,0.01944210112047496,0.0
2214,0.0,0,0,0.0,0.0,0.00764168671067288,0.0,0.012033741215847337,0.0
2252,0.0,0,0,0.0,0.0,0.0060338066709625,0.0,0.0075531179913083425,0.0
1287,0.0,0,0,0.0,0.0,0.007888616304553852,0.0,0.007888616304553852,0.0
677,0.0,0,0,0.0,0.0,0.025958820817628122,0.0,0.034109389431623865,0.0
1562,0.0,0,0,0.0,0.0,0.017433632776103873,0.0,0.022298046190031014,0.0
762,0.0,0,0,0.0,0.0,0.020279680952843375,0.0,0.020279680952843375,0.0
835,0.0,0,0,0.0,0.0,0.011528834238542191,0.0,0.006664420824615051,0.0
1091,0.0,0,0,0.0,0.0,0.021283583915442206,0.0,0.02388909484256938,0.0
2829,0.0,0,0,0.0,0.0,0.014334862540499526,0.0,0.010576348431678236,0.0
2874,0.0,0,0,0.0,0.0,0.006254905630470046,0.0,0.0014338196216615341,0.0
716,0.0,0,0,0.0,0.0,0.02171617376580137,0.0,0.02171617376580137,0.0
466,0.0,0,0,0.0,0.0,0.018423125010339887,0.0,0.018423125010339887,0.0
2182,0.0,0,0,0.0,0.0,0.006110577284894725,0.0,0.0012461638709675843,0.0
731,0.0,0,0,0.0,0.0,0.010202593422785679,0.0,0.010202593422785679,0.0
2323,0.0,0,0,0.0,0.0,0.01298374376280493,0.0,0.008119330348877789,0.0
2717,0.0,0,0,0.0,0.0,0.018646528614380063,0.0,0.012622598258818028,0.0
2876,0.0,0,0,0.0,0.0,0.01508114113286296,0.0,0.01508114113286296,0.0
231,0.0,0,0,0.0,0.0,0.01774197213749916,0.0,0.023536805176182618,0.0
2411,0.0,0,0,0.0,0.0,0.032225759008659635,0.0,0.023602831485911212,0.0
223,0.0,0,0,0.0,0.0,0.03449895770762811,0.0,0.03431098782730949,0.0
1690,0.0,0,0,0.0,0.0,0.021642502211201953,0.0,0.021642502211201953,0.0
1464,0.0,0,0,0.0,0.0,0.01854287831610036,0.0,0.02433771135478382,0.0
675,0.0,0,0,0.0,0.0,0.018116739782421273,0.0,0.02070004643131362,0.0
1351,0.0,0,0,0.0,0.0,0.013491077939838158,0.0,0.018355491353765296,0.0
642,0.0,0,0,0.0,0.0,0.006596243758088129,0.0,0.002837729649266846,0.0
1146,0.0,0,0,0.0,0.0,0.023401027507721057,0.0,0.023511371373287786,0.0
641,0.0,0,0,0.0,0.0,0.02460940613598306,0.0,0.016561975206226674,0.0
2978,0.0,0,0,0.0,0.0,0.01899086738745241,0.0,0.024278830063687924,0.0
2443,0.0,0,0,0.0,0.0,0.058347432652168185,0.0,0.058879601840041595,0.0
1380,0.0,0,0,0.0,0.0,0.019254595122904842,0.0,0.01599040356421916,0.0
2242,0.0,0,0,0.0,0.0,0.010657806041983707,0.0,0.010657806041983707,0.0
2122,0.0,0,0,0.0,0.0,0.023459691743728858,0.0,0.023459691743728858,0.0
935,0.0,0,0,0.0,0.0,0.009742379640186422,0.0,0.009742379640186422,0.0
1170,0.0,0,0,0.0,0.0,0.03316507794320793,0.0,0.028773023438033476,0.0
2211,0.0,0,0,0.0,0.0,0.019219219894890654,0.0,0.014928536598195964,0.0
2481,0.0,0,0,0.0,0.0,0.014044815818939953,0.0,0.013114396194183635,0.0
2833,0.0,0,0,0.0,0.0,0.05246539076142799,0.0,0.056857445266602455,0.0
672,0.0,0,0,0.0,0.0,0.01695711400381044,0.0,0.016424944815937034,0.0
2861,0.0,0,0,0.0,0.0,0.006639298769018805,0.0,0.006639298769018805,0.0
190,0.0,0,0,0.0,0.0,0.03904393724293507,0.0,0.035285423134113786,0.0
1604,0.0,0,0,0.0,0.0,0.03239496118322943,0.0,0.03239496118322943,0.0
270,0.0,0,0,0.0,0.0,0.009452285954528449,0.0,0.006225941033580573,0.0
1391,0.0,0,0,0.0,0.0,0.02077550392694988,0.0,0.014980670888266422,0.0
720,0.0,0,0,0.0,0.0,0.004287383623649988,0.0,0.004287383623649988,0.0
211,0.0,0,0,0.0,0.0,0.020957888991115822,0.0,0.030214356910217427,0.0
1935,0.0,0,0,0.0,0.0,0.03695486691563199,0.0,0.03437156026673964,0.0
2108,0.0,0,0,0.0,0.0,0.011946318506613936,0.0,0.012103464070512198,0.0
2924,0.0,0,0,0.0,0.0,0.06262638941112142,0.0,0.05683155637243797,0.0
2504,0.0,0,0,0.0,0.0,0.008304167354064172,0.0,0.005208119812427841,0.0
805,0.0,0,0,0.0,0.0,0.014559091820105806,0.0,0.013310382609986317,0.0
2100,0.0,0,0,0.0,0.0,0.010355348221743763,0.0,0.014747402726918227,0.0
1166,0.0,0,0,0.0,0.0,0.020773573721746864,0.0,0.020773573721746864,0.0
475,0.0,0,0,0.0,0.0,0.014220722464674321,0.0,0.016216388991269596,0.0
1925,0.0,0,0,0.0,0.0,0.01010749808741404,0.0,0.014499552592588505,0.0
2922,0.0,0,0,0.0,0.0,0.018278807527917385,0.0,0.018278807527917385,0.0
1039,0.0,0,0,0.0,0.0,0.01420989246707181,0.0,0.008301529392346452,0.0
1747,0.0,0,0,0.0,0.0,0.06429893854832767,0.0,0.056251507618571284,0.0
2632,0.0,0,0,0.0,0.0,0.05976382630811489,0.0,0.0602959954959883,0.0
2836,0.0,0,0,0.0,0.0,0.024858616308668424,0.0,0.024858616308668424,0.0
1299,0.0,0,0,0.0,0.0,0.024055083219742146,0.0,0.028919496633669287,0.0
2287,0.0,0,0,0.0,0.0,0.017580309463865452,0.0,0.022444722877792592,0.0
1565,0.0,0,0,0.0,0.0,0.010888208016228454,0.0,0.015752621430155593,0.0
776,0.0,0,0,0.0,0.0,0.02029491625819311,0.0,0.024692690129838206,0.0
1430,0.0,0,0,0.0,0.0,0.017359392795218868,0.0,0.013068709498524178,0.0
1415,0.0,0,0,0.0,0.0,0.006394653286470991,0.0,0.0026361391776497014,0.0
1206,0.0,0,0,0.0,0.0,0.03910264226832404,0.0,0.03471058776314957,0.0
888,0.0,0,0,0.0,0.0,0.012709299544562111,0.0,0.009342431707352928,0.0
297,0.0,0,0,0.0,0.0,0.009188951261859337,0.0,0.014053364675786478,0.0
336,0.0,0,0,0.0,0.0,0.009699055308530088,0.0,0.0026431667899012024,0.0
382,0.0,0,0,0.0,0.0,0.010098273319748266,0.0,0.006339759210926983,0.0
2190,0.0,0,0,0.0,0.0,0.004700162770932284,0.0,0.004556305148169314,0.0
2247,0.0,0,0,0.0,0.0,0.013035740137963686,0.0,0.01366928053431686,0.0
2453,0.0,0,0,0.0,0.0,0.007187079778385026,0.0,0.007968214778291956,0.0
882,0.0,0,0,0.0,0.0,0.006225837021024649,0.0,0.009785838864288156,0.0
1672,0.0,0,0,0.0,0.0,0.026960330388747917,0.0,0.018279359062638355,0.0
2976,0.0,0,0,0.0,0.0,0.02069191262762734,0.0,0.016253821352429317,0.0
1025,0.0,0,0,0.0,0.0,0.0008587615181470665,0.0,0.004617275626968356,0.0
67,0.0,0,0,0.0,0.0,0.07461449062166675,0.0,0.07514665980954016,0.0
1122,0.0,0,0,0.0,0.0,0.01836598538161724,0.0,0.008179097837759317,0.0
2675,0.0,0,0,0.0,0.0,0.03387438776647137,0.0,0.04020138999302824,0.0
2529,0.0,0,0,0.0,0.0,0.028400927402529193,0.0,0.028400927402529193,0.0
2894,0.0,0,0,0.0,0.0,0.011331224158644584,0.0,0.010888496389464902,0.0
1493,0.0,0,0,0.0,0.0,0.015265026832114012,0.0,0.018158420628780175,0.0
2164,0.0,0,0,0.0,0.0,0.0047121330457963115,0.0,0.004623975810565645,0.0
1830,0.0,0,0,0.0,0.0,0.007399493361968046,0.0,0.004448328035063384,0.0
1390,0.0,0,0,0.0,0.0,0.02351042094927308,0.0,0.03109645579332805,0.0
430,0.0,0,0,0.0,0.0,0.02755131177456288,0.0,0.018928384251814458,0.0
596,0.0,0,0,0.0,0.0,0.012061728767923831,0.0,0.012061728767923831,0.0
2067,0.0,0,0,0.0,0.0,0.032807281656939996,0.0,0.03767169507086714,0.0
2839,0.0,0,0,0.0,0.0,0.010109303013875639,0.0,0.010109303013875639,0.0
526,0.0,0,0,0.0,0.0,0.008637609990402681,0.0,0.013502023404329822,0.0
2910,0.0,0,0,0.0,0.0,0.00048237264393975396,0.0,0.00048237264393975396,0.0
2434,0.0,0,0,0.0,0.0,0.014061799077343467,0.0,0.019856632116026923,0.0
2391,0.0,0,0,0.0,0.0,0.04203295204237056,0.0,0.0376408975371961,0.0
2958,0.0,0,0,0.0,0.0,0.026398948837402875,0.0,0.017245618602540633,0.0
688,0.0,0,0,0.0,0.0,0.010834311072627403,0.0,0.005969897658700263,0.0
1162,0.0,0,0,0.0,0.0,0.01155763275370789,0.0,0.0077991186448866,0.0
2554,0.0,0,0,0.0,0.0,0.014124863103209147,0.0,0.014124863103209147,0.0
489,0.0,0,0,0.0,0.0,0.009332451355201995,0.0,0.009332451355201995,0.0
1864,0.0,0,0,0.0,0.0,0.0021660313263453003,0.0,0.0021660313263453003,0.0
1461,0.0,0,0,0.0,0.0,0.0511125408455251,0.0,0.047354026736703816,0.0
2151,0.0,0,0,0.0,0.0,0.009500934633412172,0.0,0.014763598484222224,0.0
1022,0.0,0,0,0.0,0.0,0.025810387744440253,0.0,0.023339555209665668,0.0
1988,0.0,0,0,0.0,0.0,0.014391375849063949,0.0,0.014336238814479617,0.0
2152,0.0,0,0,0.0,0.0,0.02024951485486815,0.0,0.01596059803393305,0.0
2726,0.0,0,0,0.0,0.0,0.014760528057837145,0.0,0.019624941471764287,0.0
2350,0.0,0,0,0.0,0.0,0.01600978415485492,0.0,0.018046103084717095,0.0
1709,0.0,0,0,0.0,0.0,0.08654141835377643,0.0,0.09199575992041698,0.0
1993,0.0,0,0,0.0,0.0,0.014259052740377778,0.0,0.006221886874885802,0.0
1582,0.0,0,0,0.0,0.0,0.052290130707664216,0.0,0.05192811566447827,0.0
1097,0.0,0,0,0.0,0.0,0.007595434016967733,0.0,0.007595434016967733,0.0
697,0.0,0,0,0.0,0.0,0.07685989230342549,0.0,0.07779031192818181,0.0
192,0.0,0,0,0.0,0.0,0.02004281022312486,0.0,0.022079129152987036,0.0
1009,0.0,0,0,0.0,0.0,0.03482354731357488,0.0,0.040618380352258336,0.0
990,0.0,0,0,0.0,0.0,0.04326536451262036,0.0,0.04326536451262036,0.0
1498,0.0,0,0,0.0,0.0,0.005574833464617615,0.0,0.007867256979593095,0.0
851,0.0,0,0,0.0,0.0,0.028716349909848386,0.0,0.034511182948531845,0.0
2715,0.0,0,0,0.0,0.0,0.03654110800350538,0.0,0.03278259389468409,0.0
1324,0.0,0,0,0.0,0.0,0.020174994296838146,0.0,0.016416480188016856,0.0
2474,0.0,0,0,0.0,0.0,0.005844265671121358,0.0,0.007977938961396407,0.0
791,0.0,0,0,0.0,0.0,0.018626935496772246,0.0,0.018626935496772246,0.0
2084,0.0,0,0,0.0,0.0,0.021533500446806447,0.0,0.021691171841994244,0.0
2676,0.0,0,0,0.0,0.0,0.04838177788814371,0.0,0.04838177788814371,0.0
1592,0.0,0,0,0.0,0.0,0.03229256165192452,0.0,0.023146437598389642,0.0
2837,0.0,0,0,0.0,0.0,0.004898552531350971,0.0,0.0011400384225296878,0.0
1821,0.0,0,0,0.0,0.0,0.01842860686982891,0.0,0.013564193455901768,0.0
1489,0.0,0,0,0.0,0.0,0.019986109556128742,0.0,0.020376659486564315,0.0
2911,0.0,0,0,0.0,0.0,0.00364978866230126,0.0,0.0015084718971014287,0.0
275,0.0,0,0,0.0,0.0,0.008221667275571116,0.0,0.008221667275571116,0.0
494,0.0,0,0,0.0,0.0,0.02310578270150922,0.0,0.019846699895708305,0.0
884,0.0,0,0,0.0,0.0,0.0,0.0,0.0,0.0
1453,0.0,0,0,0.0,0.0,0.03045973733740582,0.0,0.02992756814953241,0.0
1109,0.0,0,0,0.0,0.0,0.0009786140634882173,0.0,0.0027799000453330724,0.0
1793,0.0,0,0,0.0,0.0,0.016011365225347213,0.0,0.007860796611351466,0.0
2960,0.0,0,0,0.0,0.0,0.0484199825546629,0.0,0.0484199825546629,0.0
2685,0.0,0,0,0.0,0.0,0.053920696812733135,0.0,0.04529776928998471,0.0
2026,0.0,0,0,0.0,0.0,0.01898726310714266,0.0,0.01898726310714266,0.0
1120,0.0,0,0,0.0,0.0,0.0171590987854421,0.0,0.01229468537151496,0.0
1849,0.0,0,0,0.0,0.0,0.02169372916689679,0.0,0.020763309542140472,0.0
1418,0.0,0,0,0.0,0.0,0.03493958338198716,0.0,0.03493958338198716,0.0
2625,0.0,0,0,0.0,0.0,0.0005178023806954313,0.0,0.0005178023806954313,0.0
850,0.0,0,0,0.0,0.0,0.005600476202975456,0.0,0.0007360627890483154,0.0
2547,0.0,0,0,0.0,0.0,0.012244470116817964,0.0,0.012244470116817964,0.0
1332,0.0,0,0,0.0,0.0,0.012832646531268446,0.0,0.010249339882376099,0.0
1488,0.0,0,0,0.0,0.0,0.021899895260249398,0.0,0.021913912847177138,0.0
844,0.0,0,0,0.0,0.0,0.015021887437377975,0.0,0.015021887437377975,0.0
1030,0.0,0,0,0.0,0.0,0.03780822059458972,0.0,0.03201338755590626,0.0
2901,0.0,0,0,0.0,0.0,0.0032677726701692607,0.0,0.0032677726701692607,0.0
1247,0.0,0,0,0.0,0.0,0.01577314932455017,0.0,0.01201463521572889,0.0
1817,0.0,0,0,0.0,0.0,0.022573252290613348,0.0,0.014782463273413385,0.0
2417,0.0,0,0,0.0,0.0,0.012614742242222695,0.0,0.012614742242222695,0.0
741,0.0,0,0,0.0,0.0,0.057157024296120906,0.0,0.04853409677337248,0.0
371,0.0,0,0,0.0,0.0,0.010981958494403572,0.0,0.007223444385582289,0.0
113,0.0,0,0,0.0,0.0,0.018892194523885415,0.0,0.022650708632706698,0.0
2669,0.0,0,0,0.0,0.0,0.014445153434316429,0.0,0.009580740020389288,0.0
693,0.0,0,0,0.0,0.0,0.0086908698523665,0.0,0.0086908698523665,0.0
1950,0.0,0,0,0.0,0.0,0.020327145873405776,0.0,0.024085659982227066,0.0
2825,0.0,0,0,0.0,0.0,0.010737549533894114,0.0,0.016532382572577574,0.0
1158,0.0,0,0,0.0,0.0,0.0266848226181607,0.0,0.019045268436844447,0.0
367,0.0,0,0,0.0,0.0,0.015281865527403815,0.0,0.010417452113476675,0.0
680,0.0,0,0,0.0,0.0,0.011102762595790502,0.0,0.007344248486969213,0.0
69,0.0,0,0,0.0,0.0,0.013883098973609122,0.0,0.013883098973609122,0.0
2525,0.0,0,0,0.0,0.0,0.054399471873390615,0.0,0.054399471873390615,0.0
2581,0.0,0,0,0.0,0.0,0.011744905764607103,0.0,0.007352851259432646,0.0
2701,0.0,0,0,0.0,0.0,0.008973515808123752,0.0,0.007835046959160168,0.0
605,0.0,0,0,0.0,0.0,0.009350779762794867,0.0,0.014215193176722008,0.0
864,0.0,0,0,0.0,0.0,0.005683324463236621,0.0,0.005683324463236621,0.0
2209,0.0,0,0,0.0,0.0,0.00926730676474429,0.0,0.008735137576870883,0.0
513,0.0,0,0,0.0,0.0,0.016501288596968228,0.0,0.022296121635651686,0.0
2414,0.0,0,0,0.0,0.0,0.01311504506175454,0.0,0.01311504506175454,0.0
1667,0.0,0,0,0.0,0.0,0.022455796950120337,0.0,0.017591383536193196,0.0
2648,0.0,0,0,0.0,0.0,0.06358406143956058,0.0,0.05982554733073929,0.0
2407,0.0,0,0,0.0,0.0,0.12389439611634402,0.0,0.12957709871589038,0.0
628,0.0,0,0,0.0,0.0,0.0459683845497435,0.0,0.04220987044092221,0.0
1537,0.0,0,0,0.0,0.0,0.018311642854266737,0.0,0.01483987690425906,0.0
1130,0.0,0,0,0.0,0.0,0.016521505930348526,0.0,0.017015891483903228,0.0
2445,0.0,0,0,0.0,0.0,0.006687956142240775,0.0,0.006687956142240775,0.0
2216,0.0,0,0,0.0,0.0,0.025278546462470866,0.0,0.024348126837714548,0.0
101,0.0,0,0,0.0,0.0,0.007475679075679245,0.0,0.007475679075679245,0.0
1445,0.0,0,0,0.0,0.0,0.01167986403216007,0.0,0.006815450618232929,0.0
549,0.0,0,0,0.0,0.0,0.07709776723390677,0.0,0.08513726477293877,0.0
415,0.0,0,0,0.0,0.0,0.00039833739455040484,0.0,0.004466076019376736,0.0
1365,0.0,0,0,0.0,0.0,0.02286940243955713,0.0,0.019581937717863783,0.0
2873,0.0,0,0,0.0,0.0,0.0075682078198111916,0.0,0.012590028871414,0.0
1942,0.0,0,0,0.0,0.0,0.006074346985920546,0.0,0.008673164705666729,0.0
746,0.0,0,0,0.0,0.0,0.01165207330403909,0.0,0.01744690634272255,0.0
1428,0.0,0,0,0.0,0.0,0.023358213228529556,0.0,0.02775026773370402,0.0
429,0.0,0,0,0.0,0.0,0.008155017462235722,0.0,0.008155017462235722,0.0
2749,0.0,0,0,0.0,0.0,0.02951178058796751,0.0,0.01885253413535691,0.0
1159,0.0,0,0,0.0,0.0,0.005366389153224984,0.0,0.005366389153224984,0.0
514,0.0,0,0,0.0,0.0,0.00459209358703396,0.0,0.010386926625717418,0.0
1001,0.0,0,0,0.0,0.0,0.030151660652990957,0.0,0.0383022292669867,0.0
2383,0.0,0,0,0.0,0.0,0.021249208927784275,0.0,0.016857154422609818,0.0
896,0.0,0,0,0.0,0.0,0.014720976925618653,0.0,0.020515809964302113,0.0
603,0.0,0,0,0.0,0.0,0.018655435951106608,0.0,0.011224154618257471,0.0
424,0.0,0,0,0.0,0.0,0.009120237104040297,0.0,0.012898629170714028,0.0
606,0.0,0,0,0.0,0.0,0.007241421835780337,0.0,0.010999935944601627,0.0
2970,0.0,0,0,0.0,0.0,0.013889510385954757,0.0,0.013889510385954757,0.0
178,0.0,0,0,0.0,0.0,0.03793360910813298,0.0,0.03793360910813298,0.0
2778,0.0,0,0,0.0,0.0,0.000929885657565771,0.0,0.003462168847608693,0.0
1219,0.0,0,0,0.0,0.0,0.02016795402967027,0.0,0.02456000853484473,0.0
959,0.0,0,0,0.0,0.0,0.01612914319234903,0.0,0.016762683588702205,0.0
1684,0.0,0,0,0.0,0.0,0.008314891067645637,0.0,0.012706945572820094,0.0
559,0.0,0,0,0.0,0.0,0.005326998987820512,0.0,0.005326998987820512,0.0
2667,0.0,0,0,0.0,0.0,0.013372565277435786,0.0,0.009614051168614503,0.0
685,0.0,0,0,0.0,0.0,0.008389737255403384,0.0,0.008440911950210385,0.0
1317,0.0,0,0,0.0,0.0,0.02517944899815362,0.0,0.026589787822268243,0.0
274,0.0,0,0,0.0,0.0,0.012868278457392709,0.0,0.016626792566214,0.0
1165,0.0,0,0,0.0,0.0,0.01848914757993389,0.0,0.01848914757993389,0.0
973,0.0,0,0,0.0,0.0,0.0053715947670333174,0.0,0.007609890356358907,0.0
2485,0.0,0,0,0.0,0.0,0.00602596100611455,0.0,0.0035273861413901986,0.0
2198,0.0,0,0,0.0,0.0,0.013366058137351172,0.0,0.011164603706193672,0.0
446,0.0,0,0,0.0,0.0,0.008672297823722804,0.0,0.008672297823722804,0.0
2145,0.0,0,0,0.0,0.0,0.02912695784656308,0.0,0.03399137126049022,0.0
1742,0.0,0,0,0.0,0.0,0.024657204498554547,0.0,0.0165066358845588,0.0
1322,0.0,0,0,0.0,0.0,0.014971236935964263,0.0,0.005691925329558735,0.0
2783,0.0,0,0,0.0,0.0,0.024364241135550024,0.0,0.029228654549477165,0.0
659,0.0,0,0,0.0,0.0,0.020061158783960583,0.0,0.018718295519607363,0.0
1675,0.0,0,0,0.0,0.0,0.025246325552326747,0.0,0.015692978404822006,0.0
2162,0.0,0,0,0.0,0.0,0.023556010671860635,0.0,0.018691597257933495,0.0
175,0.0,0,0,0.0,0.0,0.042732818792167115,0.0,0.038974304683345826,0.0
1254,0.0,0,0,0.0,0.0,0.0542385112669152,0.0,0.0542385112669152,0.0
447,0.0,0,0,0.0,0.0,0.020298121088856397,0.0,0.02511920709766491,0.0
1477,0.0,0,0,0.0,0.0,0.012349847600666255,0.0,0.011817678412792848,0.0
2055,0.0,0,0,0.0,0.0,0.043566402230302115,0.0,0.043566402230302115,0.0
2180,0.0,0,0,0.0,0.0,0.030594295321486546,0.0,0.030594295321486546,0.0
1216,0.0,0,0,0.0,0.0,0.02303848949082676,0.0,0.02173382898711315,0.0
1193,0.0,0,0,0.0,0.0,0.018558440834439707,0.0,0.014799926725618424,0.0
943,0.0,0,0,0.0,0.0,0.01735382877939811,0.0,0.020966830124197457,0.0
1192,0.0,0,0,0.0,0.0,0.022307279699026895,0.0,0.022307279699026895,0.0
1215,0.0,0,0,0.0,0.0,0.017290044237719054,0.0,0.017290044237719054,0.0
1148,0.0,0,0,0.0,0.0,0.0615059337094551,0.0,0.05664152029552796,0.0
1427,0.0,0,0,0.0,0.0,0.02951345912112653,0.0,0.020890531598378108,0.0
2079,0.0,0,0,0.0,0.0,0.039736649789411674,0.0,0.03534459528423721,0.0
1748,0.0,0,0,0.0,0.0,0.018897543358218284,0.0,0.018897543358218284,0.0
558,0.0,0,0,0.0,0.0,0.014997898761868876,0.0,0.016308155436832113,0.0
724,0.0,0,0,0.0,0.0,0.0,0.0,0.0,0.0
1145,0.0,0,0,0.0,0.0,0.020495933856286654,0.0,0.016207017035351552,0.0
831,0.0,0,0,0.0,0.0,0.017080146492471616,0.0,0.013321632383650332,0.0
2054,0.0,0,0,0.0,0.0,0.031361615596141916,0.0,0.022738688073393493,0.0
2044,0.0,0,0,0.0,0.0,0.023546596100825812,0.0,0.018682182686898672,0.0
2222,0.0,0,0,0.0,0.0,0.011341210373016494,0.0,0.012724491648022054,0.0
2418,0.0,0,0,0.0,0.0,0.03598003789757204,0.0,0.03598003789757204,0.0
380,0.0,0,0,0.0,0.0,0.024372380351819534,0.0,0.020512495034518484,0.0
1285,0.0,0,0,0.0,0.0,0.04331132775582934,0.0,0.044476835349274324,0.0
1288,0.0,0,0,0.0,0.0,0.004016787265414268,0.0,0.007322330478829922,0.0
2219,0.0,0,0,0.0,0.0,0.01878085092095056,0.0,0.02457568395963402,0.0
1746,0.0,0,0,0.0,0.0,0.020914515836153953,0.0,0.025778929250081094,0.0
80,0.0,0,0,0.0,0.0,0.013715939508982746,0.0,0.013715939508982746,0.0
1045,0.0,0,0,0.0,0.0,0.013620151939799366,0.0,0.013620151939799366,0.0
1236,0.0,0,0,0.0,0.0,0.02572434296464674,0.0,0.01710141544189832,0.0
1055,0.0,0,0,0.0,0.0,0.011673252514132579,0.0,0.011673252514132579,0.0
915,0.0,0,0,0.0,0.0,0.02127207880236836,0.0,0.02127207880236836,0.0
414,0.0,0,0,0.0,0.0,0.010559207387474434,0.0,0.013064122580291484,0.0
2184,0.0,0,0,0.0,0.0,0.024058146826109517,0.0,0.020942670989343763,0.0
2109,0.0,0,0,0.0,0.0,0.009722613964740796,0.0,0.013415615202180615,0.0
24,0.0,0,0,0.0,0.0,0.03277822664607488,0.0,0.037170281151249346,0.0
967,0.0,0,0,0.0,0.0,0.01763438349725671,0.0,0.01763438349725671,0.0
1441,0.0,0,0,0.0,0.0,0.018243121293039677,0.0,0.012448288254356218,0.0
2121,0.0,0,0,0.0,0.0,0.010058881078829586,0.0,0.010058881078829586,0.0
1966,0.0,0,0,0.0,0.0,0.010314326080179712,0.0,0.007731019431287366,0.0
2267,0.0,0,0,0.0,0.0,0.028845573458721113,0.0,0.03323762796389558,0.0
1618,0.0,0,0,0.0,0.0,0.04172781353558376,0.0,0.04752264657426722,0.0
2316,0.0,0,0,0.0,0.0,0.01599804632802896,0.0,0.01647956297554575,0.0
841,0.0,0,0,0.0,0.0,0.02840110491510401,0.0,0.03472810714166087,0.0
34,0.0,0,0,0.0,0.0,0.007809540080852724,0.0,0.003386706713192987,0.0
729,0.0,0,0,0.0,0.0,0.017141831458069294,0.0,0.019725042839126676,0.0
2637,0.0,0,0,0.0,0.0,0.08418880019698079,0.0,0.09632545399337789,0.0
1692,0.0,0,0,0.0,0.0,0.012818002953565706,0.0,0.007953589539638565,0.0
614,0.0,0,0,0.0,0.0,0.014743565926192788,0.0,0.008948732887509329,0.0
2888,0.0,0,0,0.0,0.0,0.03797445619590109,0.0,0.03797445619590109,0.0
2537,0.0,0,0,0.0,0.0,0.025381073860651818,0.0,0.031175906899335276,0.0
1765,0.0,0,0,0.0,0.0,0.023805093298599755,0.0,0.023805093298599755,0.0
725,0.0,0,0,0.0,0.0,0.03011088670709028,0.0,0.02055753955958553,0.0
1890,0.0,0,0,0.0,0.0,0.02965558513002001,0.0,0.0328821320417495,0.0
1822,0.0,0,0,0.0,0.0,0.02915286991183348,0.0,0.01959952276432874,0.0
145,0.0,0,0,0.0,0.0,0.009085917046272875,0.0,0.009085917046272875,0.0
2700,0.0,0,0,0.0,0.0,0.0255711651034337,0.0,0.016017817955928958,0.0
2895,0.0,0,0,0.0,0.0,0.023420420948326075,0.0,0.02482319948183507,0.0
445,0.0,0,0,0.0,0.0,0.010141031393249764,0.0,0.015935864431933223,0.0
341,0.0,0,0,0.0,0.0,0.03465981724120887,0.0,0.03465981724120887,0.0
652,0.0,0,0,0.0,0.0,0.020223304456955984,0.0,0.012072735842960237,0.0
1492,0.0,0,0,0.0,0.0,0.05565868911563322,0.0,0.06005074362080769,0.0
352,0.0,0,0,0.0,0.0,0.02511298784014684,0.0,0.020720933334972384,0.0
290,0.0,0,0,0.0,0.0,0.018769038780988897,0.0,0.018769038780988897,0.0
2062,0.0,0,0,0.0,0.0,0.012070878229633927,0.0,0.012070878229633927,0.0
2772,0.0,0,0,0.0,0.0,0.0303348615808558,0.0,0.0303348615808558,0.0
1846,0.0,0,0,0.0,0.0,0.03931312219881883,0.0,0.04307163630764011,0.0
9,0.0,0,0,0.0,0.0,0.09633976012849585,0.0,0.1059582430907834,0.0
1235,0.05,5,0,0.4236356386144759,0.20071580410044892,0.10316090353187907,0.08772652442671637,0.11241737145098067,0.09692546489166658
1648,0.05,5,0,0.04345584673836025,0.017920880852163056,0.0248988955007563,0.014911845662385681,0.0248988955007563,0.014911845662385681
1607,0.05,5,0,0.06617933159398304,0.03210438319583007,0.015527449639567287,-0.014962827751540876,0.015527449639567287,-0.016086998614053563
1449,0.05,5,0,0.11856030869695704,0.06425533137113634,0.10456653442565793,0.017592898443067106,0.09970212101173079,0.017592898443067106
11,0.05,5,0,0.10209192023007847,0.05698664309762403,0.047152706981364464,0.02753968970086836,0.046620537793491054,0.027539689700868356
1753,0.05,5,0,0.0409083674246928,0.0188621374229234,0.016189671506422212,0.0038004102825063644,0.02198450454510567,0.01451483419785036
2042,0.05,5,0,0.03214559036500532,0.014555224607864273,0.05557547080256087,0.03662438968775383,0.05669964166507355,0.03774856055026651
2939,0.05,5,0,0.06136409899543614,0.021982188743105136,0.03422213930116971,0.013792998859757558,0.03046362519234843,0.013792998859757558
1439,0.05,5,0,0.045246550636337875,0.02134808437099061,0.04286030098409895,0.0220929667003556,0.04426307951760795,0.031610975548331144
2114,0.05,5,0,0.057405319749756725,0.0263498888802175,0.0542699086331593,-0.013418496767513464,0.0542699086331593,-0.013418496767513464
1368,0.05,5,0,0.0511340229107463,0.02476745677557298,0.045808723930740904,0.03996892634358665,0.05395929254473665,0.04605298212744893
1005,0.05,5,0,0.031512199156356405,0.013687600829972361,0.022855854145521277,0.008243880685138443,0.023388023333394684,0.009308219060885256
1713,0.05,5,0,0.33228718276334734,0.1588870853012233,0.015082186705640524,0.0037918808545569505,0.018883604426320873,0.00272888516131016
385,0.05,5,0,0.049732599892698806,0.027770166637678086,0.020445671222314037,0.006070787285662193,0.015581257808386897,0.006070787285662193
827,0.05,5,0,0.23291722624321415,0.11658628563789296,0.10412967692723815,0.07295051092736578,0.11431656447109607,0.08752945297639815
2275,0.05,5,0,0.04186528679526261,0.01803642868570704,0.006910326331158217,-0.010211096365538654,0.011774739745085357,-0.0036158940414856514
329,0.05,5,0,0.05322102920585559,0.020864455639779813,0.027312425668717843,0.012303752816727864,0.02848763312864678,0.011087061539491676
15,0.05,5,0,0.3416928003781549,0.16963734339359673,0.1666480348258748,0.14578660803890256,0.1770700103384214,0.1643591521654449
230,0.05,5,0,0.3270612625030153,0.164254302102014,0.1108007906767633,0.10312373315085198,0.12585209163454836,0.1196944232763109
10,0.05,5,0,0.06599485307612343,0.021605525973491167,0.08090113065518671,0.0498386119360159,0.08669596369387018,0.05423066644119037
140,0.05,5,0,0.02929763885097618,0.015065931140515866,0.01645242497169245,0.014712677550036211,0.012060370466517992,0.00592856853968729
428,0.05,5,0,0.03936302810242159,0.01865444016157412,0.02611824334084156,0.019140179748582446,0.02611824334084156,0.019140179748582446
287,0.05,5,0,0.030012858033912567,0.011990999035850818,0.013463493225080982,-0.008305117651457024,0.012931324037207575,-0.008305117651457024
1127,0.05,5,0,0.579288098344146,0.24854997177294613,0.10894346278810349,0.0606168621913991,0.10830992239175032,0.06437537630022039
2197,0.05,5,0,0.027041580166193818,0.012081368017517004,0.030696912002562603,-0.0016427949658455732,0.03649174504124606,0.007878639766532844
2188,0.05,5,0,0.06440618145955128,0.02664835478835835,0.05778442641862182,0.027933600644363153,0.057323416845747835,0.023080536566314702
822,0.05,5,0,0.06130461579568905,0.03251276164732738,0.04388278824019061,0.03494808705521682,0.04874720165411775,0.0446769138830711
100,0.05,5,0,0.028283736412008407,0.013348308725034782,0.02331624537585641,0.016221281342843,0.02331624537585641,0.016221281342843
26,0.05,5,0,0.07718260832270879,0.04061355369615828,0.04033992243713304,0.020145467783866833,0.04087209162500645,0.020677636971740243
903,0.05,5,0,0.05947793740733642,0.02755818568079856,0.046701997631570034,0.022723728889310783,0.05249683067025349,0.022723728889310783
1803,0.05,5,0,0.05819807081705872,0.02481888551571751,0.04329291259892898,0.015105116239706482,0.05362146964161223,0.017283104668393973
2594,0.05,5,0,0.09632250553715997,0.03226124884654798,0.017610879424388173,0.000340083183083123,0.02716422657189292,0.01944677747809262
2397,0.05,5,0,0.02864516709355768,0.015238406913970723,0.034474603510422724,0.015893323927844708,0.03705791015931507,0.015893323927844705
16,0.05,5,0,0.05796614729003796,0.024300772297066814,0.0433879962382069,0.037841861851933015,0.05201092376095533,0.045849493504631716
2444,0.05,5,0,0.040486526396566976,0.01789303914193207,0.010124637564478331,-0.0002972823419113927,0.0106103367631179,0.0028935924818851485
942,0.05,5,0,0.03368262256330202,0.014412958378807024,0.03906213219132537,0.026725431108497236,0.03906213219132537,0.026725431108497236
304,0.05,5,0,0.02993595207558782,0.012652451339797952,0.011440482055996789,0.00897663410058507,0.011440482055996789,0.00897663410058507
1577,0.05,5,0,0.057458446083475605,0.027216771953909005,0.03572126351397909,-0.0009969497721442622,0.035072076021880436,0.008540750279614998
2134,0.05,5,0,0.2420918493462152,0.1097819922102038,0.1760476587995829,0.11178926027556901,0.19485747386618923,0.13059907534217535
2199,0.05,5,0,0.1265097406806619,0.060004515480544085,0.018538387977846238,0.003393130088260074,0.018538387977846238,-0.0008957867326750309
256,0.05,5,0,0.04564948457074679,0.020539430318338985,0.05000157194502294,0.034039072514343835,0.04936803154866977,0.025254963503994907
2719,0.05,5,0,0.18237345575132408,0.09227460138760953,0.09352631356184744,0.026143207360890167,0.10371320110570535,0.035797925716874665
2463,0.05,5,0,0.047057488259988775,0.02535243244955308,0.0831350840554077,0.02731183479031629,0.0882213421522529,0.026603259848478028
2296,0.05,5,0,0.09955193415528787,0.04469029874313767,0.011703512948091823,0.005800009362162472,0.016095567453266287,0.005800009362162472
425,0.05,5,0,0.03634039755128905,0.016040280835444405,0.01786982318401131,-0.0025196042064158965,0.01786982318401131,-0.0025196042064158965
2985,0.05,5,0,0.033126516504684234,0.013370187297956297,0.02685665779712422,0.006161121759107595,0.03265149083580768,0.006161121759107595
2195,0.05,5,0,0.04687684618678689,0.019273749889737696,0.0431395275728486,0.03184803006617059,0.0537987740254592,0.044108261046088316
1847,0.05,5,0,0.05851716728580632,0.031093124616366603,0.039173659480229314,0.0288371282107399,0.04983290593283991,0.03423371081254045
1629,0.05,5,0,0.05858628523871202,0.03033774466059519,0.011917505536120473,-0.00752978328559006,0.007053092122193332,-0.0075297832855900585
1375,0.05,5,0,0.04862815192602967,0.023496682815196852,0.03031759792902442,0.029316296421465184,0.035071667477384834,0.03494879812243139
1790,0.05,5,0,0.049767716531772886,0.02410981139080211,0.045185869439663406,-0.0019433954200973602,0.045185869439663406,-0.0019433954200973602
1998,0.05,5,0,0.03424748022729216,0.016682503618290944,0.0211468897974671,0.012603408596949913,0.024905403906288384,0.02012043681459248
1352,0.05,5,0,0.07665690681681807,0.032230915248923804,0.030256606812952593,0.005699870898782149,0.03605143985163605,0.005699870898782149
2059,0.05,5,0,0.03800622778573453,0.014657714955927919,0.025465927270467197,-0.01852287410283404,0.025806020155371236,-0.014424267109108713
1738,0.05,5,0,0.10786534156344936,0.05568943727595359,0.012661229026067696,-0.035257670161925325,0.012661229026067696,-0.035257670161925325
161,0.05,5,0,0.05650716496797902,0.025460190479009336,0.038077949016955576,0.02208255816274357,0.042942362430882716,0.02208255816274357
2218,0.05,5,0,0.045803006322782044,0.018893934746088397,0.02586838084178609,0.016548175678271458,0.0264005500296595,0.017612514054018275
1870,0.05,5,0,0.04739303920242905,0.021513416567015844,0.027733207960446513,0.01583221209422765,0.023341153455272056,0.01583221209422765
1513,0.05,5,0,0.09464361550173525,0.04592903430851936,0.0257055055091782,0.009109713084167703,0.02084109209525106,0.009109713084167703
1125,0.05,5,0,0.06027621064558765,0.03338814280492595,0.05296595860965029,0.031422634028460295,0.05343831751840298,0.029151124403304713
305,0.05,5,0,0.045708689236663894,0.02187321662974861,0.016147890223654326,0.0026727278064269805,0.016147890223654326,0.0026727278064269805
566,0.05,5,0,0.07054984272475955,0.02932071086209992,0.05518817972016862,0.02090554660542493,0.060052593134095764,0.02090554660542493
2223,0.05,5,0,0.2574473887038561,0.10733795403351183,0.12175271279065432,0.06709489750613519,0.12807971501721116,0.07342189973269203
833,0.05,5,0,0.05375097016383832,0.027619723139471197,0.018003131816514768,0.008301664657995946,0.02176164592533605,0.015818692875638512
2977,0.05,5,0,0.045349099917667494,0.025515734617894737,0.008850951200642703,0.00031966205345419427,0.009441246525353494,0.005774370792092125
2671,0.05,5,0,0.06266920116942838,0.02823443338049236,0.02848695536053136,-0.02351534972009101,0.02848695536053136,-0.02351534972009101
2301,0.05,5,0,0.029929747133213044,0.015762636385670582,0.04714990766342121,0.026541519336012558,0.049320670562889274,0.023154720136861186
2657,0.05,5,0,0.05597877907696574,0.02650993451092287,0.052839386078153736,0.03770691072626153,0.05882797035459356,0.04316332581482795
918,0.05,5,0,0.04876041846059628,0.024322107264358118,0.04085211706478417,0.02230660882911919,0.05151136351739477,0.03852691347757519
928,0.05,5,0,0.022070524248915268,0.010897122116912551,0.027028724353117928,0.014506007511597472,0.027028724353117928,0.014506007511597472
1626,0.05,5,0,0.07318499969646297,0.03905297443468328,0.04891745776612,0.0009079925660513966,0.05004162862863268,0.0020321634285640766
2847,0.05,5,0,0.029569905599925003,0.01222988078354282,0.050242591817143537,0.013608419690544618,0.056037424855826995,0.013608419690544618
2342,0.05,5,0,0.044352784181493916,0.019189934643590985,0.05893736524250265,0.005516793962824451,0.05893736524250265,0.005516793962824451
1522,0.05,5,0,0.063570644178032,0.025407952333552596,0.06464544943352549,0.04772396624517455,0.06604822796703448,0.04772396624517454
1412,0.05,5,0,0.08204874211790526,0.03865484769776817,0.05318042138379725,0.017055566668247146,0.04649553167170314,0.018521245570148778
1679,0.05,5,0,0.4740255923823101,0.22134222962286748,0.10128724642479217,0.0747255622924404,0.10943781503878791,0.08663464501525742
572,0.05,5,0,0.04504444746529546,0.021973777552532006,0.02735057758749124,0.01947260355460241,0.02444697305378789,0.012178296497874191
1401,0.05,5,0,0.23164485207889246,0.10424879748981579,0.021217594065152785,0.009562805897328256,0.026082007479079926,0.019291632725182535
2194,0.05,5,0,0.03049202139514299,0.013593579736702662,0.014521855773717583,-0.007259326091075553,0.00589892825096916,-0.007259326091075552
2720,0.05,5,0,0.023092100082094967,0.011374327308888751,0.055031699771023554,0.017413290362480627,0.050639645265849104,0.017413290362480627
2068,0.05,5,0,0.14773183980141122,0.06586095211706293,0.08672079986637024,0.07785273699304653,0.09738004631898083,0.0875773794013835
2629,0.05,5,0,0.1292860313151374,0.06661043709371281,0.05605262270932991,0.04715189557635541,0.052294108600508635,0.045485364258385855
2043,0.05,5,0,0.036475825083155326,0.01739049142652636,0.01943281555871048,0.002792658320257324,0.025227648597393938,0.002792658320257324
2416,0.05,5,0,0.02694223510607048,0.012233572830465405,0.007717939675044132,-0.0027710217044192385,0.017336422637331685,0.016000791492730558
1085,0.05,5,0,0.059213996958402106,0.024876265762524066,0.03412355961986047,0.018881125017293107,0.03335624897314085,0.024455635128287113
557,0.05,5,0,0.24529564251804323,0.1181092931685965,0.07186051505280357,0.019726784761283936,0.07765534809148703,0.025521617799967394
834,0.05,5,0,0.04134403476742451,0.019436577902899755,0.07004331786337833,0.034586849782210605,0.07380183197219962,0.034586849782210605
906,0.05,5,0,0.12391851844072599,0.06894785094859812,0.03498733411450412,0.0050762833193978354,0.0361528417079491,0.006241790912842812
694,0.05,5,0,0.032940780752944765,0.015237170895475364,0.04771707724188379,0.03506070358103064,0.04888258483532876,0.03622621117447561
472,0.05,5,0,0.15164395944646697,0.08027221081472614,0.07310413558273823,0.06655777514458554,0.0742696431761832,0.06285886932410337
2337,0.05,5,0,0.06246166649415604,0.02002229155851711,0.04268841361222518,0.016983475044328906,0.04755282702615232,0.016983475044328906
306,0.05,5,0,0.05699979397076098,0.02411159696595289,0.011624441204121469,-0.005173618202716113,0.007879364924261154,0.0006346526649283202
1720,0.05,5,0,0.03335703151196147,0.014034705142581592,0.03608639163343308,0.02198377781371913,0.03608639163343308,0.02198377781371913
2810,0.05,5,0,0.05054528068205663,0.019492976049541384,0.044149166948338064,0.027020044437396584,0.053302497183200306,0.03889813373500686
105,0.05,5,0,0.12866570902196148,0.05020815869200643,0.06750307729628918,0.014702384627052645,0.06750307729628918,0.014702384627052645
1433,0.05,5,0,0.4347765806777959,0.18878480566107309,0.06069608246360636,0.041265638376851814,0.06445459657242765,0.045024152485673104
2273,0.05,5,0,0.038453536499873105,0.017582731806574665,0.02344888887000232,0.014013171074949787,0.02515449904204508,0.01907292561203928
2935,0.05,5,0,0.07897531595382266,0.03824426607766903,0.028773174066018044,0.018868651423721225,0.023908760652090903,0.014607303387069684
1421,0.05,5,0,0.11861646858014216,0.05369489908439603,0.020851796912824502,0.00992884356322803,0.015987383498897362,0.00992884356322803
1407,0.05,5,0,0.09698448137992075,0.046557097405700056,0.029674980277368618,0.016147895622124153,0.019488092733510695,0.007363786611775225
214,0.05,5,0,0.06275571594558897,0.027487638972665866,0.04890418428771781,6.566290499560035e-05,0.04890418428771781,6.566290499560035e-05
2984,0.05,5,0,0.06737291048951305,0.03478994322190771,0.018153302060528894,-0.019696264373420595,0.018153302060528894,-0.019696264373420595
2534,0.05,5,0,0.04948020072461848,0.021259012317024404,0.016664882050670272,0.0025863239404815205,0.01648679586599991,0.011664705674912762
288,0.05,5,0,0.10050199189829245,0.041201838625071145,0.012035664226500136,0.0010090124805488092,0.015895549543801193,0.000899150796038764
2852,0.05,5,0,0.0672400780613646,0.026813197131079356,0.04776185695770215,0.03669907375984054,0.05355668999638561,0.042493906798524
2804,0.05,5,0,0.09784822258969472,0.05264700236939527,0.016018349691707914,0.006134218471544273,0.010223516653024456,0.006134218471544273
388,0.05,5,0,0.0718893265896358,0.03833362170155539,0.0589399296005791,0.025855064477428844,0.05454787509540465,0.016538786279206526
2102,0.05,5,0,0.039965354110579956,0.01987340383270173,0.013746949807726547,0.004284939223299613,0.009845103111947133,-0.003476792789780851
2623,0.05,5,0,0.17636314551131368,0.08272068360841421,0.11138429556750755,0.0878672828168675,0.12586186640806016,0.09809407961305007
264,0.05,5,0,0.05179603548451137,0.022553018643384777,0.020174806160501373,-0.01240732868500024,0.02972815330800612,0.005193449392260893
2365,0.05,5,0,0.04844321993767672,0.021931288046714147,0.048261976428902925,0.0282342005759233,0.052554734378908355,0.03745118221897659
1454,0.05,5,0,0.044413492495043824,0.016399976311566526,0.02558479796507494,0.009035397483939004,0.02934331207389623,0.009035397483939004
578,0.05,5,0,0.04031624737909105,0.017404247788094764,0.01428174816628171,-0.0007152010205850878,0.01428174816628171,-0.0007152010205850878
1625,0.05,5,0,0.3917140017568541,0.18966827577355325,0.1291295498411189,0.11812912202790841,0.13984860657285025,0.1230533457209563
2950,0.05,5,0,0.029116823185829623,0.014607266501967833,0.03340123315525058,0.026888691022165102,0.03919606619393404,0.03268352406084856
1135,0.05,5,0,0.03530403943192415,0.017650093377473614,0.04820974021585018,0.021655433200709562,0.05309242518718415,0.022779604063222242
1517,0.05,5,0,0.04652170561057144,0.023966059930996313,0.03129886598652029,0.025021096483991423,0.04195811243913089,0.025021096483991423
866,0.05,5,0,0.03764318238542799,0.017170071213255915,0.007806021829576636,0.007806021829576636,0.007806021829576636,0.007806021829576636
199,0.05,5,0,0.22684793963359415,0.10668910149051708,0.04848424675214494,0.039060841741288585,0.056614626681123145,0.055851144148121576
228,0.05,5,0,0.13456896027069895,0.065283817943427,0.06267339924080474,0.03690954091779286,0.06870332024817685,0.04240729273729157
29,0.05,5,0,0.0543915705786527,0.027472426138860577,0.07614884151561972,0.04619544836594125,0.07755162004912872,0.04619544836594124
2998,0.05,5,0,0.03396495451019963,0.016250632874241094,0.04502298989765875,0.03466726110029215,0.04988740331158589,0.0386600327021605
1036,0.05,5,0,0.04125490217110629,0.018698770934619698,0.028481380897736056,0.01757345192585634,0.029656588357665,0.01276051431160986
2376,0.05,5,0,0.04443288091226852,0.02133792553330479,0.04053989772218758,0.004989479526722518,0.04053989772218758,0.004989479526722518
1486,0.05,5,0,0.04210846832202182,0.018027119642830883,0.041003609488636794,0.003087780417521613,0.041003609488636794,0.003087780417521613
1951,0.05,5,0,0.06946336599301128,0.024096598497153506,0.05000425069244079,0.03927260329396592,0.053762764801262075,0.04356332752330441
399,0.05,5,0,0.09739156626226082,0.05187958666383729,0.05282225091131071,-0.010518067397272013,0.05768666432523785,-0.005653653983344872
1743,0.05,5,0,0.39359182219306715,0.18471848205469862,0.16825035065697053,0.1561508851643587,0.1764009192709663,0.16430145377835448
2384,0.05,5,0,0.030170119230935124,0.015418370474818942,0.04268369871914946,0.010812523414775121,0.0475481121330766,0.010812523414775121
622,0.05,5,0,0.0651085766084737,0.026592372080530256,0.04134060496506353,0.030722836212518815,0.04134060496506353,0.030722836212518815
2698,0.05,5,0,0.05925879776236398,0.028970526177261924,0.032045797956233135,0.010707262284519459,0.032045797956233135,0.010707262284519459
1004,0.05,5,0,0.058686433631908515,0.029496214524515726,0.045649967098451746,0.026661690240558755,0.051444800137135205,0.026661690240558755
1555,0.05,5,0,0.2645333280857141,0.13506811122076515,0.11738786453685826,0.060810582259629445,0.12952451833325535,0.06489980512627014
2954,0.05,5,0,0.3220833571477792,0.16408480505007217,0.11825787604297423,0.07269382987415263,0.12844476358683216,0.07373459336447569
2649,0.05,5,0,0.09137903670006303,0.04022002559205149,0.044313990582802665,0.00036388346423432694,0.044313990582802665,0.00036388346423432694
2263,0.05,5,0,0.030163729296074467,0.013434308466864131,0.025886300419318796,0.014517849254103094,0.031681133458002254,0.025032297962337947
2008,0.05,5,0,0.2823747833621173,0.13745166064154798,0.08844480560112387,0.06305487176796198,0.08944036104066301,0.06780894131632241
2049,0.05,5,0,0.037368952721869915,0.02068024065491101,0.044047203341743835,0.025200019105302174,0.045171374204256515,0.026324189967814854
1798,0.05,5,0,0.025511844211309778,0.014174326159809776,0.02556876170798716,0.01397486026116379,0.02556876170798716,0.01397486026116379
2261,0.05,5,0,0.06154919278806649,0.03260305311891779,0.029351044550554643,8.112311786039744e-05,0.0351458775892381,8.112311786039744e-05
2974,0.05,5,0,0.02844959748083006,0.014281152685654752,0.031488583927914204,0.029247119790232316,0.031488583927914204,0.029247119790232316
2945,0.05,5,0,0.2470137193765394,0.11595800170152366,0.03555810010173427,0.012069737431782954,0.03619164049808744,0.020853846442131868
2574,0.05,5,0,0.24773740999706426,0.12396407060556892,0.09441736583489163,0.08646745369548665,0.10409565907629992,0.09175369243172049
2878,0.05,5,0,0.08055253429727265,0.038496151219374795,0.06872142063816619,0.03028167794548952,0.07451625367684966,0.030281677945489534
1432,0.05,5,0,0.055201322266708236,0.026010939230981675,0.05557523744526932,0.03217910208575586,0.059865920741964014,0.032711271273629265
1223,0.05,5,0,0.42119904873703257,0.17970341288382835,0.16450346897502238,0.13808757539350083,0.1717205278749899,0.14048354828465984
1335,0.05,5,0,0.07900370790436774,0.02831648226638613,0.05239789185063844,0.03874051859479405,0.06044532278039483,0.04462236669463896
1376,0.05,5,0,0.05737738755485849,0.028149745380427405,0.035414327149020666,0.014227828451794267,0.032831020500128316,0.016036576308076374
2333,0.05,5,0,0.05085827497624047,0.024832285145150852,0.030001375134004023,0.022641628440071344,0.030001375134004023,0.022641628440071344
747,0.05,5,0,0.13562609479924317,0.06973358690360697,0.05447837772346428,0.012505465074883884,0.05008632321828982,0.012505465074883884
1124,0.05,5,0,0.06308076517239172,0.02865884328950547,0.02820093439929609,-0.0019965662538894875,0.02820093439929609,-0.0019965662538894875
1544,0.05,5,0,0.024801118730886584,0.014171896885917067,0.031110798394313577,0.014046345811448965,0.03540148169100828,0.014578514999322376
2680,0.05,5,0,0.16691812853542898,0.09112043361926854,0.022252687308896985,0.0065827537246402265,0.017388273894969844,-0.0031460731032140546
2654,0.05,5,0,0.07979406864381858,0.038946107341362904,0.07116802610146195,0.032342802653586133,0.07116802610146195,0.032342802653586133
168,0.05,5,0,0.06773815821019634,0.032778682644687314,0.02438687247187708,0.017933050138866147,0.02925128588580422,0.017933050138866147
2245,0.05,5,0,0.06403228696538063,0.027010359881817065,0.02573055104671456,0.0032692944604312164,0.02573055104671456,0.0032692944604312164
2471,0.05,5,0,0.03930085505378528,0.0180611091225359,0.05076830021945877,0.018304780465601633,0.05189247108197145,0.019428951328114313
1697,0.05,5,0,0.031730897357412434,0.014981395375256132,0.017535494536036058,-4.471788032770277e-05,0.02615842205878448,0.009110378830294124
2360,0.05,5,0,0.22262934682494942,0.1004836062903341,0.0684260273493717,0.02590449134366679,0.07350356300574551,0.0309820270000406
2171,0.05,5,0,0.07986903995371579,0.043029855232472144,0.04038709268461263,0.00045913528756320876,0.04525150609853977,0.01018796211541749
245,0.05,5,0,0.05021137129516888,0.020134631793530606,0.01032901018461451,-0.01866643808336519,0.012365329114476686,-0.007076772005998273
2214,0.05,5,0,0.03977977218610981,0.019635518824087966,0.02612364960624514,0.01848196289557226,0.023837641338541837,0.0118039001226945
2252,0.05,5,0,0.03965339614026332,0.02257317679566629,0.04786567924373705,0.041831872572774556,0.05366051228242051,0.04610739429111217
1287,0.05,5,0,0.04749957866739054,0.019044881036789665,0.043715919151749674,0.03582730284719582,0.04951075219043313,0.04162213588587928
677,0.05,5,0,0.028051022391795,0.014487634427679032,0.07713832386925681,0.05117950305162869,0.08206234557152307,0.04795295613989921
1562,0.05,5,0,0.15406187456803205,0.06278620726667149,0.08710991444580428,0.06967628166970041,0.09197432785973142,0.06967628166970041
762,0.05,5,0,0.06626537540063765,0.03157922666269562,0.027928973503218206,0.007649292550374831,0.027928973503218206,0.007649292550374831
835,0.05,5,0,0.06481180639373951,0.033333542164556786,0.01509512823770045,0.0035662939991582595,0.01115497746796273,0.004490556643347679
1091,0.05,5,0,0.43083334613340557,0.21725397587086684,0.15858887868333874,0.13730529476789652,0.16784534660244033,0.14395625175987095
2829,0.05,5,0,0.046522177726600174,0.020923666394174704,0.01914114631310969,0.004806283772610163,0.0153826322042884,0.004806283772610165
2874,0.05,5,0,0.13479156237186848,0.07230901716931405,0.019082657058410946,0.0128277514279409,0.01927252305090707,0.017838703429245536
716,0.05,5,0,0.040435750680905,0.018575355761426587,0.05200072932657851,0.03028455556077714,0.05200072932657851,0.03028455556077714
466,0.05,5,0,0.07113006839218287,0.03700314848903887,0.01545158674282128,-0.0029715382675186072,0.01545158674282128,-0.0029715382675186072
2182,0.05,5,0,0.052316575141542906,0.022880689662968585,0.004425692132025261,-0.0016848851528694642,0.00043872128190187987,-0.0008074425890657044
731,0.05,5,0,0.041757561020058995,0.02239890950147614,0.021809843383611527,0.011607249960825848,0.021809843383611527,0.011607249960825848
2323,0.05,5,0,0.08377044572321948,0.039041489977520466,0.015158129590174658,0.002174385827369729,0.014625960402301248,0.0065066300534234595
2717,0.05,5,0,0.04522251132773332,0.021676075390865968,0.015280626462268819,-0.003365902152111244,0.016211046087025137,0.0035884478282071086
2876,0.05,5,0,0.4017452266292028,0.19516004243318585,0.1664566938734106,0.15137555274054765,0.18063718349477847,0.1655560423619155
231,0.05,5,0,0.043920149138387043,0.02004555429338028,0.03606965373020961,0.01832768159271045,0.04239665595676648,0.01885985078058386
2411,0.05,5,0,0.028573465256137548,0.01310430805526586,0.01713759162877019,-0.015088167379889446,0.008514664106021766,-0.015088167379889446
223,0.05,5,0,0.16954888788739017,0.07168604974197264,0.07184401719543623,0.03734505948780812,0.07817101942199309,0.043860031594683595
1690,0.05,5,0,0.02661054675386932,0.013072782974489794,0.05178887661875242,0.03014637440755047,0.05607779343968752,0.03443529122848557
1464,0.05,5,0,0.08416264988960533,0.03636052817674559,0.03238273256327223,0.013839854247171872,0.03817756560195569,0.013839854247171872
675,0.05,5,0,0.05736311726972686,0.024301934946478435,0.06490094617724897,0.04678420639482769,0.06490094617724897,0.04420089974593534
1351,0.05,5,0,0.04791657893964652,0.023841349434438948,0.010724497387824676,-0.002766580552013481,0.011049272283209123,-0.007306219070556173
642,0.05,5,0,0.04148876908801146,0.01885879085992849,0.01139787831032556,0.004801634552237432,0.007639364201504278,0.004801634552237432
1146,0.05,5,0,0.28336357615582203,0.12649530559809058,0.04814441562332306,0.024743388115602005,0.05880366207593366,0.035292290702645876
641,0.05,5,0,0.046413075408562536,0.020851262750095443,0.014279077284266521,-0.010330328851716537,0.006082079047038641,-0.010479896159188033
2978,0.05,5,0,0.1058892507571564,0.06018450989232209,0.03516345728414006,0.016172589896687652,0.040705155685152386,0.016426325621464462
2443,0.05,5,0,0.07289310064324754,0.03937372760213013,0.05520965919448795,-0.0031377734576802374,0.06007407260841509,0.0011944707683734929
1380,0.05,5,0,0.05364579047393747,0.023805543625956264,0.02241059434502864,0.003155999222123798,0.018018539839854176,0.0020281362756350146
2242,0.05,5,0,0.047640251628899045,0.023541820505714645,0.03377454558423743,0.023116739542253725,0.03377454558423743,0.023116739542253725
2122,0.05,5,0,0.04795137783669722,0.01936379365314501,0.05748192604015223,0.03402223429642337,0.06177084286108733,0.03831115111735847
935,0.05,5,0,0.08762407733559761,0.034646458701041404,0.023709739597478015,0.013967359957291594,0.023709739597478015,0.013967359957291594
1170,0.05,5,0,0.03358623661135201,0.015386627317035745,0.052882665682227145,0.019717587739019216,0.048490611177052695,0.01971758773901922
2211,0.05,5,0,0.07928303215337935,0.03264598970346274,0.02915369664635014,0.009934476751459486,0.025395182537528857,0.010466645939332893
2481,0.05,5,0,0.04838185110621933,0.023756047001290827,0.00709230467839065,-0.006952511140549303,0.01775155113100125,0.004637154936817614
2833,0.05,5,0,0.05903599253204656,0.031875833372669804,0.051407309293308806,-0.0010580814681191847,0.04882400264441646,-0.008033442622185992
672,0.05,5,0,0.031247568425275513,0.015531246230531433,0.028897994777088477,0.011940880773278036,0.02836582558921507,0.011940880773278036
2861,0.05,5,0,0.06038647312213699,0.02293320674833293,0.038906308407462564,0.032267009638443755,0.038906308407462564,0.032267009638443755
190,0.05,5,0,0.24970778725522033,0.11854546716403658,0.10358831660246236,0.06454437935952728,0.10358831660246236,0.06830289346834857
1604,0.05,5,0,0.03931386450576109,0.017668533968633184,0.0395532374282328,0.00715827624500337,0.0395532374282328,0.00715827624500337
270,0.05,5,0,0.0560355328688067,0.02863219474417611,0.031199008207626062,0.021746722253097615,0.035489691504320756,0.02926375047074018
1391,0.05,5,0,0.1130081575365704,0.0575026671000356,0.05762094685851976,0.03684544293156988,0.06341577989720322,0.0484351090089368
720,0.05,5,0,0.15650165680927206,0.08775499031836212,0.05412945557159764,0.04984207194794765,0.05841837239253274,0.054130988768882754
211,0.05,5,0,0.042316873208685206,0.021570709961190745,0.05162675092068239,0.030668861929566568,0.054457075069614544,0.024242718159397117
1935,0.05,5,0,0.04446802949784762,0.020081892244711467,0.0587758814726721,0.021821014557040108,0.0587758814726721,0.024404321205932458
2108,0.05,5,0,0.04738212336264852,0.022773503368437364,0.03034668299651082,0.018400364489896886,0.03410519710533211,0.02200173303481991
2924,0.05,5,0,0.04064221628206867,0.017469019423038093,0.05129845291984348,-0.011327936491277939,0.04550361988116002,-0.011327936491277946
2504,0.05,5,0,0.019045805365594724,0.010269008880286316,0.028515799225553726,0.020211631871489555,0.02412374472037927,0.018915624907951428
805,0.05,5,0,0.3231214388045581,0.14410635131195196,0.04670467098338646,0.03214557916328065,0.048642708794040784,0.03533232618405446
2100,0.05,5,0,0.08699133407044408,0.04504933544410403,0.02382916797021069,0.013473819748466929,0.019437113465036234,0.004689710738118007
1166,0.05,5,0,0.05317694426104427,0.024399950198506624,0.043870154582086304,0.02309658086033944,0.045567831363404684,0.02479425764165782
475,0.05,5,0,0.019662592772294107,0.00975762439847529,0.03618039959134377,0.021959677126669446,0.04104481300527091,0.024828424014001312
1925,0.05,5,0,0.032279576000946865,0.016060052682486,0.0256040455950188,0.01549654750760476,0.029996100100193265,0.01549654750760476
2922,0.05,5,0,0.04756362356141346,0.021520215403899683,0.03600197651047615,0.017723168982558768,0.03600197651047615,0.017723168982558768
1039,0.05,5,0,0.05741004492753336,0.030762854240475684,0.03974972789235272,0.025539835425280908,0.040222086801105394,0.031920557408758946
1747,0.05,5,0,0.07926954323998776,0.043618125609589345,0.0671625702288405,0.002863631680512832,0.061367737190157055,0.005116229571585772
2632,0.05,5,0,0.45060782192150123,0.20916565331940284,0.1211203668977415,0.06135654058962661,0.12927093551173724,0.06897494001574894
2836,0.05,5,0,0.0477093352628669,0.026156318093310302,0.0302689787212846,0.005410362412616176,0.030801147909158007,0.0059425316004895826
1299,0.05,5,0,0.039954657360864954,0.021774147608621647,0.015634823243546744,-0.008420259976195402,0.020499236657473885,-0.008420259976195402
2287,0.05,5,0,0.03891710255742586,0.01846853985857757,0.04996053751974193,0.03238022805587648,0.05482495093366907,0.03238022805587648
1565,0.05,5,0,0.05328600869482166,0.025721095703561535,0.03777828400647925,0.026890075990250797,0.04264269742040639,0.026890075990250797
776,0.05,5,0,0.06875039273729772,0.03202795052049699,0.029122692605461555,0.008827776347268446,0.03387676215382197,0.009184072023983761
1430,0.05,5,0,0.041027175318444305,0.020265528755286213,0.027374102109727353,0.010014709314508485,0.031128387442067328,0.01805967794354315
1415,0.05,5,0,0.03547695359586996,0.014319972754813448,0.0035821133458222576,-0.0028125399406487336,0.001525971360769443,-0.0011101678168802583
1206,0.05,5,0,0.13892260522418798,0.06757182732131725,0.11063032273062802,0.07152768046230398,0.12134937946235934,0.08663879169920977
888,0.05,5,0,0.036514347513416805,0.015474236078179557,0.033893609383113685,0.021184309838551574,0.038758022797040825,0.029415591089687897
297,0.05,5,0,0.053628738367444063,0.026368313725099613,0.04368376695964041,0.03449481569778107,0.04854818037356755,0.03449481569778107
336,0.05,5,0,0.06389524657110254,0.031203699677781326,0.014018265689435812,0.004319210380905724,0.005474660230943822,0.00283149344104262
382,0.05,5,0,0.04639955701650293,0.020209591386475958,0.008154203961545967,-0.001944069358202299,0.004395689852724684,-0.001944069358202299
2190,0.05,5,0,0.050451152199810154,0.017101572673593253,0.028588949164924504,0.02388878639399222,0.03052698697557882,0.025970681827409508
2247,0.05,5,0,0.023163331509996905,0.013418312317535883,0.01310174936080381,6.600922284012364e-05,0.02049475229658895,0.006825471762272089
2453,0.05,5,0,0.030846506159432057,0.01494468856927217,0.04926854870190907,0.042081468923524046,0.04634217309863625,0.03837395832034429
882,0.05,5,0,0.029906047902403157,0.015108281348360291,0.020901263803298386,0.014675426782273737,0.024659777912119676,0.01487393904783152
1672,0.05,5,0,0.026699353571174814,0.011780490983971643,0.03009261232053641,0.0031322819317884942,0.02141164099442685,0.0031322819317884942
2976,0.05,5,0,0.09489763562453812,0.04708085171798118,0.005445224754449675,-0.015246687873177664,0.014998571901954416,-0.0012552494504749004
1025,0.05,5,0,0.032315969499987565,0.015950642848841897,0.03292082611957155,0.03206206460142448,0.03667934022839284,0.03206206460142448
67,0.05,5,0,0.06445967463176261,0.03128258929742853,0.05714314435830875,-0.017471346263358,0.05714314435830875,-0.01800351545123141
1122,0.05,5,0,0.06585377974795165,0.032356433392713456,0.004659094094518451,-0.013706891287098788,0.0055277934493394715,-0.002651304388419845
2675,0.05,5,0,0.04121865766759578,0.0181623036910583,0.024190709361214233,-0.009683678405257138,0.029985542399897692,-0.010215847593130548
2529,0.05,5,0,0.045336183368466954,0.024041485998363133,0.052240333512846515,0.023839406110317322,0.052240333512846515,0.023839406110317322
2894,0.05,5,0,0.08238321053909041,0.03762326590932245,0.01402966213332553,0.002698437974680945,0.01889407554725267,0.008005579157787768
1493,0.05,5,0,0.09468170524860271,0.04832770622611737,0.04504037242552369,0.029775345593409677,0.04879888653434498,0.030640465905564802
2164,0.05,5,0,0.050502890710582456,0.02526191303219843,0.005380665139236136,0.0006685320934398248,0.0038758027798654615,-0.0007481730307001833
1830,0.05,5,0,0.11229814821747593,0.04772220419152919,0.024926218686608256,0.01752672532464021,0.02228365474346236,0.017835326708398977
1390,0.05,5,0,0.37137808559589364,0.18421252671668883,0.21554071086904902,0.19203028991977594,0.228635371809507,0.19753891601617896
430,0.05,5,0,0.06890186038271492,0.027721908584316043,0.030963244499803755,0.0034119327252408738,0.02234031697705533,0.0034119327252408738
596,0.05,5,0,0.0508125977744429,0.023693448973630397,0.036420466236655846,0.024358737468732017,0.036420466236655846,0.024358737468732017
2067,0.05,5,0,0.048405189474742684,0.020694179184017263,0.034609343895995154,0.0018020622390551577,0.039473757309922294,0.0018020622390551577
2839,0.05,5,0,0.04217680853017398,0.020392708219037062,0.015450006870001417,0.005340703856125778,0.015450006870001417,0.005340703856125778
526,0.05,5,0,0.0746748063312762,0.030063372113889864,0.01611622987750549,0.00747861988710281,0.02098064329143263,0.00747861988710281
2910,0.05,5,0,0.028139852826046873,0.014908876891840016,0.012487662532069895,0.012005289888130141,0.012487662532069895,0.012005289888130141
2434,0.05,5,0,0.1176567534549601,0.05687738409053843,0.10495091205453784,0.09088911297719438,0.11526268874787889,0.09540605663185196
2391,0.05,5,0,0.11688875353272965,0.05949537716383537,0.03958906855830485,-0.002443883484065705,0.0351970140531304,-0.002443883484065698
2958,0.05,5,0,0.029261197499558418,0.012031036311358176,0.019255365863450356,-0.007143582973952518,0.009636882901162803,-0.007608735701377829
688,0.05,5,0,0.18479604538547267,0.07132202593107397,0.02727822969627523,0.016443918623647826,0.02241381628234809,0.016443918623647826
1162,0.05,5,0,0.04834453846090104,0.022073836751514104,0.01448683828913697,0.0029292055354290802,0.01072832418031568,0.0029292055354290802
2554,0.05,5,0,0.03370745491441261,0.015115673091993739,0.025906991274907473,0.011782128171698325,0.025906991274907473,0.011782128171698325
489,0.05,5,0,0.05076186307205426,0.024557495453736276,0.03281197793817103,0.023479526582969038,0.03281197793817103,0.023479526582969038
1864,0.05,5,0,0.05509113869866867,0.03020192267828366,0.02496376874372562,0.02279773741738032,0.026129276337170597,0.023963245010825297
1461,0.05,5,0,0.31937000409625343,0.16213838096343766,0.13968152264518297,0.08856898179965786,0.14343033688752033,0.09607631015081651
2151,0.05,5,0,0.04889502145250129,0.025009175629419785,0.021531691301681102,0.01203075666826893,0.0321909377542917,0.017427339270069477
1022,0.05,5,0,0.1441949301825756,0.0679361661843746,0.11141126419987853,0.08560087645543828,0.1248480715501081,0.10150851634044243
1988,0.05,5,0,0.033497518425288406,0.014491374643882341,0.03471544128723901,0.02032406543817506,0.026564872673243273,0.012228633858763657
2152,0.05,5,0,0.03500920023483003,0.01694791489043285,0.02865691264470921,0.008407397789841058,0.03445174568339267,0.018491147649459617
2726,0.05,5,0,0.04322460748459765,0.021738259814132792,0.04013006674807969,0.02536953869024254,0.04499448016200683,0.02536953869024254
2350,0.05,5,0,0.028843065278040744,0.014843661872216205,0.030919727497456397,0.014909943342601477,0.03295604642731857,0.014909943342601477
1709,0.05,5,0,0.36977009042801856,0.17125601449244696,0.2597991734513511,0.17325775509757468,0.27860898851795746,0.18661322859754048
1993,0.05,5,0,0.04366824925437595,0.021602757389873464,0.03415776768579894,0.01989871494542116,0.03463012659455161,0.02840823971966581
1582,0.05,5,0,0.04919149965233364,0.02336604275890552,0.024829417580064024,-0.027460713127600192,0.01466433846432958,-0.03726377720014869
1097,0.05,5,0,0.06098929145015341,0.022782556957062196,0.030563083626762962,0.022967649609795228,0.030563083626762962,0.022967649609795228
697,0.05,5,0,0.07129119447563445,0.03379925072162488,0.04433094482184219,-0.032528947481583304,0.04526136444659851,-0.032528947481583304
192,0.05,5,0,0.043970625426941384,0.01979821713426136,0.02023093162119436,0.0001881213980695004,0.022387009599694016,0.0003078804467069804
1009,0.05,5,0,0.059300958658093754,0.030177600139625244,0.04188484509876253,0.007061297785187652,0.04767967813744599,0.007061297785187652
990,0.05,5,0,0.09629958063481917,0.04626998069693829,0.046962246947832964,0.0036968824352126006,0.046962246947832964,0.0036968824352126006
1498,0.05,5,0,0.18915162933804633,0.09868258001031123,0.03180878311886498,0.026233949654247364,0.03127661393099158,0.02340935695139848
851,0.05,5,0,0.0601311469173566,0.029342374001911774,0.026387497010710075,-0.0023288528991383117,0.03218233004939353,-0.0023288528991383117
2715,0.05,5,0,0.057684804857713504,0.02556121952018504,0.05298187859619824,0.01644077059269286,0.0566300488394528,0.023847454944768712
1324,0.05,5,0,0.1706549515699954,0.06189756938651927,0.025880204260074573,0.005705209963236427,0.022121690151253284,0.005705209963236427
2474,0.05,5,0,0.053372929508638284,0.024424944355260905,0.012925283931852667,0.0070810182607313095,0.01339764284060535,0.005419703879208943
791,0.05,5,0,0.04726066985732557,0.021031717268423258,0.0437884525731993,0.025161517076427053,0.04495396016664427,0.026327024669872023
2084,0.05,5,0,0.06414299704204762,0.02465295217662366,0.03521740822608348,0.01368390777927703,0.030825353720909023,0.00913418187891478
2676,0.05,5,0,0.06389176697350453,0.026306933000271905,0.04127880929235092,-0.007102968595792791,0.04127880929235092,-0.007102968595792791
1592,0.05,5,0,0.17925492911510857,0.09332637178634066,0.01709006978133134,-0.01520249187059318,0.018492848314840334,-0.004653589283549309
2837,0.05,5,0,0.04842895392173918,0.023980154936959232,0.013356769350133139,0.008458216818782168,0.01711528345895442,0.015975245036424734
1821,0.05,5,0,0.04127895847806854,0.018350351224457755,0.006291677015647337,-0.012136929854181574,0.001427263601720196,-0.012136929854181572
1489,0.05,5,0,0.10328453829315506,0.0485578314527694,0.031696770773351826,0.011710661217223084,0.030368250322385396,0.00999159083582108
2911,0.05,5,0,0.09331815287655733,0.04479444136516523,0.022502848901403368,0.018853060239102108,0.018744334792582085,0.017235862895480656
275,0.05,5,0,0.21453106258200852,0.08897843245957268,0.04329720070865643,0.03507553343308532,0.0476892552138309,0.03946758793825978
494,0.05,5,0,0.037512463210651714,0.01339454089475013,0.05932193712030433,0.03621615441879511,0.05932193712030433,0.03947523722459602
884,0.05,5,0,0.09138900324972866,0.04695760574796023,0.027811980714069262,0.027811980714069262,0.027811980714069262,0.027811980714069262
1453,0.05,5,0,0.06366040212334678,0.031322961424880474,0.04041770993970745,0.009957972602301628,0.04041770993970745,0.010490141790175038
1109,0.05,5,0,0.08164219871070053,0.03868493510745369,0.011519039953934376,0.010540425890446159,0.015277554062755666,0.012497654017422593
1793,0.05,5,0,0.06109626626327222,0.030953389798187996,0.03561908210006025,0.019607716874713035,0.027468513486064505,0.01960771687471304
2960,0.05,5,0,0.2712417367204465,0.1103878999286826,0.12273782818085395,0.07431784562619105,0.13339707463346454,0.08497709207880164
2685,0.05,5,0,0.08250381857189634,0.04622619977758362,0.07587711722417022,0.021956420411437083,0.07101270381024308,0.025714934520258366
2026,0.05,5,0,0.034786717009163325,0.01625933801335121,0.029891100963393702,0.010903837856251042,0.029891100963393702,0.010903837856251042
1120,0.05,5,0,0.021083446088452223,0.010351105637439764,0.02308140972185996,0.00592231093641786,0.018667093189871812,0.006372407818356851
1849,0.05,5,0,0.034380118418338323,0.016035187435013757,0.02851489184260448,0.00682116267570769,0.027584472217848162,0.00682116267570769
1418,0.05,5,0,0.05380751760770071,0.02665606850617368,0.04426761946236235,0.00932803608037519,0.04426761946236235,0.00932803608037519
2625,0.05,5,0,0.06103582625374077,0.031727831495671155,0.038235401478589504,0.03771759909789407,0.038235401478589504,0.03771759909789407
850,0.05,5,0,0.03921965781240299,0.01818856319621497,0.012664351326414875,0.007063875123439419,0.01177876797619697,0.011042705187148654
2547,0.05,5,0,0.06754442638443406,0.03245723029456961,0.01256785934916476,0.00032338923234679663,0.01256785934916476,0.00032338923234679663
1332,0.05,5,0,0.04744666338425218,0.016714999788548776,0.04315250540062414,0.030319858869355693,0.04368467458849755,0.03343533470612145
1488,0.05,5,0,0.031918068120343,0.016354394425471985,0.054779423138073394,0.032879527877824,0.05038736863289894,0.028473455785721805
844,0.05,5,0,0.05888634289128345,0.02750358345868757,0.031147678870609315,0.01612579143323134,0.031147678870609315,0.01612579143323134
1030,0.05,5,0,0.05809497349755961,0.03185796066016271,0.025018675098373702,-0.012789545496216019,0.019223842059690244,-0.012789545496216019
2901,0.05,5,0,0.35500761235678935,0.17285970578345977,0.10362733199717035,0.1003595593270011,0.11381421954102827,0.11054644687085902
1247,0.05,5,0,0.024219927901921838,0.010473350422702992,0.022192201617674674,0.006419052293124502,0.01843368750885339,0.0064190522931245
1817,0.05,5,0,0.06724763140011149,0.03578663046594759,0.018281145164138247,-0.004292107126475101,0.01540493528749767,0.0006224720140842847
2417,0.05,5,0,0.02913838421594041,0.012752504413531807,0.044027198218898,0.0314124559766753,0.04515136908141068,0.03253662683918798
741,0.05,5,0,0.5114857058928011,0.22034133077917523,0.059445402795167815,0.0022883784990469086,0.058339503490061964,0.009805406716689481
371,0.05,5,0,0.04535875195438155,0.023918975179099886,0.023143820284668413,0.012161861790264841,0.026902334393489703,0.019678890007907415
113,0.05,5,0,0.042361118554139085,0.0205910629949024,0.041467672611366364,0.02257547808748095,0.04522618672018765,0.02257547808748095
2669,0.05,5,0,0.1391405492230175,0.06905210443464774,0.011536138100630724,-0.002909015333685705,0.0055062170932586064,-0.004074522927130682
693,0.05,5,0,0.033909650012250325,0.015216428604693176,0.019700110517345798,0.011009240664979297,0.020824281379858485,0.012133411527491984
1950,0.05,5,0,0.05953006984594111,0.025717894834697327,0.006287089440190737,-0.014040056433215039,0.010045603549012027,-0.014040056433215039
2825,0.05,5,0,0.0688603527552893,0.031610365747689974,0.027252702037494636,0.01651515250360052,0.033047535076178094,0.01651515250360052
1158,0.05,5,0,0.07271320062505082,0.037100507150469156,0.04711514412170824,0.02043032150354754,0.04905009184309064,0.030004823406246196
367,0.05,5,0,0.0653097496735057,0.0345944489369891,0.05008998639141905,0.03480812086401524,0.05384673402448076,0.043429281911004085
680,0.05,5,0,0.3332652208698858,0.16386963420025458,0.06286911673475598,0.05176635413896548,0.06281808013733972,0.05547383165037051
69,0.05,5,0,0.03167128476957779,0.016018040767576628,0.03487328874367557,0.020990189770066447,0.03487328874367557,0.020990189770066447
2525,0.05,5,0,0.18060584815845887,0.08604061535748267,0.05359275602947888,-0.0008067158439117317,0.05938758906816234,0.004988117194771727
2581,0.05,5,0,0.30407188120079665,0.15432820842207123,0.05858682268495684,0.04684191692034974,0.0672677940110664,0.059914942751633754
2701,0.05,5,0,0.03895134784265569,0.018154344141906587,0.017016052615202264,0.008042536807078513,0.021880466029129405,0.014045419069969237
605,0.05,5,0,0.03393358297745973,0.015343261292236324,0.023458772866264025,0.014107993103469158,0.028323186280191166,0.014107993103469158
864,0.05,5,0,0.047977397246312246,0.023448512137081625,0.009833250593052244,0.0041499261298156235,0.009833250593052244,0.0041499261298156235
2209,0.05,5,0,0.03624353652268048,0.018061799900491466,0.014778635331119335,0.005511328566375045,0.019643048745046476,0.010907911168175593
513,0.05,5,0,0.04648594417972677,0.020159133869622346,0.032200630109354283,0.015699341512386056,0.03799546314803774,0.015699341512386056
2414,0.05,5,0,0.05517741561590519,0.0230733439296887,0.009638840023237673,-0.0034762050385168664,0.009638840023237673,-0.0034762050385168664
1667,0.05,5,0,0.0902788232478173,0.04672105331017111,0.08235525299424162,0.05989945604412129,0.08657715335472863,0.06898576981853544
2648,0.05,5,0,0.13327050566493384,0.07107048844938672,0.08736584953683729,0.023781788097276713,0.08537841916240302,0.02555287183166373
2407,0.05,5,0,0.596719491831415,0.2925923157342859,0.16873785876512748,0.04484346264878346,0.17296873178270145,0.04339163306681107
628,0.05,5,0,0.11276646227463609,0.053225191704484004,0.08105915345284964,0.03509076890310614,0.08105915345284964,0.03884928301192743
1537,0.05,5,0,0.06164327372821274,0.025160063887238498,0.015070749783234938,-0.0032408930710317984,0.01882926389205622,0.003989386987797159
1130,0.05,5,0,0.10166822928773647,0.052256821283391,0.07508999990682798,0.05856849397647945,0.08313743083658437,0.06612153935268114
2445,0.05,5,0,0.09723177448676418,0.03739762362474982,0.04646527159944508,0.0397773154572043,0.04646527159944508,0.0397773154572043
2216,0.05,5,0,0.16418634675049212,0.07020001790724761,0.020816430381691516,-0.004462116080779351,0.019886010756935198,-0.004462116080779351
101,0.05,5,0,0.030674832249494417,0.016428343310700082,0.01788893652809664,0.010413257452417396,0.01788893652809664,0.010413257452417396
1445,0.05,5,0,0.058609865910651454,0.0262134696076195,0.009137665138205377,-0.0025421988939546922,0.014002078552132518,0.007186627933899589
549,0.05,5,0,0.5346819697267893,0.25391492390091713,0.13485382150887623,0.057756054274969465,0.13889138781148672,0.053754123038547943
415,0.05,5,0,0.04914126595148691,0.02247075635253381,0.002536088996036426,0.002137751601486021,0.007400502409963566,0.0029344263905868306
1365,0.05,5,0,0.03915172144305125,0.019679260698595703,0.011346953346698122,-0.01152244909285901,0.02200619979930872,0.0024242620814449375
2873,0.05,5,0,0.10268389999600683,0.04970365775641253,0.06006510207885953,0.05249689425904834,0.06440011966295042,0.05181009079153642
1942,0.05,5,0,0.091961172697546,0.04453324242816583,0.011318735498127475,0.005244388512206929,0.016183148912054614,0.007509984206387885
746,0.05,5,0,0.04563800579025256,0.021803925359938504,0.023349974841723492,0.011697901537684402,0.02914480788040695,0.0116979015376844
1428,0.05,5,0,0.11022639690372926,0.058659154326831456,0.046427752828519894,0.02306953959999034,0.043468467000874464,0.015718199267170444
429,0.05,5,0,0.23518906500843895,0.11944240507247351,0.026864439085363356,0.018709421623127633,0.03115335590629846,0.022998338444062738
2749,0.05,5,0,0.05068330392784286,0.023448986634732612,0.01833210848948353,-0.01117967209848398,0.014565449590787573,-0.004287084544569338
1159,0.05,5,0,0.23082036861972238,0.11533466542739595,0.14649201016029595,0.14112562100707096,0.1653018252269023,0.1599354360736773
514,0.05,5,0,0.20583641706254593,0.08782010633970125,0.053105532632636177,0.048513439045602215,0.058900365671319635,0.048513439045602215
1001,0.05,5,0,0.020844663522733908,0.010173157356453242,0.04598037376141324,0.015828713108422286,0.050768329178206464,0.012466099911219768
2383,0.05,5,0,0.027276318043343326,0.012412722235617167,0.038916684790316486,0.01766747586253221,0.034524630285142036,0.017667475862532218
896,0.05,5,0,0.0376925065683348,0.01849658905766175,0.03126049064022075,0.0165395137146021,0.03705532367890421,0.0165395137146021
603,0.05,5,0,0.13463857762833986,0.06963838303297798,0.03495610242150506,0.016300666470398455,0.02633317489875664,0.015109020280499168
424,0.05,5,0,0.049186238299839716,0.0221673470223392,0.02403008318644407,0.014909846082403772,0.02831900000737917,0.015420370836665143
606,0.05,5,0,0.02835237098638118,0.013231656623203834,0.017146100438614736,0.009904678602834399,0.020904614547436026,0.009904678602834399
2970,0.05,5,0,0.03996619701809091,0.018976074549359345,0.023766617989512785,0.009877107603558028,0.023766617989512785,0.009877107603558028
178,0.05,5,0,0.36578126504228065,0.18197594125622632,0.148827385439686,0.110893776331553,0.15954644217141734,0.12161283306328435
2778,0.05,5,0,0.08524980688088617,0.042851787720732344,0.010684939936750442,0.009755054279184671,0.015076994441924906,0.011614825594316213
1219,0.05,5,0,0.04061856873832905,0.017108340638266842,0.0347947795472682,0.01462682551759793,0.03631461424759917,0.011754605712754444
959,0.05,5,0,0.13135648799537353,0.07176253208156447,0.03683191295891112,0.020702769766562087,0.03243985845373666,0.015677174865034456
1684,0.05,5,0,0.03210315582875851,0.016425252922483598,0.018447964809814175,0.010133073742168538,0.022840019314988632,0.010133073742168538
559,0.05,5,0,0.03548395432944982,0.016410025169952134,0.017282510441391757,0.011955511453571245,0.017282510441391757,0.011955511453571245
2667,0.05,5,0,0.04727595597965185,0.024246000066584745,0.014392093507989017,0.0010195282305532315,0.0181506076168103,0.008536556448195797
685,0.05,5,0,0.05690229577215271,0.02084857470586994,0.018431255640098714,0.01004151838469533,0.01896342482797212,0.010522512877761736
1317,0.05,5,0,0.03151491794558417,0.014505276450517815,0.07396264974097617,0.04878320074282255,0.079951234017416,0.05336144619514775
274,0.05,5,0,0.22106860859964766,0.11966901859269374,0.061901430498722376,0.049033152041329665,0.05814291638990109,0.04151612382368709
1165,0.05,5,0,0.0496061081379261,0.022598719654234125,0.0324435320028896,0.013954384422955712,0.0324435320028896,0.013954384422955712
973,0.05,5,0,0.08155622854763278,0.041158038688131456,0.035544772295210865,0.030173177528177546,0.039303286404032155,0.031693396047673246
2485,0.05,5,0,0.09064075097694585,0.04496468062521537,0.013759811223705148,0.007733850217590599,0.023313158371209897,0.019785772229819698
2198,0.05,5,0,0.02331789005893281,0.010907450749036103,0.007365431268019751,-0.006000626869331421,0.012628095118829799,0.0014634914126361274
446,0.05,5,0,0.04325455502566719,0.023058769476744317,0.044392829555493174,0.035720531731770366,0.045558337148938144,0.036886039325215336
2145,0.05,5,0,0.0726358179451554,0.034273847375295804,0.03613728952250625,0.007010331675943171,0.04100170293643339,0.007010331675943171
1742,0.05,5,0,0.08634443099697299,0.045385205659026505,0.01020600011103127,-0.014451204387523276,0.009469423236395397,-0.0070372126481634024
1322,0.05,5,0,0.05511254530241299,0.02120913581892526,0.024372812873387675,0.009401575937423412,0.015651604231431394,0.00995967890187266
2783,0.05,5,0,0.04467270246508841,0.02079707460639481,0.051994982542650725,0.0276307414071007,0.056859395956577866,0.0276307414071007
659,0.05,5,0,0.06317683310344564,0.03003640485509063,0.02153104214430473,0.0014698833603441486,0.026395455558231872,0.007677160038624509
1675,0.05,5,0,0.04375393571679879,0.019555065822226603,0.014521099442402312,-0.010725226109924435,0.011749131974672311,-0.0039438464301496945
2162,0.05,5,0,0.3970563191741074,0.20357525294645842,0.10382203133572886,0.08026602066386822,0.10710818653579746,0.08841658927786396
175,0.05,5,0,0.2712176701523047,0.13400314321430798,0.17778282693193626,0.13505000813976914,0.19478389414226047,0.15580958945891465
1254,0.05,5,0,0.1255059590993734,0.0661615115419019,0.13073946207476922,0.07650095080785402,0.14340828505903971,0.08916977379212451
447,0.05,5,0,0.03093174246261624,0.01571744566802744,0.037496635409146356,0.01719851432028996,0.048155881861756955,0.023036674764092047
1477,0.05,5,0,0.09667064951361783,0.04985096711798437,0.020369414921506804,0.008019567320840549,0.0198372457336334,0.008019567320840552
2055,0.05,5,0,0.05520523491103288,0.027907403815137437,0.05995190143345264,0.016385499203150522,0.06111740902689761,0.017551006796595492
2180,0.05,5,0,0.039928163096285614,0.02205666432803749,0.029941298795187192,-0.0006529965262993542,0.02618278468636591,-0.004411510635120637
1216,0.05,5,0,0.07564237194358012,0.04004293290450028,0.04315409837518756,0.020115608884360803,0.03876204387001311,0.017028214882899965
1193,0.05,5,0,0.169733802842304,0.08195869190908242,0.04989216818502637,0.03133372735058666,0.04989216818502637,0.035092241459407945
943,0.05,5,0,0.030204485838032237,0.014940134781746455,0.013006163327773088,-0.004347665451625023,0.023665409780383687,0.00269857965618623
1192,0.05,5,0,0.06297946759550734,0.027429664775856465,0.01985672662583914,-0.0024505530731877556,0.020388895813712546,-0.0019183838853143488
1215,0.05,5,0,0.07806619207060551,0.03473258022912589,0.026518052045402283,0.00922800780768323,0.02764222290791497,0.010352178670195916
1148,0.05,5,0,0.582835377078395,0.27036894648874604,0.11031228361132778,0.04880634990187268,0.11353862853227564,0.056897108236747686
1427,0.05,5,0,0.041346137850695935,0.02098579864830277,0.018265594027688927,-0.011247865093437604,0.01142168767898585,-0.009468843919392258
2079,0.05,5,0,0.21435892287716243,0.10380834324225088,0.03653214209373519,-0.003204507695676484,0.032140087588560726,-0.003204507695676484
1748,0.05,5,0,0.028864073039451307,0.013364554972352881,0.07318120086116282,0.05428365750294454,0.07434670845460781,0.05544916509638952
558,0.05,5,0,0.037578443080132216,0.018511450696284376,0.05361108087721415,0.03861318211534527,0.059405913915897605,0.043097758479065496
724,0.05,5,0,0.024593151324624217,0.01269147897007432,0.009611090474605021,0.009611090474605021,0.009611090474605021,0.009611090474605021
1145,0.05,5,0,0.04645128538086768,0.020102987774302566,0.02597844991246806,0.0054825160561814065,0.03177328295115152,0.015566265915799966
831,0.05,5,0,0.04397019493797026,0.021515108157318837,0.015165403792050258,-0.0019147427004213586,0.017229402072382036,0.003907769688731704
2054,0.05,5,0,0.05488821107869742,0.02267975477463294,0.018122872920018126,-0.01323874267612379,0.009499945397269702,-0.01323874267612379
2044,0.05,5,0,0.03948257527402571,0.016730246453628073,0.05670621950963606,0.03315962340881025,0.05184180609570892,0.03315962340881025
2222,0.05,5,0,0.032581586844896156,0.016425557164542394,0.0353277911253812,0.02398658075236471,0.030935736620206735,0.01821124497218468
2418,0.05,5,0,0.07208381853348214,0.03896896658186973,0.044594279819688776,0.008614241922116739,0.044594279819688776,0.008614241922116739
380,0.05,5,0,0.1832950205961253,0.08468067078148091,0.13886558728671355,0.11449320693489402,0.1576754023533199,0.1371629073188014
1285,0.05,5,0,0.05812406523361662,0.02209010544978634,0.03710335673374532,-0.006207971022084022,0.04289818977242878,-0.001578645576845547
1288,0.05,5,0,0.028069181980833146,0.013460655383272239,0.012669042094474059,0.008652254829059791,0.018463875133157517,0.011141544654327595
2219,0.05,5,0,0.044851169102888,0.021754890053057616,0.03375890690959999,0.01497805598864943,0.03955373994828345,0.01497805598864943
1746,0.05,5,0,0.028970667277439265,0.013986363534904504,0.04417894863442779,0.023264432798273837,0.04904336204835493,0.023264432798273837
80,0.05,5,0,0.028623865755756848,0.013357831060308016,0.018430128687012545,0.004714189178029798,0.018430128687012545,0.004714189178029798
1045,0.05,5,0,0.03214104576382965,0.015360624558596117,0.01914273938955557,0.005522587449756205,0.01914273938955557,0.005522587449756205
1236,0.05,5,0,0.047731006783095775,0.02348842836121562,0.018361284192191785,-0.007363058772454956,0.01061655692003238,-0.006484858521865939
1055,0.05,5,0,0.060344828129355786,0.029026835697748485,0.072273371220124,0.060600118705991426,0.0765622880410591,0.06488903552692653
915,0.05,5,0,0.03904747143765434,0.018423445710837903,0.034531399600181256,0.013259320797812897,0.034531399600181256,0.013259320797812897
414,0.05,5,0,0.05316258058875579,0.026940104528206364,0.0302479510989601,0.019688743711485664,0.03400646520778139,0.020942342627489903
2184,0.05,5,0,0.028958265919423354,0.013144627229620212,0.03546453495310109,0.011406388126991573,0.030600121539173946,0.009657450549830183
2109,0.05,5,0,0.17656122939794358,0.087664049153497,0.05628003566733168,0.04655742170259089,0.06260703789388854,0.049191422691707926
24,0.05,5,0,0.05074632725876131,0.0247395748848477,0.0231483430109326,-0.009629883635142281,0.027540397516107065,-0.009629883635142281
967,0.05,5,0,0.04568633450278379,0.024451530386285697,0.0338834523407629,0.016249068843506187,0.0338834523407629,0.016249068843506187
1441,0.05,5,0,0.20638501627342926,0.10434984255686842,0.006979825647666865,-0.011263295645372812,0.012774658686350323,0.00032637043199410486
2121,0.05,5,0,0.030289383842705367,0.014347231054777261,0.029940106918765093,0.019881225839935505,0.0304722761066385,0.020413395027808916
1966,0.05,5,0,0.03781785940566733,0.020705221760363355,0.017091969476329315,0.006777643396149603,0.017091969476329315,0.00936095004504195
2267,0.05,5,0,0.036563579779212145,0.017254952060541656,0.057791672705727326,0.028946099247006214,0.053399618200552876,0.020161990236657296
1618,0.05,5,0,0.05500059993103025,0.02279517155188963,0.040391633999953616,-0.0013361795356301442,0.046186467038637075,-0.0013361795356301442
2316,0.05,5,0,0.03207999530800669,0.016581495654500004,0.05802121965716152,0.04202317332913256,0.06381605269584498,0.047336489720299225
841,0.05,5,0,0.06595253636661888,0.030958794124008655,0.03697784997180804,0.008576745056704027,0.0433048521983649,0.008576745056704027
34,0.05,5,0,0.030397608521382267,0.015577299169324457,0.023679759199250743,0.01587021911839802,0.03323310634675549,0.029846399633562504
729,0.05,5,0,0.03443993778275997,0.015249190350361715,0.023755307646976954,0.00661347618890766,0.029550140685660413,0.009825097846533737
2637,0.05,5,0,0.307361843780713,0.1570056272164237,0.2808445431073325,0.1966557429103517,0.2953221139478851,0.19899665995450722
1692,0.05,5,0,0.03336660586755359,0.014871790715725988,0.011783334455841819,-0.0010346684977238872,0.011613279376947925,0.0036596898373093597
614,0.05,5,0,0.04284146056654151,0.01736398394342978,0.020487015906616036,0.005743449980423249,0.014692182867932578,0.005743449980423249
2888,0.05,5,0,0.36753445840705856,0.15493545140194456,0.1922900219992199,0.15431556580331882,0.20963392391783392,0.17165946772193283
2537,0.05,5,0,0.035422083984836386,0.018866774862004602,0.04100241794287175,0.015621344082219935,0.04679725098155521,0.015621344082219935
1765,0.05,5,0,0.04638864916710311,0.02396125753025716,0.048364036025684454,0.0245589427270847,0.048364036025684454,0.0245589427270847
725,0.05,5,0,0.05991964951041686,0.03470681489889538,0.038440079820524886,0.008329193113434608,0.04047639875038706,0.01991885919080153
1890,0.05,5,0,0.4414000869705602,0.22154251465392896,0.1313178155823655,0.10166223045234549,0.13597522062591802,0.10309308858416852
1822,0.05,5,0,0.04220882724732396,0.01997530367447107,0.015488967115523125,-0.013663902796310357,0.014439934040196382,-0.005159588724132358
145,0.05,5,0,0.1634542614141514,0.0824968552140208,0.045915642639100473,0.0368297255928276,0.045915642639100473,0.0368297255928276
2700,0.05,5,0,0.06151928300579208,0.026454041499581332,0.02930440486144535,0.0037332397580116528,0.02227222076853496,0.0062544028126060025
2895,0.05,5,0,0.04964058732340443,0.02251987756952231,0.07198762251390088,0.04856720156557481,0.07339040104740989,0.04856720156557482
445,0.05,5,0,0.14029392403191404,0.06864539105220425,0.02340371644848226,0.013262685055232495,0.029198549487165718,0.013262685055232495
341,0.05,5,0,0.1695976187732237,0.06842339078521623,0.14389115092155919,0.10923133368035032,0.15830891148299106,0.12364909424178219
652,0.05,5,0,0.0679791268848736,0.033511899636343316,0.01807524802824467,-0.0021480564287113153,0.0174417076318915,0.005368971788931264
1492,0.05,5,0,0.12572898719161774,0.06656435129902574,0.07443642256617176,0.018777733450538542,0.08273646818644828,0.022685724565640594
352,0.05,5,0,0.23677844931721534,0.1240721894051477,0.08389871914368167,0.05878573130353483,0.0940856066875396,0.07336467335256722
290,0.05,5,0,0.05565535860787063,0.025366785713046135,0.04139681228709646,0.022627773506107566,0.04139681228709646,0.022627773506107566
2062,0.05,5,0,0.05175330594611558,0.02500281057955341,0.03669515272010648,0.024624274490472556,0.03669515272010648,0.024624274490472556
2772,0.05,5,0,0.2706825529118297,0.10957067858452646,0.08088998515231477,0.05055512357145897,0.08571107116112328,0.05537620958026748
1846,0.05,5,0,0.023218996431331296,0.011398739600803827,0.05889822456774063,0.019585102368921803,0.06741080822492232,0.024339171917282208
9,0.05,5,0,0.6168053464529751,0.2842327152454609,0.14376402217503623,0.04742426204654038,0.15677900420295912,0.05082076111217572
1235,0.05,5,1,0.45286257432752985,0.20828015220900595,0.12250899310132418,0.10707461399616149,0.13172213361530716,0.11623022705599306
1648,0.05,5,1,0.052041243921352266,0.021063415928785974,0.032261201609511625,0.022274151771141008,0.032261201609511625,0.022274151771141008
1607,0.05,5,1,0.056990044949829136,0.029815396898902575,0.023201370446541553,-0.00728890694456661,0.023201370446541553,-0.008413077807079297
1449,0.05,5,1,0.09300687928597243,0.0432375037399865,0.09135916446705376,0.004385528484462942,0.08649475105312662,0.004385528484462942
11,0.05,5,1,0.08417550531178222,0.046761776612029814,0.044526181140235585,0.02491316385973948,0.04410387363687222,0.025023025544249525
1753,0.05,5,1,0.04941330741438389,0.02457614489575543,0.01859708169632586,0.0062078204724100115,0.024391914735009318,0.016922244387754005
2042,0.05,5,1,0.0659830835756522,0.02966731107994974,0.07321415891318162,0.05426307779837458,0.07796822846154203,0.059017147346734994
2939,0.05,5,1,0.06877240694865366,0.02930616146975371,0.03863973636782599,0.018210595926413838,0.03488122225900471,0.018210595926413838
1439,0.05,5,1,0.06736084649274889,0.030543417837435027,0.07694381729793955,0.05617648301419619,0.08015534368773065,0.06750323971845384
2114,0.05,5,1,0.05061715164802817,0.02713141459793835,0.10783508572283299,0.04014668032216022,0.11269949913676014,0.045011093736087374
1368,0.05,5,1,0.0495685449221548,0.023762575421639436,0.008804759167466047,0.002964961580311787,0.004646213929902488,-0.0032600964873852334
1005,0.05,5,1,0.04890617538786793,0.022584016647321556,0.02713680368529213,0.012524830224909295,0.026604634497418723,0.012524830224909295
1713,0.05,5,1,0.33163871313075755,0.150099442704951,0.058591211342423004,0.04730090549133943,0.06720443899868747,0.05104971973367676
385,0.05,5,1,0.04018492472783167,0.02014865784447321,0.01484198133936791,0.000467097402716065,0.009977567925440769,0.000467097402716065
827,0.05,5,1,0.2167446605921282,0.10583796445617241,0.1579477239233444,0.12676855792347203,0.17675753898995075,0.14997042749525283
2275,0.05,5,1,0.03082901538035837,0.014033574717737767,0.014599976365785288,-0.002521446330911583,0.01946438977971243,0.00407375599314142
329,0.05,5,1,0.040743712922157484,0.02044349083688691,0.013058095164362734,-0.0019505776876272453,0.01974298487645684,0.002342413287301736
15,0.05,5,1,0.4069835664810934,0.1864272945118565,0.16061148036415784,0.1397500535771856,0.16986794828325943,0.15715709011028292
230,0.05,5,1,0.31957430870875003,0.14883245214689894,0.0976181545569087,0.08994109703099738,0.11266945551469376,0.1065117871564563
10,0.05,5,1,0.04929583332101949,0.01943415156630095,0.08193361975431539,0.05087110103514458,0.08772845279299886,0.05526315554031905
140,0.05,5,1,0.040948620135073756,0.020903456545492746,0.002021904717626019,0.00028215729596978156,0.002370149787548445,-0.0037616521392822566
428,0.05,5,1,0.018058816740825573,0.009394084839237489,0.02248517735757227,0.015507113765313158,0.02248517735757227,0.015507113765313158
287,0.05,5,1,0.04190467549831179,0.018596767627062763,0.012807773876083652,-0.008960837000454355,0.012275604688210241,-0.008960837000454358
1127,0.05,5,1,0.4869636530354351,0.21832606871487428,0.08600394983187662,0.03767734923517223,0.08537040943552343,0.041435863343993504
2197,0.05,5,1,0.032851308023349304,0.015744278477720076,0.029874026965367638,-0.002465680003040538,0.035668860004051096,0.007055754729337879
2188,0.05,5,1,0.03163290903798444,0.01541253662087595,0.06987504105457389,0.04002421528031522,0.07054465576302225,0.03630177548358912
822,0.05,5,1,0.04157976721625046,0.01912631349716616,0.034153793016493864,0.025219091831520074,0.039018206430421004,0.034947918659374355
100,0.05,5,1,0.03191529839320848,0.01303986823707659,0.013196409681269224,0.006101445648255816,0.013196409681269224,0.006101445648255816
26,0.05,5,1,0.08433614303533733,0.041845740128640146,0.007729197344124311,-0.012465257309141895,0.007729197344124311,-0.012465257309141895
903,0.05,5,1,0.028758429895805283,0.014529101906958494,0.045605269956290016,0.021627001214030765,0.05193227218284688,0.02215917040190417
1803,0.05,5,1,0.036541078804569666,0.017100532999529572,0.04179832696187957,0.013610530602657076,0.0411647865655264,0.004826421592308144
2594,0.05,5,1,0.04329286059213096,0.020580466872734227,0.018510485502098398,0.0012396892607933474,0.028063832649603146,0.020346383555802844
2397,0.05,5,1,0.04459821478399194,0.01985243367923262,0.03741638767114383,0.018835108088565814,0.039999694320036173,0.01883510808856581
16,0.05,5,1,0.054749772587652006,0.02306460467785142,0.03691607609573501,0.03136994170946113,0.04553900361848344,0.03937757336215983
2444,0.05,5,1,0.06441346981223323,0.025067833789237104,0.0026124973215642423,-0.007809422584825481,0.006371011430385532,-0.0013457328508472196
942,0.05,5,1,0.04110699924293643,0.020517662659563975,0.04223955315489425,0.029902852072066114,0.04223955315489425,0.029902852072066114
304,0.05,5,1,0.02518788057126893,0.010552791192284592,0.01646724110281705,0.014003393147405332,0.01646724110281705,0.014003393147405332
1577,0.05,5,1,0.07039207028227965,0.03747382844002537,0.041850988815592204,0.00513277552946885,0.033486636896533806,0.006955311154268368
2134,0.05,5,1,0.23783961424358246,0.10240888629805045,0.11174266708497389,0.04748426856096001,0.12078741993002898,0.056529021406015095
2199,0.05,5,1,0.12847874135417953,0.057815428301026886,0.03638003274745001,0.021234774857863847,0.04066894956838511,0.021234774857863844
256,0.05,5,1,0.09491390021614643,0.03197941565092926,0.06751611529775665,0.051553615867077546,0.0668825749014035,0.04276950685672863
2719,0.05,5,1,0.21736824537821017,0.11284669177846648,0.07654352372317515,0.00916041752221787,0.08673041126703306,0.01881513587820237
2463,0.05,5,1,0.05707792120609375,0.027446159598574365,0.06880215861257866,0.012978909347487244,0.07459699165126212,0.012978909347487244
2296,0.05,5,1,0.09333254894248375,0.042760261904981035,0.006339718389643492,0.0004362148037141411,0.010731772894817956,0.0004362148037141411
425,0.05,5,1,0.03515990067185129,0.017940022982881082,0.029979168330209523,0.009589740939782317,0.029979168330209523,0.009589740939782317
2985,0.05,5,1,0.05981436311725731,0.02665536227225984,0.02959468311116943,0.008899147073152806,0.03538951614985289,0.008899147073152806
2195,0.05,5,1,0.046391102391511174,0.02104162034995203,0.04637693682043369,0.03508543931375568,0.057036183273044286,0.047345670293673404
1847,0.05,5,1,0.06444298916135043,0.03301761376848277,0.018213636198929052,0.007877104929439641,0.02887288265153965,0.013273687531240188
1629,0.05,5,1,0.08334467026821483,0.04056730823496524,0.0026800338424029565,-0.016767254979307575,0.007544447256330097,-0.007038428151453294
1375,0.05,5,1,0.045381544842075135,0.023457522156837305,0.03926242607336603,0.0382611245658068,0.04505725911204949,0.044934389757096044
1790,0.05,5,1,0.06263634542861615,0.03212667941479113,0.024172769271968833,-0.022956495587791934,0.024172769271968833,-0.022956495587791934
1998,0.05,5,1,0.03128486835852217,0.013778814297610374,0.02140445528563003,0.012860974085112841,0.020344298650064832,0.015559331558368927
1352,0.05,5,1,0.06960318353785158,0.029777837632173114,0.02939505690437942,0.0048383209902089774,0.03518988994306288,0.0048383209902089774
2059,0.05,5,1,0.05665306498717519,0.020103863477658697,0.021193810353756164,-0.022794991019545074,0.016903127057061464,-0.023327160207418485
1738,0.05,5,1,0.09990771609458156,0.05292161751887373,0.015709010191948036,-0.03220988899604499,0.015709010191948036,-0.03220988899604499
161,0.05,5,1,0.055455443222872665,0.023708970510684796,0.0341267333848507,0.018131342530638694,0.03899114679877784,0.018131342530638694
2218,0.05,5,1,0.030156058684615756,0.014191703726133325,0.025870715751504944,0.016550510587990314,0.030735129165432085,0.02194709318979086
1870,0.05,5,1,0.04894692309743018,0.02222025745328245,0.02847561603398165,0.016574620167762785,0.024083561528807192,0.016574620167762785
1513,0.05,5,1,0.11234150572415398,0.05855547227649334,0.0040883328583319715,-0.012507459566678526,0.008952746272259112,-0.0027786327388242445
1125,0.05,5,1,0.07160904855607832,0.038056994492618235,0.06441581348710138,0.04287248890591139,0.06488817239585407,0.0406009792807558
305,0.05,5,1,0.053942186277724166,0.029055409348621948,0.04041548955116836,0.026940327133941015,0.04041548955116836,0.026940327133941015
566,0.05,5,1,0.047439789118100505,0.023152831013786884,0.057525813776667295,0.0232431806619236,0.06667914401152954,0.027532097482858703
2223,0.05,5,1,0.2954623440132203,0.12032527219594975,0.12619927547639914,0.07154146019188001,0.13685852192900974,0.08220070664449061
833,0.05,5,1,0.03637045851258864,0.016293415363441942,0.014801230285900805,0.005099763127381984,0.012658528271009464,0.006715575221311925
2977,0.05,5,1,0.04866073041114179,0.023354117144495007,0.011332786804531009,0.0028014976573425,0.006468373390603868,0.0028014976573425
2671,0.05,5,1,0.05619363506620849,0.024462273871518628,0.04528747391270582,-0.006714831167916546,0.045819643100579226,-0.006182661980043143
2301,0.05,5,1,0.0450779622963344,0.02297568578764879,0.039691082549856885,0.01908269422244823,0.0444451520982173,0.01827920167218921
2657,0.05,5,1,0.06989303388153081,0.03868515921374279,0.07393890978394933,0.05880643443205713,0.08309224001881159,0.06742759547904598
918,0.05,5,1,0.042226800350202286,0.02138421415511995,0.042700528425400924,0.02415502018973594,0.05335977487801152,0.040375324838191944
928,0.05,5,1,0.037192410869803044,0.0173141227938766,0.027187929840500665,0.01466521299898021,0.027187929840500665,0.01466521299898021
1626,0.05,5,1,0.07299895204639817,0.03971531244534486,0.04009225636967462,-0.007917208830393985,0.04125776396311959,-0.006751701236949015
2847,0.05,5,1,0.02474396378373928,0.012221573844117635,0.05123798727673756,0.014603815150138644,0.05703282031542102,0.014603815150138644
2342,0.05,5,1,0.03842455242152432,0.017568420550331972,0.0506564272527012,-0.002764144026977,0.0506564272527012,-0.002764144026977
1522,0.05,5,1,0.04700831759138684,0.020512164876903896,0.060941350978176344,0.044019867789825404,0.062344129511685345,0.044019867789825404
1412,0.05,5,1,0.05812121650011083,0.027703258065537913,0.06580657197780931,0.02968171726225921,0.06321356546243301,0.035239279360878645
1679,0.05,5,1,0.4457417251841832,0.20705434009790702,0.10590634728149671,0.07934466314914494,0.11405691589549247,0.09125374587196197
572,0.05,5,1,0.03321009813052164,0.017086043740013577,0.03021433633061799,0.02233636229772916,0.029580795934264815,0.017312119378351115
1401,0.05,5,1,0.21068999207733236,0.09682269528099008,0.03420445761963717,0.022549669451812637,0.03906887103356431,0.03227849627966692
2194,0.05,5,1,0.03805749824060962,0.017465075436994423,0.015433196030256589,-0.006347985834536548,0.006810268507508165,-0.006347985834536546
2720,0.05,5,1,0.0334963313869311,0.01593853885488854,0.06143141359254327,0.02381300418400034,0.05703935908736882,0.02381300418400034
2068,0.05,5,1,0.15490004624278697,0.06947969680553433,0.05831246165857092,0.04944439878524721,0.06897170811118153,0.05916904119358421
2629,0.05,5,1,0.1263078865601003,0.059397257995345426,0.03939028197220394,0.030489554839229438,0.03563176786338265,0.028823023521259872
2043,0.05,5,1,0.0637647016192394,0.02703851687259544,0.015247363640005965,-0.001392793598447191,0.021042196678689423,-0.001392793598447191
2416,0.05,5,1,0.04030535088137057,0.01610836624896676,0.006266246758902687,-0.004222714620560683,0.01588472972119024,0.014549098576589115
1085,0.05,5,1,0.0601406060471559,0.02472321225648027,0.03942377286510502,0.02418133826253765,0.040087655157495156,0.03118704131264142
557,0.05,5,1,0.20710820589872853,0.10249643279668129,0.025642114200407642,-0.02649161609111199,0.02676628506292033,-0.0253674452285993
834,0.05,5,1,0.0379724911159232,0.020106828637320353,0.0837504870075316,0.04829401892636387,0.08863317197886557,0.04941818978887655
906,0.05,5,1,0.12381220497821716,0.06782907718036786,0.044896677933083676,0.014985627137977388,0.04606218552652865,0.016151134731422365
694,0.05,5,1,0.04221163938606638,0.017763544865802016,0.025447581075551225,0.01279120741469808,0.025447581075551225,0.01279120741469808
472,0.05,5,1,0.13938663944116994,0.07383098330544652,0.03240057868685627,0.025854218248703577,0.027536165272929132,0.016125391420849296
2337,0.05,5,1,0.020472026982569277,0.010071353708997992,0.05275203334474042,0.027047094776844145,0.05761644675866756,0.027047094776844145
306,0.05,5,1,0.025848944984285162,0.01403409296525067,0.015849476886115474,-0.0009485825207221077,0.017885795815977643,0.01064108355664481
1720,0.05,5,1,0.033669043976995015,0.01495893208247947,0.03814139450783438,0.02403878068812043,0.03814139450783438,0.02403878068812043
2810,0.05,5,1,0.03651144560312455,0.01657216581748816,0.04731158135852834,0.030182458847586857,0.05334150236590045,0.038937138917707004
105,0.05,5,1,0.09849678826233794,0.037242473721139494,0.07911915398489583,0.02631846131565929,0.07965132317276924,0.026850630503532702
1433,0.05,5,1,0.44182364595493595,0.1844622122557018,0.060235541178555785,0.04080509709180124,0.06399405528737707,0.04456361120062253
2273,0.05,5,1,0.05079990074481891,0.022635061149683475,0.03227030798742728,0.022834590192374743,0.034098001932514874,0.028016428502509075
2935,0.05,5,1,0.07106076917869474,0.03513556751686546,0.017405793094848097,0.0075012704525512786,0.022270206508775238,0.012968749243754019
1421,0.05,5,1,0.07299366612119769,0.03698710665789762,0.029843779842043398,0.018920826492446925,0.024979366428116257,0.018920826492446925
1407,0.05,5,1,0.10991661321819962,0.06141176497691175,0.03809859330716994,0.024571508651925478,0.02791170576331202,0.01578739964157655
214,0.05,5,1,0.05445705242830834,0.02448123001324445,0.05913810271578379,0.01029958133306158,0.059670271903657195,0.010831750520934984
2984,0.05,5,1,0.07186858244611805,0.03740719918499843,0.009736124041413816,-0.028113442392535673,0.009736124041413816,-0.028113442392535673
2534,0.05,5,1,0.05736690404847625,0.023472026331330713,0.022481338408405695,0.008402780298216943,0.01823922311561313,0.013417132924525982
288,0.05,5,1,0.10435565573079468,0.045465590706719114,0.006295323477829667,-0.00473132826812166,0.010155208795130724,-0.004841189952631705
2852,0.05,5,1,0.06532130413089854,0.026049801259600425,0.05250911541432254,0.04144633221646093,0.058303948453005995,0.047241165255144386
2804,0.05,5,1,0.09583995911146909,0.050693565800487374,0.006775254332792718,-0.0031088768873709233,0.012570087371476177,0.008480789189995994
388,0.05,5,1,0.056975060345713466,0.02809741808984394,0.04294723855431162,0.009862373431161364,0.039087353237010576,0.0010782644208124498
2102,0.05,5,1,0.04065049106362472,0.020300363308309272,0.02262952234842467,0.013167511763997736,0.01876963703112362,0.005447741129395636
2623,0.05,5,1,0.16301963939796563,0.0816107836502606,0.11868897091167967,0.09517195816103961,0.13212577826190924,0.10435799146689916
264,0.05,5,1,0.046486278405257694,0.020874022692664904,0.014006801095834236,-0.018575333749667376,0.013011245656295113,-0.011523458259450114
2365,0.05,5,1,0.033638830860319054,0.017750230177954476,0.024298961837245083,0.004271185984265458,0.025520995378158207,0.010417443218226446
1454,0.05,5,1,0.03539117679511835,0.01688212078838154,0.0272132846956805,0.010663884214544565,0.03097179880450179,0.010663884214544565
578,0.05,5,1,0.055076020682525144,0.023002596543327647,0.016125316811839985,0.0011283676249731877,0.016125316811839985,0.0011283676249731877
1625,0.05,5,1,0.4134723572733872,0.20064056555402968,0.1115490108828603,0.10054858306964981,0.12173589842671823,0.10494063757482427
2950,0.05,5,1,0.02289911818952723,0.01073933580714242,0.02068028652981603,0.014167744396730556,0.021845794123261007,0.015333251990175533
1135,0.05,5,1,0.027660862410603747,0.014462085371905848,0.0533438716024049,0.02678956458726428,0.06139130253216129,0.031078481408199382
1517,0.05,5,1,0.035766047194642756,0.0185714789672661,0.032770452042567094,0.026492682540038226,0.04342969849517769,0.026492682540038226
866,0.05,5,1,0.03835492431421415,0.01959287583865813,0.012224652186019421,0.012224652186019421,0.012224652186019421,0.012224652186019421
199,0.05,5,1,0.2714773710502659,0.1353069332790848,0.06348820208280831,0.054064797071951956,0.07367508962666623,0.07291160709366466
228,0.05,5,1,0.10323669984791004,0.055226196110289484,0.05630550723901319,0.030541648916001307,0.06116992065294033,0.034873893142055044
29,0.05,5,1,0.05594989004007971,0.022224282161342417,0.07590731611700495,0.04595392296732648,0.07911884250679606,0.047762670823608584
2998,0.05,5,1,0.05219169344543971,0.02097026310469198,0.03168204644904339,0.021326317651676786,0.03654645986297053,0.02531908925354514
1036,0.05,5,1,0.042352133710963816,0.02018446677674642,0.021855772104700858,0.010947843132821142,0.0230309795646298,0.006134905518574662
2376,0.05,5,1,0.030612639968455306,0.011686701556229275,0.03195630935730298,-0.00359410883816208,0.03195630935730298,-0.00359410883816208
1486,0.05,5,1,0.04586586135060575,0.018141432434276246,0.053982365709602964,0.016066536638487783,0.053982365709602964,0.016066536638487783
1951,0.05,5,1,0.04345843182681543,0.01783326842068806,0.02648308191652089,0.015751434518046014,0.024909898709768435,0.014710461431810772
399,0.05,5,1,0.09328426686627712,0.04992268801285689,0.03708118848723796,-0.026259129821344762,0.03708118848723796,-0.026259129821344762
1743,0.05,5,1,0.444981741443972,0.18929330677590053,0.1614557782755059,0.14935631278289407,0.17013851607737507,0.15803905058476325
2384,0.05,5,1,0.03593150141868148,0.018921856346964798,0.048817774826501306,0.016946599522126966,0.05368218824042845,0.016946599522126966
622,0.05,5,1,0.03885380257643104,0.019612461190631227,0.03809806687036654,0.027480298117821825,0.03809806687036654,0.027480298117821825
2698,0.05,5,1,0.06422559968445457,0.03251906406467334,0.022884051192695265,0.0015455155209815885,0.022884051192695265,0.0015455155209815885
1004,0.05,5,1,0.07465642503425708,0.030466776629975083,0.03602852721322856,0.017040250355335566,0.041823360251912016,0.017040250355335566
1555,0.05,5,1,0.2789093148402083,0.14166039414540602,0.11885369082881325,0.062276408551584436,0.13152251381308375,0.06689780060609854
2954,0.05,5,1,0.29914835997378686,0.15049021565500076,0.08172569311147405,0.03616164694265245,0.09191258065533196,0.03720241043297549
2649,0.05,5,1,0.06614402784356437,0.030273347649484927,0.029886243227421116,-0.014063863891147221,0.029886243227421116,-0.014063863891147221
2263,0.05,5,1,0.0495023227697061,0.021614731382008416,0.00965789683938497,-0.0017105543258307317,0.015452729878068429,0.008803894382404124
2008,0.05,5,1,0.2446339110437813,0.12026365660455013,0.08708119540534195,0.06169126157218007,0.08814376730532919,0.06651234758098859
2049,0.05,5,1,0.04324017726802468,0.02308986369339988,0.05114932873426792,0.03230214449782626,0.052314607496628016,0.033467423260186355
1798,0.05,5,1,0.031500828459303756,0.016982705149299615,0.02144756615768428,0.00985366471086091,0.02144756615768428,0.00985366471086091
2261,0.05,5,1,0.06801998034872812,0.030531421821288943,0.06731756363819341,0.038047642205499166,0.07311239667687687,0.038047642205499166
2974,0.05,5,1,0.04381989585543836,0.0202458489703829,0.03611548168498402,0.03387401754730213,0.03611548168498402,0.03387401754730213
2945,0.05,5,1,0.2208138361904275,0.09570938423553504,0.047485639254455925,0.02399727658450461,0.056168377056325075,0.0408305830003695
2574,0.05,5,1,0.22636974377246513,0.12343785123182964,0.09449680626093546,0.08654689412153048,0.10897437710148808,0.09663241045690865
2878,0.05,5,1,0.08894342014476044,0.03655348312814353,0.053744479156614046,0.015304736463937374,0.059539312195297504,0.015304736463937374
1432,0.05,5,1,0.04566593628889674,0.01914224607084727,0.0366153310342307,0.013219195674717243,0.04037384514305199,0.013219195674717243
1223,0.05,5,1,0.3669365552857224,0.15688158451050524,0.15101701859319638,0.12460112501167483,0.15778114685427339,0.12654416726394332
1335,0.05,5,1,0.07652881218334343,0.03268560338528803,0.058925228386868825,0.04526785513102444,0.06847857553437356,0.05265561944861769
1376,0.05,5,1,0.04997926117565486,0.022539340415188402,0.0421290666347959,0.020942567937569503,0.03954575998590355,0.02275131579385161
2333,0.05,5,1,0.06267547841884125,0.034652031521480296,0.04132058820702372,0.03396084151309104,0.04132058820702372,0.03396084151309104
747,0.05,5,1,0.17366211520388375,0.08391238551176582,0.05387836905388263,0.011905456405302231,0.049486314548708166,0.011905456405302231
1124,0.05,5,1,0.040268218732607934,0.020181054961161994,0.015591468238309297,-0.01460603241487628,0.01505929905043589,-0.015138201602749687
1544,0.05,5,1,0.04266269401200132,0.01998525378086656,0.038871947525010164,0.021807494942145553,0.043162630821704864,0.022339664130018963
2680,0.05,5,1,0.15937080944901338,0.0845246435893256,0.01752519169629539,0.0018552581120386304,0.012660778282368248,-0.00787356871581565
2654,0.05,5,1,0.056391946528930044,0.0221042248274353,0.07719304168630042,0.03836781823842461,0.07772521087417383,0.03889998742629802
168,0.05,5,1,0.04871549544874889,0.024866600895804784,0.02482026505750166,0.018366442724490728,0.0296846784714288,0.018366442724490728
2245,0.05,5,1,0.08954354642069541,0.04341115317212534,0.03934754502294551,0.016886288436662168,0.03934754502294551,0.016886288436662168
2471,0.05,5,1,0.03163161455303056,0.013696346441120624,0.04962930407395194,0.0171657843200948,0.04962930407395194,0.0171657843200948
1697,0.05,5,1,0.04450149979886548,0.02067667441096237,0.02016352414152175,0.0025833117251579905,0.028786451664270175,0.011738408435779817
2360,0.05,5,1,0.23469256686290638,0.10093218741587436,0.03334087719783592,-0.009180658807868988,0.03762979401877102,-0.004891741986933887
2171,0.05,5,1,0.07254072458668329,0.039454216521618846,0.015164499035344857,-0.024763458361704564,0.014589002442352821,-0.02047454154076946
245,0.05,5,1,0.04189195646160088,0.021712679716868685,0.017058213643412083,-0.011937234624567618,0.024909659422389152,0.005467558301914192
2214,0.05,5,1,0.0279161701777559,0.01330457420444965,0.025871978994093995,0.018230292283421115,0.022945603390821172,0.010911862174973835
2252,0.05,5,1,0.051536884418579954,0.02282398598170366,0.04064560161104916,0.03461179494008666,0.04644043464973262,0.03888731665842428
1287,0.05,5,1,0.022537643974033978,0.011039739426415566,0.05242624631350758,0.04453763000895372,0.058221079352191035,0.05033246304763718
677,0.05,5,1,0.02578519820866595,0.013485504976168343,0.05284988505934632,0.026891064241718197,0.05641540372806035,0.022306014296436485
1562,0.05,5,1,0.16809839452288594,0.07604385985764989,0.09910012809579881,0.08166649531969494,0.10884722648105993,0.08654918029102893
762,0.05,5,1,0.08273893882789878,0.04028975587072514,0.039939500049083455,0.01965981909624008,0.04106367091159614,0.020783989958752767
835,0.05,5,1,0.053688887441763866,0.02866609768847293,0.037095317393500006,0.025566483154957815,0.04195973080742715,0.03529530998281209
1091,0.05,5,1,0.4607132924798809,0.22535586645734496,0.12852107683416222,0.10723749291872002,0.1389017156157765,0.11501262077320712
2829,0.05,5,1,0.04137236898787851,0.01473389039813179,0.027388506165514075,0.013053643625014549,0.023629992056692792,0.013053643625014556
2874,0.05,5,1,0.16158499222322306,0.08838025785069575,0.035262274248478165,0.02900736861800812,0.035262274248478165,0.033828454626816634
716,0.05,5,1,0.04832397469393998,0.019445068274007424,0.051862413116271044,0.030146239350469676,0.051862413116271044,0.030146239350469676
466,0.05,5,1,0.06712855564869794,0.035610357713105355,0.02338929851224232,0.004966173501902434,0.02338929851224232,0.004966173501902434
2182,0.05,5,1,0.08672812853709312,0.0387216911709466,0.008856721363196329,0.0027461440783016038,0.006750798100937285,0.005504634229969701
731,0.05,5,1,0.04198264076449131,0.020867597841795545,0.023814265628080197,0.013611672205294518,0.023814265628080197,0.013611672205294518
2323,0.05,5,1,0.07134608447654514,0.027223822607068515,0.0020237081573699564,-0.010960035605434973,0.0032557060022999004,-0.004863624346577888
2717,0.05,5,1,0.046865611981268894,0.022699123883065928,0.014415322615631075,-0.004231205998748988,0.015345742240387393,0.0027231439815693648
2876,0.05,5,1,0.3618363156050762,0.17606156294847744,0.1257997413211422,0.11071860018827923,0.13877139594394644,0.12369025481108348
231,0.05,5,1,0.04586528123062965,0.022068243344146855,0.032359589738913494,0.014617617601414334,0.03762225358972354,0.014085448413540924
2411,0.05,5,1,0.01667453596913144,0.007839739982229183,0.017820676383872844,-0.014405082624786791,0.009197748861124419,-0.014405082624786793
223,0.05,5,1,0.17637477633035478,0.07502323241913042,0.03657922939444271,0.0020802716868146,0.04237406243312617,0.008063074605816678
1690,0.05,5,1,0.06923909106138787,0.02499509502381782,0.04656465675779797,0.02492215454659602,0.04773016435124294,0.02608766214004099
1464,0.05,5,1,0.05796312953850765,0.027283696609621717,0.03790847609903342,0.019365597782933057,0.043703309137716875,0.019365597782933057
675,0.05,5,1,0.060217575590620714,0.022704955235291556,0.06849304249521755,0.05037630271279628,0.06961721335773023,0.04891716692641661
1351,0.05,5,1,0.05373850150712428,0.027421635557296112,0.031226619460205426,0.01773554152036727,0.03609103287413257,0.01773554152036727
642,0.05,5,1,0.037098976026346764,0.01898478538915237,0.015022857887163166,0.008426614129075038,0.015517390813147385,0.01267966116388054
1146,0.05,5,1,0.23749231985095998,0.10811522027795445,0.023987874179011014,0.0005868466712899562,0.03464712063162161,0.011135749258333827
641,0.05,5,1,0.0697414095517374,0.033682384611711726,0.006739286176606983,-0.017870119959376075,0.008775605106469159,-0.0077863700997575155
2978,0.05,5,1,0.10640349641254825,0.058502623894358376,0.029948435923150336,0.010957568535697928,0.035743268961833795,0.01146443889814587
2443,0.05,5,1,0.06839256962550773,0.03582179094617369,0.03332924511621149,-0.025018187535956693,0.03332924511621149,-0.025550356723830103
1380,0.05,5,1,0.08098868951802131,0.034647830913892126,0.020658547745636097,0.0014039526227312554,0.016266493240461633,0.00027608967624247194
2242,0.05,5,1,0.039706274998804,0.020834099351575548,0.02515565556607092,0.014497849524087211,0.026279826428583605,0.015622020386599898
2122,0.05,5,1,0.05420564079876435,0.021713865108840776,0.04885806786580971,0.02539837612208085,0.05002357545925468,0.02656388371552582
935,0.05,5,1,0.07319094156884502,0.03361543858389647,0.023100930314656314,0.013358550674469892,0.023100930314656314,0.013358550674469892
1170,0.05,5,1,0.042611742019471696,0.016414097892824032,0.06547533808312182,0.03231026013991389,0.06108328357794737,0.03231026013991389
2211,0.05,5,1,0.07109092527140981,0.03166042637677499,0.006748098325779765,-0.012471121569110889,0.009974443246727641,-0.004954093351468323
2481,0.05,5,1,0.061060949015474625,0.03165581416171088,0.014206655951531304,0.000161840132591351,0.014997550512628417,0.0018831543184447824
2833,0.05,5,1,0.08756490937995524,0.03891011344421,0.05215351806953436,-0.0003118726918936304,0.053859128241577126,-0.0029983170250253294
672,0.05,5,1,0.058757347435000086,0.022834907440361582,0.03506017017975309,0.01810305617594265,0.034528000991879686,0.018103056175942652
2861,0.05,5,1,0.08032040413079063,0.02973081924733256,0.03922904663881743,0.032589747869798624,0.03922904663881743,0.032589747869798624
190,0.05,5,1,0.2641654771847836,0.1266164558230863,0.09674693851322494,0.05770300127028987,0.09674693851322494,0.061461515379111153
1604,0.05,5,1,0.026740369468147496,0.012934521915877314,0.07456454870681095,0.04216958752358152,0.07931861825517136,0.04692365707194193
270,0.05,5,1,0.0322749653687483,0.015126409675307099,0.029260695547203182,0.019808409592674735,0.033551378843897875,0.0273254378103173
1391,0.05,5,1,0.12101218963926702,0.05336319035811238,0.046649290346096606,0.025873786419146727,0.052444123384780064,0.037463452496513644
720,0.05,5,1,0.12394447080824474,0.06997968271128154,0.0320227863465819,0.02773540272293191,0.0320227863465819,0.02773540272293191
211,0.05,5,1,0.035741598123997326,0.017385967617012863,0.05912731733610968,0.03816942834499386,0.05959967624486236,0.02938531933464493
1935,0.05,5,1,0.049672540259541695,0.027148783228830083,0.051461129476547574,0.014506262560915584,0.05199329866442098,0.017621738397681337
2108,0.05,5,1,0.05664970201842765,0.026497846322301497,0.0271557606374641,0.015209442130850164,0.03091427474628539,0.01881081067577319
2924,0.05,5,1,0.041470882561384086,0.019091976965424105,0.05560293013298379,-0.007023459278137627,0.049808097094300334,-0.007023459278137634
2504,0.05,5,1,0.02654976935081304,0.011224141859973188,0.0248894039854192,0.016585236631355027,0.02049734948024474,0.0152892296678169
805,0.05,5,1,0.3028830655243928,0.12785455615258934,0.034106246873325335,0.01954715505321953,0.027166499316927585,0.013856116706941268
2100,0.05,5,1,0.09212154595259213,0.044176577031724625,0.023560376301309433,0.01320502807956567,0.019168321796134976,0.004420919069216749
1166,0.05,5,1,0.053463715432727606,0.02629111195733454,0.032859849184772624,0.01208627546302576,0.032859849184772624,0.01208627546302576
475,0.05,5,1,0.0459546938967436,0.019185618551316064,0.034419968506321216,0.020199246041646895,0.03928438192024836,0.02306799292897876
1925,0.05,5,1,0.044751668170287556,0.024178954325717317,0.023379043060855555,0.013271544973441515,0.02777109756603002,0.013271544973441515
2922,0.05,5,1,0.03500118246081131,0.01780655170438932,0.020996612004545445,0.0027178044766280607,0.020996612004545445,0.0027178044766280607
1039,0.05,5,1,0.058316741543991094,0.03326757060421338,0.061748700884571274,0.04753880841749947,0.052492232965469676,0.04419070357312323
1747,0.05,5,1,0.05099846053673776,0.027318477103348223,0.09503624364916495,0.030737305100837276,0.09503624364916495,0.03878473603059367
2632,0.05,5,1,0.48730284921871964,0.22214702394428856,0.12870393261857976,0.06894010631046488,0.1368545012325755,0.0765585057365872
2836,0.05,5,1,0.0577901629807468,0.03049761417343075,0.028956577114786785,0.004097960806118361,0.028956577114786785,0.004097960806118361
1299,0.05,5,1,0.04807278568862547,0.020462410352938176,0.032313717151515584,0.008258633931773438,0.041467047386377826,0.012547550752708539
2287,0.05,5,1,0.04888649567506772,0.02433049225954124,0.07119898447016824,0.053618675006302796,0.08035231470503049,0.0579075918272379
1565,0.05,5,1,0.04127581275425895,0.017884705530795013,0.022148048978961377,0.011259840962732923,0.027012462392888518,0.011259840962732925
776,0.05,5,1,0.0551524229651948,0.025328569771637537,0.011139116623168344,-0.009155799635024765,0.01589318617152876,-0.008799503958309446
1430,0.05,5,1,0.03207669756878669,0.013691861184015245,0.041904148182471755,0.024544755387252887,0.05165124656773286,0.03858253706920868
1415,0.05,5,1,0.05267238622458424,0.024880361881568197,0.006520293628986162,0.00012564034251517052,0.002761779520164872,0.00012564034251517052
1206,0.05,5,1,0.1338731198002974,0.0639224500678534,0.133389791622895,0.09428714935457096,0.15219960668950136,0.11748901892635179
888,0.05,5,1,0.05593620446644687,0.02118732910565696,0.03872715832151384,0.02601785877695173,0.04359157173544098,0.03424914002808806
297,0.05,5,1,0.05379125513738415,0.022781212230108497,0.03687109560558674,0.027682144343727403,0.04173550901951388,0.027682144343727403
336,0.05,5,1,0.07967439296711151,0.03711552490485882,0.02196626337962025,0.012267208071090163,0.012709795460518647,0.010066628670617445
382,0.05,5,1,0.03843100718681582,0.016237139587732468,0.005877318387343497,-0.004220954932404769,0.002118804278522214,-0.004220954932404769
2190,0.05,5,1,0.057191637264060007,0.019421716060312188,0.009102153682236713,0.004401990911304429,0.011040191492891031,0.006483886344721718
2247,0.05,5,1,0.0545780843542968,0.025571594097331323,0.01238559538766541,-0.0006501447502982767,0.020536164001661163,0.006866883467344303
2453,0.05,5,1,0.03950570325918563,0.01915859874821084,0.01993007070685256,0.012742990928467535,0.016381702766886382,0.008413487988594426
882,0.05,5,1,0.03446964353459136,0.01759162619246985,0.02480035498876255,0.018574517967737902,0.02855886909758384,0.018773030233295684
1672,0.05,5,1,0.04047591612654441,0.019257848529121185,0.030109115237100373,0.003148784848352456,0.027196271639155285,0.00891691257651693
2976,0.05,5,1,0.08837670151815587,0.0443256444147837,0.00800851860527712,-0.01268339402235022,0.010044837535139295,-0.006208983817290022
1025,0.05,5,1,0.031233326828575332,0.014808744576945445,0.01637596362632022,0.015517202108173155,0.02013447773514151,0.015517202108173155
67,0.05,5,1,0.06003654393564113,0.030865516164648187,0.08217756341346266,0.007563072791795911,0.08646824671015735,0.011321586900617187
1122,0.05,5,1,0.07831569321061009,0.039327031246170006,0.011590397118585866,-0.0067755882630313735,0.0026892559126403676,-0.005489841925118949
2675,0.05,5,1,0.03879663559320255,0.01943226003286717,0.06278534152908492,0.028910953762613552,0.06911234375564179,0.028910953762613552
2529,0.05,5,1,0.05449541652263395,0.028684647905171622,0.05012524364502524,0.021724316242496048,0.05124941450753792,0.022848487105008728
2894,0.05,5,1,0.0769733011788534,0.033339745138081016,0.016734395819517925,0.0054031716608733404,0.020106974948973094,0.009218478559508192
1493,0.05,5,1,0.07891184140490388,0.03362710636682687,0.022077449774614788,0.006812422942500776,0.018318935665793505,0.00016051503701332986
2164,0.05,5,1,0.0409845481964089,0.020576700401491968,0.013293572413580375,0.008581439367784063,0.004037104494478777,-0.0005868713160868677
1830,0.05,5,1,0.09352528035019024,0.033563471506415296,0.020621119126812984,0.013221625764844938,0.025485532540740125,0.02103720450567674
1390,0.05,5,1,0.34245440709983055,0.15989519481047632,0.2333566504202459,0.2098462294709728,0.24673364749135474,0.2156371916980267
430,0.05,5,1,0.029258989989926328,0.014283594947850567,0.02234618391570503,-0.00520512785885785,0.013723256392956608,-0.00520512785885785
596,0.05,5,1,0.06300255728698358,0.0287085831599921,0.038077041106271636,0.026015312338347807,0.038077041106271636,0.026015312338347807
2067,0.05,5,1,0.03989221715868539,0.017532535874200846,0.03558646399437218,0.0027791823374321845,0.04045087740829932,0.0027791823374321845
2839,0.05,5,1,0.04170146013786268,0.02112963843869435,0.022911865988803456,0.012802562974927817,0.022911865988803456,0.012802562974927817
526,0.05,5,1,0.06580726414733606,0.02372744236574616,0.014840662744987961,0.00620305275458528,0.019705076158915102,0.00620305275458528
2910,0.05,5,1,0.03208812037281957,0.016990524463842117,0.013176814089696395,0.01269444144575664,0.013176814089696395,0.01269444144575664
2434,0.05,5,1,0.1369689296948932,0.06502146070903979,0.1338596320947979,0.11979783301745443,0.14506586626643866,0.12520923415041174
2391,0.05,5,1,0.15684608447500661,0.07606764781332084,0.027131147878039785,-0.014901804164330772,0.027667695419225462,-0.009973202117970637
2958,0.05,5,1,0.05517650890032671,0.023648610105254913,0.012938813821804639,-0.013460135015598236,0.0034875824597152064,-0.013758036142825426
688,0.05,5,1,0.11723483306016695,0.039825500514379976,0.037491021692738075,0.02665671062011067,0.04080374813197106,0.0348338504732708
1162,0.05,5,1,0.05936798738575531,0.029235380917655325,0.019696075614563976,0.008138442860856087,0.023454589723385266,0.015655471078498667
2554,0.05,5,1,0.04087231525672895,0.018325206289836436,0.04571385004952466,0.03158898694631551,0.04687935764296963,0.03275449453976048
489,0.05,5,1,0.06974332995024203,0.03431333998469395,0.033499935303357375,0.02416748394815538,0.033499935303357375,0.02416748394815538
1864,0.05,5,1,0.040979926895321234,0.022656400587017976,0.02626790077281481,0.02410186944646951,0.02626790077281481,0.02410186944646951
1461,0.05,5,1,0.2810358213481967,0.13825361363890756,0.10896691762843755,0.05785437678291245,0.1115502242773299,0.06419619754062608
2151,0.05,5,1,0.043710181559533316,0.022725792516501576,0.024102106472161725,0.014601171838749552,0.034761352924772324,0.0199977544405501
1022,0.05,5,1,0.13415112929313386,0.06301221656599011,0.07964495007192447,0.05383456232748422,0.08885809058590745,0.06551853537624178
1988,0.05,5,1,0.041600914368030935,0.021179866019875312,0.02205079102892259,0.007659415179858641,0.01390022241492685,-0.00043601639955276675
2152,0.05,5,1,0.027965589469521848,0.0118475215342492,0.03056757781199987,0.010318062957131717,0.03636241085068333,0.020401812816750277
2726,0.05,5,1,0.03720211308765929,0.017866232972587888,0.011248621329944048,-0.003511906727893097,0.01611303474387119,-0.0035119067278930986
2350,0.05,5,1,0.022630109595619025,0.012326056235704218,0.02532792351332229,0.00931813935846737,0.03002885308031252,0.011982749995595426
1709,0.05,5,1,0.31806216606768767,0.1612411733081762,0.19424328688535247,0.10770186853157604,0.2130531019519588,0.12105734203154184
1993,0.05,5,1,0.03343313707116049,0.013682619893046356,0.026465301909299157,0.01220624916892138,0.02693766081805184,0.020715773943166038
1582,0.05,5,1,0.029116023204954374,0.014238197540144869,0.028173005321772866,-0.02411712538589135,0.026770226788263872,-0.025157888876214396
1097,0.05,5,1,0.05406044093337366,0.021601898733324465,0.02532293302366528,0.017727499006697546,0.02532293302366528,0.017727499006697546
697,0.05,5,1,0.07544485315447365,0.035644714214150185,0.07074036645420778,-0.006119525849217711,0.0716707860789641,-0.006119525849217711
192,0.05,5,1,0.032932539462234206,0.015269998560067664,0.020735415153206406,0.0006926049300815459,0.02277173408306858,0.0006926049300815459
1009,0.05,5,1,0.03434392597791259,0.019916512147215355,0.05268138820312249,0.01785784088954761,0.058476221241805945,0.01785784088954761
990,0.05,5,1,0.10548701262854732,0.04966235461914191,0.044197402617956905,0.0009320381053365412,0.044197402617956905,0.0009320381053365412
1498,0.05,5,1,0.18391976124997372,0.09514648884470163,0.049119724578789825,0.04354489111417221,0.044255311164862685,0.03638805418526959
851,0.05,5,1,0.06330159530414245,0.026635411043094158,0.03184457006094509,0.0031282201510967056,0.03763940309962855,0.0031282201510967056
2715,0.05,5,1,0.05292288094173831,0.02423996656942406,0.042752334009224235,0.006211226005718856,0.042811942297563355,0.010029348402879265
1324,0.05,5,1,0.1206614583902866,0.05206135593478497,0.01306413556595229,-0.0071108587308858565,0.009305621457131,-0.0071108587308858565
2474,0.05,5,1,0.06466226612445822,0.03114745368195739,0.02106826555648667,0.01522399988536531,0.021540624465239352,0.013562685503842944
791,0.05,5,1,0.03420929683017966,0.01611882085267684,0.04673866770936863,0.028111732212596385,0.04673866770936863,0.028111732212596385
2084,0.05,5,1,0.06808623720302304,0.02747759864788591,0.036622350096250575,0.015088849649444128,0.03223029559107611,0.010539123749081867
2676,0.05,5,1,0.0482666431712872,0.024556757564887708,0.025874742007437748,-0.022507035880705965,0.025874742007437748,-0.022507035880705965
1592,0.05,5,1,0.22199084543193742,0.11088477632663385,0.023014695935826966,-0.009277865716097553,0.02441747446933596,0.0012710368709463182
2837,0.05,5,1,0.03899969407026823,0.01780249060156546,0.0038322332909687847,-0.001066319240382186,0.004051925920997689,0.0029118874984680014
1821,0.05,5,1,0.034111587364551325,0.014784011479373036,0.018587336175860877,0.00015872930603196694,0.023451749589788018,0.00988755613388625
1489,0.05,5,1,0.08659221933046599,0.043353588520885396,0.035883854530919315,0.015897744974790573,0.037173424020909354,0.01679676453434504
2911,0.05,5,1,0.11309017105435233,0.05509826982946142,0.035863252634463515,0.03221346397216225,0.039621766743284804,0.03811329484618338
275,0.05,5,1,0.24193400799922518,0.09909361538054104,0.050649869284746796,0.04242820200917568,0.05673960057123964,0.048517933295668524
494,0.05,5,1,0.054221321106219106,0.020160070148129906,0.051150628372769305,0.028044845671260085,0.04856732172387696,0.028720621828168657
884,0.05,5,1,0.09474325360023969,0.04938934381471653,0.022119413893614045,0.022119413893614045,0.022119413893614045,0.022119413893614045
1453,0.05,5,1,0.07922155829729259,0.03810220478009228,0.047289612547006046,0.016829875209600227,0.047289612547006046,0.017362044397473637
1109,0.05,5,1,0.1076889458648094,0.04882542349202596,0.00042470582365082554,-0.0005539082398373918,0.004183219932472115,0.0014033198871390429
1793,0.05,5,1,0.05841837403032624,0.030860943281013926,0.020424796170911957,0.004413430945564744,0.01227422755691621,0.004413430945564744
2960,0.05,5,1,0.25596640884037897,0.09876893133149674,0.09991584096620039,0.05149585841153749,0.10624284319275724,0.057822860638094345
2685,0.05,5,1,0.08179838561460426,0.04019432349006516,0.04487811885784608,-0.009042577954887054,0.03625519133509766,-0.009042577954887054
2026,0.05,5,1,0.04518016017855365,0.024520738200300762,0.015806189291912794,-0.003181073815229866,0.015806189291912794,-0.003181073815229866
1120,0.05,5,1,0.044861795910631205,0.021998977748242696,0.013925606841476524,-0.0032334919439655774,0.018790020255403665,0.006495334883888704
1849,0.05,5,1,0.026272729698712107,0.011351454493471897,0.020980046939976536,-0.0007136822269202536,0.031639293392587135,0.010875983850446663
1418,0.05,5,1,0.052556125341332874,0.029006784399955236,0.0666064479561086,0.031666864574121434,0.06773061881862127,0.032791035436634114
2625,0.05,5,1,0.05015869390796556,0.023369316794293972,0.031052748850793673,0.030534946470098242,0.031052748850793673,0.030534946470098242
850,0.05,5,1,0.05412585448418723,0.020018601369130574,0.009356531435677624,0.0037560552327021678,0.012726105416189615,0.0119900426271413
2547,0.05,5,1,0.05692362479811441,0.027504475475770864,0.015531743999893925,0.0032872738830759616,0.015531743999893925,0.0032872738830759616
1332,0.05,5,1,0.028344101089683736,0.012381816506708096,0.04144207173332197,0.028609425202053524,0.04197424092119538,0.03172490103881928
1488,0.05,5,1,0.036025659493908624,0.016252407729131772,0.043194756348881494,0.021294861088632096,0.038802701843707044,0.016888788996529906
844,0.05,5,1,0.045174285190232075,0.02324586096149782,0.02576613978586217,0.010744252348484196,0.02576613978586217,0.010744252348484196
1030,0.05,5,1,0.062080076105876916,0.031755971580702584,0.032311500084170344,-0.005496720510419377,0.027048836233360293,-0.00496455132254597
2901,0.05,5,1,0.3265324150595149,0.16984064209319458,0.082616623521718,0.07934885085154875,0.08700867802689247,0.08374090535672321
1247,0.05,5,1,0.01713088136544819,0.008486293929224925,0.026453574414011877,0.010680425089461706,0.022695060305190595,0.010680425089461704
1817,0.05,5,1,0.06305750142135198,0.03088476228998342,0.03142478077763339,0.00885152848702004,0.022168312858531793,0.0073858495851184085
2417,0.05,5,1,0.03385651406398392,0.016284167670901042,0.040223312783269405,0.02760857054104671,0.040223312783269405,0.02760857054104671
741,0.05,5,1,0.49413784097616664,0.23026547684373128,0.0785426304305836,0.021385606134462692,0.07367821701665644,0.02514412024328396
371,0.05,5,1,0.037316511135093273,0.019765393206497357,0.018292225991741604,0.007310267497338032,0.022050740100562894,0.014827295714980605
113,0.05,5,1,0.041243633904963724,0.019211527688219085,0.056759948571869785,0.03786775404798437,0.060518462680691075,0.03786775404798438
2669,0.05,5,1,0.1370804053437972,0.0696344207040586,0.03367161018045703,0.0192264567461406,0.03796052700139214,0.02837978698100285
693,0.05,5,1,0.05051401594594853,0.020672869154041023,0.029798516466784913,0.021107646614418413,0.034087433287720015,0.025396563435353514
1950,0.05,5,1,0.04637829222782833,0.023244292114232623,0.008428633612008954,-0.011898512261396823,0.012187147720830243,-0.011898512261396823
2825,0.05,5,1,0.040165599080713134,0.018381833037048642,0.04560511956697133,0.034867570033077215,0.05139995260565479,0.034867570033077215
1158,0.05,5,1,0.06293948173636389,0.034133586878536196,0.05260066228381231,0.025915839665651613,0.054003440817321315,0.03495817238047687
367,0.05,5,1,0.09665160077786165,0.04372801493803779,0.01612498550057408,0.0008431199731702647,0.01126057208664694,0.0008431199731702647
680,0.05,5,1,0.311980493241318,0.16462985806058522,0.043665732621082747,0.032562970025292244,0.044299273017435914,0.0369550245304667
69,0.05,5,1,0.03790735129335526,0.01952906976990172,0.045031760927890074,0.031148661954280954,0.045031760927890074,0.031148661954280954
2525,0.05,5,1,0.1602513735226187,0.08302488619465818,0.019040815651400696,-0.035358656221989915,0.019040815651400696,-0.035358656221989915
2581,0.05,5,1,0.3047937961984216,0.14940546834648513,0.10181201862780523,0.09006711286319813,0.11199890617166315,0.1046460549122305
2701,0.05,5,1,0.04768616043884926,0.020054614486845593,0.02252110356606966,0.013547587757945909,0.0273855169799968,0.01955047002083663
605,0.05,5,1,0.04175232671505863,0.01909047060040354,0.022849844434720882,0.013499064671926015,0.027714257848648022,0.013499064671926015
864,0.05,5,1,0.06057352419746873,0.027492209714004127,0.009675872001879537,0.003992547538642916,0.009675872001879537,0.003992547538642916
2209,0.05,5,1,0.031068402620333443,0.014845701700816897,0.02489141503149794,0.01562410826675365,0.02975582844542508,0.021020690868554195
513,0.05,5,1,0.02724486875935042,0.012307441486947708,0.04258319199194885,0.02608190339498062,0.04837802503063231,0.02608190339498062
2414,0.05,5,1,0.05497664941429657,0.023267741912924515,0.010874632596568292,-0.002240412465186248,0.010874632596568292,-0.002240412465186248
1667,0.05,5,1,0.07617936895892165,0.04122235208133192,0.09101690307730298,0.06856110612718264,0.09101690307730298,0.07342551954110979
2648,0.05,5,1,0.13714802101770265,0.07167027530959875,0.09047943245898288,0.0268953710194223,0.09047943245898288,0.030653885128243588
2407,0.05,5,1,0.6149371722799696,0.2861092079053985,0.1639533045994393,0.040058908483095276,0.16818417761701324,0.03860707890112286
628,0.05,5,1,0.11281843666589937,0.05462492127361875,0.07422658147481448,0.028258196925070977,0.07422658147481448,0.03201671103389227
1537,0.05,5,1,0.049189926201873256,0.019469292549111117,0.015020760036150719,-0.003290882818116018,0.011262245927329436,-0.003577630976929624
1130,0.05,5,1,0.13668320776520926,0.07277198670807591,0.05078645815604445,0.03426495222569592,0.055710479858310714,0.038694588374407486
2445,0.05,5,1,0.11548725081143728,0.04254982249981929,0.041967668442925044,0.03527971230068427,0.041967668442925044,0.03527971230068427
2216,0.05,5,1,0.1430721595948155,0.06021485035244579,0.014726988440179688,-0.010551558022291178,0.025386234892790287,0.0010381080550757385
101,0.05,5,1,0.025451799662964063,0.01405054528990968,0.024383156671514913,0.01690747759583567,0.024383156671514913,0.01690747759583567
1445,0.05,5,1,0.037128557433448055,0.01550719549808211,0.0039433584585129855,-0.007736505573647084,0.000921054955414155,-0.005894395662818774
549,0.05,5,1,0.5487661121399908,0.25982412408387856,0.13650090156437847,0.0594031343304717,0.13961637740114421,0.05447911262820544
415,0.05,5,1,0.04779910518493753,0.021129626731830838,0.001692613754512337,0.0012942763599619322,0.0031717996594148035,-0.0012942763599619322
1365,0.05,5,1,0.052034175089532314,0.020389889847464718,0.009159511552187319,-0.013709890887369812,0.017475772862011504,-0.0021061648558522786
2873,0.05,5,1,0.055422876228889154,0.024488909829713766,0.027231955826289726,0.019663748006478535,0.03741884337014764,0.024828814498733642
1942,0.05,5,1,0.06024775975426705,0.03238497826895789,0.012459909004788484,0.006385562018867938,0.017324322418715624,0.008651157713048896
746,0.05,5,1,0.02752806339267022,0.012793549277471275,0.030153756439974838,0.018501683135935747,0.0359485894786583,0.018501683135935747
1428,0.05,5,1,0.12237300149243265,0.06087619838725853,0.03819493491641439,0.014836721687884833,0.03607208782699521,0.008321820093291191
429,0.05,5,1,0.20294175202331888,0.10817129881552556,0.0303574019798702,0.02220238451763448,0.035097805757248884,0.026942788295013162
2749,0.05,5,1,0.04788272150570492,0.01887473704264345,0.016444401219271383,-0.013067379368696126,0.010585456960666186,-0.008267077174690725
1159,0.05,5,1,0.24977238588613002,0.11758473724888141,0.12961988931928387,0.12425350016605888,0.1440974601598365,0.1387310710066115
514,0.05,5,1,0.20402224954368192,0.09028782364721663,0.04749546713083388,0.042903373543799916,0.053290300169517336,0.042903373543799916
1001,0.05,5,1,0.03204511296815881,0.014473270651579431,0.05124368929270234,0.02109202863971138,0.05792857900479644,0.019626349737809745
2383,0.05,5,1,0.04107440673100177,0.015695826316473947,0.03712516797081179,0.015875959043027518,0.03273311346563734,0.015875959043027525
896,0.05,5,1,0.04461514708555327,0.02298678067125538,0.04466193405074838,0.029940957125129723,0.050456767089431837,0.029940957125129723
603,0.05,5,1,0.11838428002215912,0.06077057867634021,0.04558917984182533,0.026933743890718724,0.04129849654513064,0.030074341926873166
424,0.05,5,1,0.03751304754448253,0.016965961280702276,0.019924160294363953,0.010803923190323656,0.024656425048083387,0.01175779587736936
606,0.05,5,1,0.018075260683929485,0.009532379912172633,0.018546745160279193,0.011305323324498856,0.022305259269100482,0.011305323324498856
2970,0.05,5,1,0.04989759343726096,0.019750562919251084,0.026799139925696536,0.01290962953974178,0.026799139925696536,0.01290962953974178
178,0.05,5,1,0.3271329108608829,0.17236430357363217,0.11436820017145258,0.0764345910633196,0.1250872569031839,0.08715364779505091
2778,0.05,5,1,0.09522707052013228,0.0453022433875078,0.004687364127670995,0.0037574784701052237,0.009079418632845459,0.005617249785236766
1219,0.05,5,1,0.04143162705724156,0.01875780641513134,0.03062573880501943,0.010457784775349158,0.028042432156127083,0.003482423621282354
959,0.05,5,1,0.1258261455432679,0.0654056481874278,0.04139073634900657,0.02526159315665754,0.04173607105181995,0.024973387463117745
1684,0.05,5,1,0.042800196233775956,0.019080201991984895,0.01094833740867084,0.0026334463410252022,0.015340391913845296,0.0026334463410252022
559,0.05,5,1,0.05205899967279227,0.02152452898341162,0.029555041506782814,0.024228042518962302,0.029555041506782814,0.024228042518962302
2667,0.05,5,1,0.04802697867241833,0.023946661674570085,0.015970215850740956,0.0025976505733051707,0.020260899147435653,0.01064684797882115
685,0.05,5,1,0.051754570498807544,0.023431878924092948,0.018558677145148233,0.010168939889744849,0.01909084633302164,0.010649934382811255
1317,0.05,5,1,0.03499223361964938,0.015045818099318455,0.08487344968577988,0.05969400068762626,0.09402677992064212,0.06743699209837388
274,0.05,5,1,0.23863983692146293,0.11661833223680282,0.049118299832548284,0.036250021375155574,0.04652529331717198,0.029898500750957978
1165,0.05,5,1,0.03503360614053089,0.016782169813196357,0.040584473980206676,0.022095326400272786,0.040584473980206676,0.022095326400272786
973,0.05,5,1,0.08177028693861806,0.03736701598447746,0.012614759330579648,0.007243164563546331,0.01637327343940094,0.008763383083042033
2485,0.05,5,1,0.0949796879387427,0.042854095320989605,0.02144571043034002,0.01541974942422547,0.03099905757784477,0.02747167143645457
2198,0.05,5,1,0.043803551402292425,0.020559444525770965,0.008434467309409027,-0.004931590827942145,0.009390042485906372,-0.0017745612202872997
446,0.05,5,1,0.025906397929377163,0.011292198395854993,0.03787151643486242,0.029199218611139614,0.03787151643486242,0.029199218611139614
2145,0.05,5,1,0.07012571877783161,0.034930142722314844,0.022943305810266792,-0.006183652036296287,0.027807719224193932,-0.006183652036296287
1742,0.05,5,1,0.07567958074251416,0.03829993429875448,0.017116280896345065,-0.007540923602209482,0.008965712282349318,-0.007540923602209482
1322,0.05,5,1,0.05349734712037313,0.028457174929654137,0.01608475479648,0.0011135178605157364,0.017487533329989,0.011795608000430266
2783,0.05,5,1,0.0372751666924212,0.017131043440880653,0.04067460962476638,0.016310368489216354,0.04553902303869352,0.016310368489216354
659,0.05,5,1,0.047103187069583156,0.018806909787231613,0.020659197825704963,0.0005980390417443804,0.018120256477862983,-0.0005980390417443804
1675,0.05,5,1,0.035822696986091765,0.017642684159852956,0.01671414562255396,-0.008532179929772787,0.018750464552416135,0.0030574861475941295
2162,0.05,5,1,0.47355821163634904,0.20222495694828632,0.1574484009264836,0.13389239025462296,0.17162889054785146,0.15293729328991798
175,0.05,5,1,0.32464304610714506,0.16653441934755744,0.18000621746486833,0.13727339867270122,0.19881603253147465,0.15984172784812883
1254,0.05,5,1,0.14068952571774318,0.07564409812916519,0.05282531059332458,-0.0014132006735906241,0.058620143632008036,0.004381632365092834
447,0.05,5,1,0.0589218836417229,0.0278776228195716,0.037166323580548805,0.016868202491692408,0.04678480654283636,0.02166559944517145
1477,0.05,5,1,0.0985008864940281,0.05105421604488956,0.01863213834457584,0.006282290743909584,0.01809996915670243,0.006282290743909581
2055,0.05,5,1,0.06789722040891909,0.036387025945754575,0.049460450253982935,0.00589404802368082,0.05389665659734021,0.010330254367038098
2180,0.05,5,1,0.031248003880588966,0.018194429035338106,0.046679860521550536,0.01608556520006399,0.047212029709423946,0.0166177343879374
1216,0.05,5,1,0.08798745479909856,0.04704754143289754,0.04612735712132841,0.023088867630501653,0.04173530261615396,0.020001473629040815
1193,0.05,5,1,0.181850741463076,0.08559679933827095,0.04004916678168666,0.02149072594724695,0.03629065267286537,0.021490725947246943
943,0.05,5,1,0.03606730094205219,0.01862369528071494,0.034797142667161315,0.017443313887763205,0.045456389119771914,0.024489558995574458
1192,0.05,5,1,0.05217889650712118,0.02330970437379812,0.01746659897241608,-0.004840680726610813,0.017888906475779443,-0.0044183732232474515
1215,0.05,5,1,0.08536699798129573,0.04137717457720346,0.02152153020326145,0.004231485965542396,0.022687037796706427,0.005396993558987373
1148,0.05,5,1,0.5349571897415516,0.24546032293813205,0.11635312825403044,0.05484719454457534,0.11957947317497832,0.06293795287945037
1427,0.05,5,1,0.06580177922850508,0.031124327082169063,0.030606785376546954,0.001093326255420423,0.02198385785379853,0.001093326255420423
2079,0.05,5,1,0.19374595214516216,0.10217600294124347,0.030775971912316194,-0.00896067787709548,0.03217875044582519,-0.0031658448384120214
1748,0.05,5,1,0.03249998783258775,0.017308829354693914,0.05096382825082653,0.032066284892608245,0.05096382825082653,0.032066284892608245
558,0.05,5,1,0.04649882948178743,0.019800080025657026,0.05044888612510904,0.03545098736324016,0.0562437191637925,0.03993556372696039
724,0.05,5,1,0.035064891780658504,0.016843149101302243,0.0030299369295165406,0.0030299369295165406,0.0030299369295165406,0.0030299369295165406
1145,0.05,5,1,0.02829012147361029,0.012627413325324702,0.024169550136929063,0.0036736162806424097,0.029964383175612522,0.01375736614026097
831,0.05,5,1,0.04944868898786774,0.02370460665950332,0.03539024491869679,0.01831009842622517,0.03480100998676527,0.021479377603114934
2054,0.05,5,1,0.03656289999881994,0.016635424353085314,0.01674913042000658,-0.014612485176135337,0.008126202897258154,-0.014612485176135339
2044,0.05,5,1,0.04454599251012406,0.020315678817282877,0.04301130108552731,0.019464704984701497,0.04283611354570889,0.024153930858810218
2222,0.05,5,1,0.04962724203359979,0.0225802781960207,0.031095226710782565,0.01975401633776607,0.026703172205608108,0.013978680557586054
2418,0.05,5,1,0.07692849366781296,0.038367723823927474,0.05170389308110068,0.015723855183528646,0.05546240718992196,0.01948236929234992
380,0.05,5,1,0.1606714436383953,0.07604527777997064,0.10211700422997888,0.07774462387815935,0.12092681929658522,0.10041432426206673
1285,0.05,5,1,0.07561399332249624,0.03298337079682455,0.04645568819300616,0.0031443604371768213,0.051209757741366574,0.00673292239209225
1288,0.05,5,1,0.041670537017728625,0.02141998589067377,0.014374917286895494,0.010358130021481227,0.020169750325578953,0.01284741984674903
2219,0.05,5,1,0.0643881992241839,0.0317520324503713,0.03142159651371252,0.01264074559276196,0.03721642955239598,0.01264074559276196
1746,0.05,5,1,0.02321922244169022,0.011019224270339082,0.041525689010933516,0.020611173174779562,0.046390102424860656,0.020611173174779562
80,0.05,5,1,0.02962323244050171,0.013178363183501763,0.026048089565119607,0.01233215005613686,0.026048089565119607,0.01233215005613686
1045,0.05,5,1,0.02765450728916626,0.01228777300646706,0.028177386894081946,0.01455723495428258,0.028177386894081946,0.01455723495428258
1236,0.05,5,1,0.05443936507069616,0.02847361302237226,0.020747474127339394,-0.004976868837307347,0.016058729206011587,-0.0010426862358867313
1055,0.05,5,1,0.038674294968897,0.019266831582789218,0.07839809766050969,0.06672484514637711,0.0831521672088701,0.07147891469473752
915,0.05,5,1,0.01975811854324225,0.011281683055066298,0.033767662089585426,0.012495583287217067,0.033767662089585426,0.012495583287217067
414,0.05,5,1,0.04188831064904876,0.023984323458545363,0.033396887974807596,0.02283768058733316,0.037155402083628886,0.0240912795033374
2184,0.05,5,1,0.04234179572622008,0.021265162245892463,0.012885848793828189,-0.011172298032281328,0.00941272353947941,-0.011529947449864353
2109,0.05,5,1,0.16298611867227117,0.08584724152425496,0.04943266081488716,0.03971004685014637,0.05522749385357062,0.04181187865139001
24,0.05,5,1,0.060059536836918635,0.030822907006785874,0.024800462489170668,-0.007977764156904214,0.029192516994345132,-0.007977764156904214
967,0.05,5,1,0.04646960406977447,0.02246070722543837,0.03715009762469318,0.019515714127436468,0.03715009762469318,0.019515714127436468
1441,0.05,5,1,0.2025665487460253,0.10206116803489151,0.004297655450527299,-0.013945465842512378,0.010092488489210757,-0.0023557997651454613
2121,0.05,5,1,0.0370078284945246,0.016651112099451682,0.011948844346763358,0.001889963267933772,0.012481013534636765,0.002422132455807179
1966,0.05,5,1,0.05222731271153232,0.026588229376936355,0.05743801412203528,0.04712368804185557,0.05743801412203528,0.049706994690747915
2267,0.05,5,1,0.036439769453090506,0.017308608045426107,0.06233927360854202,0.03349370014982091,0.058479388291240976,0.025241760327345396
1618,0.05,5,1,0.10136819447370905,0.03463975531557666,0.03615452394587683,-0.005573289589706931,0.04194935698456029,-0.005573289589706931
2316,0.05,5,1,0.04278392476761457,0.021485109908550355,0.03953713575586788,0.023539089427838923,0.04533196879455134,0.02885240581900559
841,0.05,5,1,0.07147933614689575,0.035601334515851756,0.043940846884957585,0.015539741969853575,0.050267849111514454,0.015539741969853582
34,0.05,5,1,0.033955082242520265,0.01541247940547229,0.01570830767658376,0.007898767595731035,0.025261654824088507,0.02187494811089552
729,0.05,5,1,0.03561465002448217,0.01581211134782808,0.021296497622660317,0.004154666164591023,0.027091330661343775,0.007366287822217099
2637,0.05,5,1,0.2933745670909025,0.15354741839725236,0.220835999690069,0.13664719949308823,0.23531357053062163,0.13898811653724374
1692,0.05,5,1,0.028703275979084276,0.014191834630191132,0.007307232517730012,-0.005510770435835694,0.00820891495000119,0.0002553254103626248
614,0.05,5,1,0.043553827688107706,0.017322806440913704,0.03002925462984706,0.015285688703654274,0.03582408766853052,0.02687535478102119
2888,0.05,5,1,0.42657356878690983,0.19394570430353866,0.2502997240357407,0.2123252678398396,0.26535102499352575,0.22737656879762466
2537,0.05,5,1,0.06371708135410127,0.03219542195180336,0.031162057789527645,0.005780983928875827,0.0369568908282111,0.005780983928875827
1765,0.05,5,1,0.04037065348037055,0.021190182702331025,0.03898658349701417,0.015181490198414416,0.03898658349701417,0.015181490198414416
725,0.05,5,1,0.05472452870784548,0.03151468828827616,0.03244205401943767,0.002331167312347393,0.022888706871932923,0.002331167312347393
1890,0.05,5,1,0.5512894942391969,0.25227243171056646,0.13317986693355066,0.10352428180353065,0.13693838104237196,0.10405624900062246
1822,0.05,5,1,0.053094707600618296,0.02250199965102437,0.014883859444457179,-0.014269010467376303,0.016920178374319354,-0.002679344390009386
145,0.05,5,1,0.19614656680735992,0.10490766261227112,0.05506458054950642,0.04597866350323355,0.059818650097866834,0.05073273305159396
2700,0.05,5,1,0.06609616132466786,0.029901676322940187,0.028860297805213694,0.0032891327017799954,0.019306950657708953,0.0032891327017799954
2895,0.05,5,1,0.036866053338744,0.017614103574636206,0.06677670158057712,0.04335628063225105,0.06817948011408612,0.04335628063225105
445,0.05,5,1,0.1610729232310849,0.0840312202726835,0.007817295061927066,-0.0023237363313226983,0.013612128100610525,-0.0023237363313226983
341,0.05,5,1,0.18435971417858246,0.07593592698674159,0.12656393132919191,0.09190411408798305,0.13289093355574877,0.0982311163145399
652,0.05,5,1,0.0750321047452687,0.028078113791806338,0.012703669438489454,-0.007519635018466531,0.004553100824493707,-0.007519635018466531
1492,0.05,5,1,0.1378774294528373,0.06435597646816978,0.09930026520365585,0.04364157608802263,0.10469314834793249,0.0446424047271248
352,0.05,5,1,0.26248166612557083,0.12693013135666859,0.10681282523588258,0.08169983739573573,0.12024963258611214,0.09952869925113976
290,0.05,5,1,0.040130887355665196,0.02183858658334474,0.046306369678317916,0.02753733089732902,0.046306369678317916,0.02753733089732902
2062,0.05,5,1,0.0622697511292525,0.032514620863791116,0.0394649953574826,0.027394117127848675,0.0394649953574826,0.027394117127848675
2772,0.05,5,1,0.250176446227866,0.11379771460457185,0.11235256200372973,0.08201770042287393,0.12097548952647816,0.09064062794562236
1846,0.05,5,1,0.033297278797698227,0.015104526321408906,0.0592932850954232,0.01998016289660437,0.06734071602517958,0.024269079717539464
9,0.05,5,1,0.5269114756100496,0.24958161068095655,0.16934110499786215,0.0730013448693663,0.18235608702578507,0.07639784393500167
1235,0.05,5,2,0.45011116180723354,0.21353729270830252,0.08411872988133784,0.06868435077617514,0.0872342057181036,0.0717422991587895
1648,0.05,5,2,0.047816334775006575,0.018635663032412906,0.016338395716732897,0.00635134587836228,0.016338395716732897,0.00635134587836228
1607,0.05,5,2,0.057660968172951466,0.02941671950748825,0.026432735082592144,-0.004057542308516019,0.031186804630952556,-0.0004276436226682938
1449,0.05,5,2,0.11127234619154397,0.05664569061029358,0.10648530270368033,0.019511666721089505,0.10162088928975319,0.019511666721089505
11,0.05,5,2,0.10010754729658512,0.05329284486510847,0.052015663664170694,0.032402646383674585,0.052015663664170694,0.032934815571547996
1753,0.05,5,2,0.046632567884118854,0.023029001016652458,0.020167285174963204,0.007778023951047356,0.025962118213646662,0.01849244786639135
2042,0.05,5,2,0.06488231726751321,0.02886543807271776,0.05318755725449953,0.034236476139692495,0.0543530648479445,0.035401983733137465
2939,0.05,5,2,0.06814479487269495,0.030933779619746228,0.024294515470393102,0.003865375028980947,0.02053600136157182,0.003865375028980947
1439,0.05,5,2,0.041179681442621366,0.01929265641271572,0.039155285687974224,0.01838795140423087,0.040558064221483225,0.027905960252206416
2114,0.05,5,2,0.03296846951286285,0.018660974692374373,0.0560426039015807,-0.011645801499092064,0.0560426039015807,-0.011645801499092064
1368,0.05,5,2,0.04462388675507639,0.023976096501332513,0.005889043806382766,4.9246219228506194e-05,0.010281098311557223,0.002374787894269502
1005,0.05,5,2,0.03367426614918466,0.015908264030775773,0.02700048227771657,0.012388508817333737,0.027532651465589978,0.01345284719308055
1713,0.05,5,2,0.3599601690302373,0.16344507925467022,0.05792950909252253,0.046639203241438956,0.06966614597627713,0.053511426711266415
385,0.05,5,2,0.05058942480448503,0.026367334443402203,0.017267509581609535,0.002892625644957691,0.012403096167682395,0.002892625644957691
827,0.05,5,2,0.20928114564253056,0.10626233567008936,0.12724846861014869,0.09606930261027631,0.14022012323295294,0.11343301173825501
2275,0.05,5,2,0.02557353372717507,0.012013574167212028,0.0158803991408422,-0.0012410235558546721,0.02074481255476934,0.005354178768198331
329,0.05,5,2,0.030106379897514173,0.01565052270452698,0.02245726454725717,0.007448591695267192,0.026215778656078454,0.00881520706692335
15,0.05,5,2,0.40238651284180876,0.19220114445899045,0.18590524698226596,0.1650438201952937,0.19076966039619309,0.17805880222321657
230,0.05,5,2,0.31995486895970826,0.15212936037992622,0.06533814781182745,0.05766109028591614,0.08038944876961251,0.07423178041137506
10,0.05,5,2,0.032245670094324205,0.012946592781396888,0.06687787946333107,0.03581536074416026,0.07267271250201453,0.040207415249334716
140,0.05,5,2,0.02552943455787657,0.01270381758446701,0.0028208761462015647,0.0010811287245453272,0.003759437581283262,-0.0023723643455474397
428,0.05,5,2,0.043508610730941664,0.020700493397682013,0.03826687889309177,0.03128881530083266,0.03826687889309177,0.03128881530083266
287,0.05,5,2,0.03691625624802584,0.015349295641879094,0.010075557823520966,-0.01169305305301704,0.008050460822311957,-0.013185980866352642
1127,0.05,5,2,0.4803544759067474,0.22683097730403512,0.07571768043033218,0.02739107983362779,0.07132562592515772,0.02739107983362779
2197,0.05,5,2,0.03767762043414054,0.016550001459747637,0.04340267874597666,0.011062971777568487,0.04919751178466012,0.020584406509946904
2188,0.05,5,2,0.07164945761866633,0.034667284518128075,0.09991905572001136,0.0700682299457527,0.10034808722364542,0.06610520694421229
822,0.05,5,2,0.05195407578150049,0.023131001647896856,0.033756261900655685,0.024821560715681895,0.038620675314582825,0.034550387543536176
100,0.05,5,2,0.07417105701456402,0.027709109790421033,0.031848598046258614,0.024753634013245207,0.031848598046258614,0.024753634013245207
26,0.05,5,2,0.05948818927701959,0.031725611453842596,0.03597127113849964,0.015776816485233436,0.03650344032637305,0.016308985673106846
903,0.05,5,2,0.044724926101096935,0.019942696874804655,0.044534002918526466,0.020555734176267215,0.050328835957209925,0.020555734176267215
1803,0.05,5,2,0.0625530988232005,0.02860864796159179,0.051997078695438015,0.02380928233621552,0.05248770916159752,0.016149344188379267
2594,0.05,5,2,0.030968165494111133,0.015198923135803417,0.01882793038331594,0.0015571341420108908,0.02838127753082069,0.020663828437020387
2397,0.05,5,2,0.047908418421968586,0.024094591147268158,0.04739456469274414,0.028813285110166124,0.04997787134163648,0.02881328511016612
16,0.05,5,2,0.02776578824519472,0.01389771823275479,0.026629276468399087,0.021083142082125205,0.03525220399114752,0.029090773734823907
2444,0.05,5,2,0.0536568645264311,0.021412539171442507,0.020814310293105306,0.010392390386715583,0.017055796184284017,0.009339051903051265
942,0.05,5,2,0.03691346565432851,0.017827889880898912,0.039716474184325,0.027379773101496866,0.039716474184325,0.027379773101496866
304,0.05,5,2,0.04539291744388204,0.01989219616831985,0.010380516425978478,0.00791666847056676,0.010380516425978478,0.00791666847056676
1577,0.05,5,2,0.05959212363203583,0.033020937583954205,0.06391597991899002,0.027197766632866667,0.056070009419287616,0.029538683677022178
2134,0.05,5,2,0.2617555256611056,0.12450450976529852,0.16860095832740768,0.1043425598033938,0.18594509449211238,0.1216866959680985
2199,0.05,5,2,0.12818729838195086,0.06089261936200128,0.02078661556254742,0.005641357672961256,0.02507553238348252,0.005641357672961252
256,0.05,5,2,0.04062958215406518,0.018544615265085135,0.05266239333601472,0.03669989390533561,0.05202885293966154,0.02791578489498668
2719,0.05,5,2,0.1609035461180863,0.0856919041014145,0.08010847675264493,0.012725370551687654,0.08726181282488063,0.019346537436049943
2463,0.05,5,2,0.039215398122046545,0.02056124918144984,0.07216137496784092,0.016338125702749506,0.07717022575300785,0.015552143449232975
2296,0.05,5,2,0.08111460015318717,0.03399049429649755,0.009234295741802415,0.0033307921558730635,0.013626350246976879,0.0033307921558730635
425,0.05,5,2,0.03193992976572065,0.016166484916664097,0.03313662775111975,0.012747200360692545,0.03313662775111975,0.012747200360692545
2985,0.05,5,2,0.04191411023809866,0.017999376810606902,0.024443353746815513,0.003747817708798888,0.03023818678549897,0.003747817708798888
2195,0.05,5,2,0.05467804480753975,0.024032501159612533,0.04322488710512133,0.03193338959844332,0.05388413355773193,0.04419362057836105
1847,0.05,5,2,0.07032242749244287,0.036712356785703774,0.032352693795049715,0.022016162525560302,0.043011940247660314,0.027412745127360853
1629,0.05,5,2,0.06473747796830663,0.036276203436080214,0.00725234810312687,-0.012194940718583663,0.00526670825574729,-0.009316167152036101
1375,0.05,5,2,0.04903404884021038,0.024497740767016378,0.030054356661741034,0.029053055154181797,0.03584918970042449,0.035726320345471047
1790,0.05,5,2,0.04486771854716942,0.022803773877536813,0.03172218276618988,-0.01540708209357089,0.03172218276618988,-0.01540708209357089
1998,0.05,5,2,0.04908756104922527,0.023373865400116732,0.029619161059809294,0.021075679859292106,0.027493520541889818,0.022708553450193913
1352,0.05,5,2,0.07049597118036946,0.032583669243174344,0.03938934029108541,0.014832604376914964,0.045184173329768866,0.014832604376914964
2059,0.05,5,2,0.03813874215364296,0.01596267962609893,0.02604185639643313,-0.017946944976868107,0.02175117309973843,-0.018479114164741517
1738,0.05,5,2,0.12482804433204789,0.06384646417112212,0.02321700727695959,-0.024701891911033436,0.02321700727695959,-0.024701891911033436
161,0.05,5,2,0.050876836512032036,0.0245442370349114,0.025374818159415304,0.0093794273052033,0.030239231573342445,0.0093794273052033
2218,0.05,5,2,0.034831048331350166,0.017999466316066692,0.02876071989082061,0.01944051472730598,0.03362513330474775,0.024837097329106526
1870,0.05,5,2,0.044587575268350055,0.019337198460004906,0.026528648278653064,0.0146276524124342,0.022136593773478607,0.0146276524124342
1513,0.05,5,2,0.09073403536390368,0.04767661502522641,0.02690573627288892,0.010309943847878422,0.02204132285896178,0.010309943847878422
1125,0.05,5,2,0.063348164189764,0.03271454897358314,0.035630430762973384,0.014087106181783392,0.03610278967172606,0.011815596556627794
305,0.05,5,2,0.07061172533557405,0.0366023587522253,0.026151002907607298,0.012675840490379953,0.026151002907607298,0.012675840490379953
566,0.05,5,2,0.03787656153173187,0.01920280751427757,0.0522541377649742,0.017971504650230508,0.05824272204141402,0.019095675512743188
2223,0.05,5,2,0.2683912374477664,0.10749636212602641,0.11505808375396005,0.060400268469440924,0.12571733020657064,0.07105951492205151
833,0.05,5,2,0.03166225930054676,0.014117627504624522,0.0138641845647311,0.004162717406212279,0.012735278812230823,0.006792325762533285
2977,0.05,5,2,0.04511081387778774,0.023360349379595496,0.002899804201163852,-0.005631484946024657,0.004052944367008534,0.0003860686337471657
2671,0.05,5,2,0.05973490552758511,0.027281544168897574,0.030234073778675704,-0.021768231301946665,0.030234073778675704,-0.021768231301946665
2301,0.05,5,2,0.03689563177295673,0.01768965629480866,0.04803033451609174,0.027421946188683086,0.0497359446881345,0.02356999426210641
2657,0.05,5,2,0.0631792000168627,0.030780080987554664,0.061945264549714926,0.046812789197822724,0.06360160460010102,0.047936960060335404
918,0.05,5,2,0.04991648642366042,0.024030574096115573,0.030331981049561224,0.011786472813896241,0.04099122750217182,0.028006777462352243
928,0.05,5,2,0.03019845942994624,0.014302613173120747,0.03383497633654464,0.02131225949502419,0.03383497633654464,0.02131225949502419
1626,0.05,5,2,0.08171637257019793,0.04489414110771891,0.01356387417413045,-0.03444559102593815,0.01356387417413045,-0.03444559102593815
2847,0.05,5,2,0.030016702559986376,0.015543868709570993,0.06129454846344408,0.02466037633684516,0.06708938150212754,0.02466037633684516
2342,0.05,5,2,0.02793836801908381,0.01297136724085402,0.05231328474701019,-0.001107286532668006,0.05231328474701019,-0.001107286532668006
1522,0.05,5,2,0.06208796672703832,0.028825709930852712,0.054186420948518686,0.037264937760167746,0.05705487838392932,0.03873061666206938
1412,0.05,5,2,0.06471558993406705,0.03105670833243309,0.0797828885145691,0.043658033799019,0.07344106775685547,0.0454667816553011
1679,0.05,5,2,0.4865802645180386,0.20050239422414529,0.12246839055481042,0.09590670642245865,0.1268604450599849,0.1040572750364544
572,0.05,5,2,0.05457776472932147,0.026573192961915213,0.032237831876209405,0.024359857843320575,0.02408726326221367,0.011818586706299969
1401,0.05,5,2,0.20000853683191483,0.088567318692915,0.023811820608573238,0.012157032440748708,0.02867623402250038,0.021885859268602988
2194,0.05,5,2,0.05604389786249031,0.022641520704860647,0.018834041633132646,-0.0029471402316604903,0.010211114110384223,-0.0029471402316604885
2720,0.05,5,2,0.05714981135625573,0.021946988287277043,0.05417571795693747,0.016557308548394545,0.04978366345176302,0.016557308548394545
2068,0.05,5,2,0.14385754225855757,0.0653019868362426,0.08831685736904057,0.07944879449571686,0.09897610382165116,0.08917343690405384
2629,0.05,5,2,0.10487753845277804,0.053068452973547973,0.034590168405514814,0.02568944127254031,0.030831654296693524,0.024022909954570744
2043,0.05,5,2,0.039455150743856686,0.015880859952920604,0.008454661645393121,-0.008185495593060034,0.01424949468407658,-0.008185495593060034
2416,0.05,5,2,0.028474514776466352,0.012696785467792293,0.010939418315307868,0.0004504569358444975,0.020557901277595422,0.019222270132994296
1085,0.05,5,2,0.05809435302283445,0.025783768026742253,0.03926920954569409,0.024026774943126727,0.04302772365451538,0.034127109809661646
557,0.05,5,2,0.24876345503328803,0.12463119993737404,0.030742902191064302,-0.02139082810045533,0.03549697173942472,-0.016636758552094913
834,0.05,5,2,0.034888510493209894,0.015958912642456486,0.06653610222484183,0.031079634143674095,0.07029461633366312,0.031079634143674095
906,0.05,5,2,0.12271703008454674,0.0639426104427085,0.042581318625451295,0.012670267830345007,0.04370627513735373,0.01379522434224744
694,0.05,5,2,0.041474332390049586,0.015711518529508632,0.036996757096088295,0.02434038343523515,0.036996757096088295,0.02434038343523515
472,0.05,5,2,0.13021858896118677,0.06719078997388737,0.027474005900210617,0.02092764546205792,0.022609592486283477,0.011198818634203639
2337,0.05,5,2,0.02470185346684013,0.010639550506409759,0.04803110636133766,0.022326167793441383,0.0528955197752648,0.022326167793441383
306,0.05,5,2,0.03641047423877466,0.018607845122697204,0.013834950603724902,-0.0029631088031126795,0.006427496052009138,-0.0008172162073236955
1720,0.05,5,2,0.029453982099910864,0.013997933419192421,0.030392523151343106,0.016289909331629153,0.030392523151343106,0.016289909331629153
2810,0.05,5,2,0.042756558000681774,0.018822710822285076,0.04451134690634298,0.0273822243954015,0.05054126791371509,0.036136904465521646
105,0.05,5,2,0.0955352574246045,0.03672734544262998,0.07465992478233957,0.021859232113103033,0.07948101079114808,0.026680318121911545
1433,0.05,5,2,0.4078175464170064,0.1805048902135504,0.06755036863836741,0.04811992455161287,0.0713088827471887,0.05187843866043416
2273,0.05,5,2,0.03690971174749921,0.019103419561076817,0.039016127922097216,0.029580410127044682,0.041186890821565285,0.03510531739155949
2935,0.05,5,2,0.08094728620427093,0.04076128860330852,0.020766466522648262,0.010861943880351443,0.01590205310872112,0.006600595843699902
1421,0.05,5,2,0.10379447934080462,0.046447897243205555,0.043924753303036815,0.03300179995344034,0.039060339889109674,0.03300179995344034
1407,0.05,5,2,0.10747654753463376,0.056676959977259696,0.04094028426296428,0.027413199607719818,0.031794160209429406,0.019669854087693936
214,0.05,5,2,0.04646573474048441,0.02206977300934068,0.056127924440599886,0.007289403057877675,0.05666009362847329,0.007821572245751078
2984,0.05,5,2,0.0824305164111464,0.04388880319724015,0.013830197846272815,-0.024019368587676674,0.013830197846272815,-0.024019368587676674
2534,0.05,5,2,0.030243424866375358,0.015531597013135334,0.020299563249535503,0.006221005139346751,0.018050170551645067,0.01322808036055792
288,0.05,5,2,0.09412142130094171,0.04230062976398736,0.006822328999546684,-0.004204322746404643,0.0029624436822456267,-0.012033955065516803
2852,0.05,5,2,0.046496944565511296,0.02092470894600757,0.02930690697783785,0.018244123779976237,0.033595823798772954,0.022533040600911346
2804,0.05,5,2,0.07886067205159411,0.04085926259316127,0.016885763853071847,0.007001632632908206,0.011227582922495233,0.00713828474101505
388,0.05,5,2,0.049444147491986855,0.02775128569040292,0.06208850445880139,0.02900363933565113,0.05882062081613962,0.020811531999941492
2102,0.05,5,2,0.0620677481334435,0.029056305756770654,0.016609102030451885,0.007147091446024951,0.016441541328743852,0.003119645427015868
2623,0.05,5,2,0.22729780100164687,0.09522953778950913,0.12742836853649037,0.10391135578585031,0.14190593937704296,0.11413815258203287
264,0.05,5,2,0.047399367910141314,0.022827780924460802,0.008188941311958749,-0.024393193533542863,0.01691017704043104,-0.007624526875314189
2365,0.05,5,2,0.028438101815820377,0.014677798232563365,0.03365559081183428,0.013627814958854654,0.03593669757686907,0.02083314541693731
1454,0.05,5,2,0.0634679641891811,0.023877315219341295,0.019122193239527557,0.002572792758391621,0.022880707348348846,0.002572792758391621
578,0.05,5,2,0.08080730544215894,0.03755598410541302,0.026405728958878105,0.011408779772011308,0.026405728958878105,0.011408779772011308
1625,0.05,5,2,0.38786918978232204,0.19281632356712167,0.11348621780984548,0.10248578999663499,0.12420527454157682,0.10741001368968287
2950,0.05,5,2,0.039455232276159,0.017213762079105778,0.023413568789950726,0.01690102665686525,0.024579076383395702,0.018066534250310226
1135,0.05,5,2,0.05441740336583174,0.024967181031932725,0.06122084979734283,0.034666542782202214,0.07077419694484757,0.040461375820885666
1517,0.05,5,2,0.030879152225988866,0.014325998408558088,0.023147025565511486,0.016869256062982618,0.033806272018122085,0.016869256062982618
866,0.05,5,2,0.03986359774174036,0.01936845959828652,0.012547593787342267,0.012547593787342267,0.012547593787342267,0.012547593787342267
199,0.05,5,2,0.2584863564894617,0.12402905638982822,0.0746946688109778,0.06527126380012145,0.08488155635483573,0.08411807382183416
228,0.05,5,2,0.10486364809498433,0.052375520027048705,0.04589677390726944,0.02013291558425756,0.046428943095142845,0.02013291558425756
29,0.05,5,2,0.02743761566104074,0.014653818692770267,0.07478393486284095,0.044830541713162475,0.07799546125263206,0.04663928956944458
2998,0.05,5,2,0.038836068112117955,0.020580826030014137,0.02662492507754623,0.016269196280179622,0.03148933849147337,0.020261967882047975
1036,0.05,5,2,0.046700694799694416,0.01977550612970498,0.01393582129509691,0.0030278923232171934,0.014980081088782855,-0.001915992957272284
2376,0.05,5,2,0.03830972695731001,0.015693219253990195,0.0363647504772453,0.000814332281780239,0.0363647504772453,0.000814332281780239
1486,0.05,5,2,0.03332445818251462,0.01597836641669069,0.06341983252947653,0.025504003458361346,0.06341983252947653,0.025504003458361346
1951,0.05,5,2,0.017346306692385287,0.007496066982483858,0.027735156925919487,0.017003509527444612,0.028910364385848424,0.01871092710789076
399,0.05,5,2,0.08794170410534355,0.042274605840935245,0.07021507754890827,0.006874759240325545,0.07509776252024224,0.011757444211659515
1743,0.05,5,2,0.4130348471023678,0.18308344091977338,0.17418635237603913,0.16208688688342732,0.18686789207373855,0.17476842658112673
2384,0.05,5,2,0.030916069690632972,0.017455941809000813,0.041769202153838954,0.009898026849464614,0.04775778643027878,0.011022197711977301
622,0.05,5,2,0.03987728778005571,0.02028019895878466,0.04363709450189712,0.0330193257493524,0.04363709450189712,0.0330193257493524
2698,0.05,5,2,0.041905902715405285,0.022556359028545084,0.03319964909965201,0.01186111342793833,0.03319964909965201,0.01186111342793833
1004,0.05,5,2,0.09390071305247182,0.03837508903573801,0.035123051952667225,0.016134775094774234,0.040917884991350684,0.016134775094774234
1555,0.05,5,2,0.22730158852326313,0.12057263566337699,0.14180951236834616,0.08523223009111734,0.15447833535261665,0.08985362214563145
2954,0.05,5,2,0.3233345585866219,0.16704130100244335,0.19740390549531894,0.15183985932649735,0.21134930714799816,0.1566391369256417
2649,0.05,5,2,0.08981131164046684,0.038202617015049914,0.044860520706043905,0.000910413587475567,0.044860520706043905,0.000910413587475567
2263,0.05,5,2,0.05244175307234933,0.01884441327614457,0.01446472501681103,0.0030962738515953273,0.020259558055494488,0.013610722559830183
2008,0.05,5,2,0.2729412443630567,0.13609105312400005,0.09833033295232807,0.0729403991191662,0.10308440250068848,0.08145298277634788
2049,0.05,5,2,0.04438775188429266,0.017369204422642157,0.07648898984367403,0.057641805607232366,0.08177522857990785,0.06292804434346619
1798,0.05,5,2,0.04124364266496621,0.020310921132219845,0.0343138870549049,0.02271998560808153,0.0343138870549049,0.02271998560808153
2261,0.05,5,2,0.054353366850653576,0.024137050983808382,0.05171460478333534,0.022444683350641093,0.0575094378220188,0.022444683350641093
2974,0.05,5,2,0.03687365631349446,0.016726869889270694,0.028742194755559277,0.026500730617877388,0.028742194755559277,0.026500730617877388
2945,0.05,5,2,0.2530434336216579,0.11303645437337814,0.05655227360467589,0.03306391093472458,0.06111607928382021,0.04577828522786463
2574,0.05,5,2,0.251465470371003,0.12279634626771294,0.12015726210698746,0.11220734996758248,0.1352085630647725,0.12286659642019307
2878,0.05,5,2,0.0945558341955177,0.04616864913339869,0.0745904231854527,0.036150680492776026,0.08038525622413617,0.03615068049277604
1432,0.05,5,2,0.04155628385803771,0.015307945067592038,0.0400048474585421,0.016608712099028644,0.04376336156736339,0.016608712099028644
1223,0.05,5,2,0.4029513026020034,0.16936893729989688,0.16100011980639006,0.13458422622486851,0.16821717870635758,0.13698019911602752
1335,0.05,5,2,0.047606591612666525,0.02297848741605758,0.05254540215839083,0.038888028902546445,0.060592833088147224,0.04476987700239136
1376,0.05,5,2,0.05063514522677796,0.027183773870535048,0.038810359723798746,0.017623861026572346,0.0362270530749064,0.01943260888285446
2333,0.05,5,2,0.08893744331108984,0.04406071508672986,0.04575218123207797,0.03839243453814529,0.04575218123207797,0.03839243453814529
747,0.05,5,2,0.16006080059646968,0.08486473481895118,0.0721279587518774,0.030155046103297,0.06773590424670294,0.030155046103297
1124,0.05,5,2,0.04460460446237525,0.018610275076285886,0.025183604092661554,-0.005013896560524023,0.025183604092661554,-0.005013896560524023
1544,0.05,5,2,0.04324269479708113,0.020106605138566103,0.035593894391757364,0.018529441808892752,0.039884577688452064,0.019061610996766162
2680,0.05,5,2,0.18933189165799472,0.09718872077581994,0.03618333901646241,0.02051340543220565,0.03131892560253527,0.01078457860435137
2654,0.05,5,2,0.08353619143602346,0.03339852809049357,0.057143451535701606,0.018318228087825794,0.057143451535701606,0.018318228087825794
168,0.05,5,2,0.06354432991408941,0.03200326108380202,0.024690759516972843,0.01823693718396191,0.029555172930899983,0.01823693718396191
2245,0.05,5,2,0.06279534949414912,0.028663609721155038,0.025249783291525222,0.0027885267052418783,0.025249783291525222,0.0027885267052418783
2471,0.05,5,2,0.03799771922784151,0.01733721173866391,0.044856750263250644,0.012393230509393505,0.044856750263250644,0.012393230509393505
1697,0.05,5,2,0.04618663965553246,0.018499211496622092,0.017153913726486253,-0.00042629868987750785,0.021444597023180946,0.004396553794690589
2360,0.05,5,2,0.21970072425669118,0.09651596914399081,0.052458528850560744,0.009936992844855837,0.057212598398921156,0.014691062393216249
2171,0.05,5,2,0.10023841409844451,0.05798745140899674,0.03746777590229464,-0.0024601814947547845,0.03735743203672791,0.0022938880536056278
245,0.05,5,2,0.029487036214944074,0.015166245736693212,0.018498741997120087,-0.010496706270859614,0.020535060926982263,0.001092959806507303
2214,0.05,5,2,0.0311289753294876,0.016241168474884913,0.03052025121577651,0.02287856450510363,0.027593875612503687,0.01556013439665635
2252,0.05,5,2,0.04628648124402415,0.023767356785256155,0.06620275398298206,0.06016894731201956,0.07199758702166552,0.06444446903035718
1287,0.05,5,2,0.04622996362702866,0.02036782161651671,0.0473019339887354,0.03941331768418155,0.05176729503141773,0.04387867872686388
677,0.05,5,2,0.04651189641491275,0.020035234220034174,0.07303046239024794,0.04707164157261981,0.08107789332000433,0.04696850388838046
1562,0.05,5,2,0.14103136308071393,0.06206362187791449,0.07767384048282099,0.06024020770671711,0.08253825389674813,0.06024020770671711
762,0.05,5,2,0.053146578894894374,0.02628232439406916,0.026757173247453185,0.00647749229460981,0.026757173247453185,0.00647749229460981
835,0.05,5,2,0.05300666505696295,0.027180957163788728,0.019822214750038387,0.008293380511496196,0.01985257612740653,0.01318815530279148
1091,0.05,5,2,0.41642581519073524,0.19848391655895067,0.1343447617534532,0.11306117783801099,0.1436012296725548,0.11971213482998541
2829,0.05,5,2,0.04991829880843133,0.022638307821102214,0.024728628976526616,0.01039376643602709,0.020970114867705326,0.01039376643602709
2874,0.05,5,2,0.14185722886873042,0.08355816421580009,0.02285246681645481,0.016597561185984763,0.028647299855138267,0.027213480233476733
716,0.05,5,2,0.05238589023323882,0.022576268562108346,0.06655281499339427,0.0448366412275929,0.07089484867237562,0.04917867490657425
466,0.05,5,2,0.06363464482804393,0.03354107684246514,0.03285083429245213,0.01442770928211224,0.03285083429245213,0.01442770928211224
2182,0.05,5,2,0.08096863644052615,0.036958686986933956,0.0014090151442928134,-0.0047015621406019115,0.003455398269634327,0.002209234398666743
731,0.05,5,2,0.04987955481286119,0.02395964191794549,0.023514560813089332,0.013311967390303653,0.023514560813089332,0.013311967390303653
2323,0.05,5,2,0.06397985335207393,0.02852637283962704,0.008168875623485665,-0.004814868139319264,0.0036145416798304894,-0.004504788669047299
2717,0.05,5,2,0.0412716346167364,0.018666183644882404,0.02173187164529846,0.003085343030918397,0.022662291270054778,0.01003969301123675
2876,0.05,5,2,0.393972949471642,0.1931220339400396,0.16459210145463715,0.1495109603217742,0.1819218382201097,0.16684069708724675
231,0.05,5,2,0.03833732965767783,0.0191540860817653,0.030403648731737384,0.012661676594238225,0.03566631258254743,0.012129507406364815
2411,0.05,5,2,0.027764553768401472,0.010725162611575594,0.011434129561321872,-0.020791629447337763,0.006246617460470075,-0.017356214025441137
223,0.05,5,2,0.19026853966803806,0.0837013618142883,0.044882130809890855,0.010383173102262742,0.05067696384857431,0.01636597602126482
1690,0.05,5,2,0.06799928062275629,0.026304620654220078,0.04810906422162553,0.026466562010423578,0.0492745718150705,0.027632069603868548
1464,0.05,5,2,0.05885992866478898,0.02448778142228788,0.04474412966500419,0.02620125134890383,0.05053896270368765,0.02620125134890383
675,0.05,5,2,0.035104222792750016,0.015795047986972312,0.07385509107009282,0.055738351287671545,0.0750205986635378,0.05432055223222418
1351,0.05,5,2,0.0626103438248618,0.030231675487260336,0.02439253534964873,0.010901457409810572,0.02925694876357587,0.010901457409810574
642,0.05,5,2,0.03388481309209825,0.015449713521473297,0.016710130944948585,0.010113887186860456,0.020468645053769868,0.017630915404503022
1146,0.05,5,2,0.2603338684343387,0.11333938640009054,0.06298402512718067,0.03958299761945961,0.07364327157979127,0.05013190020650348
641,0.05,5,2,0.049473098623483765,0.022597777547672986,0.010091712014286346,-0.014517694121696713,0.012128030944148521,-0.004433944262078153
2978,0.05,5,2,0.10276365809546115,0.05776728231818014,0.04354923344956901,0.024558366062116598,0.049344066488252465,0.02506523642456454
2443,0.05,5,2,0.06345433831416725,0.03294646097429777,0.03225894768591098,-0.026088484966257208,0.03225894768591098,-0.02662065415413062
1380,0.05,5,2,0.05478961583375474,0.024948767440095488,0.031111759354436625,0.011857164231531783,0.027251874037135568,0.011261470472916407
2242,0.05,5,2,0.04656192149966387,0.021579007391023097,0.02954780366489136,0.018889997622907655,0.03067197452740405,0.02001416848542034
2122,0.05,5,2,0.02872783194340649,0.01342906500348594,0.04743354681495071,0.023973855071221854,0.04855771767746339,0.025098025933734534
935,0.05,5,2,0.047823136840478994,0.021163975110641692,0.020583323972471528,0.010840944332285106,0.020583323972471528,0.010840944332285106
1170,0.05,5,2,0.028992773069790086,0.013161020323015688,0.0652470285862347,0.03208195064302677,0.06085497408106025,0.03208195064302677
2211,0.05,5,2,0.07626534781222592,0.03619888808979234,0.011738906431907819,-0.007480313462982835,0.007448223135213129,-0.007480313462982835
2481,0.05,5,2,0.055600178023639264,0.02497430057614154,0.006301013493755593,-0.00774380232518436,0.016960259946366192,0.0038458637521825573
2833,0.05,5,2,0.05826615887673519,0.029355862422209802,0.05635251104598135,0.003887120284553361,0.05376920439708901,-0.0030882408695134464
672,0.05,5,2,0.031876090440549655,0.01357930553449283,0.024353280039450923,0.007396166035640483,0.023821110851577516,0.007396166035640483
2861,0.05,5,2,0.04519967663102668,0.019070323210286375,0.0389256957845876,0.03228639701556879,0.04004986664710028,0.03341056787808147
190,0.05,5,2,0.24414800161342157,0.11608667382600327,0.102243551037544,0.06319961379460892,0.1065324678584791,0.07124704472436531
1604,0.05,5,2,0.06050619034841959,0.02861868557542744,0.07366851848761291,0.04127355730438348,0.07842258803597332,0.04602762685274389
270,0.05,5,2,0.05353180597108093,0.024234739456156913,0.03519017125254104,0.025737885298012596,0.040646362142680706,0.03442042110910013
1391,0.05,5,2,0.13528460825387215,0.06473450678719317,0.06757069884435439,0.04679519491740451,0.07648100771980361,0.06150033683153719
720,0.05,5,2,0.1720599944073979,0.08897118782004933,0.03924784660081021,0.034960462977160225,0.03924784660081021,0.034960462977160225
211,0.05,5,2,0.04044585791135368,0.019582940426268323,0.052398559787795534,0.03144067079667971,0.05287091869654821,0.022656561786330784
1935,0.05,5,2,0.05022727810521521,0.02450968467766172,0.07177453464853223,0.03481966773290024,0.07230670383640564,0.037935143569666
2108,0.05,5,2,0.044295455605818844,0.022445175969501612,0.02655828014236865,0.014611961635754716,0.03031679425118994,0.018213330180677743
2924,0.05,5,2,0.04788034808903171,0.020748554341645357,0.04814388786659326,-0.01448250154452816,0.0423490548279098,-0.014482501544528167
2504,0.05,5,2,0.026162133307968693,0.01206588284882583,0.033187411415254414,0.024883244061190243,0.033187411415254414,0.027979291602826573
805,0.05,5,2,0.35997870572831075,0.16015406538518762,0.024022553327894134,0.009463461507788328,0.026303660092928928,0.01299327748294261
2100,0.05,5,2,0.08716855630359568,0.04141411843930861,0.037184727424029895,0.026829379202286133,0.032792672918855445,0.018045270191937218
1166,0.05,5,2,0.0406142183932035,0.02284388201667494,0.04012013724652495,0.01934656352477809,0.04128564483996993,0.020512071118223067
475,0.05,5,2,0.09363852491111416,0.03226993779844291,0.03632370047719645,0.022102978012522128,0.042312284753636284,0.026095895762366688
1925,0.05,5,2,0.05040797868962012,0.026432428637939882,0.03202224806852258,0.02191474998110854,0.036414302573697044,0.02191474998110854
2922,0.05,5,2,0.04304999995732718,0.021437531050598174,0.03495737568441232,0.016678568156494933,0.03495737568441232,0.016678568156494933
1039,0.05,5,2,0.04703021474858936,0.02641000981872701,0.04185967887762421,0.027649786410552397,0.04233203778637688,0.034030508394030434
1747,0.05,5,2,0.052853178197086195,0.03137023380941465,0.0670789017645552,0.0027799632162275184,0.06128406872587174,0.005032561107300458
2632,0.05,5,2,0.48564390097106497,0.2093314861514564,0.14308818479339125,0.08332435848527636,0.1494300055511049,0.08913401005511659
2836,0.05,5,2,0.052643730794779825,0.026008780717730405,0.028362239088394837,0.0035036227797264133,0.03311630863675525,0.008257692328086826
1299,0.05,5,2,0.032134859895906615,0.01536743525740626,0.02171324448143712,-0.002341838738305027,0.02657765789536426,-0.002341838738305027
2287,0.05,5,2,0.03439101272955904,0.01924218327712906,0.06917928212475932,0.051598972660893874,0.07879776508704686,0.05635304220925427
1565,0.05,5,2,0.05053710631479369,0.021764014618247878,0.019339323566323667,0.008451115550095213,0.024203736980250808,0.008451115550095215
776,0.05,5,2,0.08944525244393768,0.04190439416010746,0.04623128025962363,0.02593636400143052,0.052558282486180496,0.02786559235634229
1430,0.05,5,2,0.0545280461616007,0.02392228651144933,0.03739244160799734,0.02003304881277847,0.04718087672419073,0.034112167225666554
1415,0.05,5,2,0.042878965957894984,0.019448324465974783,0.0034671363877603716,-0.0029275168987106196,0.003349324255919408,0.0007131850782697065
1206,0.05,5,2,0.15614509145135017,0.07561671204456447,0.06682426789145433,0.027721625623130297,0.06672113020721498,0.03201054244406541
888,0.05,5,2,0.01900110972328568,0.009266301934243392,0.03062344329383747,0.017914143749275357,0.03548785670776461,0.02614542500041168
297,0.05,5,2,0.0418126341379162,0.022319006092837917,0.028859488810049818,0.01967053754819048,0.03372390222397696,0.019670537548190484
336,0.05,5,2,0.11097498648084954,0.05011618975131831,0.00937141689441763,-0.00032763841411245775,0.008899057985664954,0.006255891195763752
382,0.05,5,2,0.05425809374992098,0.023153796237169486,0.0066071389408722675,-0.003491134378875998,0.0028486248320509847,-0.003491134378875998
2190,0.05,5,2,0.025211369340008578,0.014326002854956478,0.055401823366601835,0.05070166059566955,0.060266236780528976,0.05570993163235966
2247,0.05,5,2,0.03225068755238717,0.015099635983179788,0.01153116458023875,-0.0015045755577249367,0.0033805959662430024,-0.010288684568073858
2453,0.05,5,2,0.046980805283389535,0.02282946563577604,0.046002194122752374,0.03881511434436735,0.041610139617577924,0.033641924839285964
882,0.05,5,2,0.047870666022296525,0.02413873430205061,0.030064356784386136,0.023838519763361488,0.03382287089320743,0.024037032028919273
1672,0.05,5,2,0.03392829796385615,0.013780146371054193,0.032056417338112056,0.005096086949364139,0.023926629623051338,0.005647270560412983
2976,0.05,5,2,0.09757273547095541,0.04507069390191419,0.02056785821993628,-0.0001240544076910599,0.026362691258619737,0.01010886990619042
1025,0.05,5,2,0.05134731937117782,0.02310390450256562,0.023174355702308646,0.02231559418416158,0.026932869811129936,0.02231559418416158
67,0.05,5,2,0.061469966084216135,0.03162086892821947,0.06423923013541888,-0.010375260486247873,0.06477139932329229,-0.010375260486247873
1122,0.05,5,2,0.07907888204439918,0.037472342999888456,0.0021359717478709184,-0.01623001363374632,0.008050915795987004,-0.0001281820417723123
2675,0.05,5,2,0.0655596911772314,0.034122954269457585,0.068670915524967,0.03479652775849563,0.07499791775152387,0.03479652775849563
2529,0.05,5,2,0.027453471759662177,0.01401926005337038,0.05689927806978584,0.028498350667256648,0.05689927806978584,0.028498350667256648
2894,0.05,5,2,0.0861844963057067,0.037346515159582074,0.023740976695948206,0.012409752537303621,0.028605390109875346,0.017716893720410444
1493,0.05,5,2,0.09587384704737024,0.046739043402047174,0.035101610096166365,0.019836583264052354,0.03240673903998628,0.014248318411206107
2164,0.05,5,2,0.05382810968024851,0.024862430836258383,0.023487236744675625,0.018775103698879313,0.017768852185118974,0.013144876374553329
1830,0.05,5,2,0.11125630646271382,0.049223472785158616,0.02404788705860378,0.016648393696635733,0.019183473644676638,0.014735145609613254
1390,0.05,5,2,0.3221804045623493,0.15904321273007302,0.14140268378800763,0.11789226283873455,0.1517258133305026,0.12062935753717456
430,0.05,5,2,0.04007699067341347,0.01708307655887953,0.028024170792446623,0.0004728590178837422,0.0194012432696982,0.0004728590178837422
596,0.05,5,2,0.049499181212777174,0.023510680729779295,0.03377724488693312,0.021715516119009293,0.03377724488693312,0.021715516119009293
2067,0.05,5,2,0.044333957506005356,0.019902018952054536,0.03508561675523533,0.0022783350982953365,0.03995003016916247,0.0022783350982953365
2839,0.05,5,2,0.049185069862347115,0.02370492416809078,0.030069829341905885,0.019960526328030248,0.030069829341905885,0.019960526328030248
526,0.05,5,2,0.07503567452601868,0.03220524754228885,0.01932938187572319,0.01069177188532051,0.024193795289650332,0.01069177188532051
2910,0.05,5,2,0.03171167023736851,0.01715219746504003,0.02691442130518279,0.026432048661243036,0.02691442130518279,0.026432048661243036
2434,0.05,5,2,0.19792268375289362,0.09419965322779952,0.0587063746963082,0.04464457561896473,0.0663918799564173,0.04653524784039037
2391,0.05,5,2,0.12541664156450746,0.06968101189166478,0.06723123558590914,0.025198283543538584,0.06712809790166979,0.029487200364473692
2958,0.05,5,2,0.04447302738682214,0.01868173175633103,0.01300532034407506,-0.013393628493327816,0.0033868373817875063,-0.013858781220753126
688,0.05,5,2,0.13228168995290773,0.04934603207117338,0.01862306264002153,0.007788751567394128,0.01641599866499642,0.010446101006296157
1162,0.05,5,2,0.04172508984883288,0.022598768633781668,0.009157831411551173,-0.002399801342156716,0.010379225480071919,0.002580106835185319
2554,0.05,5,2,0.03954381548847385,0.01746533872021137,0.03700727569668749,0.022882412593478344,0.03700727569668749,0.022882412593478344
489,0.05,5,2,0.04450821290939128,0.022308858090371246,0.037306210554483465,0.02797375919928147,0.04159512737541857,0.03226267602021657
1864,0.05,5,2,0.05701010641698654,0.029914623660891336,0.01981358911705254,0.01764755779070724,0.020979096710497518,0.018813065384152217
1461,0.05,5,2,0.31201634102920817,0.16032072749270496,0.11291043994997033,0.06179789910444523,0.11730249445514478,0.06994846771844096
2151,0.05,5,2,0.048442871357389145,0.02562688277802242,0.02170597633237316,0.012205041698960986,0.03236522278498376,0.017601624300761533
1022,0.05,5,2,0.12559570947145443,0.05791559330981045,0.07129251702181456,0.045482129277374314,0.07738224830830741,0.054042693098641736
1988,0.05,5,2,0.05144540407025552,0.022093755375952883,0.0251870682894637,0.01079569244039975,0.01703649967546796,0.0027002608609883426
2152,0.05,5,2,0.03578785755290812,0.016335150678642753,0.022147551985916725,0.001898037131048573,0.027942385024600183,0.011981786990667133
2726,0.05,5,2,0.07263991844785575,0.028838957257794277,0.046400686674295824,0.03164015861645868,0.051265100088222965,0.03164015861645868
2350,0.05,5,2,0.050486515006293656,0.020581648236763155,0.03372195625987489,0.01771217210501997,0.04327530340737963,0.025229200322662536
1709,0.05,5,2,0.2932865849208465,0.14827256174066708,0.13454251807589873,0.0480010997221223,0.14855305554336073,0.05655729562294376
1993,0.05,5,2,0.03762185032869476,0.019531926276797125,0.024078832829167295,0.009819780088789518,0.019559013919316862,0.01333712704443106
1582,0.05,5,2,0.04249684439405305,0.020181896528040626,0.028062762387371508,-0.024227368320292708,0.029465540920880502,-0.022462574743597766
1097,0.05,5,2,0.048782576846362044,0.019491136410675895,0.03401486635589812,0.02641943233893039,0.03401486635589812,0.02641943233893039
697,0.05,5,2,0.07134181889304039,0.03607668688654918,0.0663509518919162,-0.010508940411509293,0.06728137151667252,-0.010508940411509293
192,0.05,5,2,0.03353182956774374,0.014414293339048161,0.018538389039628657,-0.0015044211834962032,0.021295917394805228,-0.0007832117581818079
1009,0.05,5,2,0.04026861553397844,0.02128257232336738,0.0507766515504868,0.015953104236911923,0.05657148458917026,0.015953104236911923
990,0.05,5,2,0.12267333721936487,0.061936833475853825,0.031469630016112624,-0.01179573449650774,0.031469630016112624,-0.01179573449650774
1498,0.05,5,2,0.1966113734141454,0.09718991863775449,0.05288783796622748,0.047313004501609864,0.05231234137323545,0.04444508439364235
851,0.05,5,2,0.057507671727583407,0.027988089390262472,0.04943001534010837,0.020713665430259987,0.05522484837879183,0.020713665430259987
2715,0.05,5,2,0.03335635204260224,0.013892749501336463,0.037158961273377644,0.000617853269872265,0.040385306194325524,0.007602712299641434
1324,0.05,5,2,0.1318101289592195,0.05549764275015521,0.020645620045667154,0.00047062574882900804,0.016887105936845864,0.00047062574882900804
2474,0.05,5,2,0.06192042359972954,0.030376366442959053,0.035707260405776875,0.029862994734655517,0.036179619314529565,0.028201680353133158
791,0.05,5,2,0.0357799466345352,0.015037728202738897,0.05452186913267226,0.03589493363590002,0.05564603999518495,0.037019104498412704
2084,0.05,5,2,0.07641072861255424,0.03096020194960458,0.0296640579081968,0.008130557461390353,0.025272003403022335,0.0035808315610280916
2676,0.05,5,2,0.048322806686995574,0.020570336022585945,0.030001229664833397,-0.018380548223310315,0.030001229664833397,-0.018380548223310315
1592,0.05,5,2,0.17066648042013474,0.09360917735064422,0.041016644785427214,0.008724083133502696,0.0308297572415693,0.007683319643179656
2837,0.05,5,2,0.04393118368058568,0.022027693061012193,0.00970868246283359,0.00481012993148262,0.008930652207406197,0.007790613784876509
1821,0.05,5,2,0.05576771415768739,0.020742048231676448,0.013559129600757698,-0.004869477269071212,0.008694716186830558,-0.00486947726907121
1489,0.05,5,2,0.09875916830585516,0.05049922079146178,0.027483406656856627,0.007497297100727884,0.03135553610148918,0.010978876614924866
2911,0.05,5,2,0.10926251817078754,0.04995092569401264,0.030328263592076583,0.026678474929775323,0.0265697494832553,0.025061277586153872
275,0.05,5,2,0.22031205886251237,0.08968354962202056,0.04567921699546562,0.037457549719894505,0.05060344068851349,0.04238177341294237
494,0.05,5,2,0.04438899591770792,0.020598309128746772,0.06113335210448691,0.03802756940297769,0.06113335210448691,0.0412866522087786
884,0.05,5,2,0.08663983924283061,0.04499189771668145,0.021857800184755135,0.021857800184755135,0.021857800184755135,0.021857800184755135
1453,0.05,5,2,0.045027009157910275,0.023244915774753856,0.01608445870008396,-0.01437527863732186,0.01579397365903716,-0.014133594490495248
1109,0.05,5,2,0.07486173554890418,0.037355006891694686,0.002412548300720005,0.0014339342372317876,0.006171062409541295,0.0033911623642082223
1793,0.05,5,2,0.04722738367590261,0.02341223245527044,0.03366706869502521,0.017655703469678,0.02551650008102947,0.017655703469678003
2960,0.05,5,2,0.30117198453806815,0.1207207763288109,0.09895814358093565,0.050538161026272746,0.1077691887645399,0.059349206209877006
2685,0.05,5,2,0.09078505780808213,0.05229396947490075,0.09642071468573753,0.04250001787300439,0.09588854549786412,0.050590776207879405
2026,0.05,5,2,0.03945938484522224,0.02034901538393207,0.04777082490855328,0.028783561801410618,0.04777082490855328,0.028783561801410618
1120,0.05,5,2,0.042239395490802634,0.021325221533552985,0.03261401187345686,0.01545491308801476,0.03913127548544075,0.02683659011392579
1849,0.05,5,2,0.05856422418320393,0.024861130625289586,0.030777335801956927,0.009083606635060137,0.041436582254567526,0.020673272712427054
1418,0.05,5,2,0.0649902436449317,0.0321968613457743,0.03606581234500594,0.0011262289630187827,0.03606581234500594,0.0011262289630187827
2625,0.05,5,2,0.07769470786072637,0.04186276610829849,0.03371983316397337,0.033202030783277936,0.03371983316397337,0.033202030783277936
850,0.05,5,2,0.037546276291496504,0.015093503347383025,0.003694748143314514,-0.0019057280596609417,0.008067639142336925,0.0073315763532886095
2547,0.05,5,2,0.05219271177383693,0.02426920335170082,0.013938708217932229,0.0016942381011142652,0.013938708217932229,0.0016942381011142652
1332,0.05,5,2,0.032095839544157435,0.013640479683292902,0.04282986247745861,0.029997215946190165,0.043362031665332014,0.033112691782955915
1488,0.05,5,2,0.041218713128547406,0.01861103217789081,0.03840220732666079,0.016502312066411392,0.03401015282148634,0.012096239974309201
844,0.05,5,2,0.05068735653056622,0.024643376136565937,0.031968816611656514,0.01694692917427854,0.031968816611656514,0.01694692917427854
1030,0.05,5,2,0.035531995642889155,0.018748846866548634,0.02612865191464042,-0.0116795686799493,0.020333818875956963,-0.0116795686799493
2901,0.05,5,2,0.3890550739397091,0.19793504233285242,0.14149618308909245,0.1382284104189232,0.1516830706329504,0.14841529796278113
1247,0.05,5,2,0.02540682297461732,0.012642162556634825,0.029898228664153054,0.014125079339602883,0.02613971455533177,0.014125079339602881
1817,0.05,5,2,0.081624308048477,0.04063240648081444,0.026242363556098495,0.003669111265485147,0.02059655490715123,0.005814091633737844
2417,0.05,5,2,0.05091075214080906,0.023200597454683256,0.06472708866867194,0.05211234642644924,0.06901600548960704,0.05640126324738434
741,0.05,5,2,0.516916481771057,0.24267235931100586,0.07587097449790534,0.01871395020178443,0.07100656108397818,0.0224724643106057
371,0.05,5,2,0.045889748052655596,0.023776384093206742,0.015616658066717946,0.004634699572314374,0.01937517217553923,0.01215172778995694
113,0.05,5,2,0.026559025252808295,0.01315075486859088,0.05085337181650635,0.031961177292620935,0.05461188592532764,0.03196117729262094
2669,0.05,5,2,0.14967514623589093,0.07678552475539481,0.008496555678821485,-0.005948597755494944,0.011609731713639753,0.002028991693250465
693,0.05,5,2,0.05303848578842308,0.022567704656660317,0.041708569001364354,0.03301769914899785,0.045997485822299455,0.037306615969932955
1950,0.05,5,2,0.041035083668192106,0.019787192875174615,0.017551060725159214,-0.002776085148246562,0.021309574833980504,-0.002776085148246562
2825,0.05,5,2,0.030231551832047697,0.016271658345226852,0.02575249742800878,0.015014947894114667,0.03154733046669224,0.015014947894114665
1158,0.05,5,2,0.08427260629138655,0.04477063898668661,0.038881627234412866,0.012196804616252166,0.03843518645352904,0.01938991801668459
367,0.05,5,2,0.09589703994744438,0.050126680854934026,0.02602374147875876,0.010741875951354946,0.02115932806483162,0.010741875951354946
680,0.05,5,2,0.2828330025277029,0.14143094229293074,0.06282664557009404,0.05172388297430354,0.06346018596644722,0.056115937479478004
69,0.05,5,2,0.03738304749961454,0.017920642227942058,0.023353394248435407,0.009470295274826285,0.023353394248435407,0.009470295274826285
2525,0.05,5,2,0.1364994274860139,0.07209840404608121,0.028863851066489362,-0.025535620806901253,0.028863851066489362,-0.025535620806901253
2581,0.05,5,2,0.3128211400476386,0.15923780881447858,0.056380755633276707,0.0446358498686696,0.06656764317713462,0.05921479191770197
2701,0.05,5,2,0.029676252833576073,0.012768998038995645,0.02143164513343702,0.01245812932531327,0.02629605854736416,0.018461011588203992
605,0.05,5,2,0.025512940013942966,0.012782462665701367,0.0288198337613958,0.01946905399860093,0.03368424717532294,0.01946905399860093
864,0.05,5,2,0.03636386635093176,0.019367283006314146,0.013302413871419127,0.007619089408182506,0.013302413871419127,0.007619089408182506
2209,0.05,5,2,0.04165406028452912,0.016816546190419505,0.03284990471611071,0.02358259795136642,0.03771431813003785,0.02897918055316697
513,0.05,5,2,0.039372357102173204,0.01870481215323162,0.04162275075487212,0.025121462157903895,0.04741758379355558,0.025121462157903895
2414,0.05,5,2,0.06615685281082533,0.028118289238008323,0.021904398394461656,0.008789353332707117,0.021904398394461656,0.008789353332707117
1667,0.05,5,2,0.08580154061243604,0.04804049538699868,0.024440808408832667,0.0019850114587123303,0.029305221822759808,0.011713838286566611
2648,0.05,5,2,0.11651067173155161,0.06452123416736284,0.10476018422909417,0.04117612278953359,0.10100167012027289,0.0411761227895336
2407,0.05,5,2,0.5104687743464232,0.24162082063563994,0.16572248465956996,0.041828088543225936,0.16995335767714392,0.04037625896125355
628,0.05,5,2,0.09638996616618181,0.044922702933909035,0.04263338718755205,-0.0033349973621914497,0.03887487307873076,-0.0033349973621914497
1537,0.05,5,2,0.061539639132770836,0.025498794231469918,0.01960947891234161,0.001297836058074875,0.01960947891234161,0.0047696020080825515
1130,0.05,5,2,0.11115956450909753,0.053705164863762624,0.06555475385528121,0.04903324792493269,0.06984543715197591,0.052829545668072686
2445,0.05,5,2,0.10161079399899689,0.040448414308293316,0.043868939038389454,0.03718098289614868,0.043868939038389454,0.03718098289614868
2216,0.05,5,2,0.1560129538997596,0.057203917970644745,0.028002374525505698,0.002723828063034832,0.021675372298948833,-0.0026727545387657155
101,0.05,5,2,0.04771687659662247,0.022065354461748232,0.025047246946237275,0.01757156787055803,0.025047246946237275,0.01757156787055803
1445,0.05,5,2,0.03146856227809943,0.015485754860289065,0.008382900178756574,-0.0032969638534034954,0.0035184867648294336,-0.0032969638534034954
549,0.05,5,2,0.6439544335153861,0.2848964433153858,0.12187551718449524,0.044777749950588475,0.12480189278776807,0.0396646280148293
415,0.05,5,2,0.0447958340070366,0.020342073920629197,0.001466626739943435,0.0010682893453930302,0.006331040153870576,0.0018649641344938399
1365,0.05,5,2,0.07622302045293694,0.025270921268291155,0.02476758041320283,0.0018981779736456997,0.03542682686581343,0.015844889147949646
2873,0.05,5,2,0.07665506393735055,0.03809238768327098,0.0476585973628954,0.04009038954308421,0.057845484906753314,0.045255456035339314
1942,0.05,5,2,0.057451993249783395,0.03142931610946195,0.04574636296249534,0.03967201597657479,0.05436929048524376,0.04569612577957703
746,0.05,5,2,0.054061258913440165,0.021669290726375134,0.029600310131420032,0.01794823682738094,0.03539514317010349,0.01794823682738094
1428,0.05,5,2,0.11795406470338808,0.05982797040909757,0.0540764414442603,0.030718228215730742,0.05397330376002095,0.02622303602631693
429,0.05,5,2,0.22380685950141965,0.11410416661839368,0.029203300052039874,0.02104828258980415,0.03349221687297498,0.02533719941073926
2749,0.05,5,2,0.039582335523647344,0.017847915118921507,0.010505785899135207,-0.019005994688832302,0.005290327377434657,-0.013562206757922253
1159,0.05,5,2,0.2406828438024452,0.11630027777290652,0.09428271299155973,0.08891632383833474,0.1064193667879568,0.10105297763473181
514,0.05,5,2,0.24863059958227893,0.10475498019874803,0.05135336572847506,0.0467612721414411,0.05714819876715852,0.0467612721414411
1001,0.05,5,2,0.0276695324028691,0.012588752387603534,0.03331937274501469,0.003167712092023732,0.03449458020494363,-0.0038076490620430684
2383,0.05,5,2,0.041359018836916804,0.01717003310432685,0.03349083368001239,0.012241624752228116,0.029098779174837937,0.01224162475222812
896,0.05,5,2,0.04212162151180469,0.022655422265135363,0.019423577488831625,0.004702600563212972,0.025218410527515084,0.0047026005632129705
603,0.05,5,2,0.11813544800425184,0.0616472793412152,0.04426861515333666,0.025613179202230052,0.03997793185664197,0.028753777238384494
424,0.05,5,2,0.03914309430719576,0.017660931882038773,0.02620568521550915,0.017085448111468855,0.030959754763869564,0.018061125593155536
606,0.05,5,2,0.03980968152794873,0.019546518539964645,0.007724656280144387,0.0004832344443640498,0.011483170388965677,0.0004832344443640498
2970,0.05,5,2,0.03452316712888518,0.016055732169051304,0.02144463417983349,0.007555123793878732,0.02144463417983349,0.007555123793878732
178,0.05,5,2,0.31322635299098256,0.1630651801146542,0.18368296289443314,0.14574935378630016,0.1987342638522182,0.16080065474408523
2778,0.05,5,2,0.07094760122472107,0.03464463350075773,0.005890708172010189,0.004960822514444418,0.010282762677184653,0.00682059382957596
1219,0.05,5,2,0.08796674254836007,0.03417494379655187,0.04717151531814963,0.027003561288479357,0.05156356982332409,0.027003561288479364
959,0.05,5,2,0.1857976847438916,0.08722638583546927,0.03362062837274703,0.017491485180397996,0.029228573867572574,0.012465890278870368
1684,0.05,5,2,0.03234185549847443,0.014959603211162952,0.0039761114530151645,-0.0043387796146304725,0.008368165958189622,-0.0043387796146304725
559,0.05,5,2,0.04129426432092778,0.018865439311212408,0.01607083860358474,0.01074383961576423,0.01607083860358474,0.01074383961576423
2667,0.05,5,2,0.03109523663142348,0.016015879883905407,0.010681958571520971,-0.0026906067059148144,0.009838054934091817,0.00022400376547731388
685,0.05,5,2,0.042496572148784585,0.018706219608108046,0.019946723732933363,0.011556986477529979,0.02047889292080677,0.012037980970596385
1317,0.05,5,2,0.047904769683563345,0.022779302306326625,0.07585284456208603,0.05067339556393241,0.08188276556945814,0.0552929777471899
274,0.05,5,2,0.23299118818964715,0.11479027375379523,0.04089780797838877,0.028029529520996056,0.041428210690502586,0.024801418124288585
1165,0.05,5,2,0.034889939148081285,0.016959182844498155,0.04147678962574289,0.022987642045808998,0.04147678962574289,0.022987642045808998
973,0.05,5,2,0.08474184946491599,0.0388685833665862,0.022022563811261615,0.016650969044228296,0.025781077920082905,0.018171187563723996
2485,0.05,5,2,0.08280218257673035,0.04027034716592715,0.017692985626599128,0.011667024620484578,0.027246332774103876,0.023718946632713678
2198,0.05,5,2,0.05279656881362178,0.025252686583759256,0.015011132058126708,0.001645073920775536,0.02027379590893676,0.009109192202743088
446,0.05,5,2,0.03160532282631093,0.016396052966720608,0.03263160605046833,0.023959308226745527,0.03263160605046833,0.023959308226745527
2145,0.05,5,2,0.12062423131415762,0.051485625090387,0.008581297213357524,-0.020545660633205554,0.011196664061100644,-0.022794707199389575
1742,0.05,5,2,0.057710959572639026,0.026737531579245237,0.0396686514827059,0.015011446984151355,0.03151808286871016,0.015011446984151362
1322,0.05,5,2,0.06312955093262597,0.033076845024061635,0.01889650970146889,0.0039252727655046254,0.011529136104978875,0.00583721077542014
2783,0.05,5,2,0.035215412966588526,0.014746926772050558,0.04933258000317148,0.024968338867621453,0.05536250101054359,0.026133846461066423
659,0.05,5,2,0.05107133134943704,0.021608747025941136,0.018026628938161923,-0.0020345298457986605,0.020752825365406024,0.0020345298457986605
1675,0.05,5,2,0.03741413903945805,0.01960599705728991,0.013031982746095454,-0.012214342806231293,0.01506830167595763,-0.0006246767288643762
2162,0.05,5,2,0.3920057687047154,0.19428136336909638,0.08724100047998663,0.063684989808126,0.09879030360600788,0.08009870634807438
175,0.05,5,2,0.28811966093701413,0.14122191832711048,0.1477744266952733,0.10504160790310618,0.1622519975358259,0.12327769285248007
1254,0.05,5,2,0.12058888824279528,0.06337757659120435,0.119667396396768,0.0654288851298528,0.1273529016568771,0.0731143903899619
447,0.05,5,2,0.031742834638006284,0.01656351240681533,0.04558732265571799,0.025289201566861597,0.05624656910832859,0.031127362010663684
1477,0.05,5,2,0.11115910333148156,0.05227702547435752,0.016109840291722965,0.0037599926910567103,0.01815869945850747,0.00634102104571462
2055,0.05,5,2,0.05216872906571199,0.02909602992473572,0.05682785213115027,0.013261449900848155,0.05682785213115027,0.013261449900848155
2180,0.05,5,2,0.05057401429348277,0.024633945543743072,0.03140714075431371,0.0008128454328271625,0.03140714075431371,0.0008128454328271625
1216,0.05,5,2,0.0753633005714626,0.03887854652909799,0.03423702133057259,0.01119853183974583,0.02867945923195316,0.006945630244840011
1193,0.05,5,2,0.15568635895086183,0.0725891527152566,0.034775160878223646,0.01621672004378394,0.031016646769402363,0.01621672004378394
943,0.05,5,2,0.029693990588639835,0.015703506766651134,0.033809371824869025,0.016455543045470915,0.044468618277479624,0.023501788153282167
1192,0.05,5,2,0.03626321867519225,0.016246213507194726,0.030378310239788087,0.008071030540761193,0.03203465029017418,0.009727370591147286
1215,0.05,5,2,0.09151148592116988,0.042927586157537355,0.024891521008543416,0.007601476770824362,0.029645590556903828,0.012355546319184774
1148,0.05,5,2,0.6902111621336626,0.2972313952991823,0.12710440181290472,0.06559846810344963,0.1303307467338526,0.07368922643832462
1427,0.05,5,2,0.03533430237605431,0.018076483508495743,0.034006312646918696,0.004492853525792165,0.02538338512417027,0.004492853525792161
2079,0.05,5,2,0.1883962468853591,0.09243963967654631,0.03207852558536962,-0.007658124204042056,0.03244054062855557,-0.002904054655681637
1748,0.05,5,2,0.03392496532997255,0.016106130772705753,0.06053934093850895,0.041641797580290664,0.06053934093850895,0.041641797580290664
558,0.05,5,2,0.043063845202887654,0.018530068274525045,0.045211366913506724,0.03021346815163785,0.05100619995219018,0.03469804451535807
724,0.05,5,2,0.04689074537631969,0.02010995584640118,0.00723182514937799,0.00723182514937799,0.00723182514937799,0.00723182514937799
1145,0.05,5,2,0.017666188675959774,0.008441728391990658,0.024888874622755824,0.004392940766469171,0.020842014810544734,0.004634997775193182
831,0.05,5,2,0.0393660600527337,0.02173490150880069,0.03257031014623749,0.015490163653765876,0.029007138691205234,0.0156855063075549
2054,0.05,5,2,0.032784280654295596,0.014315415729252082,0.023102930291597153,-0.008258685304544763,0.01448000276884873,-0.008258685304544763
2044,0.05,5,2,0.05041720307248745,0.018479378448941014,0.05326243086619502,0.029715834765369206,0.05670481467045996,0.03802263198356129
2222,0.05,5,2,0.040018852815504276,0.020423051665483027,0.04350728987888118,0.032166079505864684,0.04023940623621941,0.027514914588197357
2418,0.05,5,2,0.06987034354347937,0.03714384528889477,0.04328200609616206,0.007301968198590025,0.043814175284035466,0.007834137386463429
380,0.05,5,2,0.16108976874729447,0.07560123695540526,0.09922307657562529,0.07485069622380576,0.11803289164223163,0.09752039660771314
1285,0.05,5,2,0.07374687050983887,0.03119968178744487,0.032205691759600016,-0.011105635996229324,0.032205691759600016,-0.012271143589674308
1288,0.05,5,2,0.048349439754277,0.023139629021433544,0.012809097860613516,0.008792310595199249,0.018603930899296975,0.011281600420467053
2219,0.05,5,2,0.03107451886019665,0.01789412164587745,0.02702668044364908,0.00824582952269852,0.03282151348233254,0.00824582952269852
1746,0.05,5,2,0.039436964824987396,0.016853299793247702,0.04110416557175018,0.020189649735596227,0.04596857898567732,0.020189649735596227
80,0.05,5,2,0.028031113042207546,0.011908564866923703,0.021421286674316416,0.00770534716533367,0.021421286674316416,0.00770534716533367
1045,0.05,5,2,0.027736334820355927,0.013722218441394896,0.019435729984189184,0.005815578044389818,0.019435729984189184,0.005815578044389818
1236,0.05,5,2,0.04690734049244283,0.020774341203364098,0.02448711528472074,-0.0012372276799260014,0.015864187761972317,-0.0012372276799260014
1055,0.05,5,2,0.03195728711197402,0.015482283783995188,0.05687991281752351,0.04520666030339093,0.0580040836800362,0.04633083116590362
915,0.05,5,2,0.040764131282505,0.018005286186081926,0.024918060999068233,0.003645982196699874,0.024918060999068233,0.003645982196699874
414,0.05,5,2,0.059296257618524195,0.026201862802173626,0.01944471189095446,0.008885504503480026,0.01568619778213317,0.0026220752018416855
2184,0.05,5,2,0.03858060543894596,0.01986642106727398,0.04381286406243978,0.019754717236330266,0.04328069487456637,0.02233802388522261
2109,0.05,5,2,0.13842128416363866,0.06919333232256455,0.07648564953385815,0.06676303556911736,0.08714489598646875,0.07372928078428814
24,0.05,5,2,0.047267954970763915,0.024916109688109356,0.02245553183309412,-0.010322694812980763,0.026847586338268583,-0.010322694812980763
967,0.05,5,2,0.04465574459434559,0.020579768184877507,0.03079948806609728,0.013165104568840569,0.03079948806609728,0.013165104568840569
1441,0.05,5,2,0.2560036192694926,0.12504516301943186,0.01781531936821768,-0.00042780192482199525,0.02361015240690114,0.011161864152544922
2121,0.05,5,2,0.03078074331564371,0.015373551274879252,0.014662193029939655,0.00460331195111007,0.015194362217813062,0.0051354811389834765
1966,0.05,5,2,0.04321815652877499,0.02151308201728816,0.04816831064979312,0.037853984569613405,0.04816831064979312,0.040437291218505755
2267,0.05,5,2,0.022016229022528703,0.010970374696606439,0.05054469623662944,0.021699122777908326,0.04615264173145499,0.012915013767559408
1618,0.05,5,2,0.051147300338124035,0.021937225438017665,0.04575695892378574,0.004029145388201982,0.0515517919624692,0.004029145388201982
2316,0.05,5,2,0.04097607803607178,0.02222288665590625,0.03945959427649488,0.023461547948465923,0.04525442731517834,0.02877486433963259
841,0.05,5,2,0.09179246061028556,0.04117834969579754,0.028939448161730885,0.0005383432466268753,0.035266450388287754,0.0005383432466268823
34,0.05,5,2,0.04506405763344905,0.022148764079276576,0.026122604657918762,0.018313064577066038,0.03567595180542351,0.03228924509223052
729,0.05,5,2,0.039013849604370654,0.018947219419621263,0.02265340466047753,0.005511573202408235,0.028448237699160987,0.008723194860034311
2637,0.05,5,2,0.2664805608293413,0.14131447013028928,0.1701704475431604,0.08598164734617962,0.18411584919583962,0.08779039520246174
1692,0.05,5,2,0.04587133914160557,0.021795574072887132,0.010459175246361602,-0.0023588277072041034,0.015323588660288743,0.007369999120650178
614,0.05,5,2,0.0685577708699249,0.02996740661028043,0.04024444567853646,0.02550087975234367,0.04603927871721992,0.03709054582971059
2888,0.05,5,2,0.3377174740331922,0.1643340864302192,0.1517048780223192,0.1137304218264181,0.16038761582418834,0.12241315962828725
2537,0.05,5,2,0.04628564992829212,0.02231239568321904,0.03640910396588527,0.011028030105233455,0.04220393700456873,0.011028030105233455
1765,0.05,5,2,0.0635971893594167,0.03228832816083523,0.04591800225669246,0.022112908958092703,0.04591800225669246,0.022112908958092703
725,0.05,5,2,0.06282179994602759,0.035359899653375854,0.04055663471645943,0.010445748009369149,0.0425929536463216,0.022035414086736073
1890,0.05,5,2,0.45916252765888926,0.23507109401473167,0.13935658666740158,0.10970100153738158,0.14750715528139735,0.11462502323964785
1822,0.05,5,2,0.052764253547954956,0.02151786654120895,0.00978755034770011,-0.01936531956413337,0.01182386927756228,-0.007775653486766461
145,0.05,5,2,0.168469096985075,0.08385332150828873,0.062203240511162716,0.05311732346488984,0.062203240511162716,0.05311732346488984
2700,0.05,5,2,0.07440236195454156,0.034261535129798334,0.02321936078836849,-0.002351804315065209,0.015891321911162375,-0.00012649604476658305
2895,0.05,5,2,0.03700628350866547,0.01717760553021,0.05745643590758663,0.034036014959260556,0.05885921444109563,0.03403601495926056
445,0.05,5,2,0.1965890385274892,0.1044920504654279,0.020195670434700264,0.0100546390414505,0.025990503473383723,0.0100546390414505
341,0.05,5,2,0.20016971713693107,0.08712448330875588,0.1324819165702284,0.09782209932901953,0.14844222029022958,0.11378240304902071
652,0.05,5,2,0.08046933814694338,0.03806165878999146,0.011847312884128117,-0.008375991572827868,0.00520052106886313,-0.006872214774097107
1492,0.05,5,2,0.12471361253874311,0.06342980810845579,0.08297208704938218,0.027313397933748956,0.08935951210418347,0.029308768483375783
352,0.05,5,2,0.22816042748896312,0.11043829339259616,0.07586021395697944,0.05074722611683259,0.08829969939191028,0.0675787660569379
290,0.05,5,2,0.0474067498233562,0.02498268324349372,0.041625647015462564,0.022856608234473667,0.041625647015462564,0.022856608234473667
2062,0.05,5,2,0.07074153467710512,0.035600862942726554,0.04560721987046534,0.03353634164083141,0.04560721987046534,0.03353634164083141
2772,0.05,5,2,0.21189786633647723,0.0891705924964421,0.09324185256422485,0.06290699098336905,0.10239518279908709,0.07206032121823129
1846,0.05,5,2,0.03646316880904401,0.016227735094458552,0.07017304418021031,0.03085992198139148,0.07972639132771506,0.036654755020074946
9,0.05,5,2,0.5289049191962235,0.24282485973576654,0.17079525264375955,0.0744554925152637,0.18381023467168245,0.07785199158089905
1235,0.05,5,3,0.39662454887017184,0.19601192907923234,0.07962198734160042,0.06418760823643772,0.08273746317836618,0.06724555661905209
1648,0.05,5,3,0.05653004522653017,0.0258336103677387,0.025660931782067294,0.015673881943696677,0.025660931782067294,0.015673881943696677
1607,0.05,5,3,0.05847505528412756,0.029497457296899017,0.02609858610244964,-0.004391691288658524,0.030387502923384744,-0.001226945330236106
1449,0.05,5,3,0.0884750013218809,0.04682514003220238,0.12283300696495995,0.03585937098236913,0.11796859355103281,0.03585937098236913
11,0.05,5,3,0.11836866919545432,0.06353324639069143,0.065088374673739,0.04547535739324289,0.065088374673739,0.0460075265811163
1753,0.05,5,3,0.04330745082600311,0.021523107210241036,0.021063106131985213,0.008673844908069364,0.02685793917066867,0.01938826882341336
2042,0.05,5,3,0.036901270706954536,0.0198393587097603,0.06417218102914801,0.04522109991434098,0.06892625057750842,0.04997516946270139
2939,0.05,5,3,0.08739726684203722,0.04094501675340926,0.02742063117846024,0.006991490737048085,0.023662117069638958,0.006991490737048085
1439,0.05,5,3,0.03031335185073018,0.01571490283346601,0.05278921726119724,0.03202188297745388,0.05565767469660787,0.04300557072733106
2114,0.05,5,3,0.04836060276705616,0.025955328420971417,0.07537849864440352,0.007690093243730753,0.07537849864440352,0.007690093243730753
1368,0.05,5,3,0.055306304813534664,0.029066349192345787,0.029134241046341068,0.023294443459186808,0.0288373636123313,0.02093105319504358
1005,0.05,5,3,0.040376392672508025,0.020145881311490803,0.022526821561912977,0.007914848101530142,0.02288528897379311,0.008805484701283681
1713,0.05,5,3,0.3592349869466549,0.17295826493526228,0.07053666566893552,0.059246359817851944,0.08377921877043845,0.06762449950542773
385,0.05,5,3,0.0443017042295535,0.023486032442934787,0.021213621508730445,0.006838737572078601,0.016349208094803305,0.006838737572078601
827,0.05,5,3,0.24833138511685912,0.11782584187688287,0.12528076628007412,0.09410160028020174,0.1397583371206267,0.11297122562592879
2275,0.05,5,3,0.07145667435463943,0.0302263583734375,0.024711465343252702,0.007590042646555831,0.029575878757179843,0.014185244970608834
329,0.05,5,3,0.034367489147244724,0.016568588885322318,0.022894049865961563,0.007885377013971583,0.02635567467039006,0.008955103081234955
15,0.05,5,3,0.3661135158481216,0.17893652808688798,0.18942210589587377,0.16856067910890152,0.2030324304119286,0.19032157223895207
230,0.05,5,3,0.32529265835425986,0.1544658165667015,0.07752807234317272,0.0698510148172614,0.09257937330095778,0.08642170494272032
10,0.05,5,3,0.02897986457303713,0.014858217520902248,0.07397572564065208,0.04291320692148127,0.07977055867933554,0.047305261426655726
140,0.05,5,3,0.04360789369170628,0.021351384596024373,0.02618738761550391,0.024447640193847674,0.021795333110329454,0.015663531183498752
428,0.05,5,3,0.05897989365253142,0.022444377321548765,0.02502497698703054,0.01804691339477143,0.02502497698703054,0.01804691339477143
287,0.05,5,3,0.04820677734650902,0.020444704650718726,0.006082623149534984,-0.015685987727003022,0.005550453961661574,-0.015685987727003026
1127,0.05,5,3,0.44486966885890294,0.20182736337815124,0.08504638009978169,0.036719779503077296,0.0844128397034285,0.04047829361189857
2197,0.05,5,3,0.05523367583941698,0.026230484475445293,0.027098467101024558,-0.005241239867383618,0.032893300139708016,0.004280194864994799
2188,0.05,5,3,0.03028100341924298,0.016794078398620755,0.08811829958393781,0.05826747380967914,0.09005324730532022,0.055810367025887084
822,0.05,5,3,0.05208945028079189,0.024269582878462204,0.018188180640000783,0.009253479455026994,0.023052594053927924,0.018982306282881275
100,0.05,5,3,0.07423808697899603,0.027341921894669934,0.036242817447702746,0.02914785341468934,0.036242817447702746,0.02914785341468934
26,0.05,5,3,0.045264613752760356,0.025993112865072776,0.034736011405140335,0.01454155675187413,0.03902492822607544,0.01883047357280923
903,0.05,5,3,0.039881129543730166,0.02003757098495814,0.04299782362051787,0.01901955487825862,0.04879265665920133,0.01901955487825862
1803,0.05,5,3,0.04797952731324576,0.02200794622812873,0.05073575530827279,0.022547958949050293,0.05565755329775195,0.019319188324533693
2594,0.05,5,3,0.07016672417954047,0.025324641949757785,0.024231275015989942,0.006960478774684892,0.03378462216349469,0.026067173069694388
2397,0.05,5,3,0.052990461352093496,0.0275191366039764,0.038487009114107934,0.019905729531529918,0.04107031576300028,0.019905729531529914
16,0.05,5,3,0.07024775175088359,0.026074052231094047,0.03877115810266464,0.03322502371639076,0.04739408562541307,0.04123265536908946
2444,0.05,5,3,0.045067594618333956,0.0177312502172375,0.01387130700120108,0.0034493870948113566,0.012711695976118043,0.004994951694885291
942,0.05,5,3,0.04445180420937934,0.01999700611065938,0.02869914919538363,0.016362448112555494,0.02869914919538363,0.016362448112555494
304,0.05,5,3,0.027583651064515033,0.012444510593680553,0.014047930603628024,0.011584082648216306,0.014047930603628024,0.011584082648216306
1577,0.05,5,3,0.05645582909098068,0.0269768897726253,0.05216491037716176,0.015446697091038408,0.046370077338478304,0.019838751596212865
2134,0.05,5,3,0.28020728431334563,0.12786007703639055,0.15244675124010104,0.08818835271608716,0.16511557422437154,0.10085717570035765
2199,0.05,5,3,0.10571975302321267,0.047620065000053995,0.04357035473639888,0.028425096846812714,0.05208293839358057,0.0326487636830593
256,0.05,5,3,0.03536724365566228,0.016378611071024965,0.06926931270193,0.05330681327125089,0.06863577230557684,0.04452270426090198
2719,0.05,5,3,0.1723100849704427,0.08974797976243098,0.09449104006389093,0.027107933862933656,0.1036371641174258,0.03572188872859511
2463,0.05,5,3,0.04675462521147848,0.024340041446657218,0.06400568904716919,0.008182439782077777,0.06980052208585265,0.008182439782077777
2296,0.05,5,3,0.09482785137410511,0.04336124444163509,0.013897777704058669,0.007994274118129318,0.018289832209233133,0.007994274118129318
425,0.05,5,3,0.04340005793901572,0.017397464730770664,0.02731701067083225,0.006927583280405044,0.02731701067083225,0.006927583280405044
2985,0.05,5,3,0.036152123077259235,0.017848703694552142,0.034128319743639404,0.01343278370562278,0.03992315278232286,0.01343278370562278
2195,0.05,5,3,0.03467709817143574,0.016257486410018458,0.03581558010038037,0.02452408259370236,0.04647482655299097,0.03678431357362009
1847,0.05,5,3,0.08294554088221937,0.04323043979057254,0.03586913785599114,0.02553260658650173,0.04652838430860174,0.03092918918830228
1629,0.05,5,3,0.061693032921866224,0.03087376633330183,0.045806051731234865,0.02635876290952433,0.045273882543361454,0.030691007135578062
1375,0.05,5,3,0.04938189794710591,0.02462625672532603,0.05383311064291927,0.052831809135360036,0.05962794368160273,0.05950507432664928
1790,0.05,5,3,0.03428799314181662,0.01934291640574167,0.03142511539541655,-0.015704149464344216,0.03142511539541655,-0.015704149464344216
1998,0.05,5,3,0.052720301002696625,0.02483462085115106,0.028296237484322938,0.01975275628380575,0.02748712210744221,0.022702155015746305
1352,0.05,5,3,0.07750806398184244,0.036573168139082846,0.04912439116311822,0.024567655248947773,0.054919224201801675,0.024567655248947773
2059,0.05,5,3,0.03537121685427527,0.013338932823751785,0.024997344320057784,-0.018991457053243455,0.020706661023363084,-0.019523626241116865
1738,0.05,5,3,0.10006257050814703,0.054629766917509905,0.02084731295378994,-0.027071586234203086,0.02084731295378994,-0.027071586234203086
161,0.05,5,3,0.03677896007094189,0.0183045983727453,0.031287901937945256,0.015292511083733251,0.0361523153518724,0.015292511083733251
2218,0.05,5,3,0.029671654346533616,0.015224035779271549,0.02681395455938549,0.01749374939587086,0.027346123747258897,0.018558087771617673
1870,0.05,5,3,0.05623425091864116,0.025426573265982386,0.03866591551898377,0.026764919652764903,0.03427386101380932,0.02676491965276491
1513,0.05,5,3,0.09488973109802437,0.04889341040426486,0.02336711505934223,0.006771322634331733,0.01850270164541509,0.006771322634331733
1125,0.05,5,3,0.052402122710810885,0.027871886442221196,0.05583050133859243,0.034287176757402435,0.05197061602129138,0.027683422906193116
305,0.05,5,3,0.061471450593550137,0.03047751483318264,0.027466796648948574,0.013991634231721228,0.027466796648948574,0.013991634231721228
566,0.05,5,3,0.06267149035092577,0.025797380590780634,0.04622174278645849,0.011939109671714798,0.05221032706289831,0.013063280534227478
2223,0.05,5,3,0.30569219498865685,0.12348166138332631,0.10460245255325913,0.04994463726874,0.11526169900586973,0.0606038837213506
833,0.05,5,3,0.03959846841980266,0.020121359688092484,0.01898661685242616,0.009285149693907337,0.02274513096124744,0.016802177911549903
2977,0.05,5,3,0.04798962606565288,0.027132234103915447,0.008230060815023626,-0.000301228332164883,0.012781744014255244,0.009114868280993876
2671,0.05,5,3,0.06189770817953614,0.026835469961421613,0.05159261940808002,-0.0004096856725423481,0.052124788595953424,0.00012248351533105523
2301,0.05,5,3,0.03499757409300893,0.018027139849524677,0.03866329573551287,0.01805490740810422,0.042058862250321044,0.015892911824292956
2657,0.05,5,3,0.07442118477570278,0.04113461790461224,0.039705163010063674,0.02457268765817147,0.039172993822190263,0.02350834928242465
918,0.05,5,3,0.051641965434563106,0.02405634159254857,0.06242013034846847,0.043874622112803484,0.07307937680107907,0.060094926761259486
928,0.05,5,3,0.03833605550619537,0.019494426155396385,0.033244541868152344,0.02072182502663189,0.033244541868152344,0.02072182502663189
1626,0.05,5,3,0.08035681591703704,0.044597736331627606,0.016546437650624177,-0.031463027549444425,0.016546437650624177,-0.031463027549444425
2847,0.05,5,3,0.028620838984623462,0.012405336058859974,0.04938920205950649,0.012755029932907572,0.05518403509818995,0.012755029932907572
2342,0.05,5,3,0.034321186179181735,0.015402950857173418,0.05301930156956075,-0.0004012697101174467,0.05301930156956075,-0.0004012697101174467
1522,0.05,5,3,0.06467943717731395,0.02496810095518689,0.07338181510637067,0.056460331918019725,0.07659334149616179,0.058269079774301846
1412,0.05,5,3,0.053130423581302766,0.0221184665307912,0.06183638013036602,0.025711525414815917,0.05978347619358749,0.03180919009203313
1679,0.05,5,3,0.44305772962419976,0.20133602128947198,0.12979616280405507,0.1032344786717033,0.13430727786844568,0.11150410784491518
572,0.05,5,3,0.05040001268111384,0.023498150333170462,0.03348851292300767,0.02561053889011884,0.025337944309011932,0.013069267753098232
1401,0.05,5,3,0.2579447397202752,0.1267710893570902,0.02031426691784892,0.00865947875002439,0.02517868033177606,0.01838830557787867
2194,0.05,5,3,0.030017628485018513,0.013673753490935553,0.01029992089291256,-0.011481260971880576,0.001936902338620955,-0.011221352003423756
2720,0.05,5,3,0.029458982922594423,0.01364235877307693,0.06667555824645548,0.02905714883791255,0.0634076746037937,0.03018131970042523
2068,0.05,5,3,0.1504289893245873,0.06601145746193286,0.07031858125528609,0.061450518381962374,0.08327974017200943,0.0734770732544121
2629,0.05,5,3,0.13469390385643626,0.06249425323895908,0.05049069996209586,0.04158997282912136,0.04673218585327458,0.0399234415111518
2043,0.05,5,3,0.031138563234717354,0.014693448915675842,0.022093047602197678,0.0054528903637445225,0.027887880640881137,0.0054528903637445225
2416,0.05,5,3,0.05013276493250437,0.02126847517760128,0.0021890894517453616,-0.008299871927718009,0.010823752521537201,0.009488121376936077
1085,0.05,5,3,0.057053041713097476,0.022883416760570555,0.04503762701629777,0.029795192413730406,0.04127911290747649,0.03237849906262275
557,0.05,5,3,0.2597652622821574,0.13349487072625976,0.04476777746624956,-0.0073659528252700696,0.05056261050493302,-0.0015711197865866111
834,0.05,5,3,0.029647217283750454,0.01379931591794327,0.06779776134168822,0.03234129326052049,0.07268044631302219,0.03346546412303317
906,0.05,5,3,0.10844493856531998,0.059725042146871056,0.049773107846480216,0.01986205705137393,0.054062024667415325,0.024150973872309037
694,0.05,5,3,0.03230852738809507,0.014291068194454923,0.028386577394597042,0.015730203733743897,0.028386577394597042,0.015730203733743897
472,0.05,5,3,0.14818777636724112,0.07541985077919656,0.04646617630676489,0.03991981586861219,0.04160176289283775,0.030190989040757912
2337,0.05,5,3,0.03690159537856084,0.014122456918302863,0.043499512875767574,0.0177945743078713,0.048363926289694714,0.0177945743078713
306,0.05,5,3,0.040984033073767176,0.020283495876123363,0.006800059743070783,-0.009997999663766799,0.012806722942172152,0.005562010682839319
1720,0.05,5,3,0.027390566644289627,0.009712600688754304,0.019609459072388976,0.005506845252675025,0.019609459072388976,0.005506845252675025
2810,0.05,5,3,0.02739671409389227,0.012169466961541224,0.041927242769173506,0.024798120258232026,0.04679165618310065,0.0323872927349072
105,0.05,5,3,0.10834446136997457,0.04027713632243121,0.07677348668285461,0.02397279401361807,0.07730565587072802,0.02450496320149148
1433,0.05,5,3,0.590546622778365,0.2596139157766907,0.10891369237068703,0.08948324828393248,0.11267220647950832,0.09324176239275378
2273,0.05,5,3,0.07098440136811483,0.025266481955937805,0.03498550646141943,0.025549788666366896,0.03973957600977984,0.03365800257977404
2935,0.05,5,3,0.0876536936334209,0.04134881485165742,0.005550119745872682,-0.004354402896424137,0.010414533159799823,0.0011130758947786035
1421,0.05,5,3,0.07744946843746342,0.03269823770788151,0.024351539039331183,0.01342858568973471,0.019487125625404042,0.01342858568973471
1407,0.05,5,3,0.11814657380759803,0.05866822013538089,0.03451343647474927,0.020986351819504805,0.024326548930891354,0.012202242809155883
214,0.05,5,3,0.04215076806954234,0.017200001355614523,0.044057834020399866,-0.0047806873623223445,0.044057834020399866,-0.0047806873623223445
2984,0.05,5,3,0.06539399047686069,0.032940454477540536,0.03909226097737095,0.0012426945434214631,0.03909226097737095,0.0012426945434214631
2534,0.05,5,3,0.050040861385723195,0.02320316490439392,0.02263092055526126,0.008552362445072507,0.017047997777068474,0.012225907585981327
288,0.05,5,3,0.10199935422039128,0.043477339736598265,0.011821046154043151,0.0007943944080918246,0.0068968224609952805,-0.008099576286767149
2852,0.05,5,3,0.04514948772248934,0.01795028003553503,0.04536370407816922,0.03430092088030761,0.05115853711685268,0.04009575391899107
2804,0.05,5,3,0.09178343491453485,0.050023311183376516,0.026773490473916278,0.016889359253752637,0.027766513877379034,0.02367721569589885
388,0.05,5,3,0.07078288241156117,0.03021421213050994,0.04140257021924723,0.008317705096096972,0.03701051571407278,-0.0009985731021253455
2102,0.05,5,3,0.04186222537762746,0.02181019241751028,0.01905789800830241,0.009595887423875477,0.016515233971236092,0.003193338069508108
2623,0.05,5,3,0.16240342271779493,0.07278877923293549,0.11821019993775832,0.09469318718711826,0.13268777077831093,0.10491998398330084
264,0.05,5,3,0.04069702708909488,0.018248059923111497,0.011621622266710922,-0.02096051257879069,0.02117496941421567,-0.003359734501529557
2365,0.05,5,3,0.03269321186228442,0.01767320381433632,0.04218490550581919,0.02215712965283956,0.039478301345953815,0.024374749186022053
1454,0.05,5,3,0.021448317542494516,0.010678097320383785,0.018903797717549447,0.0023543972364135114,0.022662311826370737,0.0023543972364135114
578,0.05,5,3,0.03556552358689908,0.017472163304227954,0.01951878523370427,0.0045218360468374744,0.01951878523370427,0.0045218360468374744
1625,0.05,5,3,0.4714424302004739,0.22609563274393168,0.13645089424665646,0.12545046643344598,0.1466377817905144,0.12984252093862045
2950,0.05,5,3,0.04535602881993597,0.02045209893893391,0.018977516517382345,0.01246497438429687,0.02326643333831745,0.016753891205231977
1135,0.05,5,3,0.057915487764728164,0.02300889465651762,0.06126327171957963,0.034708964704439016,0.06977585537676134,0.039463034252799435
1517,0.05,5,3,0.035914731895226724,0.017545213151666992,0.03225895429864198,0.02598118479611311,0.04291820075125258,0.02598118479611311
866,0.05,5,3,0.03315799205209071,0.015188362929498172,0.010760167585904878,0.010760167585904878,0.010760167585904878,0.010760167585904878
199,0.05,5,3,0.23735581083748974,0.1131483195307847,0.10304499502283498,0.09362159001197863,0.1132318825666929,0.11246840003369134
228,0.05,5,3,0.09206201852676447,0.04941405561210051,0.024817443021651578,-0.0009464153013603038,0.02534961220952498,-0.0009464153013603038
29,0.05,5,3,0.036872543958683675,0.01731410086315849,0.06633794597803398,0.03638455282835551,0.06816303201490634,0.036806860331718864
2998,0.05,5,3,0.04121693444512255,0.02085051140485244,0.03405420814077699,0.023698479343410385,0.03891862155470413,0.027691250945278738
1036,0.05,5,3,0.04792421253021232,0.020844385093285716,0.030750791574512274,0.019842862602632558,0.03203287435254863,0.015136800306493493
2376,0.05,5,3,0.031232344349305087,0.014645179852177392,0.0517549905411418,0.016204572345676738,0.0517549905411418,0.016204572345676738
1486,0.05,5,3,0.034403852904179466,0.017800466133752513,0.04648082263035436,0.008564993559239176,0.04648082263035436,0.008564993559239176
1951,0.05,5,3,0.024408416986267466,0.010112300781173459,0.041679003390205076,0.0309473559917302,0.04543751749902636,0.035238080221068696
399,0.05,5,3,0.09544721066917193,0.051122369609618135,0.045285880178379256,-0.018054438130203465,0.045285880178379256,-0.018054438130203465
1743,0.05,5,3,0.3385847937947389,0.164769486352452,0.11333598813342655,0.10123652264081473,0.12148655674742229,0.10938709125481047
2384,0.05,5,3,0.0321804754445085,0.016211835271695615,0.04774946732524477,0.015878292020870433,0.05261388073917191,0.015878292020870433
622,0.05,5,3,0.03295876127837649,0.015036023984788075,0.02292663509195691,0.012308866339412194,0.02292663509195691,0.012308866339412194
2698,0.05,5,3,0.03140768708645274,0.01656180832016823,0.023317891278263222,0.0019793556065495453,0.023317891278263222,0.0019793556065495453
1004,0.05,5,3,0.07220054327339395,0.03573077793068754,0.049081010423538386,0.030092733565645395,0.05540801265009525,0.0306249027535188
1555,0.05,5,3,0.2213233211489693,0.11274976565259721,0.10072386105938128,0.04414657878215246,0.11027720820688601,0.0456524949999008
2954,0.05,5,3,0.29146965948232484,0.14401156998547623,0.1803924887925208,0.1348284426236992,0.1943378904452,0.13962772022284353
2649,0.05,5,3,0.07069899332364342,0.03243211079097778,0.04376604098525,-0.0001840661333183391,0.04376604098525,-0.0001840661333183391
2263,0.05,5,3,0.05073782251395697,0.018312889915818104,0.019546790568489368,0.008178339403273666,0.025341623607172827,0.01869278811150852
2008,0.05,5,3,0.27926284584067235,0.13878533349894578,0.14417516297448552,0.11878522914132364,0.15741771607598845,0.13578629635164785
2049,0.05,5,3,0.027006223045711937,0.012761330126302312,0.05242210489006127,0.03357492065361961,0.05358761248350624,0.03474042824706458
1798,0.05,5,3,0.043450925546244266,0.022785265515939325,0.03404003198119421,0.022446130534370837,0.03404003198119421,0.022446130534370837
2261,0.05,5,3,0.07446792215294304,0.0381526867229103,0.05029677098485379,0.021026849552159547,0.05609160402353725,0.021026849552159547
2974,0.05,5,3,0.022202265949981297,0.01095641419044219,0.030577522796307873,0.028336058658625984,0.030577522796307873,0.028336058658625984
2945,0.05,5,3,0.24196583436823382,0.1092575954665865,0.08447727535160891,0.0609889126816576,0.0867671557983482,0.07142936174239263
2574,0.05,5,3,0.23601827821822052,0.10890415028945287,0.1329280396340413,0.12497812749463631,0.15173785470064763,0.1393958880560682
2878,0.05,5,3,0.09478065878833829,0.04622148662349811,0.060020083062600184,0.021580340369923512,0.06581491610128365,0.02158034036992352
1432,0.05,5,3,0.03938282624420775,0.01680551189451794,0.05129327736573458,0.02789714200622112,0.05621729906800084,0.02906264959966609
1223,0.05,5,3,0.37666932875373865,0.1642098470864901,0.13431058362047643,0.10789469003895488,0.1380690977292977,0.10683211813896765
1335,0.05,5,3,0.03997651403696245,0.019792301139047484,0.05644367095019161,0.04278629769434722,0.064491101879948,0.04866814579419213
1376,0.05,5,3,0.08787069518102998,0.043014106066093176,0.04704814363259867,0.02586164493537227,0.044464836983706325,0.027670392791654383
2333,0.05,5,3,0.05854460636514619,0.030083304987639836,0.04500092424274754,0.03764117754881486,0.04500092424274754,0.03764117754881486
747,0.05,5,3,0.15057784349413678,0.07203428044617591,0.027190223731423005,-0.014782688917157394,0.02279816922624854,-0.014782688917157394
1124,0.05,5,3,0.04424047167322,0.022122959394706126,0.023240565442641276,-0.006956935210544302,0.023240565442641276,-0.006956935210544302
1544,0.05,5,3,0.07279688138638837,0.029730697587078872,0.03934017340662327,0.022275720823758657,0.04363085670331797,0.022807890011632068
2680,0.05,5,3,0.19907911773346454,0.10008338835494854,0.028852278147598037,0.013182344563341278,0.023987864733670896,0.0034535177354869974
2654,0.05,5,3,0.0573581251845073,0.025657347729586954,0.04570442857556006,0.006879205127684251,0.04570442857556006,0.006879205127684251
168,0.05,5,3,0.04915163875442627,0.02498135208907168,0.023757675380587134,0.0173038530475762,0.028622088794514274,0.0173038530475762
2245,0.05,5,3,0.06548539012573365,0.02990839706526345,0.04462105384390175,0.022159797257618404,0.04462105384390175,0.022159797257618404
2471,0.05,5,3,0.03275054933578238,0.013899821808826828,0.05258915873892489,0.02012563898506775,0.05258915873892489,0.02012563898506775
1697,0.05,5,3,0.03002988872620244,0.011140888906793558,0.020870485832001046,0.003290273415637285,0.02949341335474947,0.012445370126259112
2360,0.05,5,3,0.1966787025238693,0.09324470440639138,0.057785167689215766,0.015263631683510859,0.058317336877089176,0.01579580087138427
2171,0.05,5,3,0.08055044364881185,0.04469187887291883,0.04156845422248746,0.0016404968254380356,0.036704040808560316,0.0016404968254380356
245,0.05,5,3,0.04317392643421801,0.019445718563148556,0.005748861063107923,-0.02324658720487178,0.007038200384594517,-0.012403900735880442
2214,0.05,5,3,0.06689066210882129,0.024111437810933476,0.03485282796890865,0.02721114125823577,0.03226952132001631,0.02023578010416897
2252,0.05,5,3,0.027913449686918425,0.014654572509063256,0.05101330936665291,0.04497950269569041,0.05680814240533637,0.04925502441402803
1287,0.05,5,3,0.031272583530163954,0.014902469554662873,0.058558516588018375,0.05066990028346452,0.06435334962670183,0.05646473332214798
677,0.05,5,3,0.05628513723746133,0.02268468351629277,0.08630221446132227,0.06034339364369415,0.09463775231857195,0.06052836288694809
1562,0.05,5,3,0.14124671452591187,0.062189497836648504,0.07517111161408606,0.057737478837982185,0.0800355250280132,0.057737478837982185
762,0.05,5,3,0.05440993970577743,0.028422223235701295,0.027076646563228828,0.0067969656103854525,0.027076646563228828,0.0067969656103854525
835,0.05,5,3,0.03708371449155906,0.01796949424542251,0.027339946991362846,0.015811112752820655,0.030500123744884634,0.023835702920269583
1091,0.05,5,3,0.46697114566063735,0.22669553446485907,0.1432277797600278,0.12194419584458559,0.15248424767912938,0.12859515283656
2829,0.05,5,3,0.04980183727724118,0.020947254840893485,0.01806234033800419,0.0037274777975046646,0.014303826229182899,0.003727477797504663
2874,0.05,5,3,0.15684016868090428,0.0813322667794687,0.02893575061337073,0.022680844982900683,0.024646833792435624,0.02321301417077409
716,0.05,5,3,0.031090876237526335,0.016406828320607324,0.06808762792677592,0.046371454160974546,0.07237654474771102,0.05066037098190965
466,0.05,5,3,0.09019503942728226,0.04622282919554476,0.011759677175851975,-0.006663447834487912,0.011759677175851975,-0.006663447834487912
2182,0.05,5,3,0.06525470556076746,0.028877771325507038,0.0026279614442642485,-0.0034826158406304764,0.002236451969662892,0.0009902880986953078
731,0.05,5,3,0.035622077241151545,0.01726794150194264,0.03697613782532233,0.026773544402536653,0.03697613782532233,0.026773544402536653
2323,0.05,5,3,0.07119900669955598,0.03303504732554973,0.004513674129446539,-0.00847006963335839,0.0003507392844806015,-0.007768591064397187
2717,0.05,5,3,0.04856120203641489,0.024252796530603384,0.018819487847335913,0.00017295923295584936,0.01974990747209223,0.007127309213274202
2876,0.05,5,3,0.3797650934419251,0.1926885869378393,0.17187389478310172,0.15679275365023876,0.19068370984970806,0.1756025687168451
231,0.05,5,3,0.06773000157272883,0.028837897466736734,0.03324796033718312,0.015505988199683962,0.03851062418799317,0.014973819011810552
2411,0.05,5,3,0.01770299135320844,0.008317606445786758,0.014658322764520539,-0.017567436244139097,0.008736092911328056,-0.014866738574583156
223,0.05,5,3,0.14821669935356804,0.07323065119873264,0.05763999979617947,0.023141042088551354,0.06343483283486293,0.029123845007553432
1690,0.05,5,3,0.04058400596094482,0.01833076704329252,0.04493955129394722,0.02329704908274527,0.04610505888739219,0.02446255667619024
1464,0.05,5,3,0.06913883744339375,0.030242297973881335,0.02104356374600736,0.0025006854299070014,0.02683839678469082,0.0025006854299070014
675,0.05,5,3,0.023204827024769937,0.0097699124570933,0.06866436965863133,0.05054762987621006,0.06978854052114403,0.0490884940898304
1351,0.05,5,3,0.04925181684262234,0.025291705661272475,0.026141787998165675,0.012650710058327517,0.031006201412092815,0.012650710058327519
642,0.05,5,3,0.040293467672605346,0.017438302699432202,0.009188187654449499,0.00259194389636137,0.01135537839307153,0.008517648743804684
1146,0.05,5,3,0.2847853656488794,0.12177193026992651,0.05510517441168417,0.031704146903963115,0.06576442086429478,0.04225304949100699
641,0.05,5,3,0.06968440659986759,0.030463034799310167,0.01003091160056254,-0.014578494535420518,0.012067230530424716,-0.004494744675801958
2978,0.05,5,3,0.09410256463263988,0.050890272942835706,0.011395536238516418,-0.007595331148935991,0.01471706369474903,-0.009561766368938894
2443,0.05,5,3,0.07376915882481833,0.03796669444359725,0.03606978291976004,-0.022277649732408145,0.03606978291976004,-0.022809818920281555
1380,0.05,5,3,0.05728804139963876,0.021362805144112332,0.014188163336634158,-0.005066431786270684,0.009796108831459694,-0.006194294732759467
2242,0.05,5,3,0.04332017486892973,0.01874727966034025,0.04324130779485625,0.03258350175287254,0.04753022461579136,0.03687241857380765
2122,0.05,5,3,0.07442526176129925,0.025664425169722647,0.05460975634199161,0.031150064598262753,0.05889867316292671,0.03543898141919785
935,0.05,5,3,0.08602043147231131,0.038767683251510116,0.009365124083361471,-0.0003772555568249507,0.009365124083361471,-0.0003772555568249507
1170,0.05,5,3,0.043512485997648176,0.017466428627488175,0.06538924952205531,0.03222417157884738,0.06099719501688086,0.03222417157884738
2211,0.05,5,3,0.09366644555321031,0.04374848594552354,0.009786608983185334,-0.00943261091170532,0.01301295390413321,-0.0019155826940627542
2481,0.05,5,3,0.040563170665059885,0.020951408800068183,0.0127583954544492,-0.0012864203644907535,0.023417641907059798,0.010303245712876163
2833,0.05,5,3,0.05889071421138928,0.03235187078823317,0.05966024620191654,0.007194855440488548,0.05726603978651713,0.00040859451991467205
672,0.05,5,3,0.02506018022317272,0.011397149544839717,0.038912557142244904,0.021955443138434463,0.0383803879543715,0.021955443138434467
2861,0.05,5,3,0.029476888496221886,0.01410089327014056,0.05572934153681919,0.04909004276780038,0.06001825835775429,0.05337895958873548
190,0.05,5,3,0.24937920860151014,0.11559771819663907,0.0834699505926516,0.04442601334971653,0.0834699505926516,0.04818452745853781
1604,0.05,5,3,0.027548564954826483,0.012352400422254784,0.052347057916938056,0.019952096733708624,0.053512565510383026,0.021117604327153594
270,0.05,5,3,0.06653678716301965,0.02644675831875001,0.03679404326753261,0.027341757313004166,0.045416970790281036,0.03919102975670046
1391,0.05,5,3,0.134027333503829,0.06997290669948655,0.04428172575373929,0.02350622182678941,0.050076558792422746,0.035095887904156325
720,0.05,5,3,0.13188717150584664,0.06987326600840583,0.02609231560902875,0.02180493198537876,0.02609231560902875,0.02180493198537876
211,0.05,5,3,0.0638770325081984,0.03016916905529988,0.07816806308961745,0.057210174098501626,0.07864042199837014,0.04842606508815271
1935,0.05,5,3,0.045305951588763986,0.021580758903083856,0.04965222946743453,0.012697362551802538,0.04965222946743453,0.015280669200694888
2108,0.05,5,3,0.050065900553410994,0.024354539534305462,0.027674700955546073,0.015728382448932137,0.03143321506436736,0.01932975099385516
2924,0.05,5,3,0.04109133551368531,0.02124564836857198,0.039283306486996704,-0.023343082924124715,0.033488473448313245,-0.023343082924124722
2504,0.05,5,3,0.045866604394488086,0.02079321745729015,0.03547362735897899,0.02716946000491482,0.03289032071008665,0.02768220089765881
805,0.05,5,3,0.29738810335231247,0.13181849188213574,0.028571290100968805,0.014012198280863,0.03782775802007041,0.02451737541008409
2100,0.05,5,3,0.0802188030590011,0.03941793128425803,0.028538824232236488,0.018183476010492725,0.02414676972706203,0.009399367000143804
1166,0.05,5,3,0.04791626071655095,0.025698297370604924,0.03427588580872871,0.013502312086981844,0.03542668303024642,0.014653109308499553
475,0.05,5,3,0.04085772383542967,0.018830408688601603,0.0361961205140736,0.02197539804939928,0.042226041521445726,0.02600965253017613
1925,0.05,5,3,0.044853137416812634,0.021348925948024455,0.018201786938750044,0.008094288851336003,0.022593841443924508,0.008094288851336003
2922,0.05,5,3,0.05223253607364213,0.018666717460114415,0.016761038577361345,-0.0015177689505560393,0.016761038577361345,-0.0015177689505560393
1039,0.05,5,3,0.0521255070675409,0.027760984900057056,0.023966499959395145,0.009756607492323335,0.02443885886814783,0.016137329475801376
1747,0.05,5,3,0.07732300157664511,0.04205053192575107,0.08246758165837485,0.018168643110047178,0.07771351211001443,0.021462004491443143
2632,0.05,5,3,0.4793302309774187,0.2157873878251086,0.12429464984278005,0.06453082353466516,0.1324452184567758,0.07214922296078749
2836,0.05,5,3,0.046735068677293996,0.021834602694483216,0.00938936819772784,-0.015469248110940585,0.00938936819772784,-0.015469248110940585
1299,0.05,5,3,0.04067813995561974,0.020715572420811432,0.0452125279851006,0.021157444765358455,0.054831010947388154,0.025911514313718867
2287,0.05,5,3,0.0398377386672991,0.020860725447925145,0.07420560234988881,0.05662529288602336,0.08335893258475105,0.06091420970695846
1565,0.05,5,3,0.05113124715907462,0.02225353313424237,0.019819656428863953,0.008931448412635499,0.024684069842791093,0.0089314484126355
776,0.05,5,3,0.05575544333495443,0.027858348316723795,0.017695427467014503,-0.0025994887911786058,0.022449497015374915,-0.0022431931144632905
1430,0.05,5,3,0.05260718572881906,0.026198809999300375,0.043200772134616115,0.025841379339397248,0.05298920725080951,0.03992049775228533
1415,0.05,5,3,0.045994679684735564,0.021179723533464107,0.004442857733573113,-0.0019517955528978777,0.001982323639246289,-0.0006538155384034124
1206,0.05,5,3,0.15844139914053157,0.07320413904016365,0.0980374165218758,0.05893477425355176,0.10430460846931193,0.06959402070616236
888,0.05,5,3,0.04433982793714656,0.018034406098285494,0.03302264460610037,0.020313345061538257,0.03567787759808111,0.02633544589072818
297,0.05,5,3,0.07374396710020084,0.03462710898502702,0.037404863473419064,0.028215912211559727,0.042269276887346205,0.028215912211559727
336,0.05,5,3,0.07568119207281906,0.031445544453441596,0.014753829831164186,0.005054774522634097,0.005497361912062581,0.0028541951221613786
382,0.05,5,3,0.030961915336058757,0.013227497412091548,0.011328599641508993,0.0012303263217607278,0.007570085532687711,0.0012303263217607278
2190,0.05,5,3,0.039414466364569224,0.01909575328502185,0.026181108286666987,0.021480945515734703,0.027910142145192402,0.02335383699702309
2247,0.05,5,3,0.027175268651108846,0.015265157983647387,0.019962270684096877,0.006926530546133191,0.02811283929809263,0.01444355876377577
2453,0.05,5,3,0.0624724504895397,0.026770171120041313,0.0321190217388196,0.024931941960434575,0.027726967233645147,0.01975875245535319
882,0.05,5,3,0.02875167539021599,0.015149697884824101,0.02600204824714104,0.01977621122611639,0.02976056235596233,0.019974723491674173
1672,0.05,5,3,0.0274452613798061,0.013648634553767055,0.027049504143579775,8.917375483185816e-05,0.025589404750632767,0.007310045687994413
2976,0.05,5,3,0.07171596547259562,0.030457822748002326,0.01748388746614301,-0.003208025161484329,0.02034127083218424,0.004087449479754923
1025,0.05,5,3,0.03405638909449904,0.017193303770550252,0.029330564169867023,0.028471802651719957,0.033089078278688316,0.02847180265171996
67,0.05,5,3,0.05717253147818878,0.028881853336858655,0.06135914776436241,-0.013255342857304342,0.06252465535780738,-0.012622004451732782
1122,0.05,5,3,0.08683047543570978,0.038931139645403186,0.00440661645530524,-0.013959368926311999,0.005780271088552683,-0.002398826749206634
2675,0.05,5,3,0.041546261578136026,0.021725380377444103,0.05411499730715712,0.020240609540685746,0.060441999533713986,0.020240609540685746
2529,0.05,5,3,0.04025599803065711,0.020837237264863917,0.04616694040282354,0.01776601300029435,0.04616694040282354,0.01776601300029435
2894,0.05,5,3,0.08510722097874011,0.03936702788316442,0.025909334478170634,0.01457811031952605,0.030773747892097775,0.019885251502632872
1493,0.05,5,3,0.07285399976493502,0.03745823196778196,0.04651991533160623,0.03125488849949222,0.05027842944042752,0.032120008811647345
2164,0.05,5,3,0.048519912434010715,0.024057304733357866,0.008146116641399848,0.003433983595603537,0.010331788581117187,0.005707812770551542
1830,0.05,5,3,0.09872039985253668,0.04223285696913063,0.020441640041042264,0.013042146679074218,0.01807291653577696,0.013624588500713575
1390,0.05,5,3,0.3290660860425249,0.15788862965535755,0.21274480117579375,0.18923438022652067,0.22716256173722563,0.19606610594389756
430,0.05,5,3,0.034199850815809674,0.01806904749688046,0.022130351896622658,-0.0054209598779402235,0.013507424373874234,-0.0054209598779402235
596,0.05,5,3,0.05147044420420453,0.024798631726991427,0.03744669301703696,0.02538496424911313,0.03744669301703696,0.02538496424911313
2067,0.05,5,3,0.04423305081371773,0.02149806218364716,0.04643902619113119,0.013631744534191192,0.05130343960505833,0.013631744534191192
2839,0.05,5,3,0.04529301337819961,0.025242088319420725,0.036660905103731434,0.026551602089855797,0.036660905103731434,0.026551602089855797
526,0.05,5,3,0.08568015494165238,0.034997700623596126,0.015043517578741335,0.0064059075883386545,0.019907930992668476,0.0064059075883386545
2910,0.05,5,3,0.034395705429655504,0.015979222701891744,0.022967948119974265,0.02248557547603451,0.022967948119974265,0.02248557547603451
2434,0.05,5,3,0.1261014625992314,0.0646915288293918,0.039433663762095006,0.02537186468475154,0.045228496800778464,0.02537186468475154
2391,0.05,5,3,0.15949818819114564,0.0717384366025706,0.06356306607943764,0.02153011403706708,0.07270919013297251,0.035068292595776415
2958,0.05,5,3,0.0487830085041831,0.021770038333147095,0.017792298726643736,-0.008606650110759138,0.011807523515551248,-0.005438095086989385
688,0.05,5,3,0.11370856273534269,0.04652913601831409,0.029395142289972,0.018560831217344597,0.02453072887604486,0.018560831217344597
1162,0.05,5,3,0.04236273434744477,0.023053021821281675,0.011433529792843608,-0.00012410296086428144,0.015192043901664898,0.007392925256778298
2554,0.05,5,3,0.0422490014191309,0.01611671481395199,0.03819406492157107,0.024069201818361922,0.03819406492157107,0.024069201818361922
489,0.05,5,3,0.036432577061368564,0.017849068013492946,0.026217898544073744,0.01688544718887175,0.026217898544073744,0.01688544718887175
1864,0.05,5,3,0.03880420549665697,0.018157838173186495,0.014210252228463489,0.012044220902118189,0.015375759821908466,0.013209728495563166
1461,0.05,5,3,0.3376999771720932,0.16910700694043085,0.1128856683530556,0.061773127507530494,0.11546897500194794,0.06811494826524413
2151,0.05,5,3,0.0633742790249836,0.0304191654248957,0.01666283292078323,0.007161898287371057,0.021925496771593278,0.007161898287371054
1022,0.05,5,3,0.15463515466082398,0.07162599726495349,0.09429320033436568,0.06848281258992543,0.10397149357577397,0.0806319383661083
1988,0.05,5,3,0.056760064874304406,0.02689172513019735,0.016617671051128536,0.002226295202064587,0.008467102437132796,-0.005869136377346821
2152,0.05,5,3,0.06485497397445404,0.023968647771710636,0.025079288836416247,0.004829773981548095,0.030874121875099705,0.014913523841166655
2726,0.05,5,3,0.05359824997025052,0.02299431266421443,0.042486987311732796,0.02772645925389565,0.04735140072565994,0.02772645925389565
2350,0.05,5,3,0.04148082792178777,0.01818772755090441,0.023031761718984065,0.007021977564129145,0.02506808064884624,0.007021977564129145
1709,0.05,5,3,0.3278198556016876,0.1571311689121052,0.19269942168927606,0.10615800333549963,0.20775072264706113,0.11575496272664415
1993,0.05,5,3,0.044448587514119405,0.022554867509020055,0.02792706434019956,0.013668011599821783,0.01943399156630223,0.013212104691416426
1582,0.05,5,3,0.055459796940770224,0.024773235883828387,0.029409509752211967,-0.02288062095545225,0.024447004039171445,-0.027481111625306823
1097,0.05,5,3,0.03792520741986525,0.018670930235636866,0.01385530882996584,0.006259874812998107,0.01385530882996584,0.006259874812998107
697,0.05,5,3,0.08012955723843238,0.03520101868041232,0.08342785905112293,0.00656796674769744,0.08435827867587925,0.00656796674769744
192,0.05,5,3,0.021253300136726605,0.010655200556729881,0.028227253767761896,0.008184443544637036,0.030263572697624072,0.008184443544637036
1009,0.05,5,3,0.03831217796636466,0.018845348651565456,0.06431929631070551,0.029495748997130637,0.07064629853726238,0.030027918185004047
990,0.05,5,3,0.11680394745721547,0.05505213887984793,0.04507186911987637,0.0018065046072560098,0.04507186911987637,0.0018065046072560098
1498,0.05,5,3,0.201396037195537,0.10474780661673933,0.06635597269733956,0.060781139232721944,0.07057787305782658,0.06271061607823349
851,0.05,5,3,0.05494325488833986,0.028357234932147365,0.03885387015032692,0.010137520240478537,0.04464870318901038,0.010137520240478537
2715,0.05,5,3,0.05218910473667434,0.023943371881162703,0.05085708526731919,0.014315977263813812,0.05883749973662748,0.026054905841943393
1324,0.05,5,3,0.10607567398774702,0.047068535811006805,0.017284425565817368,-0.0028905687310207782,0.013525911456996078,-0.0028905687310207782
2474,0.05,5,3,0.041273982085694064,0.014377302385254165,0.021937933628866386,0.016093667957745028,0.02241029253761907,0.014432353576222662
791,0.05,5,3,0.0337839233289782,0.01397927524530608,0.049106859585779095,0.03047992408900685,0.049106859585779095,0.03047992408900685
2084,0.05,5,3,0.07131423577114328,0.02499029160197595,0.03309656061492114,0.011563060168114692,0.028704506109746685,0.007013334267752441
2676,0.05,5,3,0.0442658682949095,0.02078089961149626,0.03905403613362382,-0.009327741754519892,0.03905403613362382,-0.009327741754519892
1592,0.05,5,3,0.17445150271042195,0.08899813842000051,0.008329721019221824,-0.023962840632702695,0.009732499552730818,-0.013413938045658824
2837,0.05,5,3,0.0271414707065205,0.014022421818871703,0.004059353963630625,-0.0008391985677203458,0.007028346796758022,0.005888308374228334
1821,0.05,5,3,0.02833350816776939,0.01268664412139714,0.01127427570876552,-0.00715433116106339,0.015516922235891255,0.001952728779989487
1489,0.05,5,3,0.10414520688769253,0.050290707144353165,0.02749959907859849,0.007513489522469746,0.03189165358377295,0.011514994097208638
2911,0.05,5,3,0.10497792938139326,0.0501341460024155,0.035718767669891315,0.03206897900759005,0.039477281778712604,0.03796880988161118
275,0.05,5,3,0.21170399910064847,0.08710409564499229,0.030936301477857645,0.02271463420228653,0.035328355983032106,0.02710668870746099
494,0.05,5,3,0.03915327935630826,0.014711487519233278,0.047158792563607346,0.024053009862098126,0.044575485914715,0.024728786019006698
884,0.05,5,3,0.07628814200565916,0.038710370893581314,0.03580768915865984,0.03580768915865984,0.03580768915865984,0.03580768915865984
1453,0.05,5,3,0.07313518184633104,0.03828815435210118,0.02047198311776767,-0.00998775421963815,0.019939813929894263,-0.009987754219638146
1109,0.05,5,3,0.09367785390624088,0.04592237289420732,0.007754819833993117,0.0067762057705049,0.011513333942814407,0.008733433897481335
1793,0.05,5,3,0.04653871029280494,0.025640204450489014,0.027559133449096423,0.01154776822374921,0.019408564835100676,0.01154776822374921
2960,0.05,5,3,0.2890906188066954,0.11918255465218291,0.09629619927611573,0.04787621672145283,0.10695544572872633,0.058535463174063426
2685,0.05,5,3,0.09784149419343843,0.04756687487441816,0.06785879008024819,0.01393809326751505,0.06299437666632104,0.017696607376336333
2026,0.05,5,3,0.041904064539857004,0.021072626575668194,0.04899881822203017,0.03001155511488751,0.05012298908454286,0.0311357259774002
1120,0.05,5,3,0.022690057903889196,0.011867556264377424,0.03181300085838307,0.014653902072940966,0.02694858744445593,0.01465390207294097
1849,0.05,5,3,0.06366662121341851,0.02908113377634085,0.03844350543005511,0.016749776263158322,0.04910275188266571,0.02833944234052524
1418,0.05,5,3,0.05636613777756164,0.026982141459237885,0.05736224832718739,0.022422664945200232,0.05736224832718739,0.022422664945200232
2625,0.05,5,3,0.07153379567895536,0.03371963979624375,0.0,-0.0005178023806954313,0.0,-0.0005178023806954313
850,0.05,5,3,0.036217045841419604,0.017221091797170567,0.0025190032142177812,-0.0030814729887576747,0.0033919715958930854,0.00265590880684477
2547,0.05,5,3,0.06419597436520519,0.03223737084709819,0.017253008747705557,0.005008538630887594,0.018418516341150534,0.006174046224332571
1332,0.05,5,3,0.033097813039013387,0.01373153575091536,0.02336960379248247,0.010536957261214026,0.02131846633146353,0.011069126449087432
1488,0.05,5,3,0.041646207960386226,0.017400514528556534,0.05117908389835614,0.029279188638106742,0.04678702939318169,0.02487311654600455
844,0.05,5,3,0.05186226547779513,0.02726826256375597,0.024983316989736434,0.009961429552358458,0.024983316989736434,0.009961429552358458
1030,0.05,5,3,0.05731800638175391,0.028820755030184584,0.03923744344989144,0.0014292228553017192,0.03344261041120798,0.0014292228553017192
2901,0.05,5,3,0.3636050954846281,0.18528759616440854,0.1484090370075672,0.14514126433739793,0.15859592455142513,0.15532815188125587
1247,0.05,5,3,0.02533082423138082,0.012847054003274678,0.02415033899709042,0.00837718967254025,0.020391824888269138,0.008377189672540248
1817,0.05,5,3,0.054104704031935416,0.026745623094997544,0.02274059061835464,0.00016733832774129195,0.013484122699253042,-0.0012983405741603428
2417,0.05,5,3,0.028424033026594273,0.015240388308416524,0.050311532236452905,0.037696789994230206,0.054600449057388006,0.04198570681516531
741,0.05,5,3,0.5182960114762162,0.2313173733020399,0.07426410979608608,0.017107085499965174,0.06939969638215893,0.020865599608786443
371,0.05,5,3,0.04130797926660527,0.019326087847765884,0.013944206307220198,0.002962247812816626,0.01563376166238199,0.0084103172767997
113,0.05,5,3,0.032209240326947865,0.015838284960879023,0.03870550043857952,0.0198133059146941,0.0424640145474008,0.0198133059146941
2669,0.05,5,3,0.1486998097676292,0.07664176092017065,0.026688381940572794,0.012243228506256365,0.02940117644575325,0.019820436425363963
693,0.05,5,3,0.04924826019832807,0.021328037392770848,0.027529152577539212,0.01883828272517271,0.031818069398474313,0.023127199546107813
1950,0.05,5,3,0.0505365650375149,0.021385595955681916,0.012630220924233267,-0.007696924949172509,0.016388735033054557,-0.007696924949172509
2825,0.05,5,3,0.03172604746963576,0.016671951125735072,0.027696207282968732,0.016958657749074617,0.03349104032165219,0.016958657749074617
1158,0.05,5,3,0.07385142509116446,0.037226184434331504,0.06479732309604246,0.038112500477881756,0.06620010162955145,0.047154833192707
367,0.05,5,3,0.07116117688548937,0.03793550419417635,0.02028337335030412,0.005001507822900304,0.02514778676423126,0.014730334650754585
680,0.05,5,3,0.2816900908529724,0.14305642125521034,0.0745505094104621,0.0634477468146716,0.07518404980681527,0.06783980131984606
69,0.05,5,3,0.021643556055862986,0.012163206444755404,0.03711593038084837,0.02323283140723925,0.03711593038084837,0.02323283140723925
2525,0.05,5,3,0.11698201602273238,0.05741798768685669,0.047053777054184065,-0.00734569481920655,0.04817794791669675,-0.006221523956693863
2581,0.05,5,3,0.31096521536550026,0.15464442566417835,0.07324948196143524,0.06150457619682814,0.08343636950529316,0.07608351824586052
2701,0.05,5,3,0.031096684749018933,0.014532564518583903,0.020198147969148355,0.011224632161024603,0.025062561383075495,0.017227514423915326
605,0.05,5,3,0.046471001176400545,0.02120802532300304,0.023011344967650286,0.013660565204855419,0.027875758381577426,0.013660565204855419
864,0.05,5,3,0.05293214327403514,0.02431121860689178,0.022069923083101625,0.016386598619865002,0.022069923083101625,0.016386598619865002
2209,0.05,5,3,0.048931426580257946,0.022314283565950336,0.02482238737569908,0.015555080610954791,0.02968680078962622,0.020951663212755336
513,0.05,5,3,0.04525371214316265,0.018573201214059004,0.02658160653526423,0.010080317938296002,0.03237643957394769,0.010080317938296002
2414,0.05,5,3,0.05330845323245866,0.022754899870392472,0.01924135238051594,0.006126307318761402,0.01924135238051594,0.006126307318761402
1667,0.05,5,3,0.07629050604387001,0.042155746051553276,0.06529350392035249,0.042837706970232155,0.06588550559499176,0.048294122058798565
2648,0.05,5,3,0.12618473169803662,0.06909060064054708,0.09659233607629053,0.03300827463672995,0.09659233607629053,0.03676678874555124
2407,0.05,5,3,0.5624926313739835,0.25904764422228177,0.15153285108808529,0.027638454971741264,0.15576372410565922,0.026186625389768847
628,0.05,5,3,0.11334004303314094,0.0506527644495214,0.06321274511201758,0.017244360562274075,0.05945423100319629,0.017244360562274075
1537,0.05,5,3,0.05475257299226216,0.021851634233944504,0.022559786931860733,0.004248144077593996,0.022559786931860733,0.007719910027601673
1130,0.05,5,3,0.16762092294838532,0.08157498235593492,0.04197477351455016,0.025453267584201633,0.04626545681124486,0.02924956532734163
2445,0.05,5,3,0.10919961311380999,0.042301238921958806,0.025899436470183834,0.019211480327943058,0.025899436470183834,0.019211480327943058
2216,0.05,5,3,0.14843144813341919,0.06095886879519604,0.020021921830339594,-0.005256624632131272,0.025284585681149645,0.0009364588434350972
101,0.05,5,3,0.06399577323223314,0.0292885711968922,0.02966315665129215,0.02218747757561291,0.02966315665129215,0.02218747757561291
1445,0.05,5,3,0.04033966607882144,0.01855895377071568,0.004457112556764814,-0.007222751475395256,0.00040730085716232656,-0.0064081497610706025
549,0.05,5,3,0.6080972674015341,0.2645691457124508,0.14340026486881846,0.0663024976349117,0.15486811877766343,0.06973085400472466
415,0.05,5,3,0.044041015334397554,0.01891198124268801,0.0020921374231608475,0.0016938000286104427,0.006956550837087988,0.0024904748177112523
1365,0.05,5,3,0.026007564496679805,0.012053194127924306,0.007790709088683637,-0.015078693350873494,0.016680270674921047,-0.0029016670429427363
2873,0.05,5,3,0.08753055148691122,0.04522124777521086,0.03986617061700675,0.03229796279719556,0.050053058160864666,0.03746302928945067
1942,0.05,5,3,0.09275032810258832,0.04464479148227164,0.03561468125779698,0.029540334271876433,0.04047909467172412,0.03180592996605739
746,0.05,5,3,0.029253044664646514,0.013822350799718258,0.0290055353098769,0.01735346200583781,0.03480036834856036,0.01735346200583781
1428,0.05,5,3,0.10530832321779374,0.051760638213161604,0.06131569365257088,0.03795748042404132,0.0585799791977825,0.030829711464078483
429,0.05,5,3,0.2002031807260096,0.09952986054119387,0.025354860015167527,0.017199842552931804,0.026520367608612504,0.01836535014637678
2749,0.05,5,3,0.03792145797996323,0.016631974707438518,0.019453028652781937,-0.010058751935185573,0.009799068784195659,-0.009053465351161251
1159,0.05,5,3,0.2681340815361741,0.12797089914068774,0.11298538799279441,0.10761899883956942,0.12253873514029914,0.11717234598707416
514,0.05,5,3,0.2299466918606867,0.09921437695247895,0.04997762254110389,0.04538552895406993,0.05577245557978735,0.04538552895406993
1001,0.05,5,3,0.04330464784980045,0.02107664792429865,0.052444416444967716,0.02229275579197676,0.059661475344935225,0.021359246077948528
2383,0.05,5,3,0.019934150096447733,0.009208463850446283,0.038750520195276264,0.01750131126749199,0.034358465690101814,0.017501311267491996
896,0.05,5,3,0.0717801770158834,0.029377020984297203,0.04639423504782837,0.03167325812220972,0.05218906808651183,0.03167325812220972
603,0.05,5,3,0.12329515762756972,0.06253732987050992,0.04130524050498676,0.022649804553880153,0.03268231298223834,0.021458158363980864
424,0.05,5,3,0.027766420778081308,0.014004856118937764,0.025218283581291863,0.016098046477251566,0.029972353129652275,0.017073723958938247
606,0.05,5,3,0.02687055377205721,0.012424312139853635,0.013680647819717878,0.006439225983937541,0.017439161928539167,0.006439225983937541
2970,0.05,5,3,0.03463754411912653,0.015993256461852554,0.026744274318559236,0.01285476393260448,0.027276443506432643,0.013386933120477887
178,0.05,5,3,0.32629104197113457,0.16785209663347525,0.15276403266638552,0.11483042355825254,0.16781533362417056,0.12988172451603758
2778,0.05,5,3,0.08460859909145847,0.04188782230783573,0.03330312392372328,0.03237323826615751,0.037695178428897747,0.03423300958128905
1219,0.05,5,3,0.030802017505189405,0.013331492459083175,0.029518746434241825,0.009350792404571553,0.026592370830969003,0.0020323622961242738
959,0.05,5,3,0.1310891874870134,0.06330469903730596,0.01684363144099136,0.0007144882486423282,0.00869306282699562,-0.008069620761706586
1684,0.05,5,3,0.04126074873593662,0.021556967664102627,0.016459429351997876,0.00814453828435224,0.01387612270310553,0.0011691771302854356
559,0.05,5,3,0.04897942436238003,0.021621621084503006,0.016012005883434904,0.010685006895614392,0.016012005883434904,0.010685006895614392
2667,0.05,5,3,0.03611238886973343,0.01831006113425065,0.01958141041915012,0.006208845141714336,0.01582289631032884,0.006208845141714336
685,0.05,5,3,0.04776126825227428,0.02075245733590607,0.01837580144204452,0.009986064186641136,0.018907970629917926,0.010467058679707542
1317,0.05,5,3,0.03374288027682674,0.01472270880509711,0.06502306991553093,0.03984362091737731,0.06988748332945807,0.04329769550718983
274,0.05,5,3,0.24218215481044975,0.1198438996122196,0.03697095673622991,0.0241026782788372,0.03579574927630097,0.01916895671008697
1165,0.05,5,3,0.027705999292478765,0.01396174403788168,0.03851434928503847,0.02002520170510458,0.03851434928503847,0.02002520170510458
973,0.05,5,3,0.07980541680721619,0.03824939897058116,0.00873654276369375,0.003364947996660433,0.009809457915841719,0.002199567559482812
2485,0.05,5,3,0.07664362621638496,0.039715001832377854,0.022866411888660426,0.016840450882545877,0.032419759036165174,0.028892372894774976
2198,0.05,5,3,0.039649349835723255,0.01669503614778663,0.007185105702393085,-0.006180952434958087,0.010275368195524118,-0.0008892355106695539
446,0.05,5,3,0.03562816339837279,0.018522314900794503,0.03866589431084,0.029993596487117195,0.03866589431084,0.029993596487117195
2145,0.05,5,3,0.07736927810526481,0.039086097265382674,0.0227741624243771,-0.0063527954221859785,0.02763857583830424,-0.0063527954221859785
1742,0.05,5,3,0.07854109502273111,0.042381850947671294,0.025863130110468896,0.001205925611914349,0.01771256149647315,0.001205925611914349
1322,0.05,5,3,0.05710986173824348,0.023940511231969108,0.014413009707814839,-0.0005582272281494244,0.014986850658377592,0.009294925328818857
2783,0.05,5,3,0.03102798956305482,0.013985079845874434,0.04708839884890886,0.02272415771335884,0.051952812262836004,0.02272415771335884
659,0.05,5,3,0.04531757522133919,0.019035754146251065,0.021211491940670565,0.0011503331567099817,0.017567962362897382,-0.0011503331567099817
1675,0.05,5,3,0.03476422578473464,0.01634421091861404,0.015471766600167629,-0.009774558952159118,0.017508085530029804,0.0018151071252077988
2162,0.05,5,3,0.438155826661981,0.21742540862748397,0.13547798179499848,0.11192197112313784,0.14849296382292138,0.1298013665649879
175,0.05,5,3,0.2874830630676334,0.1402642918322777,0.19089963245118857,0.14816681365902146,0.20970944751779488,0.17073514283444907
1254,0.05,5,3,0.14566809040904602,0.07959470119051748,0.07737908264964982,0.02314057138273462,0.08425130611947727,0.030012794852562072
447,0.05,5,3,0.03559473261008889,0.017207645602459316,0.03284900766828766,0.012550886579431264,0.042467490630575214,0.017348283532910305
1477,0.05,5,3,0.08487178351051755,0.04158345489609654,0.042590637695146316,0.03024079009448006,0.04745505110907346,0.03563737269628061
2055,0.05,5,3,0.04536161544019762,0.02685001385164603,0.056371060866140965,0.01280465863583885,0.06012957497496224,0.016563172744660126
2180,0.05,5,3,0.04174452743525858,0.022182140821211647,0.016911244713033673,-0.013683050608452874,0.013152730604212392,-0.017441564717274156
1216,0.05,5,3,0.08520855750119943,0.046414860191233545,0.048976307349288914,0.025937817858462154,0.044584252844114464,0.022850423857001315
1193,0.05,5,3,0.15736819827703985,0.07097210649198382,0.03809558087560251,0.019537140041162804,0.03433706676678123,0.019537140041162804
943,0.05,5,3,0.038720828521761674,0.02097529041425548,0.02575485141376059,0.00840102263436248,0.03641409786637119,0.015447267742173733
1192,0.05,5,3,0.07899441562198606,0.03398174988752315,0.006973100946110674,-0.015334178752916221,0.00809727180862336,-0.014210007890403534
1215,0.05,5,3,0.07757754312103983,0.03821623075145185,0.0153687045337868,-0.0019213397039322538,0.0153687045337868,-0.0019213397039322538
1148,0.05,5,3,0.5271153074894686,0.2296566788435733,0.10697939950554425,0.04547346579608915,0.11020574442649211,0.05356422413096416
1427,0.05,5,3,0.04603256453628334,0.022567904427091754,0.022387321059264133,-0.007126138061862398,0.01376439353651571,-0.007126138061862398
2079,0.05,5,3,0.20926980888589652,0.09471032981402201,0.03905369693594486,-0.0006829528534668117,0.040456475469453856,0.005111880185216647
1748,0.05,5,3,0.03082566950095569,0.01562325582849118,0.05765636508823631,0.038758821730018024,0.05765636508823631,0.038758821730018024
558,0.05,5,3,0.02782714177236779,0.012722423271458392,0.03277372374809306,0.01777582498622418,0.038568556786776516,0.022260401349944402
724,0.05,5,3,0.03678523080067725,0.016948690017442362,0.009621968988983928,0.009621968988983928,0.009621968988983928,0.009621968988983928
1145,0.05,5,3,0.05021890796191564,0.020115350303790403,0.020776864609186207,0.0002809307528995539,0.026571697647869666,0.010364680612518114
831,0.05,5,3,0.054077101803600765,0.028247839049510386,0.028976712635309244,0.011896566142837628,0.03245987309061342,0.019138240706963086
2054,0.05,5,3,0.04396654424059188,0.019098999035970923,0.022914605126998763,-0.008447010469143153,0.01429167760425034,-0.008447010469143153
2044,0.05,5,3,0.054417904247605925,0.021382643693213497,0.05112303121101136,0.027576435110185548,0.0559874446249385,0.03730526193803983
2222,0.05,5,3,0.040064908959232017,0.020542337071240483,0.03328629210878896,0.021945081735772465,0.028894237603614505,0.01616974595559245
2418,0.05,5,3,0.08786370066850699,0.04409316855414027,0.034931246759966283,-0.0010487911376057535,0.034931246759966283,-0.0010487911376057535
380,0.05,5,3,0.17231716298731967,0.07621857279264245,0.08261527600501856,0.058242895653199026,0.09766657696280362,0.07715408192828513
1285,0.05,5,3,0.06592352745862932,0.028057908224773928,0.04525160139893762,0.0019402736431082812,0.04525160139893762,0.0007747660496632974
1288,0.05,5,3,0.028389063894552893,0.01469504574085887,0.011262401411512468,0.0072456141460982,0.017057234450195927,0.009734903971366005
2219,0.05,5,3,0.055727540531137994,0.024811854903540115,0.0336361140737672,0.014855263152816642,0.03943094711245066,0.014855263152816642
1746,0.05,5,3,0.03667489465872236,0.012832929231186877,0.03866863220028078,0.017754116364126826,0.04353304561420792,0.017754116364126826
80,0.05,5,3,0.019531643125002194,0.009291612804248787,0.024745769538315476,0.01102983002933273,0.024745769538315476,0.01102983002933273
1045,0.05,5,3,0.02939968114120092,0.013990178286810026,0.0272908317151343,0.013670679775334935,0.0272908317151343,0.013670679775334935
1236,0.05,5,3,0.053110408787058805,0.025811570581292347,0.010748445853149425,-0.014975897111497317,0.017154165780870586,5.2750338972267635e-05
1055,0.05,5,3,0.05634291277143253,0.027359219463367595,0.07820483285424862,0.06653158034011604,0.07937034044769359,0.06769708793356101
915,0.05,5,3,0.06244240871097542,0.026820119156745967,0.03309036328810011,0.011818284485731752,0.03309036328810011,0.011818284485731752
414,0.05,5,3,0.04620312751794046,0.025246351062866663,0.019374729870160853,0.00881552248268642,0.021512809451315285,0.0084486868710238
2184,0.05,5,3,0.03923259138074048,0.021243806229065243,0.04279413364458539,0.018735986818475873,0.03792972023065825,0.016987049241314486
2109,0.05,5,3,0.17697602504209864,0.08950400750608208,0.05252775864549751,0.04280514468075672,0.05885476087205438,0.04543914566987377
24,0.05,5,3,0.049514179249933836,0.02457671701570316,0.02717417022403101,-0.005604056422043872,0.03156622472920548,-0.005604056422043868
967,0.05,5,3,0.03651168244458714,0.01826135121046033,0.03289618373739156,0.015261800240134848,0.03289618373739156,0.015261800240134848
1441,0.05,5,3,0.20012961252377376,0.09934979933568053,0.012396337004048524,-0.005846784288991153,0.012198054244798714,-0.0002502340095575043
2121,0.05,5,3,0.0310210278473526,0.013400103504010627,0.02043463341539498,0.010375752336565394,0.020966802603268386,0.0109079215244388
1966,0.05,5,3,0.02964581007376092,0.013580386987641692,0.05418844955852817,0.04387412347834846,0.05418844955852817,0.0464574301272408
2267,0.05,5,3,0.04758571429842824,0.018267429444528402,0.05626126405364734,0.02741569059492623,0.05186920954847289,0.01863158158457731
1618,0.05,5,3,0.06774230324106738,0.028508822316568098,0.036307861213433004,-0.005419952322150756,0.04210269425211646,-0.005419952322150756
2316,0.05,5,3,0.03341103917864258,0.01719357813360945,0.037449102209686405,0.021451055881657445,0.043243935248369864,0.026764372272824112
841,0.05,5,3,0.06430037930753751,0.02789747786596087,0.03573529458569719,0.007334189670593183,0.042062296812254055,0.007334189670593183
34,0.05,5,3,0.04278770478729283,0.02145553952279328,0.01009828891802516,0.0022887488371724357,0.019651636065529908,0.01626492935233692
729,0.05,5,3,0.05365099059629321,0.022347284107416873,0.027896383864339937,0.010754552406270643,0.033691216903023395,0.013966174063896719
2637,0.05,5,3,0.3138905930541859,0.16358964339714333,0.20267332598323312,0.11848452578625233,0.21661872763591233,0.12029327364253445
1692,0.05,5,3,0.040645477287614244,0.01827750647890311,0.008680408100654211,-0.0041375948529114946,0.00907836501262985,0.0011247754729912848
614,0.05,5,3,0.040017686280932885,0.01749628942823593,0.02707033855363771,0.012326772627444924,0.03286517159232117,0.02391643870481184
2888,0.05,5,3,0.3509129009628069,0.1619657939296971,0.16052241794764263,0.12254796175174154,0.17342705610999878,0.1354525999140977
2537,0.05,5,3,0.06681210960279199,0.029471164337499127,0.03918723837512385,0.01380616451447203,0.044982071413807306,0.01380616451447203
1765,0.05,5,3,0.04904504502603381,0.025641240964415876,0.048255432544575816,0.02445033924597606,0.048255432544575816,0.02445033924597606
725,0.05,5,3,0.06981401548232186,0.03921265867222043,0.043470384446401056,0.013359497739310777,0.04550670337626323,0.0249491638166777
1890,0.05,5,3,0.504870582116343,0.23859493924055208,0.1507396726132677,0.1210840874832477,0.154498186722089,0.12161605468033951
1822,0.05,5,3,0.04524092745418099,0.019202761526992445,0.01576299247260686,-0.013389877439226622,0.017799311402469035,-0.0018002113618597049
145,0.05,5,3,0.1853249017489578,0.09626242170802013,0.1085420033035977,0.09945608625732483,0.11282298673380843,0.10373706968753556
2700,0.05,5,3,0.06717443095609407,0.027980701847474226,0.030109551238052798,0.004538386134619099,0.020556204090548057,0.004538386134619099
2895,0.05,5,3,0.03178008679349465,0.013531235836075756,0.062411522539170025,0.03899110159084395,0.06381430107267902,0.03899110159084395
445,0.05,5,3,0.15894531402097667,0.08435035729331876,0.05347292940079521,0.043331898007545444,0.05926776243947867,0.043331898007545444
341,0.05,5,3,0.22984044029262826,0.09455608977239605,0.1435620728544244,0.10890225561321554,0.16056314006474864,0.12590332282353978
652,0.05,5,3,0.0875816522811703,0.03980017530784568,0.019041045067464304,-0.00118225938949168,0.010890476453468557,-0.00118225938949168
1492,0.05,5,3,0.13964530699221966,0.07377028132748513,0.07926106878064129,0.02360237966500807,0.08291644520522323,0.022865701584415546
352,0.05,5,3,0.24176899882306435,0.11789043144361312,0.0957590837255665,0.07064609588541966,0.10647814045729784,0.08575720712232546
290,0.05,5,3,0.06801958427226364,0.03248405925126851,0.03333063097915212,0.014561592198163224,0.03333063097915212,0.014561592198163224
2062,0.05,5,3,0.04754626789192456,0.022090469747049535,0.021781335732100834,0.009710457502466907,0.021781335732100834,0.009710457502466907
2772,0.05,5,3,0.2067087779079824,0.08726832319977354,0.07472294916096306,0.04438808758010726,0.07954403516977157,0.04920917358891577
1846,0.05,5,3,0.053477531428331504,0.020511082198298645,0.05851614063195998,0.01920301843314115,0.06682998295101195,0.023758346643371835
9,0.05,5,3,0.5743984523295581,0.2586790532400768,0.18736351529209017,0.09102375516359432,0.20037849732001306,0.09442025422922966
1235,0.05,5,4,0.40768496680652305,0.19059411809076987,0.10874479450988178,0.09331041540471909,0.11366901820292966,0.09817711164361556
1648,0.05,5,4,0.03763457386282668,0.01787768886161791,0.03159849324776243,0.02161144340939181,0.03159849324776243,0.02161144340939181
1607,0.05,5,4,0.07477780824854005,0.04203213300563378,0.01017341220233145,-0.020316865188776713,0.01017341220233145,-0.0214410360512894
1449,0.05,5,4,0.1020886305135371,0.056795911761563074,0.12051858310199152,0.0335449471194007,0.11565416968806438,0.0335449471194007
11,0.05,5,4,0.09443323263420077,0.05616848140526998,0.051878304729520805,0.032265287449024696,0.051878304729520805,0.032797456636898106
1753,0.05,5,4,0.06775929000993045,0.03018344023809231,0.015888409161458353,0.0034991479375425048,0.02168324220014181,0.0142135718528865
2042,0.05,5,4,0.030860729936653716,0.016003377646093195,0.056784363835614915,0.03783328272080788,0.061073280656550016,0.04212219954174298
2939,0.05,5,4,0.07575728027829678,0.032176894747019125,0.03639273852329369,0.015963598081881532,0.032634224414472404,0.015963598081881532
1439,0.05,5,4,0.06088921364791678,0.030148258750012202,0.048489697950203865,0.02772236366646051,0.049892476483712866,0.03724037251443606
2114,0.05,5,4,0.0740935823712436,0.034222264834032845,0.07979872831731319,0.012110322916640423,0.0803308975051866,0.012642492104513833
1368,0.05,5,4,0.047197719346285014,0.024647928142510676,0.027856144150846397,0.022016346563692137,0.03600671276484214,0.028100402347554416
1005,0.05,5,4,0.048321562405941994,0.02301956266532633,0.024585649983518428,0.009973676523135593,0.025117819171391834,0.011038014898882407
1713,0.05,5,4,0.35669734891365107,0.15669229361879602,0.07275011012503368,0.06145980427395011,0.08599266322653662,0.0698379439615259
385,0.05,5,4,0.06393227457960307,0.030960380679375305,0.015719817621910964,0.0013449336852591198,0.010855404207983824,0.0013449336852591198
827,0.05,5,4,0.21336134006167712,0.10502319448583163,0.12271458203341366,0.09153541603354129,0.1361513893836432,0.10936427788894529
2275,0.05,5,4,0.025561364141944234,0.011801984302710363,0.021993877836315495,0.0048724551396186234,0.026858291250242635,0.011467657463671626
329,0.05,5,4,0.03593716084428612,0.0176901383300168,0.02507679528012875,0.01006812242813877,0.03067822367105634,0.013277652081901237
15,0.05,5,4,0.3402872514037182,0.17701697045391696,0.15616827976529213,0.13530685297831987,0.16584657300670042,0.1531357148337239
230,0.05,5,4,0.3132332232773068,0.1581827090581772,0.05673946172738902,0.04906240420147771,0.06458543222709143,0.05842776386885396
10,0.05,5,4,0.02937458747895897,0.011165584184519628,0.07476407532041855,0.04370155660124774,0.08055890835910202,0.04809361110642221
140,0.05,5,4,0.02661442560985839,0.012495320223567793,0.02140459880613931,0.01966485138448307,0.01701254430096485,0.01088074237413415
428,0.05,5,4,0.05470406243052786,0.02192761453242547,0.03941636533510273,0.03243830174284362,0.04054053619761541,0.0335624726053563
287,0.05,5,4,0.02782502392106436,0.013273053651573639,0.013499890971833774,-0.008268719904704232,0.012967721783960367,-0.008268719904704232
1127,0.05,5,4,0.4338529352162941,0.18564228413447564,0.07181420876628726,0.02348760816958287,0.0674221542611128,0.02348760816958287
2197,0.05,5,4,0.05876632558594771,0.02511479829433007,0.04085124114187929,0.008511534173471114,0.04664607418056275,0.01803296890584953
2188,0.05,5,4,0.07483413596691241,0.029945865608955808,0.08635240218763408,0.056501576413375415,0.08624926450339472,0.05200638422396159
822,0.05,5,4,0.06311768885013178,0.02951256078187355,0.0359032602433524,0.02696855905837861,0.04076767365727954,0.03669738588623289
100,0.05,5,4,0.07368740574975778,0.027628899720068115,0.032747882257944116,0.02565291822493071,0.032747882257944116,0.02565291822493071
26,0.05,5,4,0.061808725887437854,0.030128011158963915,0.030311203341150394,0.010116748687884189,0.030311203341150394,0.010116748687884189
903,0.05,5,4,0.034105552278040636,0.017515723101668546,0.04521428412677477,0.02123601538451552,0.05100911716545823,0.02123601538451552
1803,0.05,5,4,0.04177140087690841,0.02001179229418399,0.045055360948075496,0.016867564588853,0.04564838361838179,0.009310018645163537
2594,0.05,5,4,0.05555160809068533,0.022305561448715205,0.026227763555055253,0.008956967313750203,0.03578111070256,0.0280636616087597
2397,0.05,5,4,0.045770047266373584,0.023432559158208178,0.03517147798248596,0.016590198399907944,0.0377547846313783,0.01659019839990794
16,0.05,5,4,0.026644080815497784,0.012384147787299809,0.03513358107135291,0.029587446685079025,0.04375650859410134,0.037595078337777726
2444,0.05,5,4,0.031805672715096676,0.014839807160987295,0.006486618497887994,-0.003935301408501729,0.0071790974880498355,-0.0005376467931829162
942,0.05,5,4,0.0462009197018319,0.02174962158284801,0.032713232027666406,0.02037653094483827,0.032713232027666406,0.02037653094483827
304,0.05,5,4,0.043839479104579,0.019448915803716115,0.011250958314920508,0.00878711035950879,0.011250958314920508,0.00878711035950879
1577,0.05,5,4,0.06994889111654737,0.03668484941910113,0.04689520301378788,0.010176989727664523,0.038517063326212075,0.011985737583946637
2134,0.05,5,4,0.21709905241364977,0.10161983319602923,0.1355220225937423,0.07126362406972842,0.14560753892912046,0.08134914040510657
2199,0.05,5,4,0.1256041394605007,0.05081928775697485,0.0612917335568582,0.046146475667272036,0.06745711013588129,0.04802293542536003
256,0.05,5,4,0.0329094577598878,0.015225671927676016,0.034730235890702316,0.018767736460023207,0.03409669549434914,0.009983627449674279
2719,0.05,5,4,0.22411925420527237,0.11585246015710893,0.11102737056449848,0.0436442643635412,0.12121425810835638,0.0532989827195257
2463,0.05,5,4,0.04780522261973501,0.024165551058433654,0.08095168751883519,0.02512843825374378,0.08585072092818873,0.024232638624413855
2296,0.05,5,4,0.09153419200888965,0.03689005640007729,0.00316275054148947,-0.002740753044439881,0.007554805046663934,-0.002740753044439881
425,0.05,5,4,0.04236351219449688,0.019773702734271772,0.03618787754974284,0.015798450159315636,0.03618787754974284,0.015798450159315636
2985,0.05,5,4,0.032165126942667245,0.015288401674170808,0.034720955822368574,0.014025419784351949,0.04051578886105203,0.014025419784351949
2195,0.05,5,4,0.03508487641008141,0.017405326814182095,0.03202507937967418,0.02073358187299617,0.04268432583228478,0.0329938128529139
1847,0.05,5,4,0.05874648937765975,0.029908018865821277,0.031817612983437916,0.021481081713948504,0.042476859436048515,0.026877664315749054
1629,0.05,5,4,0.07194561176843714,0.03817187128296694,0.009429040896741969,-0.010018247924968565,0.014293454310669109,-0.00028942109711428167
1375,0.05,5,4,0.03988549204647292,0.017273098707802952,0.023187846423715387,0.02218654491615615,0.028982679462398846,0.028859810107445396
1790,0.05,5,4,0.05408576702450184,0.024121966919037133,0.020861721981715816,-0.02626754287804495,0.020861721981715816,-0.02626754287804495
1998,0.05,5,4,0.039120939775193514,0.01767151401499015,0.038638725526408374,0.030095244325891186,0.0359797409225839,0.031194773830887996
1352,0.05,5,4,0.07636854237056079,0.034241068306964384,0.031725801286936514,0.00716906537276607,0.03752063432561997,0.00716906537276607
2059,0.05,5,4,0.05477687236126652,0.021599229873136436,0.02556148155232152,-0.01842731982097972,0.021270798255626826,-0.018959489008853123
1738,0.05,5,4,0.10822834863483392,0.05597392329634321,0.01998991541197692,-0.027928983776016107,0.01998991541197692,-0.027928983776016107
161,0.05,5,4,0.04666366713946814,0.021074526279303486,0.03310932892754834,0.017113938073336332,0.03797374234147548,0.017113938073336332
2218,0.05,5,4,0.04204276395490446,0.020509013162230385,0.024710767463109275,0.015390562299594644,0.025242936650982685,0.01645490067534146
1870,0.05,5,4,0.051320401453838815,0.023549813419936404,0.02954034173523676,0.017639345869017897,0.025148287230062304,0.017639345869017897
1513,0.05,5,4,0.12177966978762009,0.06268852868312602,0.04872902220266288,0.032133229777652386,0.04819685301478947,0.036465474003706116
1125,0.05,5,4,0.05980255087191377,0.03320265654947962,0.04254545181070447,0.021002127229514476,0.037621228117656606,0.01333403500255834
305,0.05,5,4,0.04376949507862907,0.021949221550765338,0.035382642601466285,0.02190748018423894,0.035382642601466285,0.02190748018423894
566,0.05,5,4,0.05698366717249395,0.027741021016256046,0.04259813398900056,0.008315500874256865,0.0474625474029277,0.008315500874256865
2223,0.05,5,4,0.26685261537507554,0.10847088931632826,0.15444237863732496,0.09978456335280583,0.1732521937039313,0.11859437841941217
833,0.05,5,4,0.04666484917440053,0.023465569814562586,0.017122370451799044,0.0074209032932802226,0.017876574406048087,0.011933621356350548
2977,0.05,5,4,0.032960128400616136,0.01694421434080586,0.0013908431897833584,-0.00714044595740515,0.003473570224143782,-0.00019330550911758615
2671,0.05,5,4,0.055031093365518154,0.025870027579119378,0.04730646870255928,-0.00469583637806309,0.04783863789043268,-0.004163667190189686
2301,0.05,5,4,0.04124793256406873,0.019451813940641816,0.04293982384230311,0.022331435514894457,0.04511058674177118,0.018944636315743092
2657,0.05,5,4,0.0701590226519343,0.035766389662753154,0.04572322688575768,0.03059075153386548,0.04625539607363109,0.03059075153386548
918,0.05,5,4,0.055134343312734466,0.026703996913302584,0.05584548650419216,0.03729997826852718,0.06650473295680276,0.05352028291698318
928,0.05,5,4,0.025139985258071713,0.00945654979985837,0.03251074736405307,0.019988030522532618,0.03251074736405307,0.019988030522532618
1626,0.05,5,4,0.08865382805007063,0.05144831049284747,0.020438065159935025,-0.027571400040133576,0.020438065159935025,-0.027571400040133576
2847,0.05,5,4,0.01815178555812833,0.009162626344611955,0.05316150032544077,0.016527328198841854,0.05895633336412423,0.016527328198841854
2342,0.05,5,4,0.03251547135794516,0.01473402028832505,0.04446868785878383,-0.008951883420894369,0.04446868785878383,-0.008951883420894369
1522,0.05,5,4,0.05745607498642148,0.02450252568735008,0.04859799981061066,0.03167651662225972,0.05000077834411966,0.03167651662225972
1412,0.05,5,4,0.07280166897176256,0.03580983958720621,0.06887078180435274,0.03274592708880264,0.06628747515546039,0.03831318905390603
1679,0.05,5,4,0.4823644695555851,0.23099041021070008,0.09704114859583862,0.07047946446348685,0.10519171720983439,0.0823885471863039
572,0.05,5,4,0.05218801639860118,0.024948113205804544,0.031323235277817524,0.023445261244928694,0.0305333660268307,0.018264689470917
1401,0.05,5,4,0.2040329954041834,0.099446225595175,0.007898897652396717,-0.003755890515427813,0.012763311066323857,0.005972936312426468
2194,0.05,5,4,0.03875489168098318,0.017427664827149452,0.020384480119358315,-0.0013967017454348217,0.011761552596609891,-0.00139670174543482
2720,0.05,5,4,0.03193301617166162,0.013831751022442917,0.06535978475925146,0.02774137535070853,0.06096773025407701,0.02774137535070853
2068,0.05,5,4,0.14198754210887993,0.05937371089605193,0.07081042680635549,0.06194236393303178,0.08146967325896609,0.07166700634136877
2629,0.05,5,4,0.11970790890898822,0.05864824590226956,0.027285410376055017,0.018384683243080513,0.023526896267233727,0.016718151925110947
2043,0.05,5,4,0.08672989302776961,0.03356566849419322,0.029448632060932865,0.01280847482247971,0.035243465099616324,0.01280847482247971
2416,0.05,5,4,0.0409234223011507,0.018212636212741693,0.006349644389796814,-0.004139316989666556,0.016416591711347482,0.015080960566746357
1085,0.05,5,4,0.05513097355829331,0.020313891187772572,0.03660645383142537,0.021364019228858003,0.03284793972260408,0.023947325877750343
557,0.05,5,4,0.23055142020710098,0.11912223448681261,0.030144938556879622,-0.02198879173464001,0.03443385537781473,-0.0176998749137049
834,0.05,5,4,0.04401348486868917,0.021994226436200203,0.086604293054626,0.05114782497345827,0.09465172398438239,0.05543674179439337
906,0.05,5,4,0.1111657001359204,0.056081623273556765,0.046582546933856064,0.016671496138749776,0.05087146375479117,0.020960412959684885
694,0.05,5,4,0.050737470860002,0.021564144654491864,0.031170222107553377,0.018513848446700232,0.031170222107553377,0.018513848446700232
472,0.05,5,4,0.1350627369397693,0.06915434192903241,0.04833987285991256,0.04179351242175986,0.04833987285991256,0.03692909900783272
2337,0.05,5,4,0.05387045406936904,0.020053236065170763,0.03762930435870947,0.011924365790813192,0.04249371777263661,0.011924365790813192
306,0.05,5,4,0.026686988152945932,0.013039550573802319,0.008191812442616117,-0.008606246964221465,0.010228131372478286,0.0029834191131454524
1720,0.05,5,4,0.036554998987932276,0.01626418479166231,0.042543071912668706,0.028440458092954757,0.042543071912668706,0.028440458092954757
2810,0.05,5,4,0.028387832422500082,0.012199451054978324,0.040262548893910594,0.023133426382969113,0.045126962307837734,0.03072259885964429
105,0.05,5,4,0.10012986343352062,0.04162769881063967,0.08232291793366858,0.029522225264432045,0.08397925798405467,0.031178565314818135
1433,0.05,5,4,0.48641792529697764,0.2150313194063471,0.059529148827975345,0.0400987047412208,0.06328766293679663,0.04385721885004209
2273,0.05,5,4,0.04481123935671465,0.021029770251892614,0.03274627128537913,0.023310553490326597,0.034108812503041416,0.028027239073035618
2935,0.05,5,4,0.08171903751244276,0.041930571549922635,0.012431719880301041,0.0025271972380042224,0.008691477328886588,-0.0006099799361346317
1421,0.05,5,4,0.08953935512948066,0.04028331764789998,0.039452698189434934,0.028529744839838462,0.034588284775507794,0.028529744839838462
1407,0.05,5,4,0.10918453865281764,0.056319165353942914,0.03192470794021315,0.018397623284968682,0.03332748647372215,0.021203180351986678
214,0.05,5,4,0.03381825936044292,0.015349104388587805,0.06085278953380907,0.01201426815108686,0.06197696039632176,0.013138439013599547
2984,0.05,5,4,0.05419876579001745,0.027080912319260044,0.031080869204338498,-0.0067686972296109905,0.031080869204338498,-0.0067686972296109905
2534,0.05,5,4,0.0313064011077003,0.01681638444981611,0.030887033872724935,0.016808475762536183,0.021630565953623337,0.01680847576253619
288,0.05,5,4,0.10559873421332831,0.047448435611215894,0.013079347222700901,0.002052695476749574,0.01693923254000196,0.001942833792239529
2852,0.05,5,4,0.06514191389533451,0.027860234992546664,0.05405918379047677,0.04299640059261516,0.05985401682916023,0.04879123363129862
2804,0.05,5,4,0.10573454942244451,0.05033336047316959,0.026073220224997265,0.016189089004833623,0.02384640960237025,0.019757111420890067
388,0.05,5,4,0.05829494835390972,0.03195702615438705,0.05520483954896652,0.022119974425816258,0.05134495423166548,0.01333586541546735
2102,0.05,5,4,0.04009525267654834,0.018825435008456255,0.01973601996089195,0.010274009376465016,0.016507503667728556,0.003185607766000572
2623,0.05,5,4,0.16211619236965008,0.07778941543292844,0.13719587237064618,0.11367885962000612,0.15167344321119877,0.12390565641618868
264,0.05,5,4,0.04507497753265216,0.02131712223430091,0.013561109889359095,-0.019021024956142517,0.023114457036863843,-0.0014202468788813843
2365,0.05,5,4,0.0552672242093778,0.02489997661412333,0.05216185860741812,0.03213408275443849,0.05702627202134526,0.0419227198614135
1454,0.05,5,4,0.049527117799616584,0.02090968249539358,0.02232022422575917,0.005770823744623236,0.02607873833458046,0.005770823744623236
578,0.05,5,4,0.048279274449476293,0.023952900882445165,0.011530483198446583,-0.003466465988420214,0.011530483198446583,-0.003466465988420214
1625,0.05,5,4,0.3329796851967834,0.1610917428200921,0.1086946838941414,0.09769425608093091,0.11941374062587273,0.10261847977397878
2950,0.05,5,4,0.033316497434404804,0.015155520969490533,0.030429573326671195,0.023917031193585722,0.035183642875031604,0.028671100741946128
1135,0.05,5,4,0.035491349998528744,0.016610144563450016,0.04949320789205031,0.022938900876909696,0.057540638821806704,0.027227817697844797
1517,0.05,5,4,0.04698333641900238,0.019898037366346648,0.03896958860808272,0.032691819105553854,0.04962883506069332,0.032691819105553854
866,0.05,5,4,0.04636011346243006,0.022553038136391944,0.010289369291623048,0.010289369291623048,0.010289369291623048,0.010289369291623048
199,0.05,5,4,0.24630726376669962,0.1123835488670839,0.11124810975742211,0.10182470474656576,0.12629941071520717,0.1255359281822056
228,0.05,5,4,0.0900824985877897,0.047326052497033526,0.06483037905928381,0.039066520736271926,0.06969479247321095,0.04339876496232566
29,0.05,5,4,0.022652818634898375,0.012528514433737722,0.0672556496818295,0.037302256532151024,0.07012410711724013,0.03876793543405265
2998,0.05,5,4,0.060851714532750525,0.02980548668601621,0.024770422087629602,0.014414693290262995,0.029634835501556742,0.018407464892131346
1036,0.05,5,4,0.03565983602610019,0.016947950140670492,0.022769366328385058,0.011861437356505342,0.027164908870872737,0.010268834824817597
2376,0.05,5,4,0.03903243382033244,0.019396554212001954,0.038080535499708856,0.0025301173042437952,0.038080535499708856,0.0025301173042437952
1486,0.05,5,4,0.03306635162239217,0.01592783335538015,0.055226065599275065,0.017310236528159884,0.055226065599275065,0.017310236528159884
1951,0.05,5,4,0.0316150809994236,0.012942107721582396,0.03103571121472176,0.020304063816246883,0.032210918674650695,0.022011481396693032
399,0.05,5,4,0.10376547586241094,0.054715984004651226,0.041512063417484146,-0.021828254891098575,0.04204423260535755,-0.021296085703225172
1743,0.05,5,4,0.430153215167001,0.19702870486153357,0.08747145345355894,0.07537198796094713,0.09186350795873341,0.07976404246612159
2384,0.05,5,4,0.061204949366653744,0.028363162668666897,0.03975536004320862,0.007884184738834281,0.04461977345713576,0.007884184738834281
622,0.05,5,4,0.04134487985929647,0.021305551380324445,0.04241026516481994,0.03179249641227522,0.04355137101709383,0.03293360226454911
2698,0.05,5,4,0.048328032501801704,0.02760601450204572,0.03846344702078891,0.017124911349075234,0.03846344702078891,0.017124911349075234
1004,0.05,5,4,0.05921528079561511,0.02918964305849445,0.046056392564131944,0.027068115706238953,0.0518512256028154,0.027068115706238953
1555,0.05,5,4,0.2797140173916722,0.13427866736646768,0.08918728173488061,0.03260999945765179,0.09790849037683688,0.033283777169851675
2954,0.05,5,4,0.3288241987151892,0.165949926626998,0.13908922585882333,0.09352517969000172,0.14927611340268127,0.0945659431803248
2649,0.05,5,4,0.0901358365122328,0.03821385117797798,0.03033381593785522,-0.013616291180713117,0.03033381593785522,-0.013616291180713117
2263,0.05,5,4,0.030628752187567096,0.014975257658451594,0.013570497915661416,0.0022020467504457134,0.019365330954344874,0.012716495458680569
2008,0.05,5,4,0.27826087283011236,0.1363099939864894,0.11276386290652451,0.08737392907336264,0.11855869594520796,0.09692727622086736
2049,0.05,5,4,0.06159539840759197,0.029515359785550938,0.059595336185645165,0.040748151949203504,0.06388425300658027,0.045037068770138605
1798,0.05,5,4,0.07024742071071709,0.0319948589631998,0.04120032258859818,0.02960642114177481,0.04120032258859818,0.02960642114177481
2261,0.05,5,4,0.05715613726397443,0.027483456020682178,0.0474585969747096,0.018188675542015358,0.05325343001339306,0.018188675542015358
2974,0.05,5,4,0.03224390025973994,0.014813360685069568,0.03551311209490704,0.03327164795722515,0.03551311209490704,0.03327164795722515
2945,0.05,5,4,0.24798129063072968,0.11088652103624358,0.03150186624737977,0.008013503577428457,0.03213540664373295,0.016797612587777372
2574,0.05,5,4,0.23587620448367894,0.12415717040462863,0.1148782198815714,0.10692830774216643,0.12935579072212403,0.1170138240775446
2878,0.05,5,4,0.07861674634556405,0.040837368008382224,0.08497398684043408,0.04653424414775741,0.09130098906699095,0.04706641333563082
1432,0.05,5,4,0.06005586944798567,0.026121735820901215,0.0590799565424906,0.03568382118297714,0.06712738747224699,0.03997273800391224
1223,0.05,5,4,0.3407870698167255,0.13972980895018372,0.13764362171249017,0.11122772813096862,0.1439854424702038,0.11274846287987375
1335,0.05,5,4,0.05216081902040083,0.021864496427529197,0.02452346603617279,0.010866092780328402,0.028281980144994074,0.012459024059238207
1376,0.05,5,4,0.037559645620009116,0.020722146297751497,0.05298025382192394,0.03179375512469754,0.050929116360905,0.034134672168853054
2333,0.05,5,4,0.053676479899479455,0.027032575295347545,0.05132368858340758,0.043963941889474896,0.05132368858340758,0.043963941889474896
747,0.05,5,4,0.1640469129212027,0.07875555765788828,0.06525190610883833,0.023278993460257927,0.06514876842459896,0.027567910281193028
1124,0.05,5,4,0.05338590501984582,0.02508029554136965,0.022962367357382635,-0.007235133295802942,0.022962367357382635,-0.007235133295802942
1544,0.05,5,4,0.045598497690966404,0.01811669310031277,0.029834313654223454,0.012769861071358843,0.034124996950918154,0.013302030259232253
2680,0.05,5,4,0.21088516280225095,0.1045123534970313,0.03165769885869639,0.015987765274439632,0.026793285444769246,0.006258938446585347
2654,0.05,5,4,0.06810622371695393,0.03173976607427726,0.05023113257287942,0.01140590912500361,0.05023113257287942,0.01140590912500361
168,0.05,5,4,0.0681217088778385,0.03551507216694427,0.014617033570518561,0.008163211237507628,0.0194814469844457,0.008163211237507628
2245,0.05,5,4,0.08860418918141612,0.03972583331831051,0.01822857638578395,-0.004232680200499394,0.01822857638578395,-0.004232680200499394
2471,0.05,5,4,0.020564206859984564,0.010135943822967569,0.05462912838547829,0.022165608631621148,0.05595015733830669,0.02348663758444955
1697,0.05,5,4,0.03616487864146237,0.014520182883260938,0.023105313985138737,0.005525101568774976,0.03172824150788716,0.014680198279396803
2360,0.05,5,4,0.2417822721674655,0.10498696044398347,0.04317300605112691,0.0006514700454220007,0.04792707559948732,0.005405539593782413
2171,0.05,5,4,0.07722459905434878,0.041480700601729946,0.0072690562312713106,-0.03265890116577811,0.012927588230527504,-0.022135955752594777
245,0.05,5,4,0.023639010807099625,0.012092680707418294,0.016413329325181712,-0.012582118942797989,0.006859982177676971,-0.012582118942797989
2214,0.05,5,4,0.05574062726847921,0.023447728015994717,0.03412074392182318,0.026479057211150302,0.03412074392182318,0.022087002705975845
2252,0.05,5,4,0.07948537474879193,0.029527491939688576,0.04627300850357538,0.040239201832612884,0.05206784154225884,0.0445147235509505
1287,0.05,5,4,0.042099758056615075,0.019320244787499996,0.059596433942592855,0.051707817638039,0.06539126698127631,0.05750265067672246
677,0.05,5,4,0.048781261715063945,0.021418279361824666,0.06629419805817874,0.04033537724055061,0.07121636353662691,0.03710697410500305
1562,0.05,5,4,0.1915348034228802,0.08834087331303839,0.07558472154181749,0.058151088765713614,0.08044913495574463,0.058151088765713614
762,0.05,5,4,0.062892601452423,0.03331390183129074,0.04043999269271662,0.020160311739873246,0.044198506801537904,0.02391882584869453
835,0.05,5,4,0.041204875798303904,0.023052391343380767,0.017202976670535903,0.005674142431993712,0.015309889356364449,0.008645468531749398
1091,0.05,5,4,0.4287200978088299,0.214393197396835,0.16831170456489605,0.14702812064945384,0.17756817248399764,0.15367907764142827
2829,0.05,5,4,0.04720992776671972,0.01848211953665252,0.021878786858072305,0.007543924317572779,0.018120272749251015,0.007543924317572779
2874,0.05,5,4,0.1340844115923035,0.06699756558297579,0.023208491185158886,0.01695358555468884,0.029003324223842344,0.02756950460218081
716,0.05,5,4,0.022004020373643178,0.010371731525849989,0.05287697910616407,0.0311608053403627,0.05400114996867675,0.032284976202875376
466,0.05,5,4,0.06344783942382878,0.0315945763172809,0.008015691722319813,-0.010407433288020074,0.008015691722319813,-0.010407433288020074
2182,0.05,5,4,0.08567310351839484,0.036998324246333154,0.004786265521170452,-0.001324311763724273,7.814789275668865e-05,-0.0011680159782108956
731,0.05,5,4,0.05535216884427666,0.02295426442393567,0.02772022603149832,0.01751763260871264,0.02772022603149832,0.01751763260871264
2323,0.05,5,4,0.07526320878718129,0.03484525214305727,0.01176633298409497,-0.0012174107787099597,0.006901919570167829,-0.0012174107787099597
2717,0.05,5,4,0.04157907759135474,0.02007076856990596,0.014207278296706781,-0.004439250317673282,0.015137697921463099,0.0025150996626450706
2876,0.05,5,4,0.4716050002322697,0.22134166258893087,0.2001137923716822,0.18503265123881923,0.2174176912205402,0.20233655008767723
231,0.05,5,4,0.03250233414272057,0.016229578177954,0.03823240471720622,0.020490432579707063,0.043968683403427106,0.020431878227244488
2411,0.05,5,4,0.04536444479953395,0.017369305640624735,0.01809416862420859,-0.014131590384451047,0.009782696341362447,-0.013820135144548764
223,0.05,5,4,0.18039482380386254,0.07916457508524406,0.06647113362629356,0.03197217591866545,0.072265966664977,0.03795497883766751
1690,0.05,5,4,0.03898949982671236,0.015856176777929155,0.03846317559868173,0.01682067338747978,0.03846317559868173,0.01682067338747978
1464,0.05,5,4,0.05627662162737824,0.02515521008900868,0.029779576336518072,0.011236698020417712,0.03557440937520153,0.011236698020417712
675,0.05,5,4,0.047917180739777424,0.018272263407616708,0.06773983098033061,0.049623091197909336,0.06886400184284329,0.048163955411529666
1351,0.05,5,4,0.04936884214921715,0.025193584008537606,0.01175775127879512,-0.0017333266610430383,0.01662216469272226,-0.0017333266610430366
642,0.05,5,4,0.04661040128387365,0.02186096035650725,0.01802793740271361,0.011431693644625481,0.021786451511534893,0.018948721862268047
1146,0.05,5,4,0.23031232781680716,0.10622239448140255,0.044207629162644986,0.02080660165492393,0.054866875615255585,0.0313555042419678
641,0.05,5,4,0.05173733893368094,0.024933694529271903,0.013597474629654625,-0.011011931506328433,0.0156337935595168,-0.0009281816467098733
2978,0.05,5,4,0.08383619106800037,0.0487423569988041,0.0488269679680448,0.029836100580592394,0.05462180100672826,0.030342970943040337
2443,0.05,5,4,0.05800538809801055,0.031161330247758856,0.03644296632967814,-0.021904466322490046,0.03644296632967814,-0.022436635510363456
1380,0.05,5,4,0.06052575274365437,0.025714821587718602,0.03097562832531287,0.011721033202408027,0.027005881323501766,0.011015477759282605
2242,0.05,5,4,0.03963240605945131,0.019002151639440294,0.03334551413454168,0.022687708092557976,0.03763443095547679,0.026976624913493084
2122,0.05,5,4,0.024766818664138667,0.012683769239911663,0.053102009611141865,0.029642317867413007,0.057390926432076966,0.033931234688348105
935,0.05,5,4,0.056935383766161564,0.025203565176401602,0.013916011680179858,0.004173632039993436,0.013916011680179858,0.004173632039993436
1170,0.05,5,4,0.05216576813021701,0.022611344224790778,0.06296423921321341,0.02979916127000548,0.05857218470803896,0.029799161270005484
2211,0.05,5,4,0.08634814407820562,0.04048412353878311,0.01992074419896443,0.0007015243040737751,0.019388575011091022,0.004460038412895058
2481,0.05,5,4,0.041732650740698714,0.017461936542224183,0.012616116196218656,-0.0014286996227212967,0.013120091329957513,5.695135773878257e-06
2833,0.05,5,4,0.06263804681730571,0.0309628635685267,0.050692847339863206,-0.0017725434215647845,0.04810954069097086,-0.008747904575631592
672,0.05,5,4,0.05268861235622843,0.019633042121489943,0.028907750032635838,0.011950636028825398,0.02837558084476243,0.011950636028825398
2861,0.05,5,4,0.0526862827070864,0.021429864099026325,0.04905710450006051,0.0424178057310417,0.05018127536257319,0.04354197659355438
190,0.05,5,4,0.2770535169797083,0.12839452700271825,0.10714575466859791,0.06810181742566285,0.10714575466859791,0.07186033153448412
1604,0.05,5,4,0.030097858196984472,0.01562622408230933,0.053496289412146014,0.021101328228916583,0.058170266064766475,0.025775304881537044
270,0.05,5,4,0.08233720473394171,0.034731435418613295,0.029089315656287203,0.019637029701758756,0.033379998952981896,0.02715405791940132
1391,0.05,5,4,0.11736874779017256,0.06247943651004636,0.057498272861850885,0.03672276893490101,0.06329310590053434,0.048312435012267924
720,0.05,5,4,0.13990838411129342,0.07112693890103822,0.052309655144571074,0.04802227152092109,0.052309655144571074,0.04802227152092109
211,0.05,5,4,0.027755062891181046,0.01336631438642911,0.05353440644210053,0.03257651745098471,0.054006765350853206,0.02379240844063578
1935,0.05,5,4,0.04253980906400408,0.023200510590432804,0.0493379525169841,0.012383085601352109,0.0498701217048575,0.015498561438117862
2108,0.05,5,4,0.04842385895672785,0.026523972385783922,0.02528123866510747,0.013334920158493534,0.021967094494191878,0.00986363042367968
2924,0.05,5,4,0.040677231280452184,0.021295518561245935,0.055849563537714385,-0.006776825873407034,0.050054730499030926,-0.006776825873407041
2504,0.05,5,4,0.04580038102991611,0.019746581387336214,0.04395936824722382,0.035655200893159655,0.04395936824722382,0.03875124843479598
805,0.05,5,4,0.27540151577839944,0.12321820442412466,0.02123058052411911,0.006671488704013306,0.022766559019939493,0.009456176409953176
2100,0.05,5,4,0.1027580703365296,0.053532009186105206,0.017401158433505277,0.007045810211761514,0.01300910392833082,-0.0017382987985874072
1166,0.05,5,4,0.05580697832145458,0.026624942098214362,0.03013528836213746,0.009361714640390595,0.030667457550010865,0.009893883828264002
475,0.05,5,4,0.04271246480784031,0.018653108022560337,0.03517405083724055,0.02095332837256623,0.040038464251167694,0.023822075259898098
1925,0.05,5,4,0.05550469898876404,0.027830839576723936,0.014592652187279533,0.0044851540998654925,0.018984706692453997,0.0044851540998654925
2922,0.05,5,4,0.052163577236884535,0.026822368334290605,0.028457873004980924,0.010179065477063539,0.028457873004980924,0.010179065477063539
1039,0.05,5,4,0.05801464773825164,0.029280448526046145,0.043072378726428065,0.028862486259356255,0.04354473763518074,0.03524320824283429
1747,0.05,5,4,0.049001781617359574,0.027333164148445253,0.07177604283488102,0.007477104286553349,0.06801752872605973,0.01176602110748845
2632,0.05,5,4,0.44396418610179095,0.2145061204483705,0.15283678453702365,0.09307295822890876,0.1600538434369912,0.0997578479410029
2836,0.05,5,4,0.04542380771595893,0.02377436994415164,0.013969023066335007,-0.010889593242333417,0.018723092614695423,-0.006135523693973001
1299,0.05,5,4,0.05462726583022531,0.026526697897878888,0.022881909227489047,-0.0011731739922530987,0.028911830234861165,-7.666398808121866e-06
2287,0.05,5,4,0.049041967481169374,0.023215630821375916,0.06632660199943095,0.048746292535565505,0.0754799322342932,0.05303520935650061
1565,0.05,5,4,0.04616287746020058,0.022359832768332196,0.022976331857632974,0.01208812384140452,0.027840745271560115,0.012088123841404522
776,0.05,5,4,0.06143071356020163,0.028303955083948163,0.0211136198471231,0.0008187035889299921,0.02540253666805821,0.0007098465382200034
1430,0.05,5,4,0.07220126204536088,0.03086596480518872,0.06923309779226458,0.051873704997045716,0.08365085835369646,0.07058214885517228
1415,0.05,5,4,0.032391046353028655,0.015023077074974701,0.005366975255432459,-0.0010276780310385317,0.0023104867272717676,-0.0003256524503779338
1206,0.05,5,4,0.13570795779253605,0.06694702430044208,0.08743907300767571,0.04833643073935168,0.08929916076601602,0.054588573002866445
888,0.05,5,4,0.02917992008162905,0.01448676710866545,0.03369168526602849,0.02098238572146638,0.03855609867995563,0.029213666972602702
297,0.05,5,4,0.05671643450279624,0.029033640463568305,0.03687272530794314,0.0276837740460838,0.04173713872187028,0.0276837740460838
336,0.05,5,4,0.062082426113035105,0.027405230625960196,0.004556719144507445,-0.0051423361640226435,0.006300246113507057,0.0036570793236058545
382,0.05,5,4,0.0482367392434309,0.021674792116472236,0.014897341571277742,0.004799068251529476,0.011138827462456459,0.004799068251529476
2190,0.05,5,4,0.017540496585423806,0.009527801097355426,0.04031079035359221,0.035610627582659926,0.04517520376751935,0.04061889861935004
2247,0.05,5,4,0.031121127010621603,0.015419457069337384,0.025151907974165087,0.0121161678362014,0.01700133936016934,0.003332058825852479
2453,0.05,5,4,0.029236895518785926,0.015225946044196687,0.039193812272322506,0.032006732493937484,0.03661050562343016,0.028642290845138207
882,0.05,5,4,0.04193682556111528,0.019461289327830474,0.012472237602871427,0.006246400581846778,0.016230751711692717,0.00644491284740456
1672,0.05,5,4,0.03028412611714073,0.013694036054569191,0.02707167838067294,0.00011134799192502251,0.021078598540916878,0.002799239478278523
2976,0.05,5,4,0.07789623628391625,0.03577114887637921,0.017891914529331525,-0.002799998098295814,0.023686747568014983,0.007432926215585667
1025,0.05,5,4,0.043634575185132515,0.02116069190764175,0.011636980386601381,0.010778218868454315,0.01539549449542267,0.010778218868454315
67,0.05,5,4,0.06750573567172855,0.034185735872539424,0.063735258662313,-0.010879231959353752,0.06426742785018641,-0.010879231959353752
1122,0.05,5,4,0.04924386977845314,0.02502934926010089,0.010860861945883066,-0.007505123435734173,0.00886690132073141,0.0006878034829720936
2675,0.05,5,4,0.04320610751193901,0.022932149497558223,0.05156948948875066,0.01769510172227929,0.05789649171530752,0.017695101722279283
2529,0.05,5,4,0.057231243983172995,0.027630728586460637,0.030052093185465086,0.0016511657829358928,0.030052093185465086,0.0016511657829358928
2894,0.05,5,4,0.10642184952407181,0.049446588305179194,0.02152728745132341,0.010196063292678824,0.02639170086525055,0.015503204475785647
1493,0.05,5,4,0.07569529560083486,0.03355775007283084,0.049981200095077415,0.034716173262963404,0.053739714203898704,0.03558129357511853
2164,0.05,5,4,0.04274351582767113,0.02093676686972332,0.012331342747296185,0.007619209701499874,0.00668929349123791,0.0020653176806722656
1830,0.05,5,4,0.10915459026588649,0.04759245942839519,0.02334427194185827,0.015944778579890226,0.01847985852793113,0.014031530492867747
1390,0.05,5,4,0.29508401276423074,0.14711467493422747,0.2051540002708523,0.1816435793215792,0.2149010986561134,0.18380464286278536
430,0.05,5,4,0.037276209958299104,0.01768487776497522,0.020918652197472853,-0.006632659577090028,0.01229572467472443,-0.006632659577090028
596,0.05,5,4,0.06242963871928888,0.02740743976963743,0.02882019090729848,0.016758462139374646,0.02882019090729848,0.016758462139374646
2067,0.05,5,4,0.052027511765637205,0.023568964590105688,0.045608857362664484,0.012801575705724488,0.050473270776591625,0.012801575705724488
2839,0.05,5,4,0.036182786364294776,0.017954784330382625,0.022520751446547745,0.012411448432672107,0.022520751446547745,0.012411448432672107
526,0.05,5,4,0.08130957340225345,0.03515057441364256,0.01916494644758537,0.01052733645718269,0.02402935986151251,0.01052733645718269
2910,0.05,5,4,0.036757567529962586,0.020021023384100542,0.020393956240534413,0.01991158359659466,0.020393956240534413,0.01991158359659466
2434,0.05,5,4,0.1216610621577955,0.054906261898833984,0.10656997236090111,0.09250817328355765,0.11981252546240405,0.09995589334637713
2391,0.05,5,4,0.162462188118069,0.08792607887188657,0.023609603645446908,-0.01842334839692365,0.019217549140272443,-0.018423348396923656
2958,0.05,5,4,0.039881169782830184,0.015977301978533365,0.02009237839033197,-0.0063065704470709055,0.012510586861129656,-0.004735031741410977
688,0.05,5,4,0.16043925435399248,0.06316298720040467,0.02086868209939521,0.010034371026767807,0.01600426868546807,0.010034371026767807
1162,0.05,5,4,0.03755062663750773,0.021102681597308784,0.012048158922275773,0.0004905261685678834,0.009758843265581574,0.001959724620694974
2554,0.05,5,4,0.05653188821592771,0.022691084535434423,0.04421370915997325,0.0300888460567641,0.04533788002248593,0.03121301691927678
489,0.05,5,4,0.038922704808765564,0.019558980706035622,0.03620145960145038,0.026869008246248386,0.03620145960145038,0.026869008246248386
1864,0.05,5,4,0.04460116225325791,0.022441890343758392,0.015392746132240493,0.013226714805895193,0.015392746132240493,0.013226714805895193
1461,0.05,5,4,0.30788021378494085,0.15301512779092233,0.11366009981566533,0.06254755897014022,0.11805215432083979,0.07069812758413598
2151,0.05,5,4,0.04775391449467368,0.02593093969055299,0.02097790574191606,0.011476971108503889,0.03163715219452666,0.016873553710304436
1022,0.05,5,4,0.12033423814909444,0.053099364662312465,0.0736784930606629,0.04786810531622265,0.07785117018908196,0.054511614979416284
1988,0.05,5,4,0.06763134499758568,0.029624831038659864,0.023395044599436633,0.009003668750372684,0.015244475985440892,0.0009082371709612756
2152,0.05,5,4,0.04076756487511096,0.01692207408980393,0.03187401143204377,0.011624496577175618,0.03766884447072723,0.021708246436794178
2726,0.05,5,4,0.03805053954980234,0.01832065041968325,0.015565404148636126,0.0008048760907989807,0.020429817562563266,0.000804876090798979
2350,0.05,5,4,0.019846710347276728,0.010609149749177267,0.026079965309203847,0.010070181154348927,0.028116284239066022,0.010070181154348927
1709,0.05,5,4,0.3240226897765189,0.15336771619387649,0.22311621041143231,0.13657479205765588,0.24192602547803865,0.14993026555762168
1993,0.05,5,4,0.04898525111993078,0.026225326211074724,0.036819577194149314,0.022560524453771536,0.03729193610290199,0.031070049228016188
1582,0.05,5,4,0.04779031829311494,0.02216626084054757,0.028360901911310597,-0.02392922879635362,0.03854778945516852,-0.013380326209309748
1097,0.05,5,4,0.040339308917331486,0.018299153725415105,0.023736642860808562,0.016141208843840828,0.023736642860808562,0.016141208843840828
697,0.05,5,4,0.07456792654739962,0.03617226535778196,0.07734670237536168,0.0004868100719361834,0.078277122000118,0.0004868100719361834
192,0.05,5,4,0.04026311164971324,0.018820110511161756,0.02069600850557459,0.0006531982824497309,0.030249355653079332,0.008170226500092297
1009,0.05,5,4,0.054338739591584535,0.02438347871469845,0.05408042904673957,0.019256881733164692,0.05987526208542303,0.019256881733164692
990,0.05,5,4,0.10483204014378475,0.05216412890663792,0.029362609984540763,-0.0139027545280796,0.029362609984540763,-0.0139027545280796
1498,0.05,5,4,0.1811285624501979,0.08985979708830939,0.055090233528737376,0.04951540006411976,0.054558064340863965,0.04669080736127087
851,0.05,5,4,0.04919804849970547,0.024683175686692243,0.0335395498164277,0.004823199906579312,0.03933438285511116,0.004823199906579312
2715,0.05,5,4,0.04724094293076038,0.02236507824834194,0.030500493874437592,-0.006040614129067787,0.02939459456933174,-0.0033879993253523484
1324,0.05,5,4,0.10075698767748405,0.04663068989188179,0.018389087705129408,-0.0017859065917087379,0.014630573596308118,-0.0017859065917087379
2474,0.05,5,4,0.054415183738053347,0.023872467026662472,0.023566390095449478,0.01772212442432812,0.02403874900420216,0.016060810042805754
791,0.05,5,4,0.030691773493762283,0.01397646753461724,0.03588927655278473,0.017262341056012487,0.03588927655278473,0.017262341056012487
2084,0.05,5,4,0.07044355695757049,0.024909911773869243,0.029491545837753357,0.00795804539094691,0.025099491332578893,0.0034083194905846492
2676,0.05,5,4,0.0464920760542029,0.021037376997979553,0.040605512293682894,-0.007776265594460818,0.040605512293682894,-0.007776265594460818
1592,0.05,5,4,0.20734127832473057,0.10868522756964662,0.01689541862184952,-0.015397143030075,0.01601398684399192,-0.007132450754397723
2837,0.05,5,4,0.032420608934564395,0.01627379972919258,0.007261499783220177,0.0023629472518692067,0.006983145130404444,0.005843106707874756
1821,0.05,5,4,0.046690198715420024,0.017828249590622847,0.012823660791119103,-0.005604946078709807,0.009718787860785798,-0.00384540559511597
1489,0.05,5,4,0.0942588826911036,0.048043003512061415,0.03812642620576727,0.018140316649638527,0.04251848071094173,0.02214182122437742
2911,0.05,5,4,0.09354520187585955,0.04360642291920869,0.059422650404922416,0.05577286174262115,0.0631811645137437,0.061672692616642266
275,0.05,5,4,0.21930130464274353,0.08668453605587903,0.05191190352602737,0.04369023625045625,0.060676722007541664,0.05245505473197055
494,0.05,5,4,0.017625947563667598,0.010177109762090896,0.05271534837943438,0.02960956567792516,0.05013204173054204,0.030285341834833734
884,0.05,5,4,0.09293472899552402,0.052641516343399655,0.00016078836639465965,0.00016078836639465965,0.00016078836639465965,0.00016078836639465965
1453,0.05,5,4,0.05880347047837259,0.030634279169760255,0.019624370887562498,-0.010835366449843321,0.02448878430148964,-0.0054387838480427705
1109,0.05,5,4,0.07888324647447428,0.035596602443394125,0.0018497074050332213,0.000871093341545004,0.0019088067037880685,-0.000871093341545004
1793,0.05,5,4,0.049604261950249924,0.0277869714423004,0.022836012840394077,0.006824647615046864,0.01468544422639833,0.006824647615046864
2960,0.05,5,4,0.26759356083924474,0.10682244364046913,0.14218102424172446,0.09376104168706156,0.1591820914520487,0.1107621088973858
2685,0.05,5,4,0.08667933016766236,0.049167917655273015,0.06330588790738965,0.00938519109465652,0.05901520461069496,0.01371743532071025
2026,0.05,5,4,0.032052625891982094,0.01582093198092706,0.032856212263962126,0.013868949156819466,0.032856212263962126,0.013868949156819466
1120,0.05,5,4,0.064223572162914,0.027445283181808302,0.02221060484132813,0.005051506055886029,0.02707501825525527,0.01478033288374031
1849,0.05,5,4,0.06024406483701906,0.023402567732947913,0.021965130455350874,0.0002714012884540845,0.029969236145109206,0.009205926602968734
1418,0.05,5,4,0.05191178969588549,0.023067934099720532,0.05057736297429333,0.015637779592306167,0.05057736297429333,0.015637779592306167
2625,0.05,5,4,0.0486093486932254,0.02431434721819966,0.0032991915198944365,0.002781389139199005,0.0032991915198944365,0.002781389139199005
850,0.05,5,4,0.03443596037031163,0.012379790359220592,0.008482464392910375,0.0028819881899349187,0.013346877806837515,0.0126108150177892
2547,0.05,5,4,0.0625188525538427,0.02855971013308298,0.016246211852240226,0.004001741735422263,0.02053512867317533,0.008290658556357368
1332,0.05,5,4,0.03497909197934278,0.01600558615567048,0.031174634600442938,0.018341988069174493,0.029123497139424,0.0188741572570479
1488,0.05,5,4,0.05015873162408316,0.02096694167716417,0.047930618262804106,0.02603072300255471,0.043538563757629656,0.021624650910452518
844,0.05,5,4,0.05990205286869664,0.03272203886101713,0.03187838762580575,0.016856500188427773,0.03187838762580575,0.016856500188427773
1030,0.05,5,4,0.03933737759079289,0.021453253514196705,0.03427397455162673,-0.003534246042962992,0.02847914151294327,-0.003534246042962992
2901,0.05,5,4,0.3057389283579555,0.15933551704419566,0.07007120405674473,0.06680343138657548,0.0787521753828543,0.07548440271268504
1247,0.05,5,4,0.04054991200071387,0.018658526398436882,0.021912490016372427,0.006139340691822256,0.018153975907551145,0.006139340691822254
1817,0.05,5,4,0.07276200474377119,0.035505941284820354,0.027700253412311696,0.005127001121698348,0.019909464395111733,0.005127001121698348
2417,0.05,5,4,0.08504339057435287,0.0321871222539045,0.06541059313657605,0.05279585089435335,0.07016466268493646,0.05754992044271376
741,0.05,5,4,0.5347409663184381,0.24578269808439074,0.06920747132476965,0.012050447028648742,0.0643430579108425,0.01580896113747001
371,0.05,5,4,0.036016863199775095,0.017689604687793185,0.016266221159875683,0.005284262665472111,0.017183891296162972,0.009960446910580683
113,0.05,5,4,0.033568847252905556,0.018064062524956546,0.05940124155587052,0.0405090470319851,0.06432526325813678,0.041674554625430085
2669,0.05,5,4,0.14659989524435468,0.0720298489949508,0.01109682514070245,-0.003348328293613978,0.008613111105365105,-0.000967628915024183
693,0.05,5,4,0.037309795377163786,0.015758414504508694,0.01987467457571304,0.011183804723346541,0.02104018216915802,0.012349312316791518
1950,0.05,5,4,0.06553406311012194,0.02847164585098078,0.010441807855235465,-0.009885338018170311,0.014200321964056755,-0.009885338018170311
2825,0.05,5,4,0.028484959663556745,0.01381582994543839,0.036808664765318966,0.02607111523142485,0.042603497804002424,0.02607111523142485
1158,0.05,5,4,0.06769603073032741,0.037687656453832694,0.03600731281897669,0.009322490200815992,0.02883163489945304,0.009786366462608595
367,0.05,5,4,0.10521713342914493,0.05002392759594602,0.07069886372660769,0.05541699819920388,0.07186437132005266,0.06144691920657599
680,0.05,5,4,0.3377217038629802,0.1694820467470219,0.08034018749536351,0.069237424899573,0.08849075610935926,0.08114650762239005
69,0.05,5,4,0.029461399219038675,0.014255429707613093,0.03181303070759589,0.01792993173398677,0.03181303070759589,0.01792993173398677
2525,0.05,5,4,0.13555353499587816,0.07225720002960487,0.033850810047816385,-0.02054866182557423,0.033850810047816385,-0.02054866182557423
2581,0.05,5,4,0.3109126805640755,0.15672884249292127,0.0657984097636336,0.0540535039990265,0.07598529730749151,0.06863244604805886
2701,0.05,5,4,0.03730343044184921,0.016782940246598235,0.02946613303988636,0.020492617231762607,0.034330546453813504,0.026495499494653338
605,0.05,5,4,0.027962428509716617,0.01410594475699963,0.029196676041456763,0.019845896278661894,0.0340610894553839,0.019845896278661894
864,0.05,5,4,0.07480356625177244,0.03126850938667839,0.008753438546973257,0.003070114083736636,0.008753438546973257,0.003070114083736636
2209,0.05,5,4,0.06089571722224744,0.023962710529746672,0.026595675006763183,0.017328368242018895,0.03146008842069033,0.022724950843819446
513,0.05,5,4,0.06777741468125349,0.02779227187695403,0.041289909291208265,0.024788620694240038,0.047084742329891724,0.024788620694240038
2414,0.05,5,4,0.04723449530559138,0.01917184088543294,0.01886564807414537,0.00575060301239083,0.01886564807414537,0.00575060301239083
1667,0.05,5,4,0.09252070425231662,0.04773051969453352,0.09915253258581325,0.0766967356356929,0.10713294705512152,0.08954156351892834
2648,0.05,5,4,0.11683499087892658,0.060919237821875645,0.08475288827148525,0.02116882683192467,0.08099437416266396,0.02116882683192467
2407,0.05,5,4,0.5731912020467441,0.2763256557561039,0.18541460136761972,0.0615202052512757,0.18964547438519366,0.06006837566930329
628,0.05,5,4,0.10785270957459975,0.05012264494798446,0.058513001134801845,0.012544616585058344,0.058513001134801845,0.016303130693879633
1537,0.05,5,4,0.060649179430856966,0.019586823894374706,0.01430422197108661,-0.004007420883180127,0.01430422197108661,-0.0005356549331724508
1130,0.05,5,4,0.10519662880140535,0.05492723449266482,0.09816256373530699,0.08164105780495846,0.10824808007068513,0.0912321885867819
2445,0.05,5,4,0.09722007384614137,0.037937473646708325,0.014938513667510438,0.008250557525269663,0.014938513667510438,0.008250557525269663
2216,0.05,5,4,0.1571168678633721,0.06658194970141551,0.0214361937187112,-0.0038423527437596652,0.015109191492154336,-0.009238935345560213
101,0.05,5,4,0.042914142757445636,0.018559409564832624,0.02373644743584119,0.016260768360161944,0.02373644743584119,0.016260768360161944
1445,0.05,5,4,0.026156350038944922,0.013958955483853827,0.008371339094563484,-0.0033085249375965856,0.003579010211550434,-0.003236440406682495
549,0.05,5,4,0.5364119235465988,0.23355567557135956,0.12913659260161314,0.052038825367706376,0.13635365150158063,0.05121638672864186
415,0.05,5,4,0.04386758831750681,0.019816667237292678,0.0018786729057246841,0.0014803355111742793,0.0063162032958048835,0.0018501272764281478
1365,0.05,5,4,0.0449804583492536,0.018872044745135635,0.024889369542429943,0.002019967102872812,0.03554861599504054,0.01596667827717676
2873,0.05,5,4,0.05562259998556142,0.027097283878505653,0.005852010047708543,-0.0017161977721026483,0.011774606349976374,-0.0008154225214376254
1942,0.05,5,4,0.07863981348927104,0.040708982483698364,0.04996300740681591,0.04388866042089536,0.058585934929564334,0.049912770223897604
746,0.05,5,4,0.032849969750473176,0.016032929268319642,0.03171475511856467,0.020062681814525578,0.03750958815724813,0.020062681814525578
1428,0.05,5,4,0.12359132596495838,0.0664996047420401,0.039421906183220265,0.01606369295469071,0.036195359271490785,0.008445091537786765
429,0.05,5,4,0.16721703264902152,0.08256471368543121,0.01724921500661387,0.009094197544378149,0.01724921500661387,0.009094197544378149
2749,0.05,5,4,0.033489459631782625,0.013363989088237799,0.01327701640108215,-0.01623476418688536,0.012210249593306223,-0.006642284542050687
1159,0.05,5,4,0.2689262798977748,0.12698873608134287,0.09323416569894322,0.08786777654571823,0.10474014141984583,0.09937375226662085
514,0.05,5,4,0.18577416160500657,0.08682828848395804,0.04076149386721546,0.0361694002801815,0.04655632690589892,0.0361694002801815
1001,0.05,5,4,0.05234753607743922,0.023475090023536004,0.04932981198464675,0.01917815133165579,0.05748038059864249,0.01917815133165579
2383,0.05,5,4,0.03549689516528061,0.016315173990581126,0.037683143219444895,0.01643393429166062,0.033291088714270445,0.016433934291660627
896,0.05,5,4,0.05340648455898152,0.023768127594749566,0.02172919082925541,0.007008213903636757,0.027524023867938868,0.007008213903636755
603,0.05,5,4,0.12270549829389618,0.06414452580276755,0.03805973948295651,0.019404303531849902,0.029436811960208087,0.018212657341950614
424,0.05,5,4,0.03837428804936677,0.018054164172539137,0.037824781728173724,0.028704544624133427,0.04361961476685718,0.030720985596143155
606,0.05,5,4,0.025522056385448733,0.011225014398925396,0.013583663113078442,0.006342241277298105,0.01734217722189973,0.006342241277298105
2970,0.05,5,4,0.03758268889790553,0.018396712282208117,0.028794310959695025,0.014904800573740268,0.02932648014756843,0.015436969761613675
178,0.05,5,4,0.3038446853489594,0.1526387013139941,0.18050957507177262,0.14257596596363964,0.19556087602955768,0.1576272669214247
2778,0.05,5,4,0.069516846715083,0.03588416452179413,0.013380313015401126,0.012450427357835355,0.01777236752057559,0.014310198672966897
1219,0.05,5,4,0.055790331995030626,0.021607976083613534,0.04130066815394376,0.021132714124273488,0.039206796432484856,0.014646787897640127
959,0.05,5,4,0.13995829740747526,0.07737269997073251,0.06013355245367134,0.04400440926132231,0.05574149794849689,0.03897881435979469
1684,0.05,5,4,0.03607041842217825,0.01675153175540567,0.007734703967294511,-0.0005801871003511261,0.012126758472468968,-0.0005801871003511261
559,0.05,5,4,0.03791777230664795,0.018598443492814476,0.03970840891965302,0.03438140993183251,0.03970840891965302,0.03438140993183251
2667,0.05,5,4,0.030715740666776396,0.015438186457998434,0.01589849678832583,0.002525931510890044,0.012139982679504547,0.002525931510890044
685,0.05,5,4,0.0546431739531527,0.02381474303002392,0.02354911209299269,0.015159374837589307,0.02841352550691983,0.019972613556709446
1317,0.05,5,4,0.039908369948586896,0.019511053258178108,0.06278883778146689,0.03760938878331327,0.06765325119539403,0.04106346337312579
274,0.05,5,4,0.2071176892699303,0.11179482744457583,0.04405531019019143,0.03118703173279872,0.04322317168464297,0.02659637911842897
1165,0.05,5,4,0.03665067159058204,0.017496750069814767,0.038181392050994384,0.019692244471060494,0.038181392050994384,0.019692244471060494
973,0.05,5,4,0.08303145350895916,0.04003447256928499,0.055439118887878176,0.05006752412084486,0.059197632996699466,0.05158774264034056
2485,0.05,5,4,0.09379775566987962,0.04535627573916171,0.018980778197447284,0.012954817191332735,0.025985127202454772,0.022457741061064573
2198,0.05,5,4,0.027333625613413137,0.012707958991818483,0.008615607157557992,-0.00475045097979318,0.013878271008368043,0.002713667302174372
446,0.05,5,4,0.03519062498150575,0.01739244523120438,0.04296560147963646,0.034293303655913654,0.04408977234214914,0.035417474518426334
2145,0.05,5,4,0.06631405978646207,0.03289597714667201,0.025756883990181802,-0.003370073856381276,0.030621297404108943,-0.003370073856381276
1742,0.05,5,4,0.062156708485997296,0.03308698204204742,0.023267430621681212,-0.0013897738768733348,0.015116862007685465,-0.0013897738768733348
1322,0.05,5,4,0.0810058396186791,0.04023482672074336,0.019061730592679557,0.004090493656715294,0.02046450912618856,0.014772583796629823
2783,0.05,5,4,0.028900431528671004,0.013695222655687131,0.04115455978831034,0.016790318652760317,0.04601897320223748,0.016790318652760317
659,0.05,5,4,0.04815352970055254,0.02195896196364098,0.019437549805406736,-0.0006236089785538468,0.01934190449816121,0.0006236089785538468
1675,0.05,5,4,0.035768636620844126,0.016054301825995154,0.02416907811718682,-0.0010772474351399275,0.01633433978755261,0.0006413613827306042
2162,0.05,5,4,0.3457766824315868,0.16344753940982998,0.11984643482947456,0.09629042415761392,0.13105266900111534,0.11236107174318184
175,0.05,5,4,0.26183974189977866,0.1330982314917799,0.20641335147631723,0.16368053268415012,0.22522316654292354,0.18624886185957773
1254,0.05,5,4,0.1300520671199205,0.06791525549937678,0.1287993914456273,0.0745608801787121,0.14042745093957476,0.08618893967265956
447,0.05,5,4,0.055610861703103066,0.026912101837994803,0.03750527549896002,0.01720715441010362,0.04712375846124757,0.02200455136358266
1477,0.05,5,4,0.08845128273967788,0.04600581750649656,0.018293709375010125,0.00594386177434387,0.013429295961082987,0.0016116175482901382
2055,0.05,5,4,0.07463228749354674,0.04337655794327782,0.06899841979668553,0.025432017566383414,0.07479325283536899,0.031226850605066872
2180,0.05,5,4,0.045616379039574384,0.024641887618719462,0.04905672673780813,0.018462431416321583,0.04958889592568154,0.018994600604194993
1216,0.05,5,4,0.08281140189524262,0.044795989340275455,0.03647863530375793,0.01344014581293117,0.03208658079858348,0.010352751811470332
1193,0.05,5,4,0.15267004243441007,0.07227169706758514,0.06121365421264059,0.042655213378200885,0.06121365421264059,0.04641372748702217
943,0.05,5,4,0.040934721866715006,0.020433907675617487,0.03511596491149176,0.017762136132093646,0.045775211364102356,0.0248083812399049
1192,0.05,5,4,0.07361685137780295,0.03211171611725246,0.02043333235950916,-0.0018739473395177342,0.020965501547382567,-0.0013417781516443274
1215,0.05,5,4,0.07756472572330701,0.03550356874579841,0.02720014468435161,0.009910100446632555,0.027732313872225016,0.010442269634505962
1148,0.05,5,4,0.604791530077197,0.2806808356103206,0.10359301876093452,0.04208708505147942,0.10248711945582865,0.0458455991603007
1427,0.05,5,4,0.0464384892519994,0.024410100443136438,0.036405079843932514,0.006891620722805983,0.027782152321184087,0.006891620722805979
2079,0.05,5,4,0.19072760482794154,0.09349515640768781,0.033954837504478044,-0.0057818122849336295,0.03535761603798704,1.3020753749828917e-05
1748,0.05,5,4,0.02752489780694493,0.012974428273328719,0.07111077317363097,0.05221322981541269,0.07227628076707596,0.05337873740885767
558,0.05,5,4,0.045693261488069174,0.020180122626872337,0.054183160288822675,0.0391852615269538,0.059977993327506134,0.043669837890674024
724,0.05,5,4,0.03710371862945305,0.017623478069098742,0.0071835083294156075,0.0071835083294156075,0.0071835083294156075,0.0071835083294156075
1145,0.05,5,4,0.03420725752573807,0.01553198508231635,0.02058383987228113,8.790601599447528e-05,0.026378672910964587,0.010171655875613035
831,0.05,5,4,0.03574749039934327,0.01695830792694278,0.02869177120123482,0.011611624708763202,0.028024571098467052,0.01470293871481672
2054,0.05,5,4,0.034148274112253366,0.014991912733287337,0.016519467242878002,-0.014842148353263914,0.008699446917070395,-0.014039241156323098
2044,0.05,5,4,0.045023554692910354,0.019933940479655844,0.0544740064861428,0.030927410385316986,0.04960959307221566,0.030927410385316986
2222,0.05,5,4,0.030848268520283034,0.015036360217533145,0.032494251329956536,0.021153040956940043,0.028832411776528646,0.016107920128506592
2418,0.05,5,4,0.07179821917155468,0.035956689085579696,0.035221017971170276,-0.0007590199264017605,0.035221017971170276,-0.0007590199264017605
380,0.05,5,4,0.1752260968195928,0.08261753515830945,0.12128035063119486,0.09690797027937532,0.1400901656978012,0.1195776706632827
1285,0.05,5,4,0.06861387749415217,0.030212974909650178,0.049970608248946766,0.006659280493117425,0.050502777436820176,0.006025942087545852
1288,0.05,5,4,0.0412172856292053,0.019084669847797338,0.009115073301719234,0.0050982860363049665,0.014909906340402693,0.007587575861572771
2219,0.05,5,4,0.04593236070347962,0.022572296691940785,0.03122035610788338,0.01243950518693282,0.03701518914656684,0.01243950518693282
1746,0.05,5,4,0.04326349109723115,0.018305302453652444,0.0431637479097618,0.02224923207360785,0.048028161323688943,0.02224923207360785
80,0.05,5,4,0.05023902979616841,0.0205330635990579,0.0370835670172211,0.02336762750823835,0.0370835670172211,0.02336762750823835
1045,0.05,5,4,0.035109088463426474,0.015890445666123052,0.028896766081237535,0.01527661414143817,0.028896766081237535,0.01527661414143817
1236,0.05,5,4,0.03995325799298068,0.01988503823520547,0.014362288964712758,-0.011362053999933983,0.02248077905811152,0.0053793636162132
1055,0.05,5,4,0.05151963162972843,0.020932715863190263,0.06799851456529482,0.05632526205116224,0.07228743138622992,0.06061417887209734
915,0.05,5,4,0.04880917923885701,0.023015667306569055,0.0321409684604832,0.01086888965811484,0.0321409684604832,0.01086888965811484
414,0.05,5,4,0.0833109315015538,0.04296047299587825,0.03818931843233779,0.027630111044863355,0.04194783254115908,0.028883709960867594
2184,0.05,5,4,0.047179523837387875,0.022701202824920916,0.04315186884040534,0.019093722014295822,0.0382874554264782,0.017344784437134435
2109,0.05,5,4,0.20814061560384167,0.10480547542067627,0.028824119724510825,0.01910150575977003,0.03461895276319428,0.021203337561013665
24,0.05,5,4,0.04640355846040891,0.02336614989729037,0.02498208495388154,-0.00779614169219334,0.029374139459056006,-0.00779614169219334
967,0.05,5,4,0.04262931702068653,0.020971128645068067,0.03686581685418616,0.01923143335692945,0.03686581685418616,0.01923143335692945
1441,0.05,5,4,0.22899242493639577,0.11738617137865139,0.011810105287351658,-0.006433016005688019,0.006015272248668199,-0.006433016005688019
2121,0.05,5,4,0.05062012236087215,0.022937202281548198,0.017299374486220546,0.00724049340739096,0.017831543674093953,0.007772662595264367
1966,0.05,5,4,0.0360451672217244,0.017710952511153292,0.053743460833499596,0.04342913475331989,0.053743460833499596,0.04601244140221223
2267,0.05,5,4,0.026375101259374128,0.013362174354572586,0.06391894444646323,0.03507337098774212,0.06065106080380146,0.027413432839905882
1618,0.05,5,4,0.051665422866289744,0.024569090403796425,0.0538807312999109,0.012152917764327142,0.05967556433859436,0.012152917764327142
2316,0.05,5,4,0.036400141584447904,0.01486980261107837,0.009432193909648806,-0.006565852418380154,0.015227026948332265,-0.001252536027213487
841,0.05,5,4,0.06978863800714533,0.031884378969856755,0.028944768123034766,0.0005436632079307557,0.03527177034959163,0.0005436632079307557
34,0.05,5,4,0.02883794956941636,0.015687467981943932,0.008509870037872451,0.0007003299570197269,0.0180632171853772,0.014676510472184212
729,0.05,5,4,0.05491712061778268,0.023344225312424704,0.02108689985045934,0.003945068392390047,0.0268817328891428,0.0071566900500161235
2637,0.05,5,4,0.3334244857258843,0.16273650082279023,0.21701552129664575,0.13282672109966498,0.23096092294932496,0.13463546895594708
1692,0.05,5,4,0.04278677501649499,0.018194002604231038,0.014288185985992203,0.0014701830324264972,0.019152599399919343,0.011199009860280778
614,0.05,5,4,0.0384729691549783,0.01774120260462829,0.024615277660983585,0.009871711734790798,0.030410110699667044,0.021461377812157713
2888,0.05,5,4,0.3153354995607518,0.15319082245559548,0.1460780184793809,0.10810356228347981,0.16021717136981645,0.12224271517391536
2537,0.05,5,4,0.048454197456146236,0.024593757695808308,0.02147173111506335,-0.003909342745588469,0.027266564153746807,-0.003909342745588469
1765,0.05,5,4,0.04443316665779069,0.01994931320216133,0.039073028314128455,0.0152679350155287,0.039073028314128455,0.0152679350155287
725,0.05,5,4,0.07033156806920085,0.03900722991434207,0.058149755899853384,0.028038869192763105,0.04859640875234864,0.028038869192763112
1890,0.05,5,4,0.45887860642460365,0.22303380931761027,0.12796456417288993,0.09830897904286992,0.13172307828171123,0.09884094623996173
1822,0.05,5,4,0.04609828752407262,0.019524937517916206,0.020098778273525617,-0.009054091638307865,0.022135097203387792,0.0025355744390590518
145,0.05,5,4,0.18519463067472025,0.09481618790168256,0.06902223554014014,0.05993631849386727,0.07481706857882361,0.06573115153255074
2700,0.05,5,4,0.06562919102941184,0.02860599221960835,0.02557038076159733,-7.843418363684407e-07,0.022052210854688663,0.006034392898759705
2895,0.05,5,4,0.03540589124554086,0.016704410488706908,0.06437841194708314,0.04095799099875707,0.06578119048059214,0.04095799099875707
445,0.05,5,4,0.12820778403650618,0.06751807741062567,0.027048757683432876,0.01690772629018311,0.03284359072211633,0.016907726290183108
341,0.05,5,4,0.17765655920975656,0.06849174494729168,0.17417788636927106,0.1395180691280622,0.1911789535795953,0.15651913633838643
652,0.05,5,4,0.08193248063983159,0.04000584317546506,0.022896915992278957,0.002673611535322973,0.01474634737828321,0.002673611535322973
1492,0.05,5,4,0.12294687363422435,0.05915376215778149,0.08052561697981274,0.024866927864179517,0.08192839551332173,0.021877651892514047
352,0.05,5,4,0.27637012382782244,0.13897900054741133,0.07929625521691246,0.05418326737676561,0.08368830972208692,0.06296737638711454
290,0.05,5,4,0.06231546213962656,0.02605646984710334,0.031750593597713817,0.01298155481672492,0.031750593597713817,0.01298155481672492
2062,0.05,5,4,0.05577576725143942,0.025016049254076928,0.03152200479117351,0.01945112656153958,0.03152200479117351,0.01945112656153958
2772,0.05,5,4,0.24256714687874745,0.10385286717645414,0.1086441663164623,0.0783093047356065,0.11393040505269612,0.08359554347184033
1846,0.05,5,4,0.02774194211936569,0.012367062287459568,0.06236793838364385,0.023054816184825022,0.07088052204082554,0.027808885733185428
9,0.05,5,4,0.6899428943368846,0.31799511905672173,0.16058337517048868,0.06424361504199283,0.17359835719841155,0.06764011410762814
1235,0.1,10,0,0.9793441848270775,0.5097864934978342,0.20734826041448812,0.19191388130932543,0.22239956137227318,0.20690765481295909
1648,0.1,10,0,0.09323898467072492,0.043829656644112244,0.07546417541115402,0.0654771255727834,0.08021824495951443,0.07023119512114381
1607,0.1,10,0,0.14414013817609825,0.0758693733547454,0.09375053045019421,0.06326025305908606,0.09954536348887767,0.06793091523525682
1449,0.1,10,0,0.27288851537758474,0.13095369938192158,0.09516181698618524,0.00818818100359442,0.0902974035722581,0.00818818100359442
11,0.1,10,0,0.22381542243145996,0.12882818668831542,0.08551355201356184,0.06590053473306573,0.08663772287607453,0.06755687478345183
1753,0.1,10,0,0.0627017897742811,0.032517135381989824,0.07920970039547633,0.06682043917156048,0.08876304754298106,0.08129337719572576
2042,0.1,10,0,0.12657984973175845,0.059738133344423294,0.17885633009277102,0.159905248977964,0.19327409065420292,0.1743230095393959
2939,0.1,10,0,0.17163609438739047,0.07515340755912696,0.054815950927619664,0.03438681048620751,0.05661362243806655,0.03994299610547568
1439,0.1,10,0,0.13086641259133294,0.05556592924453335,0.1666099835388965,0.14584264925515314,0.1729369857654534,0.16028488179617661
2114,0.1,10,0,0.10643078863855045,0.05823392658725712,0.06248741159521045,-0.005200993805462316,0.05926106667426258,-0.008427338726410188
1368,0.1,10,0,0.13239683777258393,0.06874502309494766,0.13222632337739054,0.1263865257902363,0.14670389421794314,0.1387975838006554
1005,0.1,10,0,0.1342489528430937,0.05865354017563227,0.07164504785680448,0.05703307439642164,0.08100451300946901,0.06692470873695958
1713,0.1,10,0,0.6802598892719528,0.35678021273345534,0.08069208122130594,0.06940177537022237,0.09574338217909101,0.07958866291408029
385,0.1,10,0,0.09412527588237701,0.05586058076603809,0.05828784833725423,0.04391296440060238,0.06783303239889607,0.05832256187617137
827,0.1,10,0,0.5147371788457742,0.2749979060586599,0.34761831102906143,0.3164391450291891,0.3597467751095202,0.33295966361482227
2275,0.1,10,0,0.08394496884263197,0.04024492613182858,0.12164794881107861,0.10452652611438173,0.1360657093725105,0.1206750755859395
329,0.1,10,0,0.08640836317984857,0.045052106579979476,0.0758709268530828,0.060862254001092825,0.08438351051026449,0.06698293892110939
15,0.1,10,0,0.8187387147275843,0.39646467698190824,0.2513105669264195,0.23044914013944726,0.26196981337903014,0.24925895520605362
230,0.1,10,0,0.6727547386929429,0.3656257146464558,0.19061277463566234,0.18293571710975104,0.2056640755934474,0.19950640723520993
10,0.1,10,0,0.13620322784254132,0.05820460247616712,0.13281831292076463,0.10175579420159381,0.13914531514732148,0.10668001789464167
140,0.1,10,0,0.12899075113020164,0.0554623874788034,0.12487443341987352,0.12313468599821728,0.12540660260774694,0.11927480068091624
428,0.1,10,0,0.0764107777614885,0.03712477672226967,0.10399466701469495,0.09701660342243584,0.11408018335007311,0.107102119757814
287,0.1,10,0,0.09425580413154434,0.04409723778623449,0.03587923845090317,0.014110627574365164,0.04074365186483031,0.01950721017616571
1127,0.1,10,0,1.0144702977980808,0.4885125381534546,0.1905239115645955,0.14219731096789112,0.18613185705942104,0.14219731096789112
2197,0.1,10,0,0.10663106657656547,0.04883979678052963,0.060594334101946826,0.02825462713353865,0.0669213363285037,0.03830823105379048
2188,0.1,10,0,0.1272464771863423,0.06195298160623434,0.25431645550230564,0.22446562972804698,0.26873421606373754,0.23449133578430442
822,0.1,10,0,0.13365740151288497,0.05887059655199252,0.1290116709139139,0.12007696972894012,0.14342943147534581,0.13935914370429917
100,0.1,10,0,0.1240812581419908,0.05334564530179808,0.09905515159325251,0.0919601875602391,0.10538215381980938,0.09828718978679597
26,0.1,10,0,0.15435596207308036,0.08315865463365804,0.11851715459330482,0.09832269994003862,0.12767048482816706,0.10747603017490086
903,0.1,10,0,0.08709875183207497,0.04339861621932391,0.1098375859497306,0.08585931720747135,0.12425534651116249,0.09448224473021978
1803,0.1,10,0,0.1676953797420915,0.07476498042303026,0.19482046120949698,0.16663266485027448,0.20114746343605383,0.1648090984628356
2594,0.1,10,0,0.07824875906526033,0.03663197661631663,0.13718449156686152,0.11991369532555647,0.14375834045391692,0.1360408913601166
2397,0.1,10,0,0.14159895196774053,0.06844071031048067,0.06217075311333678,0.04358947353075876,0.06386842989465516,0.0427038436631848
16,0.1,10,0,0.07083577412623385,0.033557874906415534,0.1470737115566636,0.14152757717038972,0.1614914721180955,0.15533004186177188
2444,0.1,10,0,0.10558990662440593,0.05118011720961396,0.04303290347408454,0.03261098356769482,0.04844775763329193,0.04073101335205918
942,0.1,10,0,0.10637418597594664,0.05420782318703991,0.10384624603735704,0.0915095449545289,0.1101732482639139,0.09783654718108577
304,0.1,10,0,0.07549383443048842,0.03500877302341801,0.06903492650854104,0.06657107855312933,0.0748297595472245,0.07236591159181278
1577,0.1,10,0,0.15305864747653225,0.08385813836333894,0.08404951673668196,0.0473313034505586,0.08984434977536541,0.06331302403309998
2134,0.1,10,0,0.47743949456457857,0.22846045695933392,0.2722157708140504,0.20795737229003652,0.29102558588065675,0.22676718735664286
2199,0.1,10,0,0.26239614419339186,0.12178606579213576,0.11781304742110485,0.10266778953151869,0.127898563756483,0.10846438904596174
256,0.1,10,0,0.07595629534664147,0.04090079357708268,0.22873691123692724,0.21277441180624812,0.23939615768953781,0.21528308964486295
2719,0.1,10,0,0.46250344267851884,0.24787329662659202,0.18811809993533085,0.12073499373437357,0.20206350158801006,0.13414822619917938
2463,0.1,10,0,0.13988908527922433,0.0720279069911863,0.11442681225302546,0.05860356298793405,0.11871749554972016,0.057099413245945294
2296,0.1,10,0,0.22956312561651177,0.10340962047563981,0.058507109597128085,0.052603606011198734,0.06718808092323765,0.056892522832133835
425,0.1,10,0,0.1266518290254152,0.058123382350077475,0.10371740156327625,0.08332797417284904,0.11004440378983311,0.08965497639940591
2985,0.1,10,0,0.10701672979807575,0.04479492130096388,0.05364693482321371,0.03295139878519709,0.05944176786189717,0.03295139878519709
2195,0.1,10,0,0.13534694156013033,0.0626230326298303,0.16882621684527327,0.15753471933859525,0.18324397740670514,0.17355346442733427
1847,0.1,10,0,0.14830486373887056,0.07479475102108486,0.09966772170623309,0.08933119043674367,0.11408548226766499,0.09848628714736553
1629,0.1,10,0,0.18838319798756542,0.09322752128239548,0.08298371086392398,0.06353642204221344,0.08616672837975323,0.07158385297196984
1375,0.1,10,0,0.11371198249734138,0.05626656353080557,0.1644051991939759,0.16340389768641667,0.17882295975540774,0.1787000904004543
1790,0.1,10,0,0.12198438210375215,0.0611356200765911,0.032552936812752564,-0.014576328047008202,0.03142876595023987,-0.015700498909520896
1998,0.1,10,0,0.092673503363785,0.047829960617133085,0.0840449456411442,0.07550146444062701,0.09255752929832589,0.08777256220662999
1352,0.1,10,0,0.17300108891681718,0.06931632816801207,0.0768665323268298,0.05230979641265936,0.08319353455338667,0.05284196560053277
2059,0.1,10,0,0.06931280736823336,0.029094715061247528,0.0255564808532491,-0.01843232052005214,0.028782825774196982,-0.011447461490282966
1738,0.1,10,0,0.25756160782415527,0.1418094466043981,0.04145543502748901,-0.006463464160504015,0.0431117750778751,-0.004807124110117925
161,0.1,10,0,0.12032893543507198,0.05554394458309331,0.09990190543415164,0.08390651457993964,0.11056115188676224,0.0897013476186231
2218,0.1,10,0,0.1088542409279277,0.054076559949328966,0.08915897203170252,0.07983876686818789,0.09981821848431312,0.0910301825086719
1870,0.1,10,0,0.10295105120465214,0.046435323886350084,0.07172937496770712,0.059828379101488256,0.06914606831881479,0.06163712695777038
1513,0.1,10,0,0.23590149234549426,0.11709972724248338,0.02984427070415095,0.013248478279140451,0.03470868411807809,0.022977305106994736
1125,0.1,10,0,0.1495040147160396,0.08234849588221019,0.09253685475614644,0.07099353017495645,0.09910687834211636,0.0748196852270181
305,0.1,10,0,0.10914059481972858,0.060035647618585146,0.0997593644050343,0.08628420198780695,0.10984488074041246,0.09636971832318511
566,0.1,10,0,0.14614565868171145,0.06497427663994464,0.11140626333551881,0.07712363022077512,0.11720109637420227,0.07805404984553144
2223,0.1,10,0,0.515854768945252,0.22788262209703466,0.3084297527032062,0.2537719374186871,0.32723956776981256,0.2725817524852934
833,0.1,10,0,0.10247876474479119,0.04832085065866257,0.11005683265916641,0.10035536550064758,0.12014234899454457,0.11419939594484703
2977,0.1,10,0,0.1209771500414554,0.06677722149036973,0.01742555694992295,0.008894267802734442,0.02228997036385009,0.018623094630588723
2671,0.1,10,0,0.11757886562489799,0.052558200746790136,0.11419176312425083,0.062189458043628465,0.12485100957686143,0.07284870449623906
2301,0.1,10,0,0.07909356617751828,0.03986378874410022,0.12206568969051303,0.10145730136310438,0.12839269191706987,0.10222674149104177
2657,0.1,10,0,0.15672438951001796,0.08024017044495924,0.13923331977233988,0.12410084442044768,0.15657745593704459,0.14091281139727896
918,0.1,10,0,0.20824700848981118,0.09524087163098796,0.17099341349920327,0.1524479052635383,0.17961634102195173,0.16663189098213216
928,0.1,10,0,0.07498962502194141,0.035880396889093044,0.09769550303356267,0.08517278619204222,0.10402250526011954,0.09149978841859908
1626,0.1,10,0,0.2296826709974504,0.1285487998025238,0.0344385701672969,-0.013570895032771702,0.038727486988232,-0.0092819782118366
2847,0.1,10,0,0.07799607318036575,0.03647081817094661,0.11328583587863068,0.07665166375203177,0.12337135221400883,0.08094234704872645
2342,0.1,10,0,0.09337948395613534,0.04217649497855081,0.07602369044995916,0.02260311917028096,0.08084477645876767,0.027424205179089473
1522,0.1,10,0,0.14472708437693027,0.0572027002181475,0.13231112631163575,0.11538964312328481,0.13810595935031922,0.11978169762845928
1412,0.1,10,0,0.1669382070701921,0.07418710574995507,0.13103900999835788,0.09491415528280778,0.1366207553967168,0.10864646929516245
1679,0.1,10,0,1.0405674738765747,0.5277435811809167,0.15135122265789358,0.12478953852554181,0.15574327716306804,0.13294010713953755
572,0.1,10,0,0.07571992236227668,0.037902179806517076,0.07514625554485965,0.06726828151197083,0.0788016319694416,0.0665329554135279
1401,0.1,10,0,0.44674087342658886,0.23926658349343108,0.16408480307053616,0.15243001490271163,0.1814289392352409,0.17463856448134352
2194,0.1,10,0,0.06702292468588873,0.03348111407319124,0.02869872884284511,0.006917546978051973,0.029804628147950967,0.016646373805906257
2720,0.1,10,0,0.09390050647296283,0.04324332527364728,0.1082591992073844,0.07064078979884147,0.10966197774089341,0.07643562283752493
2068,0.1,10,0,0.3266391056846842,0.15452213410652618,0.2199323339893925,0.2110642711160688,0.22991376454569318,0.22011109762809586
2629,0.1,10,0,0.3200152982871023,0.17276157432717149,0.05068194806446874,0.04178122093149424,0.05271826699433091,0.04590952265220813
2043,0.1,10,0,0.12742721026071122,0.060334819801093516,0.04996310459374105,0.033322947355287895,0.05575793763242451,0.033322947355287895
2416,0.1,10,0,0.08376934161483218,0.03950474226169316,0.04052268909953954,0.03003372772007617,0.051181935552150136,0.04984630440754901
1085,0.1,10,0,0.15068576689925406,0.06605918886671715,0.08309097864100404,0.06784854403843667,0.09113840957076044,0.0822377957259067
557,0.1,10,0,0.5351467994977266,0.2857193838520671,0.15625279714401047,0.10411906685249084,0.1646309368315863,0.11249720654006667
834,0.1,10,0,0.11700302760743024,0.06145021218761838,0.1769582258687004,0.14150175778753266,0.187617472321311,0.148402490131322
906,0.1,10,0,0.28501956366052167,0.15480961524253434,0.08640715094659143,0.056496100151485144,0.09116122049495184,0.06125016969984556
694,0.1,10,0,0.0765356916376212,0.039768303972630197,0.13169451428091428,0.11903814062006113,0.14235376073352488,0.12969738707267173
472,0.1,10,0,0.33827183051546644,0.1741814892722061,0.06470457700338231,0.05815821656522961,0.06470457700338231,0.05329380315130247
2337,0.1,10,0,0.07778166195443521,0.03497561901916636,0.06731727166219165,0.04161233309429537,0.07218168507611879,0.04161233309429537
306,0.1,10,0,0.07746068821009983,0.040824165989660856,0.057008941995404364,0.04021088258856678,0.06709445833078252,0.05984974607144969
1720,0.1,10,0,0.05326900260829942,0.024350898549429043,0.1009037808665616,0.08680116704684765,0.1115630273191722,0.09746041349945825
2810,0.1,10,0,0.09809049140834658,0.04486548131268089,0.15539951098093388,0.1382703884699924,0.16981727154236576,0.1554129080941723
105,0.1,10,0,0.24879849408820812,0.10389931364681312,0.10643380886903882,0.05363311619980228,0.11709305532164942,0.06429236265241288
1433,0.1,10,0,1.1093184629119337,0.5533157730396621,0.13129843612360495,0.11186799203685041,0.13505695023242625,0.11562650614567171
2273,0.1,10,0,0.11755274171474332,0.05310454388738984,0.09798694832307185,0.08855123052801932,0.10431395054962872,0.09823237711962292
2935,0.1,10,0,0.21036427985738163,0.10693546055012791,0.10252134540446975,0.09261682276217292,0.10345176502922607,0.09415030776420485
1421,0.1,10,0,0.24181407313784015,0.10772299656224955,0.11205395966875847,0.101131006319162,0.11581070730182016,0.10975216736615083
1407,0.1,10,0,0.2890516649701877,0.15028281166616528,0.0497214395405895,0.03619435488534504,0.051124218074098504,0.038999911952363034
214,0.1,10,0,0.09753836861175333,0.04324239402185545,0.0838691452945517,0.035030623911829484,0.08966397833323515,0.04082545695051294
2984,0.1,10,0,0.14629322156921643,0.07437329922508286,0.029963763851591715,-0.007885802582357774,0.029963763851591715,-0.007885802582357774
2534,0.1,10,0,0.08870930065219482,0.04392398078945066,0.09036841202831333,0.07628985391812458,0.09523282544224047,0.09041073525115333
288,0.1,10,0,0.23675069037572638,0.09976818993369549,0.02287312813654682,0.011846476390595492,0.024948791667033465,0.009952392919271035
2852,0.1,10,0,0.10061368489912584,0.04990043516437055,0.14658457180578327,0.13552178860792166,0.16100233236721517,0.14993954916935356
2804,0.1,10,0,0.2180283629070563,0.12059192360801504,0.0859657968467792,0.07608166562661556,0.08503537722202288,0.0809460790405427
388,0.1,10,0,0.1767600839279999,0.09245689711296684,0.11010431873297384,0.07701945360982358,0.11713949504636906,0.07913040623017092
2102,0.1,10,0,0.09136600850011167,0.04329432584225364,0.1141671338564673,0.10470512327204037,0.12482638030907789,0.1115044844073499
2623,0.1,10,0,0.39122535120447705,0.20175608605334908,0.313611430456648,0.29009441770600797,0.33242124552325436,0.3046534587282443
264,0.1,10,0,0.10606621985079608,0.042739415353830135,0.05870968564934031,0.026127550803838696,0.06826303279684506,0.043728328881099836
2365,0.1,10,0,0.08502986780246118,0.04203504395972359,0.12821880249995277,0.10819102664697314,0.1388780489525634,0.12377449679263164
1454,0.1,10,0,0.06354041429778651,0.03357018394734442,0.07684519847818592,0.06029579799704999,0.08535778213536763,0.0650498675454104
578,0.1,10,0,0.17995964649851784,0.08764973798705095,0.049948616750859376,0.03495166756399258,0.05423753357179448,0.03924058438492768
1625,0.1,10,0,0.8290751490110676,0.42852924126376607,0.2926642297591242,0.2816638019459137,0.3070819903205561,0.2902867294686622
2950,0.1,10,0,0.07110521652067049,0.03217805736925174,0.13113842949271193,0.12462588735962646,0.14122394582809009,0.13471140369500462
1135,0.1,10,0,0.09629220895777711,0.04203267898869722,0.15460360202747953,0.12804929501233892,0.16902136258891143,0.13870854146494951
1517,0.1,10,0,0.06766902239634123,0.03516406514795477,0.08562331603102111,0.07934554652849224,0.0962825624836317,0.07934554652849224
866,0.1,10,0,0.08347515863139417,0.044604407594934434,0.06152351491488006,0.06152351491488006,0.06581243173581516,0.06581243173581516
199,0.1,10,0,0.5020814443273709,0.2590171403505727,0.2753196791099201,0.26589627409906375,0.2839426066326685,0.28317912409966695
228,0.1,10,0,0.21812571229578795,0.1190167842439638,0.14259249117793318,0.1168286328549213,0.15855279489793436,0.13225676738704908
29,0.1,10,0,0.05385896103997758,0.0276027335738081,0.17144325049322223,0.14148985734354375,0.17573393378991692,0.14437776210672945
2998,0.1,10,0,0.14357169963252436,0.06558300536300708,0.1288382915863281,0.11848256278896148,0.14325605214776,0.1320286815383346
1036,0.1,10,0,0.13996121528791844,0.06380616101121826,0.07762242293086598,0.06671449395898627,0.07386390882204469,0.056967834775989545
2376,0.1,10,0,0.11709894160157512,0.052794792394764936,0.06939074056926442,0.03384032237379936,0.0710884173505828,0.03553799915511774
1486,0.1,10,0,0.059072559408641194,0.029531798478270116,0.11568890312221636,0.07777307405110118,0.12577441945759452,0.08785859038647933
1951,0.1,10,0,0.06010099243795851,0.027549812805432942,0.13391498116277,0.12318333376429513,0.14400049749814817,0.1338010602201905
399,0.1,10,0,0.2486688381762082,0.13177972142601518,0.12379341925323468,0.060453100944651963,0.1344526657058453,0.07111234739726258
1743,0.1,10,0,0.9783231109425727,0.4934052377305947,0.3126482726167355,0.3005488071241237,0.31867819362410765,0.30657872813149584
2384,0.1,10,0,0.08533278208034499,0.044690147935890163,0.10511161521726116,0.07324043991288681,0.11952937577869305,0.08279378706039156
622,0.1,10,0,0.06347480326552962,0.03508455014033163,0.1411670609173794,0.13054929216483468,0.15125257725275756,0.14063480850021284
2698,0.1,10,0,0.11303416964475355,0.05678525405114655,0.06755407600717622,0.046215540335462546,0.0686782468696889,0.047339711197975226
1004,0.1,10,0,0.16229047230937685,0.07506848920154037,0.10872325952301785,0.08973498266512486,0.12314102008444974,0.0983579101878733
1555,0.1,10,0,0.5521569492495751,0.29582902164632924,0.32796397958322204,0.27138669730599324,0.34097896161114494,0.27635424840415973
2954,0.1,10,0,0.685323843976004,0.36770533964318086,0.14457855008088893,0.09901450391206733,0.15852395173356815,0.10381378151121168
2649,0.1,10,0,0.18878828088818253,0.08905749202848576,0.07342318703574136,0.029473079917173017,0.08304166999802891,0.03909156287946057
2263,0.1,10,0,0.07159666203403459,0.03296220873906104,0.06510171176942345,0.053733260604207744,0.0714287139959803,0.064779878500316
2008,0.1,10,0,0.6639223218701577,0.335262963007176,0.17112156952570542,0.14573163569254355,0.1774485717522623,0.1558171520279217
2049,0.1,10,0,0.1149676561641639,0.04764860488383507,0.1368062627500155,0.11795907851357385,0.15122402331144738,0.13237683907500572
1798,0.1,10,0,0.10860693051023365,0.055642964270701915,0.0901225020667995,0.07852860061997613,0.09644950429335637,0.084855602846533
2261,0.1,10,0,0.14318998877751443,0.07022549188258591,0.12670538993505376,0.09743546850235951,0.13679090627043192,0.10172615179905421
2974,0.1,10,0,0.08186366138433737,0.041617795749298664,0.12725378274910448,0.1250123186114226,0.13733929908448264,0.13509783494680075
2945,0.1,10,0,0.5751899803130973,0.2923321713475341,0.15211927238204337,0.12863090971209207,0.1709290874486497,0.15559129339269412
2574,0.1,10,0,0.4246170680119513,0.23008661528324276,0.3227231497730483,0.3147732376336433,0.33714091033448024,0.3247989436899008
2878,0.1,10,0,0.18658108047681063,0.10335933586908896,0.13932335519518635,0.10088361250250968,0.15374111575661822,0.10950654002525809
1432,0.1,10,0,0.10071552978608111,0.040405294413438035,0.12069495955013382,0.09729882419062036,0.13078047588551198,0.10362582641717723
1223,0.1,10,0,0.9753568594271494,0.45818373946949903,0.1892584699584477,0.16284257637692615,0.1936505244636222,0.16241354487329213
1335,0.1,10,0,0.08435548073054748,0.039902553191168505,0.16571850871382326,0.15206113545797886,0.18013626927525517,0.1643133131894993
1376,0.1,10,0,0.14269750277807192,0.07411455842048928,0.08350902920443187,0.06232253050720547,0.08520670598575025,0.0684122617936983
2333,0.1,10,0,0.15871548569808183,0.08174211640591282,0.15951816922664136,0.15215842253270867,0.17547847294664254,0.16811872625270985
747,0.1,10,0,0.3657699986443337,0.1920272448939271,0.07199933148256438,0.030026418833983978,0.07716062412489466,0.039579765981488726
1124,0.1,10,0,0.0969364528591688,0.04664891413358814,0.043656676554487,0.013459175901301426,0.0534451116706804,0.02324761101749482
1544,0.1,10,0,0.11153198949171626,0.0539392691491425,0.0881905583693115,0.07112610578644689,0.10108680623919851,0.08026383954751261
2680,0.1,10,0,0.3714962700694462,0.20598876533642965,0.07194918770265889,0.05627925411840213,0.07194918770265889,0.05141484070447499
2654,0.1,10,0,0.16715026767876764,0.06896385888528973,0.15171338839777387,0.11288816494989806,0.16613114895920575,0.12730592551132994
168,0.1,10,0,0.13806630733376607,0.06657567689028704,0.09838690328745724,0.0919330809544463,0.11129874763114075,0.09998051188420268
2245,0.1,10,0,0.1692354323734971,0.07851377292307284,0.09638791447893329,0.07392665789264995,0.10167415321516711,0.07921289662888377
2471,0.1,10,0,0.08433259625049871,0.04122325635058114,0.10419706638105675,0.07173354662719961,0.11757406345216559,0.08511054369830845
1697,0.1,10,0,0.0794494655323537,0.03935856852600122,0.08530037288063327,0.06772016046426951,0.09971813344206515,0.0826700902135748
2360,0.1,10,0,0.4883912711757381,0.22000445580787073,0.1272644791999682,0.08474294319426329,0.13359148142652505,0.09106994542082014
2171,0.1,10,0,0.19094734382725814,0.10438538068242806,0.07670532457150378,0.03677736717445436,0.08858931082595028,0.053525766842828004
245,0.1,10,0,0.10107333392266239,0.047674115625273204,0.07060139764752868,0.04160594937954898,0.08068691398290684,0.06124481286243188
2214,0.1,10,0,0.07576149151763689,0.040220557805527545,0.08948847686866636,0.08184679015799348,0.09323217244633088,0.08119843123048354
2252,0.1,10,0,0.09743398970798507,0.051211776426546174,0.16428694420306425,0.15825313753210174,0.17870470476449613,0.17115158677318779
1287,0.1,10,0,0.1025515063210745,0.04377216748619128,0.16734480031533183,0.159456184010778,0.18176256087676373,0.1738739445722099
677,0.1,10,0,0.07558959303338003,0.039953303193595954,0.19104248050832967,0.16508365969070155,0.20170172696094024,0.16759233752931638
1562,0.1,10,0,0.3191995147437528,0.16588806635978753,0.23217438023789538,0.2147407474617915,0.2461197818905746,0.2238217357005436
762,0.1,10,0,0.14835191588621865,0.0779272213700337,0.09584201692005762,0.07556233596721423,0.10592753325543575,0.08564785230259236
835,0.1,10,0,0.15189462286086233,0.08359890997529254,0.07347787174001949,0.0619490375014773,0.08263120197488175,0.0759667811502667
1091,0.1,10,0,1.0434825033971382,0.5433820513239958,0.23321884616754712,0.2119352622521049,0.23808325958147428,0.2141941647389049
2829,0.1,10,0,0.12207679978074244,0.0546206079501262,0.046817930764386784,0.03248306822388726,0.047459241644556026,0.03688289321287779
2874,0.1,10,0,0.29041110972869194,0.1658227658900192,0.1070444611443591,0.10078955551388906,0.11659780829186384,0.1151639886702023
716,0.1,10,0,0.08456624034914025,0.0434763770482643,0.14797124093913694,0.12625506717333557,0.1623890015005688,0.14067282773476744
466,0.1,10,0,0.18142858897252825,0.09281305843088368,0.060642762478224824,0.042219637467884936,0.06643759551690828,0.048014470506568395
2182,0.1,10,0,0.1537638958362021,0.07197283998785539,0.030497855207220214,0.02438727792232549,0.03536226862114736,0.034116104750179774
731,0.1,10,0,0.09640388412315924,0.05032758674701309,0.08655094588858536,0.07634835246579968,0.09287794811514223,0.08267535469235655
2323,0.1,10,0,0.1949530271265762,0.10022632330577866,0.07131551676831305,0.05833177300550812,0.08075288552445584,0.07263355517557804
2717,0.1,10,0,0.10427470895584269,0.04635626714397604,0.03455211016619616,0.015905581551816095,0.04402032663568397,0.03139772837686594
2876,0.1,10,0,0.8141151478438345,0.42325322322249603,0.3666504306256025,0.3515692894927395,0.38170173158338755,0.3666205904505246
231,0.1,10,0,0.07985802158276596,0.03887645089165619,0.10819755086735983,0.09045557872986067,0.11682047839010826,0.09328367321392564
2411,0.1,10,0,0.07085941558002642,0.032829549896566335,0.03649917020472944,0.004273411196069804,0.037605069509835304,0.014002238023924092
223,0.1,10,0,0.3833224900722139,0.17702376901646397,0.1150194576626073,0.08052049995497917,0.12364238518535572,0.08933139735804624
1690,0.1,10,0,0.09863277875650782,0.04517459915100181,0.18248134940399052,0.16083884719278857,0.19689910996542243,0.17525660775422047
1464,0.1,10,0,0.12643720169050152,0.056523175561094895,0.08272820103533768,0.06418532271923733,0.09071495273161262,0.0663772413768288
675,0.1,10,0,0.08262275844062271,0.03480627969815121,0.12342934473434265,0.10531260495192138,0.12975634696089952,0.1090563005295859
1351,0.1,10,0,0.12692111475578138,0.056436846662013256,0.034667844116750654,0.021176766176912498,0.039532257530677795,0.021176766176912498
642,0.1,10,0,0.07462936186252718,0.03767529674437381,0.0713219634453254,0.06472571968723728,0.08036671629038053,0.07752898664111368
1146,0.1,10,0,0.49153706297891164,0.2507738601231068,0.1986336013849147,0.17523257387719365,0.20239211549373598,0.1788807441204482
641,0.1,10,0,0.1279849627831474,0.05732335724049905,0.05885522881727074,0.03424582268128768,0.06894074515264889,0.05237876994642222
2978,0.1,10,0,0.2567506383975995,0.1482177765845634,0.09694345288905631,0.0779525855016039,0.10649680003656105,0.08221796997287312
2443,0.1,10,0,0.17371751124023008,0.095496740040205,0.0427605268251936,-0.015586905826974584,0.04651904093401488,-0.012360560906026719
1380,0.1,10,0,0.14438846417023463,0.06610071459589771,0.04956804610119054,0.030313450978285698,0.04570816078388949,0.02971775721967033
2242,0.1,10,0,0.10054252663762804,0.05591430463727553,0.1087060646031718,0.0980482585611881,0.12312382516460368,0.11246601912261997
2122,0.1,10,0,0.08158104139299983,0.037515360871936555,0.11854890912697269,0.09508921738324383,0.12863442546235085,0.10517473371862199
935,0.1,10,0,0.14592682852838176,0.07460397370679138,0.06899824870636088,0.059255869066174464,0.07328716552729599,0.06354478588710956
1170,0.1,10,0,0.08158878769733621,0.03512829806644187,0.15621222899153298,0.12304715104832505,0.16253923121808983,0.13376620778005635
2211,0.1,10,0,0.19230418788018494,0.08245659179459082,0.037855151567101425,0.01863593167221077,0.05076699591078495,0.035838459312588986
2481,0.1,10,0,0.12908489225613945,0.06147961935033617,0.030827963335014842,0.01678314751607489,0.04148720978762544,0.028372813593441806
2833,0.1,10,0,0.15379603974872433,0.07770453966475167,0.13417022378797072,0.08170483302654273,0.14372357093547544,0.08686612566887299
672,0.1,10,0,0.1691020235458122,0.0660902172441436,0.09782625036333993,0.0808691363595295,0.1074447333256275,0.09101978850969046
2861,0.1,10,0,0.10817190897110174,0.04718074414728493,0.13753572979457163,0.13089643102555282,0.1519534903560035,0.1453141915869847
190,0.1,10,0,0.4771378235937479,0.23841021876597088,0.13057990302010036,0.0915359657771653,0.13748063536388966,0.10219521222977587
1604,0.1,10,0,0.09258412808970032,0.04441611943042859,0.1367272183757806,0.10433225719255118,0.1511449789372125,0.11875001775398306
270,0.1,10,0,0.10817826922079313,0.05319406994131629,0.14371638005348436,0.1342640940989559,0.15813414061491626,0.1519081995813357
1391,0.1,10,0,0.3967594394238047,0.20237297830130535,0.17496082379706535,0.15418531987011547,0.19196189100738958,0.17698122011912315
720,0.1,10,0,0.33649090990673136,0.17697399695951524,0.04565879778744327,0.04137141416379328,0.054171381444624966,0.04988399782097498
211,0.1,10,0,0.08759235143365456,0.04086221764675998,0.18486630164180556,0.16390841265068973,0.19002759428413582,0.1598132373739184
1935,0.1,10,0,0.15171164997290443,0.08327582630512032,0.1013128716391148,0.06435800472348281,0.10606694118747521,0.07169538092073557
2108,0.1,10,0,0.09956255321640568,0.049949282988247606,0.06948279220564607,0.057536473699032135,0.07799537586282776,0.06589191179231556
2924,0.1,10,0,0.12542446637062316,0.05231374179689484,0.04884221022044205,-0.013784179190679369,0.043579546369632,-0.013252010002805965
2504,0.1,10,0,0.08571235477468939,0.042396507347613716,0.10503281602036543,0.09672864866630126,0.10985390202917396,0.10464578221674611
805,0.1,10,0,0.5930391486527975,0.2899487328579713,0.1530140476406453,0.1384549558205395,0.16553284896726264,0.15222246635727632
2100,0.1,10,0,0.206240788396794,0.11415951119691203,0.0812705454275502,0.07091519720580644,0.08163256047073615,0.06688515774381792
1166,0.1,10,0,0.12330332875507614,0.06164290606810969,0.13146837087583196,0.1106947971540851,0.14588613143726384,0.12511255771551696
475,0.1,10,0,0.09721347171802174,0.043653065409265335,0.11526661781202906,0.10104589534735474,0.12968437837346095,0.11346798938219135
1925,0.1,10,0,0.10714419942898812,0.056611886193307724,0.04512871572615576,0.03502121763874172,0.044115320818772834,0.02961576822618433
2922,0.1,10,0,0.11684129168432122,0.06296782690494937,0.05438557416052214,0.03610676663260476,0.058674490981457245,0.04039568345353986
1039,0.1,10,0,0.13978294608902128,0.08041360988327907,0.11092305460922101,0.0967131621421492,0.11402660001332031,0.10572507062097386
1747,0.1,10,0,0.17221024297106327,0.09558520400079727,0.05972839953994046,-0.004570539008387213,0.06176471846980264,0.005513210851231354
2632,0.1,10,0,0.9778271622953697,0.4896198845635409,0.18534541767601237,0.12558159136789748,0.19026964136906024,0.12997364587307195
2836,0.1,10,0,0.13186737250549885,0.07220767295634102,0.029712425537400566,0.0048538092287321415,0.029712425537400566,0.0048538092287321415
1299,0.1,10,0,0.13984002046965857,0.07468163805608866,0.16270645608796158,0.13865137286821944,0.1722598032354663,0.14334030660179703
2287,0.1,10,0,0.10404545233853725,0.056557770959945644,0.19706464335301466,0.1794843338891492,0.21148240391444653,0.18903768103665394
1565,0.1,10,0,0.11887061676285221,0.055616389382470266,0.08748656732089177,0.07659835930466331,0.10190432788232365,0.08615170645216805
776,0.1,10,0,0.16580350405875244,0.07922548537402688,0.03660721388451315,0.01631229762632004,0.04240204692319661,0.017709356793358402
1430,0.1,10,0,0.15387419575481046,0.07857719318865117,0.15745968471599855,0.1401002919207797,0.17187744527743043,0.15880873577890625
1415,0.1,10,0,0.08601318925544235,0.03834578789989719,0.025031183709250237,0.018636530422779247,0.028789697818071527,0.026153558640421827
1206,0.1,10,0,0.30680496092968246,0.16648821588565887,0.19973037732734644,0.1606277350590224,0.21854019239395278,0.18382960463080322
888,0.1,10,0,0.08421253024238394,0.043060127550016154,0.06791558409561288,0.05520628455105077,0.07277999750954,0.06343756580218708
297,0.1,10,0,0.09523905758100314,0.050711334704524824,0.06263095489915002,0.05344200363729068,0.07329020135176062,0.05923683667597414
336,0.1,10,0,0.18506062292206396,0.08415750590633289,0.029334821574417743,0.019635766265887655,0.02007835365531614,0.017435186865414936
382,0.1,10,0,0.06205371163052698,0.030792839734072253,0.023335944076417005,0.01323767075666874,0.02709445818523829,0.020754698974311307
2190,0.1,10,0,0.0579480538311648,0.03087580336746897,0.13877289661652908,0.13407273384559681,0.1494321430691397,0.1448758379209704
2247,0.1,10,0,0.0827735721803181,0.04210356364407727,0.06867775162251297,0.05564201148454928,0.0697005512765459,0.056031270742229036
2453,0.1,10,0,0.11176000801282689,0.05199534755228646,0.11580578299952463,0.1086187032211396,0.12062686900833314,0.11265865423004118
882,0.1,10,0,0.09788642444777924,0.054519195247355996,0.07830201741241162,0.07207618039138697,0.08838753374778978,0.07860169488350162
1672,0.1,10,0,0.09039418412022936,0.04067774230078743,0.058352113682830165,0.03139178329408225,0.06414694672151362,0.04586758765887527
2976,0.1,10,0,0.2000078392624215,0.09522272901308038,0.06766993136276776,0.046978018735140424,0.07775544769814591,0.06150162634571659
1025,0.1,10,0,0.08656363300901079,0.04465724097109021,0.09912928765632624,0.09827052613817917,0.1092148039917044,0.10459752836473604
67,0.1,10,0,0.17926198466023185,0.08804571477245886,0.10935450638363675,0.03474001576197,0.11944002271901491,0.04429336290947475
1122,0.1,10,0,0.16058163117307964,0.07497757694540601,0.04741539266202659,0.029049407280409348,0.04881817119553558,0.040639073357776265
2675,0.1,10,0,0.11324371915097002,0.06538477388399284,0.10680090962978199,0.07292652186331061,0.12121867019121388,0.08101728019818563
2529,0.1,10,0,0.10128066795584825,0.051260011147849865,0.08274384962707027,0.05434292222454107,0.08907085185362713,0.06066992445109794
2894,0.1,10,0,0.2238757386524529,0.10861528514821793,0.07588251926272031,0.06455129510407573,0.08550100222500787,0.07461250583554296
1493,0.1,10,0,0.16621961969903853,0.07924449734105209,0.11240475124473212,0.0971397244126181,0.12044424878376414,0.10228582815498397
2164,0.1,10,0,0.13461838908674864,0.07024668998802729,0.08504618690838361,0.0803340538625873,0.09366911443113204,0.0890451386205664
1830,0.1,10,0,0.230899708666472,0.09770240704607193,0.09416424916803313,0.08676475580606509,0.11150838533273782,0.10706005729767444
1390,0.1,10,0,0.7380955895966864,0.39439645897491366,0.3666871999584827,0.3431767790092096,0.37248203299716615,0.3413855772038381
430,0.1,10,0,0.09714387737605538,0.04570182295233123,0.02994979901068485,0.0023984872361219704,0.021326871487936428,0.0023984872361219704
596,0.1,10,0,0.10384728454149475,0.052600542793292696,0.10404684599055969,0.09198511722263586,0.11037384821711656,0.09831211944919273
2067,0.1,10,0,0.11873862765789939,0.056738867226340126,0.07566238157063968,0.04285509991369968,0.08528086453292723,0.04760916946206009
2839,0.1,10,0,0.10042927478467878,0.05399347965972001,0.10717307497428981,0.09706377196041417,0.11725859130966795,0.10714928829579232
526,0.1,10,0,0.17971802704061823,0.0638688196252033,0.05818447161748612,0.04954686162708344,0.06780295457977367,0.05430093117544385
2910,0.1,10,0,0.09793912113668081,0.05163298595615659,0.06321135413209666,0.0627289814881569,0.06796542368045708,0.06748305103651732
2434,0.1,10,0,0.2957048837612998,0.15183228984957678,0.2290107663842863,0.21494896730694282,0.2420257484122092,0.22216911629618227
2391,0.1,10,0,0.373674602361645,0.19680506563017472,0.11771590476458933,0.07568295272221878,0.13166130641726853,0.09402040888007243
2958,0.1,10,0,0.0869214045438218,0.041072577415736125,0.033141537829459077,0.006742588992056202,0.043800784282069676,0.026555165679529043
688,0.1,10,0,0.30662719136768607,0.11920245022465147,0.13115030638202588,0.12031599530939847,0.14556806694345775,0.1395981692847575
1162,0.1,10,0,0.10822420506983788,0.05398570367398507,0.06065774354181773,0.049100110788109844,0.06441625765063902,0.05661713900575242
2554,0.1,10,0,0.103811017120122,0.04608699824852155,0.11479167579921734,0.10066681269600819,0.12111867802577421,0.10699381492256506
489,0.1,10,0,0.07915677600060322,0.04156266061814781,0.12690825778684944,0.11757580643164744,0.1369937741222276,0.1276613227670256
1864,0.1,10,0,0.13289320335396346,0.06806596208632952,0.040258541042347926,0.03809250971600263,0.04501261059070834,0.04284657926436304
1461,0.1,10,0,0.6976412363688672,0.3666944669484858,0.17907453942132234,0.12796199857579724,0.18833100734042393,0.1409769806037201
2151,0.1,10,0,0.13494577707879785,0.06792316748817473,0.06735951955979926,0.05785858492638708,0.07500810159989603,0.06024450311567381
1022,0.1,10,0,0.2940924032825888,0.1452198869925025,0.2687845909910395,0.24297420324659927,0.28759440605764586,0.26425485084798017
1988,0.1,10,0,0.09741610882746579,0.047891731683336214,0.06229443278618491,0.047903056937120964,0.06463514783955882,0.0502989090250792
2152,0.1,10,0,0.0959861692309645,0.04624237919976591,0.13699859331234793,0.11674907845747978,0.15141635387377983,0.1354557558398468
2726,0.1,10,0,0.08680094929192611,0.04476731953239948,0.13314616533939477,0.11838563728155763,0.14756392590082668,0.12793898442906237
2350,0.1,10,0,0.09861030154880296,0.04783890336088346,0.07553240566039182,0.0595226215055369,0.08561792199576998,0.06757181891105288
1709,0.1,10,0,0.6396890114632385,0.3284636138225654,0.4397603132224499,0.35321889486867347,0.4527752952503728,0.3607795353299558
1993,0.1,10,0,0.1157225031769086,0.05525244065782637,0.11184007638317885,0.09758102364280107,0.1214585593454664,0.1152366724705806
1582,0.1,10,0,0.0990825603579766,0.04282640791634959,0.21705540669571177,0.16476527598804755,0.22888986060825134,0.17696174494377306
1097,0.1,10,0,0.09658228333193815,0.04539224371726607,0.07803561747592047,0.07044018345895274,0.08436261970247734,0.07676718568550961
697,0.1,10,0,0.19859285177400912,0.09295131365010213,0.06681836516164508,-0.010041527141780415,0.0677487847864014,-0.010041527141780415
192,0.1,10,0,0.07743537226764811,0.037835673589612,0.05737504796087808,0.03733223773775322,0.06499879894343027,0.04291966979044324
1009,0.1,10,0,0.13883883904790853,0.0698268803146703,0.11302272350563244,0.07819917619205757,0.1231082398410106,0.08248985948875226
990,0.1,10,0,0.2554936260967839,0.11914096613049413,0.07810200820637903,0.03483664369375866,0.08239269150307371,0.03912732699045335
1498,0.1,10,0,0.5020316479340239,0.2531792424448873,0.12116679949413299,0.11559196602951538,0.13621810045191804,0.12835084347232495
851,0.1,10,0,0.15432219664242472,0.07647261958578759,0.08038486836764051,0.05166851845779213,0.09047038470301866,0.05595920175448681
2715,0.1,10,0,0.10017838418976487,0.04686044816194531,0.11992184572154868,0.0833807377180433,0.13433960628298058,0.1015570123882965
1324,0.1,10,0,0.23635794610815106,0.10732412088610296,0.09836257415936095,0.07818757986252281,0.1084480904947391,0.09203161030672224
2474,0.1,10,0,0.1237395169654218,0.05897215375594641,0.07846109488031203,0.07261682920919067,0.08912034133292261,0.0811424023715262
791,0.1,10,0,0.08231957399608432,0.04014771017879787,0.13546733311643977,0.11684039761966752,0.14988509367787164,0.1312581581810994
2084,0.1,10,0,0.17282252116831942,0.06687305673958831,0.08532662600399864,0.06379312555719219,0.08568864104718459,0.06399746920519034
2676,0.1,10,0,0.12873967048216683,0.05488910564214159,0.018485658681659602,-0.02989611920648411,0.018485658681659602,-0.02989611920648411
1592,0.1,10,0,0.4497762910363467,0.23777031112831537,0.036753202250606,0.004460640598681481,0.04694008979446392,0.02379365219607428
2837,0.1,10,0,0.07860428608362312,0.03852788121233903,0.04087567326472735,0.03597712073337638,0.04575835823606132,0.044618319813531634
1821,0.1,10,0,0.0981115090515685,0.042984658389384894,0.04302320596848751,0.024594599098658597,0.05264168893077506,0.03907749547487329
1489,0.1,10,0,0.24070605847796342,0.11356916592011351,0.061167501825287074,0.04118139226915833,0.06984847315139664,0.049471813664832325
2911,0.1,10,0,0.23104198644303958,0.10328279141940919,0.17199612124440564,0.16834633258210438,0.19080593631101198,0.18929746441391054
275,0.1,10,0,0.39621558776079563,0.18242553081533014,0.21469607308993827,0.20647440581436716,0.2335058881565446,0.2252842208809735
494,0.1,10,0,0.07440785564150783,0.03224655049174971,0.1162113361795972,0.09310555347808798,0.12253833840615407,0.10269163851044576
884,0.1,10,0,0.2002519132130161,0.09766492023171988,0.12906532078042726,0.12906532078042726,0.1410364492287552,0.1410364492287552
1453,0.1,10,0,0.17749515366505988,0.08554101082703817,0.04987563068496437,0.019415893347558548,0.05416454750589947,0.02423697935636706
1109,0.1,10,0,0.22895627029048754,0.10902415910320536,0.09210652304185236,0.09112790897836415,0.09639543986278748,0.09361553981745441
1793,0.1,10,0,0.13680257337349194,0.07414546337269283,0.03505155522204938,0.019040189996702164,0.03568509561840254,0.027824299007051072
2960,0.1,10,0,0.4811906942436416,0.2214636974841359,0.2931133678234254,0.2446933852687625,0.31192318289003174,0.26350320033536884
2685,0.1,10,0,0.19503144848940002,0.1134326052026816,0.06151547154174884,0.0075947747290157075,0.05722478824505415,0.011927018955069438
2026,0.1,10,0,0.09803360649697528,0.05092717414355261,0.08975007611234481,0.07076281300520215,0.09842875166075776,0.0794414885536151
1120,0.1,10,0,0.11501376909661393,0.050367143383226974,0.09594514272337033,0.07878604393792824,0.10660438917598093,0.09430970380446597
1849,0.1,10,0,0.1354176015711034,0.05301592086992008,0.1261114918583825,0.1044177626914857,0.1405292524198144,0.11976594287767392
1418,0.1,10,0,0.151238116265353,0.07412417007254125,0.07600473254248308,0.04106514916049592,0.08179956558116654,0.046859982199179376
2625,0.1,10,0,0.15476047586186606,0.07600664009546583,0.07040093805818642,0.06988313567749099,0.0741594521670077,0.07364164978631227
850,0.1,10,0,0.1550767595298171,0.055926253949586405,0.06507105861361537,0.05947058241063991,0.07468954157590293,0.07395347878685463
2547,0.1,10,0,0.14882806224670547,0.06895535277046977,0.04721442810011283,0.034969957983294865,0.05676777524761757,0.044523305130799606
1332,0.1,10,0,0.08055263695732828,0.03571330167493138,0.10301281511659655,0.0901801685853281,0.11216614535145879,0.10191680546908269
1488,0.1,10,0,0.08989741223261202,0.04450589103255348,0.1110427356762509,0.08914284041600151,0.11579680522461132,0.09388289237743418
844,0.1,10,0,0.14973631779174115,0.07936527261102963,0.10547780485752245,0.09045591742014447,0.11556332119290061,0.10054143375552263
1030,0.1,10,0,0.14105619401376623,0.07360006304572957,0.04960220349541873,0.01179398290082901,0.05086655257897445,0.018853165023068184
2901,0.1,10,0,0.7157104284189042,0.3647178975796942,0.38005956556289394,0.3767917928927247,0.3988693806295003,0.395601607959331
1247,0.1,10,0,0.06926484819815819,0.033236081866339966,0.05127785374458083,0.03550470442003066,0.056201875446847085,0.0441872402311182
1817,0.1,10,0,0.22120392696812569,0.10663282236885131,0.057680514321055344,0.035107262030441996,0.06394770626849149,0.0491652429950781
2417,0.1,10,0,0.1041289421445816,0.045551933356243246,0.14517194751667817,0.13255720527445547,0.15958970807811004,0.14697496583588734
741,0.1,10,0,0.9591550506848032,0.48378144312090815,0.07506512528966411,0.017908100993543202,0.07020071187573695,0.02166661510236447
371,0.1,10,0,0.11211658430172433,0.058710728514418185,0.07938623589034752,0.06840427739594394,0.08947175222572568,0.08224830784014339
113,0.1,10,0,0.07833264248828875,0.038740733262359356,0.10613278033262198,0.08724058580873656,0.1151775331776771,0.0925268245449704
2669,0.1,10,0,0.3154964118914981,0.1589902458100494,0.038998980630737944,0.024553827196421515,0.03992940025549426,0.030348660235104973
693,0.1,10,0,0.16682671824230266,0.07548034965522485,0.13166054067382119,0.12296967082145469,0.14607830123525306,0.13738743138288656
1950,0.1,10,0,0.13788874801296921,0.0645623910427134,0.06652227409916145,0.04619512822575567,0.07503485775634315,0.050949197774116085
2825,0.1,10,0,0.08752531974496985,0.04291438651395306,0.10341889016344408,0.09268134062954997,0.11350440649882224,0.09697202392624465
1158,0.1,10,0,0.22963812651041107,0.12903263251034133,0.17496470212204562,0.14827987950388494,0.18679915603458513,0.16775388759774068
367,0.1,10,0,0.1310180502506133,0.06784169071891341,0.10350622180543075,0.08822435627802692,0.10819515553900835,0.09777770342553167
680,0.1,10,0,0.6929760464834441,0.3640859154923059,0.21222614244044916,0.20112337984465867,0.22577152718048588,0.21842727869351666
69,0.1,10,0,0.09152138250663328,0.047843543588852025,0.07526825988312935,0.06138516090952023,0.08008934589193786,0.06620624691832874
2525,0.1,10,0,0.3695514258478287,0.19900638137643353,0.06588302422462677,0.01148355235123616,0.07439560788180846,0.019996136008417847
2581,0.1,10,0,0.6060018716482664,0.3127294576890334,0.2087611065809329,0.1970162008163258,0.22757092164753923,0.2202180703881066
2701,0.1,10,0,0.0920451053669651,0.042245028518909246,0.10367450215429079,0.09470098634616704,0.11433374860690139,0.10649870164774122
605,0.1,10,0,0.11774612363008882,0.055992994014235076,0.08473296206493902,0.07538218230214415,0.09539220851754963,0.08117701534082762
864,0.1,10,0,0.1009581425031524,0.0492811783595662,0.04551161502889729,0.03982829056566067,0.049800531849832394,0.044117207386595775
2209,0.1,10,0,0.09146697386426066,0.0457832582185148,0.08992855955290169,0.0806612527881574,0.10058780600551229,0.0918526684286414
513,0.1,10,0,0.10845035358580843,0.05244659547789741,0.08057866833692205,0.06407737973995382,0.0863735013756055,0.06407737973995381
2414,0.1,10,0,0.11901014631923411,0.04691417313591969,0.029861277318138903,0.016746232256384365,0.029861277318138903,0.016746232256384365
1667,0.1,10,0,0.16064035331852924,0.08880040053935953,0.15092856410462596,0.12847276715450562,0.1597112690027611,0.14211988546656792
2648,0.1,10,0,0.32688275770056485,0.1839565199415851,0.03718624249658632,-0.026397818942974258,0.03829214180169217,-0.021533405529047117
2407,0.1,10,0,1.0954552139361446,0.5522334350566694,0.20120922175566885,0.07731482563932483,0.20314725956632318,0.0735701608504328
628,0.1,10,0,0.22760464456458282,0.11750370481973071,0.051329682479600854,0.005361297929857352,0.047571168370779564,0.005361297929857352
1537,0.1,10,0,0.13667764752858527,0.054275905491198206,0.0455806333702048,0.027268990515938063,0.04657618880974393,0.03173631190548487
1130,0.1,10,0,0.26802320066784846,0.14244192467208014,0.2589118600034034,0.24239035407305487,0.2739631609611884,0.2569472694772852
2445,0.1,10,0,0.2787259568703177,0.11754525667043851,0.11192782834054021,0.10523987219829944,0.12321734298301332,0.11652938684077255
2216,0.1,10,0,0.32446865810159303,0.14256907411176714,0.04379308859923766,0.018514542136766794,0.05445233505184826,0.03010420821413371
101,0.1,10,0,0.10249874030468498,0.05000173550982804,0.09658352454522245,0.08910784546954321,0.10666904088060061,0.09919336180492137
1445,0.1,10,0,0.07443081173129346,0.03814635841708555,0.022935002971971288,0.011255138939811218,0.027799416385898428,0.0209839657676655
549,0.1,10,0,1.2593156699726982,0.636195747236333,0.13688327014442522,0.05978550291051846,0.13741543933229863,0.05227817455935986
415,0.1,10,0,0.13342974133709865,0.05324282506388308,0.038512206733322535,0.03811386933877213,0.044500791009762355,0.04003471499038562
1365,0.1,10,0,0.07858224388210065,0.037444518046269255,0.06402476606904896,0.04115536362949183,0.07468401252165956,0.055102074803795774
2873,0.1,10,0,0.20894634171911664,0.10477931521408951,0.07818233150820757,0.07061412368839637,0.0889013882399389,0.0763113593685249
1942,0.1,10,0,0.14666415973183214,0.0690691154282943,0.1006012840965459,0.09452693711062535,0.11351312844022943,0.1048399637345627
746,0.1,10,0,0.05941662856034641,0.032192706855224684,0.09064786988159831,0.07899579657755923,0.09697487210815518,0.07952796576543264
1428,0.1,10,0,0.2580715032588264,0.13426189972150213,0.10294198923300428,0.07958377600447472,0.10434476776651327,0.07659450003280925
429,0.1,10,0,0.4312088183259956,0.23965152038895715,0.09776915543013534,0.08961413796789962,0.10356398846881879,0.09540897100658306
2749,0.1,10,0,0.13535981219423482,0.054521847029480104,0.01180554167837413,-0.01770623890959338,0.02085366666935074,0.002001132533993831
1159,0.1,10,0,0.5819983739047602,0.30684855827485,0.3026207445167603,0.29725435536353534,0.32143055958336664,0.3160641704301417
514,0.1,10,0,0.4448623344155684,0.22485088093587066,0.1399191651955019,0.13532707160846794,0.1485420927182503,0.1381551660925329
1001,0.1,10,0,0.04808084745061545,0.02565221244653239,0.13325876514257043,0.10310710448957947,0.1433442814779486,0.10504205221096188
2383,0.1,10,0,0.09749275108786902,0.04174940061085654,0.08726284021067633,0.06601363128289206,0.09201690975903674,0.07515975533642692
896,0.1,10,0,0.13287911886715137,0.06520069332211739,0.11824368996103735,0.1035227130354187,0.12686661748378578,0.10635080751948367
603,0.1,10,0,0.2810818746423749,0.14631240421073632,0.04412437145316936,0.02546893550206275,0.04604214768906645,0.034817993070808975
424,0.1,10,0,0.1602324078812761,0.06951254743411135,0.0808444662914672,0.07172422918742691,0.08663929933015066,0.07374067015943664
606,0.1,10,0,0.07108643590125677,0.037444873770405486,0.05549719657860451,0.04825577474282417,0.06400978023578621,0.053009844291184584
2970,0.1,10,0,0.09547868858967033,0.044204857564065884,0.0830366828091213,0.06914717242316654,0.09369592926173188,0.07980641887577712
178,0.1,10,0,0.6828639216868523,0.37303789378788677,0.2547021170053178,0.21676850789718483,0.26975341796310287,0.2318198088549699
2778,0.1,10,0,0.16798446757525473,0.08418839380861927,0.06658534810690267,0.0656554624493369,0.07150957179995054,0.06804740295234185
1219,0.1,10,0,0.07622783114967752,0.035220508059168876,0.083499736656138,0.06333178262646773,0.08519741343745639,0.06063740490261166
959,0.1,10,0,0.3387816449869708,0.18752046887831098,0.06770817466817923,0.0515790314758302,0.07009141577675626,0.053328732188054055
1684,0.1,10,0,0.11285066635347665,0.056843059724943,0.09177072658960653,0.0834558355219609,0.09652479613796694,0.08381785056514685
559,0.1,10,0,0.0675203802759219,0.035129092569407806,0.08316791289038275,0.07784091390256223,0.09221266573543786,0.08688566674761736
2667,0.1,10,0,0.1062120678101057,0.05291227288920034,0.05637463583711962,0.04300207055968384,0.06499756335986806,0.05538351219125356
685,0.1,10,0,0.08777221541259254,0.04329156419559735,0.05021285309952493,0.041823115844121544,0.05624277410689704,0.04780186215668666
1317,0.1,10,0,0.09593167253475766,0.049909584444546906,0.17009196601314047,0.14491251701498686,0.18450972657457237,0.15791993875230415
274,0.1,10,0,0.4451359783303193,0.23874288153758658,0.11282969791256435,0.09996141945517165,0.12677509956524355,0.11014830699902955
1165,0.1,10,0,0.09495352267361895,0.04759724785936914,0.06834024539189823,0.04985109781196434,0.06950575298534321,0.051016605405409324
973,0.1,10,0,0.18364973905566756,0.08815581662370753,0.08559358602933573,0.08022199126230241,0.09463833887439083,0.08702844851803192
2485,0.1,10,0,0.22910495579341347,0.11157330918839643,0.09023518413246792,0.08420922312635337,0.09978853127997267,0.09626114513858247
2198,0.1,10,0,0.1300508061777561,0.06312985479402172,0.042933742067461936,0.029567683930110764,0.053592988520072535,0.04242838481387887
446,0.1,10,0,0.08526091034395446,0.042869226659840484,0.1257552091307983,0.11708291130707549,0.14017296969223017,0.13150067186850736
2145,0.1,10,0,0.1627184153810677,0.084237842310735,0.09920200948721389,0.07007505164065081,0.10986125593982449,0.07586988467933427
1742,0.1,10,0,0.17249246743121377,0.08689788340482697,0.03003575081925709,0.005378546320702542,0.030669291215610257,0.014162655331051457
1322,0.1,10,0,0.1674607412426975,0.0844870304882997,0.09491951545648883,0.07994827852052457,0.09832014207977287,0.09262821675021413
2783,0.1,10,0,0.07284208320594543,0.03635145955618537,0.09336589642352405,0.06900165528797403,0.10402514287613465,0.07479648832665749
659,0.1,10,0,0.1294068790138916,0.06371112844480763,0.04197015966752779,0.021909000883567207,0.04683457308145493,0.028116277561847567
1675,0.1,10,0,0.10731128234959174,0.050450534853998204,0.03299567751437454,0.00774935196204779,0.03503199644423671,0.019339018039414707
2162,0.1,10,0,1.0829832390013163,0.5451218649047442,0.2807100150808032,0.25715400440894254,0.2899664829999048,0.2712748857419713
175,0.1,10,0,0.5446613603898676,0.28672368451971575,0.34070770322878097,0.29797488443661385,0.35575900418656603,0.3167846995032202
1254,0.1,10,0,0.3108537780817747,0.1584245530522401,0.306358524386328,0.2521200131194128,0.32516833945293433,0.27092982818601913
447,0.1,10,0,0.08942143627110404,0.04614070575027461,0.09171895159695811,0.07142083050810172,0.10613671215838999,0.08101750506072508
1477,0.1,10,0,0.23212447831967364,0.11807656858647374,0.08842568388306943,0.07607583628240318,0.10016232076682402,0.08834464235403117
2055,0.1,10,0,0.14940431032021526,0.08515066847369147,0.09860857920605093,0.05504217697574881,0.10289926250274561,0.0593328602724435
2180,0.1,10,0,0.09574536055240791,0.04268182084275277,0.07333035453711126,0.04273605921562471,0.08311878965330466,0.05252449433181811
1216,0.1,10,0,0.19122598061649626,0.10464899022881105,0.08327744730283199,0.06023895781200522,0.08069414065393965,0.0589603116668265
1193,0.1,10,0,0.3449958017562949,0.16825705806852354,0.035580463542133706,0.017022022707694,0.031821949433312416,0.01702202270769399
943,0.1,10,0,0.10914302217861581,0.05422043335709784,0.07702974330714511,0.059675914527747,0.08768898975975571,0.06672215963555825
1192,0.1,10,0,0.13665026320924326,0.0581082777505164,0.05515436367572212,0.032847083976695224,0.06044060241195594,0.038133322712929046
1215,0.1,10,0,0.21062749128062777,0.09783270415724027,0.026179043943292037,0.008888999705572984,0.026179043943292037,0.008888999705572984
1148,0.1,10,0,1.2615632043683453,0.5882747194187586,0.14631276901786172,0.08480683530840663,0.14520686971275587,0.0885653494172279
1427,0.1,10,0,0.11424393905573677,0.05667057423997401,0.0740757832424579,0.04456232412133136,0.08849354380388978,0.06760301220551168
2079,0.1,10,0,0.43056859364504213,0.23254269560836838,0.09885049346304613,0.05911384367363445,0.11390179442083119,0.07855719913659398
1748,0.1,10,0,0.10572361480492677,0.04731392940382686,0.16098439518173804,0.14208685182351977,0.17540215574316992,0.15650461238495164
558,0.1,10,0,0.0907079679927014,0.04441974708589328,0.11351367318170179,0.09851577441983292,0.11930850622038525,0.10300035078355313
724,0.1,10,0,0.0651238726068713,0.03059054889343072,0.05677838685672332,0.05677838685672332,0.06106730367765842,0.06106730367765842
1145,0.1,10,0,0.12826745308209983,0.05156644513473579,0.10055869759417196,0.08006276373788532,0.10688569982072883,0.09067868278537727
831,0.1,10,0,0.11332371682008037,0.06125795577607635,0.07397645365867926,0.056896307166207645,0.07943264454881893,0.0661110121651686
2054,0.1,10,0,0.08045089415239734,0.03637952259535361,0.029416021876090517,-0.0019455937200513994,0.03703371937892047,0.014295031305526978
2044,0.1,10,0,0.08706228658655442,0.03912897782027135,0.09466289984446297,0.07111630374363716,0.10532214629707357,0.0866399636101749
2222,0.1,10,0,0.103483333332699,0.04708736522897804,0.0688612575191677,0.05752004714615121,0.06875811983492836,0.0560336281869063
2418,0.1,10,0,0.17323416331162647,0.08889530804540326,0.11420311106525216,0.07822307316768012,0.12225054199500855,0.08627050409743652
380,0.1,10,0,0.35519508568994057,0.15533322067786703,0.2382934962813375,0.21392111592951796,0.25710331134794384,0.23659081631342535
1285,0.1,10,0,0.17579282444329217,0.06591597066324469,0.0686521892263645,0.02534086147053516,0.07444702226504796,0.029970186915773633
1288,0.1,10,0,0.07751518017631971,0.0378421011957445,0.06355217471988311,0.05953538745446885,0.06987917694643998,0.06255684646761006
2219,0.1,10,0,0.09503017946229848,0.04734010757843675,0.05828736683683705,0.03950651591588649,0.06408219987552051,0.03950651591588649
1746,0.1,10,0,0.07016196189425236,0.0328561376804534,0.10021831106877001,0.07930379523261605,0.10963838141648886,0.08385945216640778
80,0.1,10,0,0.09288421852042215,0.04558242985855258,0.09455871615672073,0.080842776647738,0.09984495489295456,0.08612901538397182
1045,0.1,10,0,0.0713653413176659,0.033412740837990264,0.0968050965800682,0.08318494464026883,0.10313209880662506,0.0895119468668257
1236,0.1,10,0,0.11894068646267311,0.05924797233338227,0.07721158340499576,0.05148724044034902,0.09162934396642766,0.07452792852452934
1055,0.1,10,0,0.12146508068269166,0.05736817493704743,0.1755907747177301,0.1639175222035975,0.190008535279162,0.1783352827650294
915,0.1,10,0,0.14446890709607854,0.06827927987315188,0.08397371332034465,0.06270163451797628,0.0926158191932319,0.07134374039086355
414,0.1,10,0,0.1285807228308336,0.06974557376241855,0.08260644561451917,0.07204723822704474,0.08689712891121387,0.0738330063309224
2184,0.1,10,0,0.12234933202452247,0.06266003333939414,0.152773043988027,0.12871489716191747,0.1671908045494589,0.14624813356011512
2109,0.1,10,0,0.3572673152229044,0.2007959885921055,0.2162797967004111,0.20655718273567028,0.23362393286511576,0.22020831766293514
24,0.1,10,0,0.12876796689821707,0.06885839101327794,0.026099024060248728,-0.006679202585826154,0.030491078565423192,-0.006679202585826154
967,0.1,10,0,0.12245073548032097,0.0586294199351725,0.06505448625534638,0.047420102758089666,0.06934340307628148,0.05170901957902477
1441,0.1,10,0,0.4890445774688634,0.27177920054282356,0.03476714425148931,0.01652402295844963,0.04056197729017277,0.02811368903581655
2121,0.1,10,0,0.07425830807741367,0.034728350090444296,0.0765964721582294,0.06653759107939981,0.08958053880788147,0.07952165772905188
1966,0.1,10,0,0.09329507883032807,0.051503813710211684,0.13819581264767178,0.12788148656749207,0.15261357320910363,0.14488255377781625
2267,0.1,10,0,0.08380237002535991,0.038018264126920796,0.12605566757015457,0.09721009411143346,0.13128209602726768,0.0980444680633721
1618,0.1,10,0,0.13243328632426546,0.0592080310468937,0.06563917833624439,0.023911364800660626,0.07196618056280125,0.024443533988534036
2316,0.1,10,0,0.0848753633269265,0.04288655888693923,0.11847589894275223,0.10247785261472328,0.12709882646550066,0.1106192634899549
841,0.1,10,0,0.1962977995292455,0.08719084821801469,0.07075349991376512,0.04235239499866111,0.07708050214032199,0.042352394998661114
34,0.1,10,0,0.06786112735560483,0.03562310228681491,0.07513574746912094,0.06732620738826822,0.08522126380449908,0.0818345570913061
729,0.1,10,0,0.14033316073762322,0.06063741587852936,0.07025042207003006,0.053108590611960764,0.07604525510871352,0.05632021226958684
2637,0.1,10,0,0.7445514711901364,0.3677300512425142,0.3085188800726937,0.2243300798757129,0.31807222722019846,0.22174677322682057
1692,0.1,10,0,0.09318643957198505,0.04799058416724724,0.06071486825158319,0.04789686529801748,0.07016230795379079,0.06220871841415222
614,0.1,10,0,0.09460894303613057,0.04685252969927714,0.11408708799002419,0.0993435220638314,0.12474633444263479,0.11579760155512546
2888,0.1,10,0,0.7456046092790483,0.3751082619296667,0.35525703578440304,0.3172825795885019,0.3703083367421882,0.3323338805462871
2537,0.1,10,0,0.12359710779392737,0.056275220775406684,0.05843636118282553,0.033055287322173714,0.064231194221509,0.03305528732217372
1765,0.1,10,0,0.16418832445238565,0.0787579789632206,0.10615349112938488,0.08234839783078512,0.11681273758199548,0.09300764428339572
725,0.1,10,0,0.14873464983986112,0.08452413695187697,0.039703664278919804,0.009592777571829525,0.04173998320878197,0.021182443649196442
1890,0.1,10,0,1.1673060527161916,0.5425276114203056,0.22944106922749313,0.19978548409747313,0.22944106922749313,0.19655893718574363
1822,0.1,10,0,0.10080269387429473,0.0421904714428149,0.02023888973072467,-0.00891398018110881,0.02227520866058684,0.0026756858962580995
145,0.1,10,0,0.3408239441751326,0.18467240045018427,0.280489142606187,0.27140322555991414,0.29929895767279335,0.2902130406265205
2700,0.1,10,0,0.1685714500921183,0.07550541977930199,0.03255663237309862,0.0069854672696649245,0.03459295130296079,0.018575133347031834
2895,0.1,10,0,0.14366022295001962,0.06155093223984578,0.19688975128159258,0.1734693303332665,0.20030379739304924,0.17548059791121418
445,0.1,10,0,0.38094998045875317,0.21231463163543474,0.0832803422744349,0.07313931088118514,0.09541699607083198,0.07948113163889876
341,0.1,10,0,0.3880208449216861,0.18690907335665605,0.26295537788589524,0.22829556064468637,0.2799564450962195,0.2452966278550106
652,0.1,10,0,0.18284110989539856,0.08308012635832683,0.08860678359679147,0.06838347913983549,0.10204359094702103,0.0899708551040608
1492,0.1,10,0,0.34872039953903045,0.18249579309703448,0.14328099031552854,0.08762230119989532,0.15330669637178596,0.09325595275097827
352,0.1,10,0,0.6314156132178665,0.3228108890198904,0.2868691065649167,0.2617561187247699,0.3012868671263486,0.28056593379137623
290,0.1,10,0,0.126292783877735,0.0674377940881525,0.10439565357426206,0.08562661479327316,0.11448116990964022,0.09571213112865132
2062,0.1,10,0,0.1375892912177628,0.062712173494309,0.0653141919441318,0.053243313714497864,0.0696031087650669,0.057532230535432966
2772,0.1,10,0,0.52397336293686,0.24799140838822162,0.23055415228093196,0.20021929070007616,0.24497191284236386,0.21463705126150806
1846,0.1,10,0,0.090460872254948,0.0362120983652944,0.15553754520138596,0.11622442300256713,0.16995530576281787,0.12688366945517776
9,0.1,10,0,1.2133787327581715,0.6099659082861282,0.18470110365910022,0.08836134353060437,0.19395757157820182,0.08799932848741841
1235,0.1,10,1,1.0000570056858193,0.4965605390614902,0.20548812597470517,0.1900537468695425,0.22053942693249023,0.20504752037317614
1648,0.1,10,1,0.057100118207877776,0.028979905728572904,0.06841911707055393,0.058432067232183305,0.0695846246639989,0.059597574825628274
1607,0.1,10,1,0.1479385418320679,0.07984837931454158,0.06119243483007297,0.03070215743896481,0.07185168128268357,0.04023723302906272
1449,0.1,10,1,0.2586262349855876,0.1453401163537246,0.08254941083870948,-0.004424225143881341,0.07768499742478234,-0.004424225143881341
11,0.1,10,1,0.23916129921289772,0.1319409246791473,0.10668519699975706,0.08707217971926096,0.1110770495141499,0.0919962014215272
1753,0.1,10,1,0.0861731763461139,0.0447502751214237,0.09604591845859241,0.08365665723467657,0.10613143479397055,0.09866176444671525
2042,0.1,10,1,0.10300772542573301,0.05426614384054812,0.19265308378777246,0.17370200267296543,0.20707084434920436,0.18811976323439733
2939,0.1,10,1,0.18899126602826533,0.08794265620657069,0.07506767248164747,0.05463853204023532,0.0841124253267026,0.06744179899411173
1439,0.1,10,1,0.12778364517968024,0.06493628638334709,0.16310048461462662,0.14233315033088326,0.17375973106723724,0.16110762709796045
2114,0.1,10,1,0.08501639731987512,0.0444329801374126,0.05605634961180974,-0.011632055788863026,0.05711892151179697,-0.010569483888875797
1368,0.1,10,1,0.15532485011462926,0.0846110650376235,0.07681538076399144,0.07097558317683718,0.08549811856586059,0.07759180814857287
1005,0.1,10,1,0.13592805219864423,0.0679273224054294,0.06678297637171472,0.052171002911331886,0.07310997859827159,0.059030174325762165
1713,0.1,10,1,0.6660116414307592,0.3311023393238609,0.17143738486771115,0.16014707901662759,0.18648868582549621,0.1703339665604855
385,0.1,10,1,0.12915243146480818,0.07181521619449582,0.036962847278029426,0.02258796334137758,0.034623918311882704,0.025113447789158
827,0.1,10,1,0.5061313410848265,0.2530908828186706,0.41824677502402563,0.38706760902415327,0.4289060214766362,0.4021189099819383
2275,0.1,10,1,0.08349672360121486,0.041503511510383374,0.1120391281652668,0.09491770546856992,0.1264568887266987,0.11106625494012769
329,0.1,10,1,0.06514404086909112,0.03183716902014785,0.07196999163138518,0.0569613187793952,0.08001742256114158,0.06261685097198648
15,0.1,10,1,0.8004074409603482,0.40841364982934475,0.2691836616128287,0.24832223482585644,0.2798429080654393,0.2671320498924628
230,0.1,10,1,0.7178295062074864,0.38334295353611897,0.23260589768090983,0.22492884015499853,0.2476571986386949,0.24149953028045743
10,0.1,10,1,0.11195195218829535,0.048822426313669606,0.14379034491775566,0.11272782619858485,0.15011734714431252,0.1176520498916327
140,0.1,10,1,0.10591782466575085,0.05393593373491948,0.11486983933612563,0.11313009191446939,0.11676454974166132,0.11063274781483062
428,0.1,10,1,0.05329689071437806,0.028227994091109716,0.08864683584946342,0.08166877225720431,0.09497383807602029,0.08799577448376118
287,0.1,10,1,0.10360365300803431,0.04681592710555835,0.014798215111067423,-0.0069703957654705835,0.019662628524994563,-0.0015738131636700362
1127,0.1,10,1,1.1486928733037969,0.5541814646987129,0.17682651643057823,0.12849991583387382,0.17698684448730928,0.13305229839577937
2197,0.1,10,1,0.11593875455992521,0.05451350185709374,0.05168833148289799,0.019348624514489814,0.05801533370945486,0.02940222843474164
2188,0.1,10,1,0.1191324994998095,0.05968841899514107,0.24222844853575864,0.2123776227615,0.2540629024482982,0.2198200221688651
822,0.1,10,1,0.14887082650448988,0.06340306901616731,0.1500021704081151,0.14106746922314128,0.164419930969547,0.16034964319850034
100,0.1,10,1,0.08982440742832559,0.04047874304143606,0.07669139328610752,0.06959642925309412,0.08301839551266439,0.07592343147965099
26,0.1,10,1,0.1711181819369216,0.09880632272693347,0.05148367755933532,0.031289222906069114,0.05634809097326246,0.036153636319996255
903,0.1,10,1,0.0798970073394669,0.04285287169616982,0.10317950582512382,0.07920123708286457,0.11391490960267225,0.08414180782172954
1803,0.1,10,1,0.16537261137405138,0.07212046838186874,0.22583039690810075,0.19764260054887825,0.23215739913465766,0.19581903416143942
2594,0.1,10,1,0.08150341277032261,0.04023398877236236,0.1135369872184951,0.09626619097719005,0.127954747779927,0.12023729868612669
2397,0.1,10,1,0.1124614438696611,0.05549297504417412,0.06873930569905765,0.050158026116479626,0.07356039170786616,0.052395805476395794
16,0.1,10,1,0.13590088934091216,0.06124734563298743,0.15367941305826105,0.14813327867198717,0.16809717361969295,0.16193574336336933
2444,0.1,10,1,0.09190679287440338,0.041712110267361935,0.034264830527071334,0.023842910620681612,0.036783241258125286,0.029066496976892536
942,0.1,10,1,0.09660567235689,0.04650575980118746,0.11508498759318808,0.10274828651035994,0.12950274815461996,0.11716604707179182
304,0.1,10,1,0.11404684088970485,0.05156668039474226,0.05673152807775672,0.054267680122345,0.06148559762611713,0.05902174967070541
1577,0.1,10,1,0.16548929986974154,0.08871597885291005,0.12363659416285132,0.08691838087672796,0.1299635963894082,0.10343227064714275
2134,0.1,10,1,0.5321329027140602,0.27242762412308846,0.26889503216717564,0.20463663364316176,0.287704847233782,0.2234464487097681
2199,0.1,10,1,0.27651555481583134,0.12406974334560712,0.07707212239195779,0.06192686450237163,0.08704777704282587,0.06761360233230461
256,0.1,10,1,0.08443466865968076,0.04162872800697236,0.2042128531731619,0.18825035374248278,0.21053985539971876,0.1864267873550439
2719,0.1,10,1,0.46449893988148455,0.2379553887508231,0.2700584069393596,0.20267530073840234,0.28453597777991224,0.21662070239108155
2463,0.1,10,1,0.12631130290135023,0.0637572580480309,0.09406602221687325,0.03824277295178184,0.09835670551356795,0.036738623209793084
2296,0.1,10,1,0.21673924523439644,0.09399739950293526,0.07474579373346009,0.06884229014753074,0.08442408697486838,0.07412852888376456
425,0.1,10,1,0.08126051444629996,0.03740011409768067,0.08552298407392311,0.06513355668349591,0.09080922281015694,0.07041979541972973
2985,0.1,10,1,0.14092424433083114,0.0561011616802514,0.05932726346740415,0.03863172742938752,0.0651220965060876,0.03863172742938752
2195,0.1,10,1,0.07153061723693506,0.03448802432953858,0.1660428243970163,0.15475132689033827,0.18046058495844816,0.1707700719790773
1847,0.1,10,1,0.15902501415491122,0.08490379471087484,0.1135396115068165,0.10320308023732709,0.1279573720682484,0.11235817694794893
1629,0.1,10,1,0.15522140443427643,0.07651731263047715,0.0680011587026681,0.04855386988095756,0.07286557211659524,0.058282696708811844
1375,0.1,10,1,0.09616675323757937,0.04982177703084529,0.11369507082686446,0.11269376931930522,0.12691350767070564,0.12679063831575219
1790,0.1,10,1,0.11560554653748262,0.057988991304101095,0.019878113466737617,-0.02725115139302315,0.025672946505421075,-0.02145631835433969
1998,0.1,10,1,0.07268822110165146,0.038844236464830054,0.08151934701135147,0.07297586581083428,0.09003193066853316,0.08524696357683725
1352,0.1,10,1,0.18130903105808618,0.08171333204609829,0.0961591320034909,0.07160239608932045,0.10248613423004775,0.07213456527719385
2059,0.1,10,1,0.1351746946998149,0.05512789469444415,0.03986278270480445,-0.004126018668496788,0.05323977977591329,0.013009492511433345
1738,0.1,10,1,0.2531253867247178,0.13967027649329733,0.06354864778314706,0.015629748595154036,0.06843133275448103,0.020512433566488006
161,0.1,10,1,0.11020197515204358,0.050828831493209416,0.09737801095161577,0.08138262009740377,0.10803725740422637,0.08717745313608723
2218,0.1,10,1,0.10457131954236866,0.053733189453167574,0.06940920603917287,0.060089000875658244,0.07902768900146043,0.07023965302581921
1870,0.1,10,1,0.11242550421869153,0.0509739390279654,0.06310495516935057,0.0512039593031317,0.059878408257621085,0.05236946689657668
1513,0.1,10,1,0.21913722988339168,0.11634831142209802,0.059892104646434435,0.04329631222142394,0.05978176078086771,0.04805038176978435
1125,0.1,10,1,0.13893270805265842,0.07912500290438675,0.14107708636249477,0.11953376178130479,0.14734427830993096,0.1230570851948327
305,0.1,10,1,0.13311121554602393,0.073244320149099,0.06254086111738344,0.04906569870015609,0.06370636871082841,0.05023120629360106
566,0.1,10,1,0.1269559619863932,0.05679833445452907,0.11461853424885424,0.08033590113411054,0.12527778070146484,0.086130734172794
2223,0.1,10,1,0.5179631180510288,0.24376536175331517,0.28059335629323406,0.22593554100871494,0.2994031713598404,0.24474535607532127
833,0.1,10,1,0.09830871137040846,0.0478035150924215,0.07625489887617462,0.06655343171765579,0.08634041521155278,0.08039746216185524
2977,0.1,10,1,0.11164738290038773,0.05937442134696459,0.04229878470727563,0.033767495560087124,0.04716319812120277,0.043496322387941405
2671,0.1,10,1,0.13102628646756345,0.05753554783811811,0.0682987600981646,0.016296455017542233,0.06999643687948298,0.017994131798860613
2301,0.1,10,1,0.10438811199267879,0.05829968542608194,0.11088134533222173,0.09027295700481308,0.11720834755877858,0.0910423971327505
2657,0.1,10,1,0.1528952507174075,0.07901494433180822,0.10476792204115414,0.08963544668926193,0.1143864050034417,0.09872176046367609
918,0.1,10,1,0.10931563729676723,0.0518238822592423,0.16207101916135613,0.14352551092569116,0.1706939466841046,0.15770949664428502
928,0.1,10,1,0.060330470048919276,0.0306685313437858,0.07761451685795318,0.06509180001643272,0.082900755594187,0.07037803875266654
1626,0.1,10,1,0.2057603238909866,0.11903941042980475,0.060467846036791006,0.012458380836722405,0.06422636014561228,0.01621689494554368
2847,0.1,10,1,0.08799699596831388,0.04078478336448576,0.11986839520641664,0.08323422307981772,0.12995391154179478,0.0875249063765124
2342,0.1,10,1,0.0772994915347672,0.03403587173745364,0.07234884124316321,0.01892826996348501,0.07710291079152362,0.023682339511845424
1522,0.1,10,1,0.13570139842344567,0.058073156609398935,0.11693639008729537,0.10001490689894443,0.12273122312597882,0.10440696140411888
1412,0.1,10,1,0.1603520736127808,0.06849176838989457,0.08388327808684165,0.04775842337129155,0.08591959701670382,0.057945310915149456
1679,0.1,10,1,1.1269672206300916,0.5531137374958954,0.13301863215187992,0.10645694801952815,0.1374106866570544,0.11460751663352389
572,0.1,10,1,0.08014348940156663,0.04236510084430823,0.09364095828098408,0.08576298424809525,0.09957023528927342,0.08730155873335972
1401,0.1,10,1,0.48925086190368083,0.24253511147779636,0.18700100576716583,0.1753462175993413,0.20581082083377217,0.1990204460798748
2194,0.1,10,1,0.07681802028784286,0.03605252250345208,0.029216496955972757,0.007435315091179621,0.03218053832399366,0.019022283981948947
2720,0.1,10,1,0.09905514084602156,0.040575795418422815,0.12090527030787983,0.0832868608993369,0.1267001033465633,0.09347374844319481
2068,0.1,10,1,0.30222739351948785,0.13559333332391135,0.18308978987439672,0.17422172700107302,0.19171271739714518,0.18191005047954786
2629,0.1,10,1,0.3190815182866715,0.17808266219194094,0.0310791413047296,0.022178414171755097,0.028486134789353287,0.021677390447230507
2043,0.1,10,1,0.0894937891742021,0.03749218346840597,0.034900821918860306,0.01826066468040715,0.040695654957543764,0.01826066468040715
2416,0.1,10,1,0.09760260432753214,0.045250144513664006,0.03634046145596497,0.025851500076501603,0.04699970790857557,0.045664076763974444
1085,0.1,10,1,0.15354212469483935,0.06489996399507633,0.08723101277970327,0.0719885781771359,0.09678435992720802,0.08788374608235427
557,0.1,10,1,0.524346371152599,0.2879452853789027,0.09812586417455887,0.04599213388303924,0.10392069721324233,0.0517869669217227
834,0.1,10,1,0.07630761704664335,0.03945394221086196,0.1621351904376967,0.12667872235652897,0.1727944368903073,0.1335794547003183
906,0.1,10,1,0.2643171247702032,0.13128489485220565,0.14610888704299468,0.1161978362478884,0.15619440337837281,0.12628335258326653
694,0.1,10,1,0.05568732412603656,0.02925372619666347,0.11605628924000544,0.10339991557915229,0.12671553569261604,0.11405916203176289
472,0.1,10,1,0.3283462959012795,0.17778305266587544,0.060799070764879636,0.05425271032672694,0.060799070764879636,0.0493882969127998
2337,0.1,10,1,0.05211522898763558,0.02587392780716277,0.09735414866365705,0.07164921009576078,0.10338406967102916,0.07281471768920575
306,0.1,10,1,0.07233715394870523,0.03606081069279304,0.046523276732299904,0.029725217325462322,0.05660879306767806,0.04936408080834523
1720,0.1,10,1,0.06503208437279481,0.03131483877021088,0.11415289902654346,0.10005028520682951,0.12481214547915406,0.11070953165944011
2810,0.1,10,1,0.09824699494888212,0.04346869246093505,0.1396474868057063,0.12251836429476481,0.15331985370256818,0.13891549025437472
105,0.1,10,1,0.2983820755780019,0.12778318028788618,0.07865051169823989,0.02584981902900335,0.0834715977070484,0.030670905037811863
1433,0.1,10,1,1.0859610824335784,0.49578228834415167,0.07783472380834613,0.05840427972159159,0.08159323791716742,0.06216279383041288
2273,0.1,10,1,0.09457983301001437,0.04742577621950125,0.10006671926113318,0.09063100146608065,0.10586155229981663,0.09977997886981083
2935,0.1,10,1,0.20553552266581177,0.10082379954273502,0.06940412887572364,0.05949960623342682,0.07033454850047996,0.06103309123545874
1421,0.1,10,1,0.24009354989769432,0.10973891195988383,0.05133534168102366,0.040412388331427185,0.04647092826709652,0.040412388331427185
1407,0.1,10,1,0.2750727588253181,0.14149100533535103,0.054485630465072175,0.04095854580982771,0.04429874292121426,0.03217443679947879
214,0.1,10,1,0.09068134894263047,0.04272488861202061,0.08933599702134831,0.0404974756386261,0.09566299924790518,0.04682447786518297
2984,0.1,10,1,0.17551771009738268,0.08490975398513005,0.057590153711082115,0.019740587277132626,0.058755661304527085,0.020906094870577596
2534,0.1,10,1,0.12301040443293788,0.05475747595710631,0.09666490193361796,0.0825863438234292,0.10229250001598857,0.09747040982490142
288,0.1,10,1,0.19275429910392972,0.08796786584592116,0.07110938817392468,0.06008273642797335,0.08511992564138669,0.07012352689362426
2852,0.1,10,1,0.09563953266094938,0.04455055030594046,0.15764624114073494,0.14658345794287334,0.17206400170216685,0.16100121850430524
2804,0.1,10,1,0.22484706988720726,0.1278091629904219,0.054471568486960734,0.04458743726679709,0.06402491563446547,0.059935617452985285
388,0.1,10,1,0.13207017051219597,0.06472981076111364,0.13360200841937458,0.10051714329622433,0.13986920036681075,0.10186011155061261
2102,0.1,10,1,0.08950869007293859,0.0468901348610815,0.11245387586421034,0.1029918652797834,0.12207235882649789,0.1087504629247699
2623,0.1,10,1,0.34945707286644534,0.17236400130541743,0.3786050950645015,0.35508808231386146,0.3950939408973614,0.3673261541023513
264,0.1,10,1,0.12955060683269848,0.05564504053669751,0.06142390180794232,0.02884176696244071,0.07097724895544708,0.04644254503970185
2365,0.1,10,1,0.08398770213646319,0.03970183992392582,0.11616500493051107,0.09613722907753144,0.12578348789279864,0.11067993573286689
1454,0.1,10,1,0.09652704165054668,0.04231124993586622,0.07615861584659521,0.059609215365459274,0.08473821596422501,0.06443030137426778
578,0.1,10,1,0.14836600466301048,0.07193493174948147,0.032129786383664996,0.0171328371967982,0.032129786383664996,0.0171328371967982
1625,0.1,10,1,0.862085151289725,0.4284531860129752,0.3442484070173061,0.3332479792040956,0.3571670429619376,0.3403717821100436
2950,0.1,10,1,0.06961878930488437,0.03319378300115621,0.13388729371615404,0.12737475158306857,0.14830505427758595,0.14179251214450048
1135,0.1,10,1,0.09787019550735662,0.04727431714755619,0.11624883286511573,0.08969452584997512,0.12633434920049388,0.09602152807653197
1517,0.1,10,1,0.07572524151451679,0.040174152121234014,0.10480100802888723,0.09852323852635836,0.11546025448149783,0.09852323852635836
866,0.1,10,1,0.08983493876826319,0.04653170836927002,0.057273894731648234,0.057273894731648234,0.058861709828456565,0.058861709828456565
199,0.1,10,1,0.5584607459799735,0.29341777008817427,0.3082211998927386,0.29879779488188224,0.316844127415487,0.31608064488248544
228,0.1,10,1,0.2316445093123646,0.12319633218419417,0.1162217870836232,0.09045792876061132,0.12913363142730674,0.10283760391642147
29,0.1,10,1,0.08603893162006415,0.044702490968501325,0.17214697501016074,0.14219358186048225,0.17643765830685543,0.14508148662366796
2998,0.1,10,1,0.0924440404585861,0.04472206998305787,0.08956971589405241,0.0792139870966858,0.10294671296516125,0.09171934235573585
1036,0.1,10,1,0.0931108125338163,0.04439287336104503,0.05941302076288696,0.048505091791007246,0.06317153487170825,0.046275460825653106
2376,0.1,10,1,0.09340738691280896,0.046666073991764014,0.07868717186027263,0.04313675366480757,0.08397341059650645,0.04842299240104139
1486,0.1,10,1,0.08258944181108893,0.04069570752306296,0.09502705292102775,0.057111223849912574,0.10031329165726158,0.062397462586146396
1951,0.1,10,1,0.08757895118449706,0.04305740851358215,0.16039220657205577,0.1496605591735809,0.17480996713348768,0.16461052985553
399,0.1,10,1,0.2233795228406855,0.12088984017612504,0.07477167575979649,0.011431357451213764,0.08005034069944558,0.01671002239086286
1743,0.1,10,1,0.8272911446981033,0.41357057612853804,0.305544113015908,0.2934446475232962,0.32059541397369307,0.30849594848108125
2384,0.1,10,1,0.08160714540240371,0.04319738139975366,0.10755310362675836,0.07568192832238402,0.12197086418819025,0.08523527546988877
622,0.1,10,1,0.09228763927845354,0.048185482136563436,0.11753072418569888,0.10691295543315416,0.12761624052107703,0.11699847176853231
2698,0.1,10,1,0.09909066382996373,0.05299621366722219,0.06966776970082988,0.04832923402911621,0.07546260273951334,0.05412406706779967
1004,0.1,10,1,0.16963044090572932,0.07466217827247794,0.09563970763655381,0.07665143077866082,0.10196670986311067,0.07718359996653422
1555,0.1,10,1,0.5360490770277556,0.29497380259584216,0.1816541826225099,0.12507690034528107,0.1961317534630625,0.1315070402560773
2954,0.1,10,1,0.6831128992235879,0.33720158774185843,0.362861277945982,0.3172972317771604,0.3735205243985926,0.31881035417623615
2649,0.1,10,1,0.18470705690193742,0.08457468413760752,0.060559827813551015,0.016609720694982677,0.061091997001424425,0.017141889882856087
2263,0.1,10,1,0.10109576750907734,0.043811634325849405,0.0687980282917928,0.05742957712657709,0.07512503051834965,0.06847619502268534
2008,0.1,10,1,0.5323433961751179,0.2937926118924307,0.16374151686640193,0.13835158303324005,0.17975386092759615,0.15812244120325555
2049,0.1,10,1,0.08615468388880781,0.037124727145994636,0.13579143759758017,0.1169442533611385,0.15020919815901204,0.13136201392257038
1798,0.1,10,1,0.09574866665930917,0.052013960120279444,0.05100771602869214,0.03941381458186877,0.05217322362213711,0.04057932217531374
2261,0.1,10,1,0.18546837787739132,0.09357948365148819,0.13652997417521762,0.10726005274252337,0.1509477347366495,0.11588298026527179
2974,0.1,10,1,0.09280475795343875,0.04516342313003057,0.12364768201114229,0.1214062178734604,0.13373319834652045,0.13149173420883856
2945,0.1,10,1,0.49243540730492985,0.24536746113173388,0.17174534001574437,0.14825697734579307,0.1895143915920277,0.17417659753607212
2574,0.1,10,1,0.49818313587350954,0.26736052225768336,0.2617256100384153,0.25377569789901033,0.2761433705998473,0.26380140395526785
2878,0.1,10,1,0.22383006615600592,0.10986375505543983,0.15806243005968942,0.11962268736701276,0.17106007738616238,0.12682550165480225
1432,0.1,10,1,0.09942529292032766,0.04391563589026148,0.10916810990538756,0.0857719745458741,0.12358587046681944,0.0964312209984847
1223,0.1,10,1,0.90476765851501,0.4247715590045966,0.19393615316884077,0.16752025958731923,0.19886037686188862,0.16762339727155856
1335,0.1,10,1,0.15726442662276754,0.07126999054930457,0.1553495633431365,0.14169219008729209,0.1697673239045684,0.15394436781881252
1376,0.1,10,1,0.15819134257731934,0.0732523040553442,0.09241349958818444,0.07122700089095804,0.09820833262686791,0.08141388843481598
2333,0.1,10,1,0.1939240325597005,0.10429128820169026,0.12144745419699139,0.11408770750305872,0.13049220704204648,0.1231324603481138
747,0.1,10,1,0.4280910064306017,0.2083699357537484,0.1633255788541335,0.12135266620555311,0.18213539392073985,0.1445545357773339
1124,0.1,10,1,0.11835949251665732,0.058526327487777724,0.033573066009302974,0.0033755653561173965,0.03902925689944264,0.00883175624625706
1544,0.1,10,1,0.10150953884502023,0.05184693306109554,0.112596973932536,0.09553252134967138,0.1232562203851466,0.1024332536934607
2680,0.1,10,1,0.4127486905088225,0.2206807287792014,0.07991155965310262,0.06424162606884587,0.07991155965310262,0.05937721265491872
2654,0.1,10,1,0.1684002549130644,0.07279247042756336,0.10179061973506394,0.06296539628718813,0.11244986618767454,0.07362464273979873
168,0.1,10,1,0.19382930604930748,0.09744287874659334,0.06001575752887765,0.05356193519586672,0.0691690877637399,0.05785085201680182
2245,0.1,10,1,0.14888166749043633,0.06899253696415968,0.09262832100756606,0.07016706442128272,0.09744940701637457,0.07498815043009123
2471,0.1,10,1,0.048937400197204314,0.02464332690252125,0.11763193078331202,0.08516841102945488,0.1320496913447439,0.09958617159088676
1697,0.1,10,1,0.05604463022650514,0.027481105532093143,0.08403608489947842,0.06645587248311466,0.0984538454609103,0.08140580223241994
2360,0.1,10,1,0.4377820876058311,0.20840319095823345,0.1276568798012272,0.08513534379552229,0.1383161262538378,0.09579459024813289
2171,0.1,10,1,0.20858689877281353,0.11615773075990564,0.07116423047514905,0.031236273078099633,0.08182347692775964,0.04675993294463736
245,0.1,10,1,0.07953340499165759,0.0399112096360316,0.06126661845458923,0.03227117018660953,0.07135213478996738,0.05191003366949242
2214,0.1,10,1,0.10422122167326422,0.048815014883205526,0.1116737409945603,0.10403205428388743,0.11695997973079413,0.10492623851494678
2252,0.1,10,1,0.12387092298677005,0.0641357599553403,0.17442173562340138,0.16838792895243887,0.18883949618483326,0.18128637819352492
1287,0.1,10,1,0.1139150471045491,0.0545192574890025,0.1315900458405167,0.12370142953596285,0.14167556217589486,0.13378694587134102
677,0.1,10,1,0.0691623960952784,0.03454014592007861,0.18262578964994142,0.1566669688323133,0.193285036102552,0.15917564667092812
1562,0.1,10,1,0.3661152538249182,0.1861275787478306,0.2579862110051918,0.24055257822908793,0.2751038586976112,0.2528058125075802
762,0.1,10,1,0.15194949020066495,0.07904229313536008,0.11753267946480864,0.09725299851196526,0.1276181958001868,0.10733851484734341
835,0.1,10,1,0.16524108100805862,0.0867023638290671,0.10982184676237791,0.09829301252383572,0.12273369110606144,0.1160692702814464
1091,0.1,10,1,0.9415597834963134,0.47545900240146405,0.2420406378219393,0.22075705390649708,0.2510945490063664,0.22720545416379703
2829,0.1,10,1,0.13131379059737586,0.05589282800126981,0.0479592181643389,0.03362435562383938,0.04420070405551761,0.03362435562383938
2874,0.1,10,1,0.2983369275064807,0.166426433838747,0.077384988357926,0.07113008272745595,0.08317982139660945,0.08174600177494792
716,0.1,10,1,0.07622549538599137,0.03504458329659909,0.14982665716873655,0.12811048340293518,0.1599121735041147,0.13819599973831334
466,0.1,10,1,0.15961128428530594,0.08116192976382691,0.030934893951089573,0.012511768940749686,0.030934893951089573,0.012511768940749686
2182,0.1,10,1,0.14551936374477856,0.06768329625819326,0.01571631220560039,0.009605734920705666,0.02058072561952753,0.019334561748559947
731,0.1,10,1,0.12363868603783419,0.05579724170595414,0.07133485663680439,0.06113226321401871,0.07662109537303821,0.06641850195025253
2323,0.1,10,1,0.17719443475538707,0.08747026507938302,0.04458137140443212,0.03159762764162719,0.05373470163929437,0.04561537129041658
2717,0.1,10,1,0.13176203799631,0.0621734093423028,0.045975506158798383,0.02732897754441832,0.05235664853292651,0.03973405027410848
2876,0.1,10,1,0.8421752820650632,0.39829358201242276,0.34472579900804734,0.3296446578751844,0.3597770999658324,0.34469595883296944
231,0.1,10,1,0.1102224219244604,0.05266251471857036,0.1020875271486057,0.08434555501110653,0.10695194056253284,0.08341513538635022
2411,0.1,10,1,0.057136983172534773,0.02276446027877406,0.01858337207791175,-0.013642386930747884,0.02720629960066018,0.0036034681147489693
223,0.1,10,1,0.3504100951316658,0.17187673358969965,0.1538861528665249,0.11938719515889679,0.1625090803892733,0.12819809256196382
1690,0.1,10,1,0.085605538827501,0.03799972038304908,0.14338754754263427,0.12174504533143232,0.15780530810406615,0.1361628058928642
1464,0.1,10,1,0.13721867184520628,0.06025941002895836,0.07918571954739173,0.06064284123129137,0.0855127217739486,0.06117501041916478
675,0.1,10,1,0.057599961703974925,0.02854495061828258,0.11871876289316875,0.10060202311074748,0.12504576511972562,0.104345718688412
1351,0.1,10,1,0.1135485900014201,0.05642099243509126,0.06767847971127831,0.05418740177144016,0.07833772616388891,0.059982234810123616
642,0.1,10,1,0.11813773242483142,0.05333734572693901,0.06869958567976223,0.0621033419216741,0.07774433852481735,0.0749066088755505
1146,0.1,10,1,0.4629248289318269,0.23142136407186747,0.21559545062347923,0.19219442311575818,0.22117145231432372,0.19766008094103593
641,0.1,10,1,0.12421584214069642,0.057031267548112136,0.038970601775382314,0.014361195639399256,0.04852394892288706,0.03196197371666039
2978,0.1,10,1,0.22973679208792427,0.11730037802991791,0.17639404945824655,0.15740318207079415,0.18470496009227755,0.16042613002858963
2443,0.1,10,1,0.16717374356150572,0.08588421692988578,0.07498534266501289,0.016637910012844703,0.07620808713704681,0.017328485297005217
1380,0.1,10,1,0.13232148737336413,0.058079688703938516,0.07274114758371059,0.05348655246080575,0.07750242331339838,0.06151201974917922
2242,0.1,10,1,0.1155624212535192,0.057940084631005695,0.09539717157593554,0.08473936553395184,0.1017241738024924,0.09106636776050869
2122,0.1,10,1,0.06432914473527618,0.02805809104419902,0.1225477346500028,0.09908804290627393,0.13696549521143467,0.11350580346770581
935,0.1,10,1,0.15638615654336036,0.07342844254129839,0.058758249221288514,0.049015869581102094,0.06304716604222362,0.053304786402037195
1170,0.1,10,1,0.11409891118453774,0.04905941656995577,0.16196085502735713,0.1287957770841492,0.16828785725391399,0.1395148338158805
2211,0.1,10,1,0.18586640325208337,0.08786274777378002,0.020802937606507227,0.001583717711616573,0.029425865129255657,0.014497328531059693
2481,0.1,10,1,0.13242538684131783,0.061854025722300414,0.0571836153999152,0.043138799580975246,0.0678428618525258,0.05472846565834217
2833,0.1,10,1,0.19262294549977907,0.10917753824844684,0.10704753388940734,0.05458214312797935,0.11284236692809078,0.05598492166148833
672,0.1,10,1,0.07468434041318647,0.034960503548907264,0.08593903238732183,0.06898191838351139,0.09196895339469395,0.07554400857875691
2861,0.1,10,1,0.11097660775050981,0.05072038621546937,0.1289396405402321,0.1223003417712133,0.14335740110166398,0.13671810233264517
190,0.1,10,1,0.5071293757658878,0.276348903114641,0.10413650793509407,0.06509257069215901,0.10895759394390259,0.0736721708097888
1604,0.1,10,1,0.1391647920501653,0.06505890883980858,0.18348635277839187,0.15109139159516244,0.19790411333982377,0.16550915215659434
270,0.1,10,1,0.10073509421870024,0.04855538610336993,0.147504649838817,0.13805236388428854,0.1619224104002489,0.15569646936666834
1391,0.1,10,1,0.38897608344306006,0.19232912939926797,0.27598376819121156,0.2552082642642617,0.28899875021913446,0.274018079330868
720,0.1,10,1,0.3074818326491597,0.16475557702681656,0.04618561878443525,0.041898235160785266,0.055738965931939985,0.05145158230829
211,0.1,10,1,0.10677324260684337,0.05479568729363688,0.24316608632410452,0.2222081973329887,0.25271943347160924,0.22250507656139182
1935,0.1,10,1,0.15138721330582391,0.08125858920334939,0.11122666207768457,0.07427179516205258,0.11598073162604498,0.08160917135930534
2108,0.1,10,1,0.12297043679184214,0.06376185061508156,0.07450734576264866,0.06256102725603471,0.07826585987146994,0.06616239580095774
2924,0.1,10,1,0.12498656294387865,0.06195420640159199,0.06420985164495575,0.0015834622338343346,0.058947187794145706,0.002115631421707738
2504,0.1,10,1,0.08163924881887186,0.03767680835553899,0.09729600206557075,0.08899183471150658,0.10158491888650585,0.096376799074078
805,0.1,10,1,0.5236768104330314,0.26405542804604404,0.12021603981220398,0.10565694799209818,0.12794891066154176,0.11463852805155544
2100,0.1,10,1,0.20286906503992694,0.11099562612865277,0.10571192067745105,0.09535657245570729,0.10620255114361057,0.09145514841669235
1166,0.1,10,1,0.1597140416680436,0.08485534139457787,0.10086843791196747,0.0800948641902206,0.11528619847339935,0.0945126247516525
475,0.1,10,1,0.08154337662025908,0.040218250025213856,0.14292667517155577,0.12870595270688145,0.15734443573298765,0.14112804674171806
1925,0.1,10,1,0.10161387989170122,0.05294411482461444,0.05774418015144264,0.0476366820640286,0.06326040551912979,0.04876085292654128
2922,0.1,10,1,0.0828205935138998,0.03882069519968008,0.050949506828953384,0.032670699301036,0.052073677691466064,0.03379487016354868
1039,0.1,10,1,0.14670948957897054,0.07994099157562719,0.09817093845520851,0.0839610459881367,0.10010897626586283,0.09180744687351639
1747,0.1,10,1,0.14132149084656417,0.07941208892122728,0.042945757846464365,-0.02135318070186331,0.04551424596419995,-0.010737261654371333
2632,0.1,10,1,1.0608352601195339,0.5402074656361042,0.2070252566043585,0.1472614302962436,0.2162817245234601,0.1559857290274718
2836,0.1,10,1,0.1293170096880906,0.07001909197240508,0.04825205773266658,0.023393441423998157,0.053538296468900404,0.02867968016023198
1299,0.1,10,1,0.11048871067184479,0.05453081262962799,0.1126737469582078,0.08861866373846565,0.12709150751963968,0.0981720108859704
2287,0.1,10,1,0.1247708384766207,0.06305168327823855,0.17429938056687633,0.15671907110301087,0.1887171411283082,0.1662724182505156
1565,0.1,10,1,0.15039868010539528,0.06323355314173788,0.059352640603988586,0.048464432587760134,0.06897112356627613,0.05321850213612054
776,0.1,10,1,0.16545518731154948,0.07687647758527918,0.08764174853609012,0.067346832277897,0.09396875076264698,0.06927606063280878
1430,0.1,10,1,0.10937163793626516,0.052819297561251796,0.12873270424743508,0.11137331145221621,0.14315046480886695,0.13008175531034277
1415,0.1,10,1,0.09868453814403504,0.04437188412076261,0.03504214664032075,0.028647493353849758,0.03880066074914204,0.03616452157149234
1206,0.1,10,1,0.23132381676226943,0.11972002323363608,0.2329614172769543,0.19385877500863025,0.25177123234356064,0.21706064458041108
888,0.1,10,1,0.0796828498398201,0.03582164563371364,0.0946288414687748,0.08191954192421269,0.10415158573881726,0.09480915403146434
297,0.1,10,1,0.13398706448002146,0.07223100754471042,0.06855650955953427,0.05936755829767493,0.07770983979439651,0.06365647511861003
336,0.1,10,1,0.18143967487983678,0.08112319303918558,0.04941839676453867,0.03971934145600858,0.04016192884543708,0.03751876205553588
382,0.1,10,1,0.10026428186272376,0.04684284479643322,0.029273372803232247,0.019175099483483983,0.033031886912053526,0.026692127701126542
2190,0.1,10,1,0.0801329513225173,0.03136278433538164,0.10448588634842366,0.09978572357749138,0.11410436931071122,0.1095480641625419
2247,0.1,10,1,0.09315329581361254,0.0495889587618146,0.0650338312102978,0.05199809107233411,0.06552446167645731,0.05185518114214045
2453,0.1,10,1,0.08888685485116452,0.04819061107895111,0.12648423650029333,0.11929715672190831,0.1361027194625809,0.12813450468428894
882,0.1,10,1,0.08150783868122878,0.035238158700998855,0.05495437082713696,0.048728533806112306,0.05924505412383165,0.0494592152595435
1672,0.1,10,1,0.10338445411221714,0.04691937862654626,0.06497009914657809,0.03800976875783017,0.07076493218526154,0.05248557312262319
2976,0.1,10,1,0.20897960839518864,0.10186377941649648,0.07445354841475015,0.053761635787122806,0.07970729126506235,0.06345346991263304
1025,0.1,10,1,0.0794689865624425,0.043573501221589275,0.08535506246918513,0.08449630095103806,0.0940093357139388,0.08939206008697044
67,0.1,10,1,0.14313548835021522,0.07493340047461573,0.08484226638518638,0.010227775763519631,0.08860078049400766,0.013454120684467497
1122,0.1,10,1,0.159561106047177,0.0788887903743366,0.04741228542199334,0.029046300040376102,0.057599172965851264,0.04942007512809195
2675,0.1,10,1,0.11179940281437194,0.059116359901694386,0.08706487777066844,0.05319049000419707,0.09772412422327904,0.057522734230250804
2529,0.1,10,1,0.10774737918962632,0.057999773635193375,0.09050175748707545,0.062100830084546255,0.09682875971363232,0.06842783231110312
2894,0.1,10,1,0.2264834677248181,0.1012509961691178,0.07047337884677987,0.05914215468813529,0.08009186180906744,0.06920336541960254
1493,0.1,10,1,0.1855193387703636,0.10428894612587733,0.1296331762201339,0.11436814938801988,0.14234798693960013,0.12418956631081995
2164,0.1,10,1,0.10072035717546494,0.05351153175543777,0.06705335496572484,0.06234122191992853,0.06752571387447753,0.06290173806391189
1830,0.1,10,1,0.23698172175804225,0.0920839337455053,0.06744681640795926,0.06004732304599121,0.07706529937024682,0.07261697133518344
1390,0.1,10,1,0.7075448845852012,0.35897880941836663,0.34436981183039694,0.32085939088112386,0.3501646448690804,0.31906818907575235
430,0.1,10,1,0.09848852200236262,0.04647484381000881,0.039799657061774366,0.012248345287211485,0.03117672953902594,0.012248345287211481
596,0.1,10,1,0.1232420671749491,0.056068657825273344,0.08973439796466054,0.07767266919673671,0.09606140019121741,0.08399967142329358
2067,0.1,10,1,0.12280143035178955,0.0547189376197722,0.07809660625047957,0.04528932459353957,0.08724993648534181,0.04957824141447467
2839,0.1,10,1,0.0783297747350673,0.039648315930904295,0.09764638704042161,0.08753708402654597,0.10563541291445924,0.0955261099005836
526,0.1,10,1,0.18419163553197934,0.06428112468730858,0.06013488265364468,0.051497272663242,0.06975336561593223,0.05625134221160241
2910,0.1,10,1,0.08540181596732556,0.0499375448760102,0.06979357699283795,0.06931120434889819,0.07461466300164646,0.0741322903577067
2434,0.1,10,1,0.31533701081080406,0.15314252449179597,0.23016096943945963,0.21609917036211615,0.24317595146738252,0.2233193193513556
2391,0.1,10,1,0.45760573766346957,0.21759513108000234,0.11570413568462114,0.07367118364225059,0.12589102322847906,0.08825012569128296
2958,0.1,10,1,0.08335468305519064,0.03762265779265129,0.020592077021075038,-0.005806871816327837,0.03125132347368564,0.014005704871145004
688,0.1,10,1,0.28254584100455643,0.1143081344233045,0.029987625436566603,0.0191533143639392,0.03862973130945387,0.03265983365075361
1162,0.1,10,1,0.1360213132510575,0.07522383996478758,0.0215730083107271,0.010015375557019212,0.020083628701009937,0.012284510056123337
2554,0.1,10,1,0.13165259175071595,0.05892746088022225,0.09800176693778462,0.08387690383457547,0.10432876916434149,0.09020390606113234
489,0.1,10,1,0.08465002680072761,0.04329636910503656,0.13045770549624258,0.12112525414104058,0.14054322183162074,0.13121077047641874
1864,0.1,10,1,0.12620625497746366,0.06476672075108586,0.04921145238237255,0.047045421056027256,0.05500628542105601,0.052840254094710715
1461,0.1,10,1,0.646502002537515,0.33943536704094474,0.19929900377188678,0.14818646292636167,0.2105917906208506,0.1632377638841468
2151,0.1,10,1,0.11256558290800144,0.05365924505980777,0.07272731420918438,0.0632263795757722,0.07759172762311152,0.0628281291388893
1022,0.1,10,1,0.3270157140631225,0.1691202488608176,0.20389561837020515,0.1780852306257649,0.2227054334368115,0.19936587822714585
1988,0.1,10,1,0.1098459511607137,0.05370941354322914,0.08049781590107291,0.06610644005200897,0.0885452468308293,0.07420900801634969
2152,0.1,10,1,0.13187279641267477,0.05853206775418581,0.15560706296490873,0.13535754811004058,0.17002482352634057,0.15406422549240753
2726,0.1,10,1,0.11999570612613833,0.06002611844655723,0.14218142442114562,0.12742089636330847,0.15659918498257752,0.13697424351081322
2350,0.1,10,1,0.06805423380545778,0.03316212402893923,0.05584258468305297,0.03983280052819805,0.06592810101843112,0.047881997933714025
1709,0.1,10,1,0.6749319303497677,0.3657328361640745,0.45679060764215756,0.37024918928838113,0.4674498540947682,0.3754540941743512
1993,0.1,10,1,0.08488153383835682,0.044040115833229115,0.07750169248011442,0.06324263973973664,0.08372864711170384,0.07750676023681805
1582,0.1,10,1,0.10346761518349117,0.04678753956779648,0.17834545356785259,0.12605532286018836,0.1898368385260117,0.1379087228615334
1097,0.1,10,1,0.09133676476036337,0.04647824568438603,0.1021800357636855,0.09458460174671778,0.10850703799024237,0.10091160397327464
697,0.1,10,1,0.17776926061466022,0.08510218401384376,0.055249750308481616,-0.021610141994943877,0.06590899676109221,-0.011881315167089596
192,0.1,10,1,0.06585518683281348,0.028655715148752307,0.05543358889658797,0.03539077867346311,0.0639904423548506,0.041911313201863566
1009,0.1,10,1,0.10640917156621933,0.05201340817764988,0.10839624821254776,0.07357270089897289,0.11472325043910463,0.0741048700868463
990,0.1,10,1,0.2461861049019579,0.11793378978046458,0.08889847451342048,0.045633110000800114,0.09747807463105027,0.0542127101184299
1498,0.1,10,1,0.48495639412844377,0.25817848671322163,0.14491052491102896,0.13933569144641134,0.1502329990409597,0.14236574206136662
851,0.1,10,1,0.13284699003998446,0.06202596023221042,0.041044686675847195,0.012328336765998808,0.04683951971453065,0.012328336765998808
2715,0.1,10,1,0.10293998638879116,0.04855889877730552,0.156802018280848,0.12026091027734262,0.1712197788422799,0.13843718494759583
1324,0.1,10,1,0.1992596979723723,0.10343209343949247,0.07636934582304028,0.056194351526202134,0.08541409866809538,0.06899761848007852
2474,0.1,10,1,0.12560537773602704,0.058409467374108244,0.06309249471065081,0.05724822903952946,0.06659840509102573,0.05862046612962932
791,0.1,10,1,0.08218304935218951,0.0418649617357721,0.131630903872463,0.11300396837569077,0.1460486644338949,0.12742172893712264
2084,0.1,10,1,0.18452037802330445,0.0712816761561512,0.09049782462240151,0.06896432417559506,0.09139200885346087,0.06970083701146662
2676,0.1,10,1,0.1416403623952304,0.062455624149049614,0.0224755754022876,-0.025906202485856112,0.023858911297538307,-0.024522866590605406
1592,0.1,10,1,0.4118126414644545,0.22787867039296403,0.017684781376334273,-0.014607780275590246,0.01650271948893727,-0.006643718109452371
2837,0.1,10,1,0.10756511775205636,0.05635061008024287,0.04620791377197581,0.04130936124062484,0.049966427880797096,0.04882638945826741
1821,0.1,10,1,0.07716630550050614,0.033067951946987244,0.054309621645278625,0.035881014775449714,0.06392810460756618,0.05036391115166441
1489,0.1,10,1,0.19290319878707676,0.08921525295574326,0.03666419878488403,0.016678089228755286,0.044535746693916,0.024159087207351687
2911,0.1,10,1,0.2330449745536104,0.10532749326982617,0.13553954905613083,0.13188976039382957,0.15138099396048169,0.14987252206338025
275,0.1,10,1,0.4734608382383174,0.21010813564800612,0.16088954163370567,0.15266787435813456,0.17594084259149073,0.16771917531591962
494,0.1,10,1,0.0982636400038046,0.04658177606440696,0.12277757557899895,0.09967179287748973,0.12910457780555584,0.10925787790984753
884,0.1,10,1,0.19894418904064204,0.11048213598243589,0.1286147687232017,0.1286147687232017,0.13870028505857987,0.13870028505857987
1453,0.1,10,1,0.16332507920038578,0.07898851356195145,0.04636580939771652,0.0159060720603107,0.04636580939771652,0.01643824124818411
1109,0.1,10,1,0.19087917521964093,0.09449846449201049,0.07691188948436922,0.075933275420881,0.0810573498101071,0.07827744976477402
1793,0.1,10,1,0.21057884977704053,0.10296826189711498,0.027172936661729517,0.011161571436382304,0.03532350527572527,0.0274627086643738
2960,0.1,10,1,0.47842461614560816,0.23657274275472473,0.3524521947308234,0.3040322121761605,0.37126200979742974,0.32284202724276684
2685,0.1,10,1,0.24957316453411743,0.14079503820846906,0.13538343069262232,0.08146273387988918,0.13538343069262232,0.0900856614026376
2026,0.1,10,1,0.08575253472058106,0.04419389883934982,0.10125002931245652,0.08226276620531386,0.11133554564783468,0.09234828254069202
1120,0.1,10,1,0.08939254396885303,0.04897381565101068,0.10547997893874898,0.08832088015330689,0.11613922539135958,0.10384454001984463
1849,0.1,10,1,0.1345678529466692,0.05747060922220303,0.11739899935712257,0.09570527019022579,0.12695234650462733,0.10618903696248685
1418,0.1,10,1,0.15793380916391822,0.07895304727285991,0.09362976013406632,0.05869017675207916,0.10428900658667692,0.06934942320468976
2625,0.1,10,1,0.143779104744137,0.07530325854813916,0.09444071235504609,0.09392290997435065,0.09873139565174077,0.09821359327104534
850,0.1,10,1,0.07586196578562945,0.030628931252519268,0.05583023364536663,0.05022975744239117,0.06186015465273875,0.06112409186369044
2547,0.1,10,1,0.13413057417519839,0.059400521731569636,0.06869562866760576,0.05645115855078779,0.0787811450029839,0.06653667488616594
1332,0.1,10,1,0.08456154616057786,0.039507821120147085,0.10818862965353326,0.09535598312226481,0.1173419598883955,0.1070926200060194
1488,0.1,10,1,0.09160755639245312,0.04116123852660914,0.11120811060842241,0.08930821534817301,0.11700294364710588,0.09508903079992874
844,0.1,10,1,0.14038500010232902,0.07521322642402326,0.1019513310241984,0.08692944358682042,0.1109960838692535,0.09597419643187552
1030,0.1,10,1,0.1400347581840094,0.06764529332057524,0.07707599860730871,0.03926777801271899,0.08773524505991931,0.055721857504013046
2901,0.1,10,1,0.7132182753084539,0.3644697429387218,0.40855234077071767,0.4052845681005484,0.4229701013321496,0.4197023286619803
1247,0.1,10,1,0.09503076418836008,0.04413617894916977,0.044937413575692496,0.029164264251142324,0.04820007435032976,0.03618543913460087
1817,0.1,10,1,0.16790961633959298,0.08427560715368533,0.043941563133223394,0.021368310842610046,0.054363538645769975,0.03958107537235659
2417,0.1,10,1,0.10020137517246863,0.051390164243926686,0.13075063299005785,0.11813589074783515,0.140836149325436,0.1282214070832133
741,0.1,10,1,1.1395779804579707,0.570742051825902,0.08443145104134571,0.027274426745224803,0.07956703762741857,0.031032940854046086
371,0.1,10,1,0.0809266435880516,0.04190258451503966,0.0882386963956939,0.07725673790129033,0.10165184267453264,0.09442839828895036
113,0.1,10,1,0.09366829858862866,0.05021844168754742,0.08744529668363034,0.06855310215974492,0.09286015084283772,0.07020944221013102
2669,0.1,10,1,0.32328912316921576,0.1528848906987751,0.07273723232567977,0.05829207889136334,0.07853206536436323,0.06895132534397394
693,0.1,10,1,0.1333617964882312,0.05455646973859231,0.12389971254684931,0.11520884269448281,0.13831747310828119,0.12962660325591469
1950,0.1,10,1,0.11798065101262512,0.054663070734070195,0.05439530167636264,0.03406815580295686,0.06290788533354434,0.038822225351317276
2825,0.1,10,1,0.07174742484423938,0.037998279176853764,0.0713556377775888,0.06061808824369468,0.07757277831963562,0.061040395747058045
1158,0.1,10,1,0.2096692293130448,0.11933542143316381,0.14295652612163023,0.11627170350346953,0.15298223217788764,0.1339369637410432
367,0.1,10,1,0.18445660122952512,0.10356433025289419,0.10474496748993856,0.08946310196253474,0.11916272805137043,0.10874527593789375
680,0.1,10,1,0.7173780013181731,0.369968813003758,0.3116106536561588,0.3005078910603683,0.3266619546139439,0.31931770612697463
69,0.1,10,1,0.07134690507763723,0.038227526861465584,0.06902866283346754,0.055145563859858415,0.07068500288385363,0.056801903910244506
2525,0.1,10,1,0.3803097585280245,0.20041470759557323,0.10154690820867274,0.04714743633528212,0.11110025535617749,0.05670078348278687
2581,0.1,10,1,0.728992334035807,0.39662415970691905,0.32215935132861023,0.3104144455640031,0.34096916639521657,0.33361631513578394
2701,0.1,10,1,0.09944988164203221,0.04749171948881316,0.12565138260033754,0.11667786679221379,0.1400691431617694,0.13223409620260923
605,0.1,10,1,0.07294553534610006,0.03556606393200993,0.055112046481676946,0.04576126671888208,0.06114196748904907,0.046926774312327064
864,0.1,10,1,0.1286885956424246,0.060580513677986315,0.05425935553650496,0.04857603107326834,0.05595703231782334,0.05027370785458672
2209,0.1,10,1,0.08392103231337991,0.04062764564763278,0.08133966592517339,0.0720723591604291,0.09199891237778399,0.0832637748009131
513,0.1,10,1,0.09112327570284345,0.04036196920399448,0.08362335096672721,0.06712206236975898,0.08941818400541067,0.06712206236975898
2414,0.1,10,1,0.14078430096074768,0.061838072407991565,0.04316066244614949,0.03004561738439495,0.047981748454958,0.03486670339320346
1667,0.1,10,1,0.19443325598877503,0.1072362334635973,0.14567722590479715,0.1232214289546768,0.16009498646622905,0.14250360293003586
2648,0.1,10,1,0.3116899867469179,0.17364365513824212,0.07962526120371999,0.01604119976415941,0.07962526120371999,0.019799713872980698
2407,0.1,10,1,1.3022043280001334,0.6555874374350004,0.21422190282905862,0.0903275067127146,0.21615994063971294,0.08658284192382257
628,0.1,10,1,0.2911394960824614,0.14324568169440374,0.022310391454525243,-0.02365799309521826,0.01855187734570396,-0.023657993095218252
1537,0.1,10,1,0.13837302846299895,0.05491449662038745,0.03625651757493332,0.01794487472066658,0.033765420061658086,0.018925543157399027
1130,0.1,10,1,0.2745739263096708,0.13831145955945218,0.1929416047843067,0.17642009885395815,0.20437206794090973,0.1873561764570065
2445,0.1,10,1,0.28807240569209347,0.12207532768744833,0.15415458714479907,0.1474666310025583,0.1729644022114054,0.16627644606916464
2216,0.1,10,1,0.333850312957519,0.13461788941169095,0.08786521770758285,0.06258667124511198,0.09741856485508758,0.07307043801737304
101,0.1,10,1,0.08075968092875334,0.03888407429753323,0.11657155593461277,0.10909587685893353,0.12665707226999093,0.11918139319431169
1445,0.1,10,1,0.06785193734752391,0.03210753668500335,0.045503232955307144,0.03382336892314707,0.051533153962679254,0.04471770334444632
549,0.1,10,1,1.2972860981758407,0.6357528359905513,0.14428873342333257,0.0671909661894258,0.14482090261120598,0.0596836378382672
415,0.1,10,1,0.1264885651385995,0.06288003085060884,0.049062419787674685,0.04866408239312428,0.055092340795046796,0.05062626477567006
1365,0.1,10,1,0.07677374365303564,0.03457137066683506,0.07763376983566551,0.054764367396108384,0.08829301628827611,0.06871107857041234
2873,0.1,10,1,0.19647244375710488,0.10518574647623445,0.04170032893526678,0.03413212111545559,0.049561616749173226,0.03697158787775923
1942,0.1,10,1,0.18655433359319543,0.09387208512124062,0.14240995596493577,0.13633560897901523,0.15682771652636765,0.14815455182070092
746,0.1,10,1,0.06984415103203155,0.035411023432068006,0.08352132164136825,0.07186924833732916,0.08984832386792511,0.07240141752520257
1428,0.1,10,1,0.23224461504651014,0.11101363092260726,0.1099669117956225,0.08660869856709294,0.1119018595170049,0.08415159178330088
429,0.1,10,1,0.413545398053231,0.23143542715314752,0.03693021756591547,0.028775200103679746,0.038095725159360445,0.029940707697124723
2749,0.1,10,1,0.11920330396702232,0.05207302118211628,0.02478771839067364,-0.00472406219729387,0.025718138015429957,0.006865603880073047
1159,0.1,10,1,0.5247534406891757,0.26524056904949217,0.3862085352947808,0.3808421461415558,0.4050183503613871,0.39965196120816215
514,0.1,10,1,0.37892481066397293,0.18660543362014523,0.20105548235183512,0.19646338876480116,0.2126371785717423,0.2022502519460249
1001,0.1,10,1,0.0904395828352824,0.04648516033642071,0.13074539287259654,0.10059373221960557,0.1451631534340284,0.10686092416704171
2383,0.1,10,1,0.0822010425305246,0.03542499183570071,0.0770806839341709,0.05583147500638663,0.07878629410621367,0.06192913968360385
896,0.1,10,1,0.09490357111081722,0.048606210688413136,0.09668573015953458,0.08196475323391593,0.09721789934740799,0.07670208938310588
603,0.1,10,1,0.2862519551559761,0.1474301033480477,0.05772512608349464,0.039069690132388035,0.0609081435993239,0.04968398898106643
424,0.1,10,1,0.10183171989305018,0.04774636970381126,0.07329560309977608,0.06417536599573578,0.07909043613845954,0.06619180696774551
606,0.1,10,1,0.08909193253801952,0.04510637366462392,0.05492165636399325,0.04768023452821291,0.05868017047281454,0.04768023452821291
2970,0.1,10,1,0.09790423833363875,0.04351422487845567,0.06257081982171758,0.04868130943576283,0.06785705855795139,0.053967548171996636
178,0.1,10,1,0.6589478080357213,0.35593162544534646,0.3077935928172599,0.2698599837091269,0.3266034078838662,0.28866979877573323
2778,0.1,10,1,0.17470994069823328,0.08014728414263944,0.0308170527945438,0.02988716713697803,0.03435315803118405,0.030890989183575357
1219,0.1,10,1,0.09802689800596985,0.04796414875365181,0.091317883703005,0.07114992967333474,0.09587725874648205,0.07131725021163732
959,0.1,10,1,0.3261700127311909,0.18399319661945374,0.08285128812452257,0.06672214493217354,0.08285128812452257,0.06608860453582036
1684,0.1,10,1,0.1021487665634871,0.05551539071646683,0.13968913702421074,0.1313742459565651,0.14601613925076762,0.13330919367794752
559,0.1,10,1,0.09856500368280441,0.042084143496286607,0.10185543291597968,0.09652843392815916,0.11194094925135784,0.10661395026353732
2667,0.1,10,1,0.15769633873438668,0.0838127516020997,0.06225145472683544,0.04887888944939965,0.07562845179794428,0.06601440062932978
685,0.1,10,1,0.11535380109937036,0.056623684336747915,0.06398100623014046,0.05559126897473707,0.0731343364650027,0.06469342451479232
1317,0.1,10,1,0.10191598795058064,0.04865586205170201,0.16482234638266602,0.1396428973845124,0.17548159283527665,0.14889180501300842
274,0.1,10,1,0.45927107987245785,0.2416495710338929,0.07542276753601292,0.06255448907862021,0.08485281000657126,0.06822601744035725
1165,0.1,10,1,0.09549014241606892,0.04568821634482142,0.06908279495470196,0.05059364737476807,0.07042509470482111,0.05193594712488722
973,0.1,10,1,0.23463331562347342,0.11164218913683974,0.10806840614650354,0.10269681137947022,0.11352459703664322,0.10591470668028431
2485,0.1,10,1,0.21140520931509893,0.10545862005006865,0.1314879204964067,0.12546195949029215,0.14055233279252016,0.13702494665112996
2198,0.1,10,1,0.10764732181719536,0.05313633034795782,0.023793736828866444,0.010427678691515271,0.03445298328147704,0.02328837957528337
446,0.1,10,1,0.06347868094584788,0.0307083462043041,0.0902123454070396,0.08154004758331679,0.09653934763359646,0.08786704980987366
2145,0.1,10,1,0.16074038888570863,0.0844820778401378,0.058949939567497917,0.029822981720934838,0.06856842252978547,0.03457705126929525
1742,0.1,10,1,0.18587395108334698,0.09348974420137296,0.02441857142977939,-0.0002386330687751577,0.0252078832108585,0.008701247326299701
1322,0.1,10,1,0.1606486489838757,0.07573924317276426,0.0572027397907198,0.042231502854755534,0.0586055183242288,0.052913592994670064
2783,0.1,10,1,0.08925953612356236,0.038057058321656505,0.11646677294824698,0.09210253181269695,0.13088453350967885,0.10165587896020169
659,0.1,10,1,0.1258014720769822,0.057922744540433606,0.03165248252628635,0.011591323742325767,0.029629816514110376,0.010911520994503012
1675,0.1,10,1,0.12359648436340072,0.06069437585250814,0.03425885288747559,0.009012527335148846,0.04145451603313696,0.025761537628314957
2162,0.1,10,1,0.9284312217484686,0.4758009902844842,0.2758927724935948,0.25233676182173415,0.28943815723363153,0.270746559975698
175,0.1,10,1,0.5836353191352225,0.31794478904266404,0.2805570379066549,0.2378242191144878,0.29936685297326127,0.2603925482899154
1254,0.1,10,1,0.27895502331935973,0.15691663931924876,0.2736288276794165,0.21939031641250129,0.2924386427460228,0.23820013147910762
447,0.1,10,1,0.10693073270776023,0.05611814622391758,0.08962930621813306,0.06933118512927666,0.10404706677956493,0.07892785968190003
1477,0.1,10,1,0.2475436485199599,0.1202257267705119,0.07293132857782808,0.060581480977161824,0.076147973632292,0.06433029521949915
2055,0.1,10,1,0.19260918009710642,0.10526875985582716,0.08825559150409523,0.04468918927379312,0.09740892173895747,0.05384251950865536
2180,0.1,10,1,0.1347092940302191,0.07271688769912035,0.05854324303899249,0.027948947717505945,0.06340765645291963,0.03281336113143308
1216,0.1,10,1,0.1786232875165163,0.10058892115518706,0.06448611355654131,0.04144762406571455,0.05580514223043175,0.03407131324331861
1193,0.1,10,1,0.3281393875358284,0.16221569837482352,0.025933693631808877,0.0073752527973691695,0.022175179522987594,0.0073752527973691695
943,0.1,10,1,0.09078133155085476,0.04778272807380075,0.06045435903363698,0.04310053025423887,0.07111360548624758,0.050146775362050124
1192,0.1,10,1,0.1449894587823733,0.06483137905611963,0.048405064605093126,0.02609778490606623,0.054732066831649995,0.032424787132623104
1215,0.1,10,1,0.2249661797589241,0.10678431489710065,0.025030609705387282,0.007740565467668228,0.029319526526322387,0.012029482288603333
1148,0.1,10,1,1.2346189168223365,0.5583821610407409,0.13401653321955515,0.07251059951010005,0.1329106339144493,0.07626911361892133
1427,0.1,10,1,0.11507313237876252,0.06107868409440641,0.06936904708481051,0.03985558796368398,0.0837868076462424,0.0628962760478643
2079,0.1,10,1,0.4531132382795038,0.22011529124135665,0.23529865955712914,0.19556200976771748,0.24383832597879607,0.20849373069455884
1748,0.1,10,1,0.08419071241773904,0.03597237654845988,0.17814692179078945,0.15924937843257117,0.1925646823522213,0.17366713899400302
558,0.1,10,1,0.12215010140288945,0.051844176967700516,0.10561259118874587,0.090614692426877,0.11193959341530274,0.09563143797847062
724,0.1,10,1,0.10569079124573613,0.04226102734267146,0.06891854472614845,0.06891854472614845,0.07373963073495696,0.07373963073495696
1145,0.1,10,1,0.07223149003849881,0.03287102450030132,0.07517006741735527,0.054674133561068615,0.08149706964391214,0.06529005260856058
831,0.1,10,1,0.10195524241135039,0.05130444972886549,0.07855412289920631,0.061473976406734694,0.08713372301683611,0.07381209063318578
2054,0.1,10,1,0.0903951641846449,0.04426172959047508,0.03290655176331517,0.0015449361671732512,0.04265365014857628,0.019914962075182785
2044,0.1,10,1,0.1318297971727844,0.057299268433037016,0.0890632372357244,0.06551664113489859,0.09540405507100744,0.07672187238410877
2222,0.1,10,1,0.11140637489151922,0.05409662551037486,0.10948034228008328,0.09813913190706679,0.11470677073719639,0.10198227908917433
2418,0.1,10,1,0.19015510752428277,0.10857827410675369,0.1081261220371359,0.07214608413956386,0.11821163837251406,0.08223160047494202
380,0.1,10,1,0.34597280183665197,0.1740240706247652,0.2583349243223641,0.23396254397054456,0.27714473938897044,0.256632244354452
1285,0.1,10,1,0.177354617571829,0.06796741050323511,0.04279152916816302,-0.0005197985876663203,0.04708044598909812,0.0026036106398237974
1288,0.1,10,1,0.09227405162420972,0.0454799099613243,0.04071597874721916,0.036699191481804894,0.04651081178590262,0.0391884813070727
2219,0.1,10,1,0.12364356790507887,0.06570447142288728,0.06547905932209686,0.046698208401146295,0.0712738923607803,0.04669820840114628
1746,0.1,10,1,0.056879388404347635,0.025797814252582256,0.0966303639381625,0.07571584810200854,0.10624884690045007,0.08046991765036898
80,0.1,10,1,0.05777408726211304,0.029612338110235177,0.07826784245754737,0.06455190294856462,0.07880001164542078,0.06508407213643803
1045,0.1,10,1,0.08996931430540017,0.045147832143492134,0.0807697433679937,0.06714959142819434,0.08605598210422752,0.07243583016442816
1236,0.1,10,1,0.12334841892797255,0.06525995650169725,0.1087259656755046,0.08300162271085787,0.12314372623693651,0.10604231079503819
1055,0.1,10,1,0.0790388040681839,0.03989717848410872,0.13549411917629461,0.12382086666216204,0.14557963551167277,0.1339063829975402
915,0.1,10,1,0.08425204607838654,0.041028798797971715,0.09652211033917846,0.07525003153681009,0.10284911256573533,0.08157703376336697
414,0.1,10,1,0.12744387415476902,0.0714510007525795,0.11039558729554283,0.0998363799080684,0.12236671574387076,0.10930259316357928
2184,0.1,10,1,0.14264529441526216,0.07463428893650036,0.15021382224047958,0.12615567541437006,0.16463158280191148,0.1436889118125677
2109,0.1,10,1,0.3617269659868643,0.20236658856168746,0.24227710112770184,0.23255448716296104,0.25964805194572815,0.24623243674354753
24,0.1,10,1,0.15302572776724419,0.07891702820847873,0.05552833975054365,0.02275011310446877,0.06480307922705209,0.02763279807580274
967,0.1,10,1,0.11457630324620406,0.05759226270440798,0.08073402131926533,0.06309963782200861,0.08652885435794878,0.06889447086069207
1441,0.1,10,1,0.5689185597207801,0.29421632347832954,0.045511375660894964,0.027268254367855287,0.054232584302851244,0.041784296048495026
2121,0.1,10,1,0.09263861265685354,0.045547574851515685,0.06489419110359218,0.05483531002476259,0.07497970743897034,0.06492082636014075
1966,0.1,10,1,0.08219153101439,0.040821772918309476,0.13941844594702946,0.12910411986684975,0.1538362065084613,0.14610518707717393
2267,0.1,10,1,0.10176996375135158,0.04656487658246544,0.1400879414603982,0.1112423680016771,0.14383163703806273,0.11059400907416715
1618,0.1,10,1,0.10242011142830613,0.05005571125255315,0.06794182167711987,0.026214008141536113,0.07426882390367674,0.026746177329409523
2316,0.1,10,1,0.07898388068196562,0.03535509335418418,0.1084839059721493,0.09248585964412034,0.11710683349489773,0.10062727051935197
841,0.1,10,1,0.2077375935773554,0.09330151332113222,0.08776786188529968,0.059366756970195673,0.09842710833791028,0.06369900119624941
34,0.1,10,1,0.07009052036060105,0.03604599243526246,0.06764457258450557,0.059835032503652845,0.07773008891988371,0.07434338220669073
729,0.1,10,1,0.08986269356425089,0.04754914205168003,0.08202964565377156,0.06488781419570228,0.08782447869245502,0.06809943585332834
2637,0.1,10,1,0.6444474657852325,0.3429388055615266,0.34385585655014633,0.25966705635316556,0.35495277899949185,0.25862732500611396
1692,0.1,10,1,0.10167911270931881,0.049191187199766825,0.04826386537501133,0.03544586242144562,0.05741719560987358,0.04946360607023501
614,0.1,10,1,0.06939815499443591,0.035094715149791386,0.09138671273960129,0.0766431468134085,0.10204595919221189,0.09309722630470256
2888,0.1,10,1,0.6766128353118994,0.3298683695795561,0.31284655883780577,0.27487210264190465,0.32789785979559083,0.2899234035996897
2537,0.1,10,1,0.11871074312105137,0.05644917222619145,0.05701235311161396,0.031631279250962145,0.06280718615029743,0.03163127925096215
1765,0.1,10,1,0.15269411975614272,0.07840381238773263,0.11586337042856165,0.0920582771299619,0.12877521477224518,0.10497012147364543
725,0.1,10,1,0.17264631223716334,0.10421810570567797,0.039266417283062904,0.009155530575972626,0.04130273621292507,0.020745196653339543
1890,0.1,10,1,1.0218195085994808,0.5255591856425246,0.23325587103604792,0.2036002859060279,0.23325587103604792,0.20037373899429842
1822,0.1,10,1,0.11631705575131047,0.04898845296642761,0.026252605226770795,-0.0029002646850626868,0.02863818523246199,0.00903866246813325
145,0.1,10,1,0.427610212957115,0.22950000040242757,0.21546696665083637,0.2063810496045635,0.2342767817174427,0.22519086467116983
2700,0.1,10,1,0.17921665789752408,0.0746001444431469,0.04159319433371449,0.016022029230280788,0.04362951326357666,0.027611695307647705
2895,0.1,10,1,0.12707413547533417,0.053460396795110596,0.1685634001251417,0.14514297917681562,0.17864891646051986,0.1538257169786848
445,0.1,10,1,0.31277084519447795,0.17641242481282804,0.09745481424484817,0.08731378285159841,0.10700816139235292,0.0910722969604197
341,0.1,10,1,0.41513315404046885,0.2022208794495856,0.3061750892403298,0.27151527199912096,0.32498490430693616,0.2903250870657273
652,0.1,10,1,0.18149211669367873,0.09091170619722724,0.07033661685617348,0.0501133123992175,0.07965269306361421,0.06757995722065396
1492,0.1,10,1,0.30250993289024003,0.16287801693748474,0.20805055979175746,0.15239187067612425,0.21807626584801487,0.15802552222720717
352,0.1,10,1,0.5566918495163367,0.2817966161967976,0.3078569637692788,0.282743975929132,0.3185162102218894,0.29779527688691704
290,0.1,10,1,0.1234585573168937,0.06103508031628751,0.07870480223082854,0.05993576344983964,0.08399104096706236,0.06522200218607346
2062,0.1,10,1,0.1329515109106118,0.05660236711764602,0.10071182341656737,0.08864094518693344,0.10703882564312424,0.09496794741349031
2772,0.1,10,1,0.491348217379522,0.23850118835554715,0.26588793718725195,0.23555307560639616,0.2846977522538583,0.2543628906730025
1846,0.1,10,1,0.08738945013079914,0.03886320732984657,0.16171315474656145,0.12240003254774262,0.17613091530799335,0.13305927900035325
9,0.1,10,1,1.104304154772823,0.5663578229255021,0.17301464200285455,0.0766748818743587,0.1804180256861778,0.07445978259539439
1235,0.1,10,2,0.9029224886809665,0.4618330506860309,0.2101574719755519,0.19472309287038922,0.2252087729333369,0.20971686637402281
1648,0.1,10,2,0.09670639838971232,0.04795703616144935,0.07907050361748369,0.06908345377911307,0.08076818039880207,0.07078113056043145
1607,0.1,10,2,0.13939284272212435,0.07070490977361903,0.07824874511983726,0.0477584677287291,0.08457574734639413,0.05296129909277328
1449,0.1,10,2,0.2109747742579034,0.11848447938894943,0.09394986350319127,0.006976227520600453,0.08908545008926413,0.006976227520600453
11,0.1,10,2,0.2616655314169007,0.14483712825344894,0.15392017622154333,0.13430715894104722,0.16347352336904808,0.14439267527642538
1753,0.1,10,2,0.06566143632261659,0.03348155797629947,0.07068690244649596,0.05829764122258011,0.07701390467305283,0.06954423432579752
2042,0.1,10,2,0.1282581302419504,0.06632409776491366,0.17862728017995377,0.15967619906514674,0.19304504074138568,0.17409395962657864
2939,0.1,10,2,0.18698109479657854,0.0810547823558417,0.06457442346449656,0.0441452830230844,0.06610214809190909,0.04943152175931822
1439,0.1,10,2,0.10886038832516855,0.05375298784822803,0.16206826468303287,0.1413009303992895,0.16839526690958972,0.15574316294031293
2114,0.1,10,2,0.11493718289047532,0.06102665122031759,0.07838694777058733,0.010698542369914563,0.07632611044308443,0.008637705042411667
1368,0.1,10,2,0.11738411978813276,0.05840269176188894,0.07022476922826174,0.06438497164110747,0.07954084543570246,0.07163453501841474
1005,0.1,10,2,0.1391465112012556,0.057916486446496565,0.06436549743071131,0.04975352397032847,0.06965173616694512,0.05557193189443569
1713,0.1,10,2,0.6128726368885572,0.32253290819049446,0.16244958303264911,0.15115927718156555,0.17750088399043418,0.16134616472542346
385,0.1,10,2,0.1377712252434588,0.0753493557671197,0.019885930752048513,0.005511046815396669,0.015021517338121373,0.005511046815396669
827,0.1,10,2,0.4633101681014304,0.24587240932592275,0.34510312761651624,0.3139239616166439,0.3595208881779481,0.33273377668325016
2275,0.1,10,2,0.07022606196102459,0.03044764236181478,0.10908134261541376,0.09195991991871688,0.12349910317684565,0.10810846939027464
329,0.1,10,2,0.06764842524780307,0.031382717401151124,0.07893751260588869,0.06392883975389871,0.08439370349602834,0.06699313190687324
15,0.1,10,2,0.867482073983815,0.43857775319501957,0.2902681434307539,0.26940671664378163,0.29843406794847743,0.2857232097755009
230,0.1,10,2,0.5810445009209574,0.3154971779854696,0.19652155068274163,0.18884449315683033,0.21533136574934797,0.2091736973911105
10,0.1,10,2,0.08406051970725523,0.04219643436838128,0.1432675191179854,0.11220500039881459,0.14959452134454226,0.11712922409186245
140,0.1,10,2,0.10948486313731814,0.05748811811853304,0.1340765140727114,0.13233676665105515,0.1367794461600529,0.13064764423322217
428,0.1,10,2,0.07628751099301151,0.038542321653652505,0.10656620029876218,0.09958813670650307,0.11289320252531905,0.10591513893305994
287,0.1,10,2,0.1059499468927429,0.047967351745744166,0.03753361319176578,0.01576500231522777,0.04668694342662802,0.02545050173796342
1127,0.1,10,2,1.132554238693193,0.5476577981323764,0.18685623309219787,0.1385296324954935,0.1824641785870234,0.1385296324954935
2197,0.1,10,2,0.11557112015905104,0.05070770471630864,0.054414023255777724,0.02207431628736955,0.06074102548233459,0.032127920207621376
2188,0.1,10,2,0.1099941908855245,0.054728001677749875,0.2415057449116671,0.21165491913740844,0.2515314509679245,0.2172885706884914
822,0.1,10,2,0.12250103448381724,0.05599053910575414,0.1759635457261272,0.1670288445411534,0.19038130628755912,0.18631101851651247
100,0.1,10,2,0.09221522442684771,0.03984350196869427,0.08392946811966584,0.07683450408665243,0.09025647034622271,0.0831615063132093
26,0.1,10,2,0.14776065924899015,0.07297765493511502,0.05735025463883359,0.03715579998556738,0.06314508767751704,0.04295063302425084
903,0.1,10,2,0.10085552378029704,0.053021683489741386,0.1106063399356413,0.08662807119338205,0.1250241004970732,0.09525099871613048
1803,0.1,10,2,0.11291473478836163,0.04691552210202573,0.22737019828607358,0.19918240192685108,0.2336972005126305,0.19735883553941225
2594,0.1,10,2,0.08500659344687025,0.03751447484479152,0.1398489723650035,0.12257817612369844,0.14847189988775192,0.1407544507939516
2397,0.1,10,2,0.12159755312438893,0.054998233860437486,0.07977812654526076,0.06119684696268274,0.08459921255406927,0.06343462632259891
16,0.1,10,2,0.09824931355580044,0.04748260587445904,0.11164651718015085,0.10610038279387697,0.12606427774158274,0.11990284748525913
2444,0.1,10,2,0.10416169599559127,0.04822103026118824,0.05990077069363624,0.049478850787246516,0.07327776776474508,0.06556102348351232
942,0.1,10,2,0.12138420710969103,0.05422586305430759,0.11268971224977609,0.10035301116694795,0.12710747281120796,0.11477077172837982
304,0.1,10,2,0.07660397051363671,0.03439549596336647,0.05806669464375935,0.05560284668834763,0.062355611464694455,0.059891763509282735
1577,0.1,10,2,0.1668004298850433,0.09654557491922228,0.1057089385705156,0.06899072528439223,0.11203594079707245,0.08550461505480701
2134,0.1,10,2,0.4773639905232973,0.2372350563755392,0.3134979785100493,0.2492395799860354,0.33230779357665563,0.26804939505264175
2199,0.1,10,2,0.24738872921513744,0.11264163481914373,0.10714785294453985,0.09200259505495369,0.11723336927991798,0.09779919456939672
256,0.1,10,2,0.09679145072765631,0.048857526984826594,0.21875122088664883,0.2027887214559697,0.2294104673392594,0.20529739929458454
2719,0.1,10,2,0.5688344729640401,0.2903037290167732,0.1281291041454503,0.060745997944493035,0.13681007547155988,0.06889480008272919
2463,0.1,10,2,0.09415749152562294,0.05264473598186117,0.10172470596299048,0.045901456697899065,0.10590552757517513,0.04428744527140026
2296,0.1,10,2,0.207874715140904,0.09716281597782435,0.05078121206217885,0.0448777084762495,0.056338774160798286,0.04604321606969447
425,0.1,10,2,0.10435625481021506,0.05104009949348318,0.07931937741956285,0.05892995002913565,0.08460561615579668,0.06421618876536947
2985,0.1,10,2,0.11159472373260651,0.05540564178286987,0.08374446271734749,0.06304892667933087,0.09007146494390436,0.06358109586720428
2195,0.1,10,2,0.09181498020224467,0.04651301896294619,0.1608372608737994,0.1495457633671214,0.17525502143523128,0.1655645084558604
1847,0.1,10,2,0.16170635899102453,0.0846985723310377,0.10830807037284705,0.09797153910335764,0.12272583093427894,0.10712663581397948
1629,0.1,10,2,0.17220119030822695,0.09249077480551599,0.10431416542247263,0.08486687660076209,0.10900309915605022,0.09442022374826683
1375,0.1,10,2,0.17102290271224377,0.08247421495770804,0.09969993024128974,0.0986986287337305,0.10978544657666789,0.10966257722171444
1790,0.1,10,2,0.15888216241787526,0.06427460829106604,0.024753713331081596,-0.02237555152867917,0.02950778287944201,-0.017621481980318758
1998,0.1,10,2,0.1278998443239022,0.05961946214709742,0.08214215338349132,0.07359867218297413,0.090654737040673,0.0858697699489771
1352,0.1,10,2,0.16292046184142708,0.07154936902952062,0.08205610524222126,0.05749936932805082,0.08785093828090472,0.05749936932805082
2059,0.1,10,2,0.10181717063961353,0.04459369204994464,0.024793059902210864,-0.019195741471090374,0.03063179458961002,-0.009598492674869927
1738,0.1,10,2,0.27350658555315116,0.14174626868692336,0.035281431733649726,-0.012637467454343299,0.035281431733649726,-0.012637467454343299
161,0.1,10,2,0.11531276835963619,0.05343355550721105,0.07962495649540188,0.06362956564118988,0.09028420294801248,0.06942439867987334
2218,0.1,10,2,0.08821163875330654,0.04255252752180419,0.07756603582239904,0.06824583065888441,0.08359595682977117,0.07480792085412995
1870,0.1,10,2,0.11170539775966669,0.05294757361813273,0.06163389865189281,0.049732902785673945,0.05777401333459177,0.05026507197354736
1513,0.1,10,2,0.2197843734610723,0.11601331920081324,0.03769815690393566,0.021102364478925162,0.0425625703178628,0.030831191306779443
1125,0.1,10,2,0.15552905900885333,0.08225389273547015,0.10680359045426853,0.08526026587307854,0.10990946300641279,0.08562226989131452
305,0.1,10,2,0.12092692731171618,0.06173715410082023,0.07138442090239971,0.057909258485172366,0.07717925394108317,0.06370409152385582
566,0.1,10,2,0.14456786586846518,0.06476163245351561,0.12947610622814973,0.09519347311340604,0.1352709392668332,0.09612389273816237
2223,0.1,10,2,0.5161703559035172,0.2311432483421927,0.2894417906445316,0.2347839753600125,0.30825160571113797,0.25359379042661884
833,0.1,10,2,0.0830154457488701,0.04468945142812307,0.10480112173723197,0.09509965457871314,0.11488663807261013,0.10894368502291259
2977,0.1,10,2,0.1236865170851283,0.06350314034896666,0.0498823867749508,0.04135109762776229,0.05474680018887794,0.05107992445561657
2671,0.1,10,2,0.1220343887926315,0.05249256358875105,0.07167187009667786,0.01966956501605549,0.07746670313536132,0.02546439805473895
2301,0.1,10,2,0.09660732528524467,0.05055246990838748,0.08273517014738348,0.06212678181997482,0.08853000318606694,0.06236405276003885
2657,0.1,10,2,0.15226347020094222,0.07441654939064242,0.10988374678012368,0.09475127142823148,0.12054299323273428,0.10487834869296866
918,0.1,10,2,0.11941156098726365,0.05664435812836969,0.1648106952550732,0.14626518701940822,0.17343362277782165,0.16044917273800208
928,0.1,10,2,0.07183725516171037,0.035355061424689256,0.10264233714875481,0.09011962030723436,0.11272785348413297,0.10020513664261252
1626,0.1,10,2,0.22790532493928967,0.12333830176539137,0.08471732815716593,0.036707862957097326,0.09427067530467068,0.046261210104602074
2847,0.1,10,2,0.06668055726028513,0.03486556533156693,0.11877525882193958,0.08214108669534066,0.12886077515731773,0.08643176999203535
2342,0.1,10,2,0.09581759326675046,0.046779971147585434,0.06724845217234865,0.013827880892670452,0.07206953818115716,0.018648966901478964
1522,0.1,10,2,0.1519663757193041,0.05872872988039363,0.1529953722301397,0.13607388904178877,0.15932237445669656,0.14099811273483662
1412,0.1,10,2,0.16321220575441825,0.07556619432267164,0.10488598716612502,0.06876113245057491,0.10594855906611225,0.07797427296455789
1679,0.1,10,2,1.0778001478936856,0.510262823557657,0.1285810729907498,0.10201938885839804,0.13297312749592427,0.11016995747239378
572,0.1,10,2,0.08610380532641555,0.046054905309826664,0.09258843831593967,0.08471046428305085,0.09774973095826996,0.08548105440235626
1401,0.1,10,2,0.47446832479127177,0.23441479374272625,0.20885037794047,0.19719558977264548,0.22766019300707635,0.22086981825317897
2194,0.1,10,2,0.08574041727733328,0.04132010286122977,0.030354894274480935,0.008573712409687798,0.03795915539086829,0.024800901048823577
2720,0.1,10,2,0.0768763182526768,0.03608402635332538,0.1354255603952172,0.09780715098667427,0.1391692559728817,0.10594290106951323
2068,0.1,10,2,0.31102438106728153,0.13939659593284043,0.16491415185668667,0.15604608898336297,0.1735370793794351,0.16373441246183779
2629,0.1,10,2,0.3149288986904525,0.16636891492630815,0.025802578091027945,0.016901850958053445,0.029561092199849235,0.02275234785772646
2043,0.1,10,2,0.09976299936206948,0.048079428978053194,0.057167326779689345,0.04052716954123619,0.0629621598183728,0.04052716954123619
2416,0.1,10,2,0.08878580188210719,0.04136251885961303,0.047103468757257065,0.0366145073777937,0.057762715209867664,0.05642708406526654
1085,0.1,10,2,0.14479626808456497,0.06206394267185688,0.08161448015736075,0.06637204555479338,0.08966191108711716,0.08076129724226341
557,0.1,10,2,0.5557375079035767,0.29669099561461404,0.1412811654599484,0.08914743516842877,0.14707599849863184,0.09494226820711221
834,0.1,10,2,0.1109302603522595,0.05758478166361552,0.15989410620565342,0.12443763812448569,0.17055335265826402,0.131338370468275
906,0.1,10,2,0.2470796285924676,0.13292976214471158,0.09773028366351506,0.06781923286840877,0.10148879777233635,0.07157774697723007
694,0.1,10,2,0.09360911510920379,0.04212701058619762,0.09769701507799566,0.08504064141714252,0.10402401730455253,0.09136764364369938
472,0.1,10,2,0.31638607833508925,0.16316607523502677,0.08909558527490405,0.08254922483675135,0.09384965482326446,0.08243888097118462
2337,0.1,10,2,0.09592501763325584,0.04512929497993967,0.10452313548211206,0.0788181969142158,0.11414161844439961,0.0835722664625762
306,0.1,10,2,0.10725909799349984,0.057772444420039884,0.0675920657108778,0.05079400630404021,0.07767758204625595,0.07043286978692312
1720,0.1,10,2,0.06570294551327144,0.029967769952453212,0.11725237824934465,0.1031497644296307,0.12791162470195525,0.1138090108822413
2810,0.1,10,2,0.12435703513394199,0.054836055433039196,0.1667753840980625,0.14964626158712102,0.17632873124556725,0.1619243677973738
105,0.1,10,2,0.25335612906478006,0.10294612199571222,0.12622040206946344,0.0734197094002269,0.1395973991405723,0.08679670647133575
1433,0.1,10,2,1.0792154035143258,0.4879136115905007,0.1377995201388622,0.11836907605210767,0.1377995201388622,0.11836907605210767
2273,0.1,10,2,0.0970694597360042,0.03965818605579406,0.08179869750147893,0.0723629797064264,0.08759353054016239,0.08151195711015659
2935,0.1,10,2,0.2083917946064003,0.09948281553697932,0.047150281156976136,0.03724575851467932,0.046574784563984103,0.037273327298962884
1421,0.1,10,2,0.23042387161972624,0.11522795170181695,0.07692837765353601,0.06600542430393953,0.07206396423960887,0.06600542430393953
1407,0.1,10,2,0.2541148713968429,0.11608644043079643,0.07907292039155067,0.06554583573630621,0.08047569892505968,0.06835139280332421
214,0.1,10,2,0.10017707113248525,0.04837846904882545,0.09248219269443014,0.04364367131170793,0.09880919492098701,0.0499706735382648
2984,0.1,10,2,0.16321896796773847,0.07863313308634376,0.0476946743618788,0.009845107927929309,0.0519835911828139,0.01413402474886441
2534,0.1,10,2,0.07858374195913613,0.04046347213309652,0.06851139168620339,0.05443283357601464,0.061063671623383914,0.05624158143229677
288,0.1,10,2,0.218487608633367,0.09894370400306217,0.07770608948948607,0.06667943774353474,0.08293251794659916,0.06793611919883673
2852,0.1,10,2,0.1394973825266602,0.06235606231583356,0.14491727212240463,0.13385448892454302,0.15933503268383653,0.14827224948597492
2804,0.1,10,2,0.22202277008861035,0.12703897531030903,0.03717250580715101,0.027288374586987366,0.03190984195634096,0.027820543774860776
388,0.1,10,2,0.13176056431224137,0.06762833086373564,0.15300891571479386,0.1199240505916436,0.15927610766223005,0.12126701884603192
2102,0.1,10,2,0.12732130309855894,0.06667784468827463,0.13493743257960616,0.12547542199517922,0.14559667903221674,0.13227478313048874
2623,0.1,10,2,0.3935455523446031,0.19698399178526008,0.3050387478275916,0.28152173507695155,0.32384856289419794,0.29608077609918787
264,0.1,10,2,0.15029417090300182,0.07104947309786817,0.07578853214462633,0.04320639729912472,0.08587404848000449,0.06133934456425926
2365,0.1,10,2,0.08837887204312718,0.044914584402618314,0.10533902254228222,0.0853112466893026,0.11487865482930196,0.0997751026693702
1454,0.1,10,2,0.09149499458608674,0.046311238021275736,0.07625914699357049,0.059709746512434554,0.08483874711120029,0.06453083252124306
578,0.1,10,2,0.12338188772647538,0.058575434867046375,0.05661158717111614,0.041614637984249345,0.06090050399205124,0.045903554805184446
1625,0.1,10,2,0.9158267713792674,0.4812755567257885,0.30605286687789607,0.2950524390646856,0.31154968137609795,0.294754420524204
2950,0.1,10,2,0.0628162124783536,0.0283889396774767,0.09876875452962043,0.09225621239653496,0.10852011015302618,0.10200756801994071
1135,0.1,10,2,0.10031459835562831,0.044194089402473595,0.12354898591386793,0.09699467889872732,0.13363450224924608,0.10332168112528417
1517,0.1,10,2,0.07078292009617737,0.03713375016313593,0.10638500295251616,0.10010723344998729,0.11704424940512675,0.10010723344998729
866,0.1,10,2,0.10062675138242305,0.0501017971138603,0.05179834059812993,0.05179834059812993,0.056619426606938444,0.056619426606938444
199,0.1,10,2,0.5547353326033273,0.29035552867303144,0.1945024675889342,0.18507906257807782,0.2089202281503661,0.20815674561736452
228,0.1,10,2,0.1848432582414361,0.09877134563502642,0.1127307092368245,0.08696685091381262,0.12610770630793333,0.09981167879704805
29,0.1,10,2,0.10141164505829287,0.053787552943627796,0.19409512381003724,0.16414173066035875,0.20271805133278564,0.17136187964959818
2998,0.1,10,2,0.13852922325711955,0.06589835856021317,0.1264178393702423,0.1160621105728757,0.14083559993167422,0.12960822932224883
1036,0.1,10,2,0.1355945741445002,0.06977765909907549,0.06343162079130754,0.05252369181942783,0.07147905172106393,0.05458297767500879
2376,0.1,10,2,0.11868833827116579,0.05656480651693985,0.06918097203931373,0.033630553843848665,0.07400205804812224,0.03845163985265718
1486,0.1,10,2,0.10763023063969013,0.05467381555570959,0.10653745735429498,0.0686216282831798,0.11991445442540383,0.08199862535428865
1951,0.1,10,2,0.05979202599650745,0.02849622628556502,0.12891235499666176,0.11818070759818688,0.13899787133203992,0.12879843405408226
399,0.1,10,2,0.21806568688702785,0.12033197196699305,0.12225131892923158,0.05891100062064886,0.13233683526460974,0.06899651695602702
1743,0.1,10,2,0.8452281003848136,0.4188210410801396,0.2986548398781607,0.2865553743855489,0.3126653773456227,0.3005659118530109
2384,0.1,10,2,0.07293967028007894,0.03659104472658917,0.09714816254242427,0.06527698723804992,0.10780740899503487,0.0710718202767334
622,0.1,10,2,0.08621367077456718,0.04828613754501583,0.12547512782171188,0.11485735906916716,0.13556064415709004,0.12494287540454532
2698,0.1,10,2,0.10497885314884683,0.05512621689769347,0.06655051838612769,0.04521198271441401,0.06771040277737432,0.046371867105660644
1004,0.1,10,2,0.1667732661756707,0.07589238284191833,0.12209699053756994,0.10310871367967694,0.13651475109900182,0.11173164120242537
1555,0.1,10,2,0.5154532912887941,0.273830746352455,0.23169132080056964,0.17511403852334084,0.250501135867176,0.18587642266019078
2954,0.1,10,2,0.6932820382491696,0.3680720866797874,0.3641700431783184,0.3186059970094968,0.36903445659224554,0.31432428636988907
2649,0.1,10,2,0.17057043335262903,0.07796180136592638,0.07181650359976754,0.027866396481199207,0.07669925698222424,0.0327491498636559
2263,0.1,10,2,0.1124592536881534,0.049270697094088836,0.07637771237216559,0.06500926120694989,0.08270471459872245,0.07605587910305814
2008,0.1,10,2,0.5477445333332795,0.2908890002087692,0.205800690297879,0.18041075646471713,0.21639276919599115,0.19476134947165055
2049,0.1,10,2,0.09555337479206102,0.052282165420177315,0.1709089600533411,0.15206177581689945,0.185326720614773,0.16647953637833135
1798,0.1,10,2,0.08114342303438761,0.04239418191512477,0.07421258447315138,0.062618683026328,0.0794988232093852,0.06790492176256183
2261,0.1,10,2,0.17024555631084362,0.07087145723525262,0.10155667788707878,0.07228675645438454,0.10788368011363565,0.07281892564225795
2974,0.1,10,2,0.07328114185145311,0.033095140141603814,0.1438030692418122,0.1415616051041303,0.15388858557719035,0.15164712143950845
2945,0.1,10,2,0.5021430027700665,0.23751764183922466,0.24847683204840337,0.22498846937845207,0.26352813300618844,0.24819033895023285
2574,0.1,10,2,0.5051488036550925,0.2706320074937945,0.33068000493485283,0.32273009279544784,0.3450977654962848,0.33275579885170536
2878,0.1,10,2,0.20477217629068215,0.10257438973408743,0.1458515596727653,0.10741181698008864,0.15447448719551374,0.1102399114641536
1432,0.1,10,2,0.11051513082156664,0.0493742048898623,0.12318290164916673,0.09978676628965327,0.1332684179845449,0.10611376851621014
1223,0.1,10,2,0.966363244925529,0.43678468238265483,0.20168635878532,0.17527046520379846,0.20607841329049448,0.17484143370016442
1335,0.1,10,2,0.0972922102251885,0.04980597234989649,0.14714963806664721,0.1334922648108028,0.16156739862807912,0.14574444254232324
1376,0.1,10,2,0.13848392582344396,0.07234583394117165,0.09315416032478184,0.07196766162755544,0.09481050037516793,0.078016056183116
2333,0.1,10,2,0.1421779312708987,0.0722967477895548,0.09291641068187534,0.08555666398794266,0.10098478643753017,0.0936250397435975
747,0.1,10,2,0.3685473288398524,0.1952498342267154,0.09952677507773494,0.05755386242915454,0.11347217673041415,0.07589131858700822
1124,0.1,10,2,0.06866929004487651,0.03600767185961742,0.056256632254573655,0.026059131601388077,0.0663421485899518,0.03614464793676622
1544,0.1,10,2,0.10618223280086238,0.056271763300160094,0.09975857112974068,0.08269411854687607,0.11151250279556722,0.09068953610388132
2680,0.1,10,2,0.4302459807188067,0.22058241050037503,0.052210588453777004,0.036540654869520246,0.047346175039849864,0.026811828041665965
2654,0.1,10,2,0.1714373699033076,0.06602737216970364,0.12107643984937355,0.08225121640149774,0.1311619561847517,0.0923367327368759
168,0.1,10,2,0.14026125394210284,0.07051492442195165,0.09056691023928841,0.08411308790627747,0.10018539320157596,0.08886715745463789
2245,0.1,10,2,0.16306610614180034,0.07838970042486428,0.08815657674385546,0.06569532015757212,0.09291064629221588,0.07044938970593254
2471,0.1,10,2,0.10211069096518421,0.04423919833173066,0.11428385734389934,0.0818203375900422,0.1243693736792775,0.09190585392542036
1697,0.1,10,2,0.03953994635873622,0.019293949274474496,0.07274426730206693,0.05516405488570317,0.08612126437317577,0.06907322114468542
2360,0.1,10,2,0.3856701751082526,0.1943865576617561,0.08876652413606334,0.04624498813035843,0.0945613571747468,0.05203982116904189
2171,0.1,10,2,0.17665578771204038,0.10309245538958041,0.07990202148521072,0.0399740640881613,0.0943197820466426,0.05925623806352032
245,0.1,10,2,0.11755340292102148,0.05538431236050973,0.051580331778092826,0.022584883510113125,0.061133678925597575,0.041691577805122615
2214,0.1,10,2,0.08451398876738526,0.04423821080881185,0.10019026700169965,0.09254858029102678,0.1059851000403831,0.09395135882453576
2252,0.1,10,2,0.08438956903247044,0.03736567119973253,0.14955398678913925,0.14352018011817674,0.1596395031245174,0.15208638513320907
1287,0.1,10,2,0.09839352966271167,0.04758514225344541,0.13590204995578048,0.12801343365122664,0.14598756629115864,0.1380989499866048
677,0.1,10,2,0.08364269376362649,0.04422941584710874,0.17660727104990154,0.1506484502322734,0.1872665175025121,0.15315712807088824
1562,0.1,10,2,0.32448041139247935,0.15298715715997882,0.2866868350592494,0.26925320228314553,0.3006322367119286,0.2783341905218976
762,0.1,10,2,0.1525226433264899,0.07853185599754217,0.07528497630780343,0.05500529535496005,0.08386457642543323,0.06358489547258986
835,0.1,10,2,0.12481545010219416,0.06650108034906117,0.053555210858444974,0.042026376619902786,0.058419624272372114,0.05175520344775707
1091,0.1,10,2,0.9496905143314515,0.4799448810866012,0.2500723165180416,0.2287887326025994,0.2573876274455736,0.2334985326030042
2829,0.1,10,2,0.11812735953798391,0.052242172631890606,0.0504949866478428,0.036160124107343275,0.04673647253902151,0.036160124107343275
2874,0.1,10,2,0.32121938992917654,0.17371856771055802,0.10200349686413794,0.0957485912336679,0.1077983299028214,0.10636451028115987
716,0.1,10,2,0.08665432292836159,0.040294761516199186,0.12848258252193334,0.10676640875613197,0.1385680988573115,0.11685192509151013
466,0.1,10,2,0.16191244760595105,0.08464265939435682,0.030759783078120953,0.012336658067781066,0.030759783078120953,0.012336658067781066
2182,0.1,10,2,0.15281632916660812,0.06927455232961198,0.046462353760784225,0.0403517764758895,0.051326767174711366,0.05008060330374378
731,0.1,10,2,0.11451911699430525,0.0574895728995331,0.07946472733315835,0.06926213391037267,0.08428581334196686,0.07408321991918118
2323,0.1,10,2,0.16500844016130073,0.08013901925911868,0.025298409726522867,0.012314665963717938,0.0312869940029627,0.02316766365408491
2717,0.1,10,2,0.10551120946682312,0.051475354305064426,0.03864136311687235,0.019994834502492287,0.04930060956948295,0.03667801131066492
2876,0.1,10,2,0.8570203200526882,0.4503399378514473,0.33057303698850055,0.3154918958556376,0.3456243379462856,0.33054319681342265
231,0.1,10,2,0.09393811894771718,0.048154662686216404,0.12092767432266127,0.10318570218516211,0.1295506018454097,0.10601379666922708
2411,0.1,10,2,0.13270530392629834,0.05607547502696191,0.03510687631377381,0.0028811173051141725,0.03621277561887967,0.01260994413296846
223,0.1,10,2,0.36014472538786807,0.16108266265764384,0.14395302809147154,0.10945407038384342,0.15257595561422,0.11826496778691051
1690,0.1,10,2,0.10607985869960106,0.04622371271399319,0.14485567299171076,0.12321317078050881,0.15927343355314263,0.13763093134194068
1464,0.1,10,2,0.20842728663381357,0.09876541912523616,0.05749090780797622,0.03894802949187586,0.06328574084665968,0.03894802949187586
675,0.1,10,2,0.09099267271539781,0.03712583907291655,0.15498463483957226,0.13686789505715097,0.1650701511749504,0.1443701047436368
1351,0.1,10,2,0.14765133312707204,0.07787743172109625,0.060919796713987104,0.04742871877414895,0.07053827967627466,0.05218278832250936
642,0.1,10,2,0.11001277809683237,0.0543546576922774,0.06681348196107187,0.06021723820298374,0.07636682910857662,0.07352909945930977
1146,0.1,10,2,0.4740550273856476,0.22826743132112873,0.18195611704059356,0.1585550895328725,0.18571463114941483,0.16220325977612704
641,0.1,10,2,0.16589559863033895,0.07434245394891272,0.05995891920505376,0.0353495130690707,0.07004443554043191,0.053482460334205235
2978,0.1,10,2,0.2689247660974819,0.14354416347416502,0.1754398789395128,0.1564490115520604,0.18499322608701754,0.16071439602332963
2443,0.1,10,2,0.16946898090443124,0.08648205603372486,0.058625044363710854,0.00027761171154266906,0.06441987740239431,0.005540275562352717
1380,0.1,10,2,0.12615596469918341,0.051058711269586145,0.06421336519393211,0.044958770071027276,0.06585123169612978,0.04986082813191062
2242,0.1,10,2,0.09277686832937965,0.04808611701276485,0.09980442027421889,0.08914661423223519,0.11422218083565078,0.10356437479366706
2122,0.1,10,2,0.0939734390743836,0.04408738117026833,0.10699500854061039,0.08353531679688153,0.11332201076716726,0.0898623190234384
935,0.1,10,2,0.16322449445651369,0.07975023405017868,0.03351532528338175,0.023772945643195327,0.03351532528338175,0.023772945643195327
1170,0.1,10,2,0.0775577418756171,0.033514477226125654,0.16188471016934292,0.12871963222613497,0.16821171239589977,0.1394386889578663
2211,0.1,10,2,0.2046631045242234,0.10386874625598104,0.047388295998960245,0.02816907610406959,0.0599332275616121,0.04500469096341614
2481,0.1,10,2,0.14725118551669425,0.06965295138478493,0.0388028995849616,0.02475808376602165,0.0494621460375722,0.036347749843388566
2833,0.1,10,2,0.16974674303641343,0.09394692366297781,0.12734222774048773,0.07487683697905974,0.13596515526323616,0.0791077099966337
672,0.1,10,2,0.08016823228839158,0.03558390529633842,0.0851762392147556,0.06821912521094517,0.09432956944961784,0.07790462463368081
2861,0.1,10,2,0.10635183300058125,0.04964124693938871,0.16114183108423785,0.15450253231521904,0.17555959164566975,0.16892029287665095
190,0.1,10,2,0.47228138921781665,0.2506598416631179,0.10508348542385797,0.06603954818092289,0.11141048765041484,0.07612506451630105
1604,0.1,10,2,0.12408132287655568,0.06090825520691487,0.1577122253091494,0.12531726412591998,0.1721299858705813,0.13973502468735186
270,0.1,10,2,0.10591891289494422,0.049403709072699725,0.1444434937828793,0.13499120782835083,0.1588612543443112,0.15263531331073063
1391,0.1,10,2,0.3014646609998413,0.14679354802077485,0.22282321292091878,0.2020477089939689,0.24163302798752512,0.22665235709925868
720,0.1,10,2,0.32507666808464564,0.1715586975946039,0.05801209664826565,0.053724713024615664,0.06756544379577038,0.0632780601721204
211,0.1,10,2,0.0866446008591797,0.043488004890437394,0.21106902445516346,0.19011113546404762,0.21803906495377584,0.1878247080435584
1935,0.1,10,2,0.1493634159024786,0.06853925794666267,0.11407002069035072,0.07711515377471873,0.12322335092521297,0.08885179065847333
2108,0.1,10,2,0.1182463147216874,0.058552832618871446,0.09065106526869986,0.07870474676208591,0.09869849619845625,0.08659503212794405
2924,0.1,10,2,0.13297643715538623,0.05896336051289028,0.040238368639347544,-0.022388020771773876,0.034443535600664085,-0.022388020771773882
2504,0.1,10,2,0.08186649746072754,0.03951195056433223,0.10028910312588112,0.09198493577181695,0.10504317267424153,0.09983505286181368
805,0.1,10,2,0.6052854959413901,0.3092202331072024,0.1816728880715413,0.1671137962514355,0.19892984003306405,0.18561945742307773
2100,0.1,10,2,0.21344514145025423,0.11882785353187288,0.1011498181261188,0.09079446990437504,0.10255259665962779,0.08780519393270957
1166,0.1,10,2,0.1690138197235584,0.08482906009208258,0.12162842760726499,0.10085485388551813,0.13604618816869687,0.11527261444695001
475,0.1,10,2,0.08491794359109026,0.04068347932920255,0.12286083345900499,0.10864011099433067,0.13727859402043688,0.12106220502916729
1925,0.1,10,2,0.1198064938294047,0.06214618839624681,0.0646309295682084,0.05452343148079436,0.06857682150155422,0.05407726890896572
2922,0.1,10,2,0.1084709340542715,0.05543809503381018,0.04745718326929982,0.029178375741382434,0.04862269086274479,0.030343883334827404
1039,0.1,10,2,0.1550932667789602,0.07720503327220737,0.0922384914499592,0.07802859898288739,0.09846544608154863,0.09016391668920218
1747,0.1,10,2,0.16580056710156918,0.09409851578457043,0.04137575527521697,-0.022923183273110707,0.04341207420507914,-0.01283943341349214
2632,0.1,10,2,0.9728828909186583,0.47295102462440325,0.1861343564237306,0.12637053011561572,0.19052641092890507,0.13023041543291677
2836,0.1,10,2,0.12628576628579152,0.0671222661275286,0.035832189444485185,0.010973573135816761,0.03743396813932469,0.012575351830656264
1299,0.1,10,2,0.10116257907196294,0.048765883265395944,0.12294255149016013,0.09888746827041799,0.13736031205159202,0.10844081541792273
2287,0.1,10,2,0.12586681537186148,0.061450110239521245,0.2026328201400277,0.18505251067616224,0.21705058070145958,0.194605857823667
1565,0.1,10,2,0.1263037266916025,0.0565278519655633,0.06049744160729919,0.04960923359107074,0.07011592456958674,0.05436330313943114
776,0.1,10,2,0.15937875494431167,0.0719973196662187,0.08172664079567896,0.06143172453748585,0.08805364302223583,0.06336095289239763
1430,0.1,10,2,0.08615620376335632,0.03648615277528495,0.14413528668704642,0.12677589389182756,0.1585530472484783,0.14548433774995412
1415,0.1,10,2,0.12445694964211773,0.05764449062225652,0.04616420310576071,0.039769549819289714,0.0542116340355171,0.051575494857867395
1206,0.1,10,2,0.3076759069972678,0.1583656779000749,0.31089246349151756,0.2717898212231935,0.3297022785581239,0.29499169079497434
888,0.1,10,2,0.09455445139966405,0.047365697219527186,0.09602878843251343,0.08331948888795132,0.10205870943988556,0.09271627773253263
297,0.1,10,2,0.11592504044438526,0.06325955303446876,0.08560289192982981,0.07641394066797047,0.09626213838244041,0.08220877370665393
336,0.1,10,2,0.21856481692946655,0.09614431113388551,0.023630893571520314,0.013931838262990225,0.020387107836220258,0.017743941046319055
382,0.1,10,2,0.05684307721303429,0.03084693075813175,0.048715135625747,0.038616862305998735,0.053005818922441696,0.04666605971151471
2190,0.1,10,2,0.061373653118398944,0.03002282506031938,0.11424562113644261,0.10954545836551033,0.12386410409873017,0.11930779895056084
2247,0.1,10,2,0.07378508738395116,0.04051374008947368,0.07414586822445221,0.061110128086488524,0.07780124464903415,0.06413196411471729
2453,0.1,10,2,0.10869391783378955,0.052329900740683825,0.11953373059458797,0.11234665081620294,0.12435481660339648,0.11638660182510452
882,0.1,10,2,0.09657248935674335,0.05519640478303648,0.08539466010203413,0.07916882308100948,0.09548017643741229,0.08569433757312413
1672,0.1,10,2,0.10104449189801341,0.041771241972942186,0.04675741202469107,0.01979708163594315,0.04996893841448218,0.03168957935184383
2976,0.1,10,2,0.20527980235815002,0.09989801253196297,0.10501508049017705,0.0843231678625497,0.11027128330816274,0.09401746195573343
1025,0.1,10,2,0.08891900340135099,0.04709139997629952,0.08852514053208473,0.08766637901393766,0.09861065686746288,0.09399338124049453
67,0.1,10,2,0.15559731468793708,0.07799017490747542,0.10627034694393034,0.03165585632226359,0.11964734401503918,0.04450068420549902
1122,0.1,10,2,0.17461282970998396,0.09132246015903595,0.0507477862617078,0.03238180088009056,0.06093467380556572,0.0527555759678064
2675,0.1,10,2,0.13726693740820686,0.07596743326837534,0.12580266795142064,0.09192828018494928,0.14022042851285252,0.10001903851982427
2529,0.1,10,2,0.11895939814233665,0.05491628880130158,0.06206791602490025,0.03366698862237105,0.06688900203370876,0.038488074631179564
2894,0.1,10,2,0.2635631975257529,0.13470332364893492,0.10743907164519444,0.09610784748654985,0.11809831809780504,0.10720982170834013
1493,0.1,10,2,0.1836783339361078,0.09395574815815043,0.16997426338907326,0.15470923655695926,0.18445183422962588,0.1662934136008457
2164,0.1,10,2,0.07683363866231176,0.03836822031593254,0.07719629862606814,0.07248416558027182,0.07947740539110293,0.07485342958053728
1830,0.1,10,2,0.2348291440409665,0.09985532384749865,0.07281810272701351,0.06541860936504547,0.08606065582851645,0.08161232779345307
1390,0.1,10,2,0.6912588809263416,0.34541441242974247,0.34103062938372897,0.3175202084344559,0.3468254624224124,0.3157290066290844
430,0.1,10,2,0.08938504868629436,0.04013667383744388,0.027170308779145846,-0.00038100299541703533,0.018547381256397422,-0.00038100299541703533
596,0.1,10,2,0.09187687574491259,0.0446009811404224,0.08149732266034504,0.06943559389242121,0.08782432488690191,0.07576259611897808
2067,0.1,10,2,0.11944488272456366,0.05294854356641624,0.07053016297898565,0.037722881322045654,0.0801486459412732,0.042476950870406066
2839,0.1,10,2,0.10376001148752692,0.058867613326519574,0.09817665281063026,0.08806734979675462,0.10450365503718713,0.09439435202331149
526,0.1,10,2,0.16891055314792022,0.06731669522176335,0.05510060248117703,0.046462992490774346,0.06425393271603927,0.05075190931170945
2910,0.1,10,2,0.09482934953560941,0.05110405176967448,0.05939517553003104,0.058912802886091284,0.06368409235096614,0.06320171970702639
2434,0.1,10,2,0.31125319337674173,0.16512821826940027,0.2451355002243073,0.23107370114696382,0.2581504822522302,0.23829385013620327
2391,0.1,10,2,0.38127874599823175,0.1981018294727562,0.10175283367264971,0.05971988163027916,0.11569823532532891,0.07805733778813281
2958,0.1,10,2,0.08365745875416936,0.03911261985373097,0.026766053527029564,0.00036710468962668913,0.03742529997964016,0.02017968137709953
688,0.1,10,2,0.31991623145977294,0.13686046518321535,0.05150729175173438,0.040672980679106976,0.06216653820434498,0.056196640545644716
1162,0.1,10,2,0.10676977900686226,0.05686094116204858,0.0660612136327131,0.05450358087900521,0.0745737972898948,0.0667746786450082
2554,0.1,10,2,0.08376957177065676,0.03755456336707687,0.09128644684944742,0.07716158374623827,0.09761344907600429,0.08348858597279514
489,0.1,10,2,0.07528745142602161,0.03874378911551718,0.10344665756031701,0.09411420620511501,0.11353217389569517,0.10419972254049317
1864,0.1,10,2,0.11305737273743079,0.05868837998928459,0.05554745704342866,0.05338142571708336,0.061342290082112116,0.05917625875576682
1461,0.1,10,2,0.6891652854823302,0.36465518938012415,0.1962810034587115,0.1451684626131864,0.2140500550349948,0.166696028298291
2151,0.1,10,2,0.14714779187605606,0.07425354448034306,0.07998236624214122,0.07048143160872905,0.08484677965606836,0.07008318117184614
1022,0.1,10,2,0.27474191313096835,0.14039319443379392,0.20006472465536101,0.17425433691092077,0.21887453972196738,0.19553498451230172
1988,0.1,10,2,0.135183924313152,0.07169833288896692,0.07131722584983013,0.056925850000766186,0.07114793571215915,0.05681169689767953
2152,0.1,10,2,0.12839705347104924,0.05545005089848544,0.12999819145489583,0.10974867660002768,0.14441595201632773,0.1284553539823947
2726,0.1,10,2,0.07473741698868028,0.03693925712324503,0.10216744072425361,0.08740691266641647,0.11282668717686421,0.09320174570509993
2350,0.1,10,2,0.0841146303586518,0.0416071248177846,0.07202202966722021,0.05601224551236529,0.08210754600259836,0.06406144291788127
1709,0.1,10,2,0.5711930954767788,0.31827916361382136,0.3861900734944585,0.29964865514068206,0.40499988856106484,0.31300412864064786
1993,0.1,10,2,0.10605122367298858,0.0571212822375572,0.09495519895113792,0.08069614621076014,0.10018162740825103,0.09395974053336523
1582,0.1,10,2,0.09421821523024453,0.044708956246414855,0.1857976541028139,0.13350752339514968,0.19763210801535347,0.1457039923508752
1097,0.1,10,2,0.09070258380983558,0.04596190495273096,0.086569810698097,0.07897437668112926,0.09289681292465386,0.08530137890768613
697,0.1,10,2,0.18658666565134766,0.0856208121008467,0.07185246653624111,-0.005007425767184381,0.07278288616099743,-0.005007425767184381
192,0.1,10,2,0.07443770094562059,0.035779578664219616,0.05504392765901819,0.03500111743589333,0.06379128700088241,0.04171215784789537
1009,0.1,10,2,0.13112916997266513,0.06873431931673053,0.11405481612535515,0.07923126881178028,0.12038181835191201,0.07976343799965369
990,0.1,10,2,0.23147962274301315,0.10738973633895416,0.09899231050296997,0.05572694599034961,0.10854565765047472,0.06528029313785436
1498,0.1,10,2,0.5182407492341246,0.2684897139098184,0.16937271601326642,0.1637978825486488,0.1881825310798728,0.1803152741002797
851,0.1,10,2,0.11974478718862057,0.05165809612631376,0.05082991381675632,0.022113563906907933,0.05662474685543978,0.022113563906907933
2715,0.1,10,2,0.09711611237850809,0.046200311765222005,0.1655726044613925,0.1290314964578871,0.1799903650228244,0.14720777112814032
1324,0.1,10,2,0.19696676277056868,0.09766896921469574,0.0569611361717408,0.03678614187490265,0.06500856710149719,0.04859208691348033
2474,0.1,10,2,0.11773440770169126,0.05418395308129602,0.07536330824726267,0.06951904257614132,0.08193333183323258,0.07395539287183617
791,0.1,10,2,0.08958643001893721,0.04268660703977123,0.12431746236445806,0.10569052686768582,0.13873522292588994,0.1201082874291177
2084,0.1,10,2,0.17581178291414054,0.06917359315732201,0.06832727389247625,0.0467937734456698,0.0682241362082369,0.04653296436624266
2676,0.1,10,2,0.12312414151872826,0.05956957652300801,0.07848011272799879,0.03009833483985508,0.08289550984165861,0.0345137319535149
1592,0.1,10,2,0.4148828328248226,0.23049297917873238,0.08909707681340714,0.056804515161482626,0.09348913131858161,0.07034269372019197
2837,0.1,10,2,0.08012531828726953,0.043617709585869115,0.056067171557381786,0.051168619026030815,0.06411460248713817,0.06297456406460848
1821,0.1,10,2,0.08820866613522893,0.03643395790960976,0.06186081200313552,0.04343220513330661,0.07252005845574612,0.05895586499984435
1489,0.1,10,2,0.22561443354384425,0.11312809088928667,0.06252242790649754,0.04253631835036879,0.0643214758962957,0.04394481640973138
2911,0.1,10,2,0.19666794869968157,0.09576507475828251,0.1483540530974494,0.14470426443514814,0.1656579519463074,0.16414948004920596
275,0.1,10,2,0.388325069871865,0.16808885553269276,0.2084752535946241,0.200253586319053,0.22728506866123044,0.21906340138565933
494,0.1,10,2,0.07420742498732591,0.035799177461006505,0.12342032174939863,0.10031453904788941,0.1297473239759555,0.1099006240802472
884,0.1,10,2,0.23115579514805995,0.12008092721929159,0.10547589492692161,0.10547589492692161,0.1097665782236163,0.1097665782236163
1453,0.1,10,2,0.17145654370898397,0.08564974524192855,0.04207053554978425,0.011610798212378433,0.04207053554978425,0.012142967400251843
1109,0.1,10,2,0.19417913237493645,0.08378882469298163,0.04993390361506572,0.048955289551577505,0.05485792531733198,0.05207802527199891
1793,0.1,10,2,0.12284957732152568,0.06665723844529445,0.04495962783723566,0.028948262611888445,0.05423436731374409,0.046373570702392626
2960,0.1,10,2,0.4553140892230091,0.20744566395170003,0.3247710829115528,0.2763511003568899,0.34358089797815916,0.29516091542349626
2685,0.1,10,2,0.2107129112433693,0.12244235685569163,0.037465618776481344,-0.01645507803625179,0.02884269125373292,-0.01645507803625179
2026,0.1,10,2,0.11437725534287858,0.06382020286626479,0.09924615617456145,0.08025889306741879,0.10933167250993961,0.09034440940279695
1120,0.1,10,2,0.11081729309600737,0.05653948558560911,0.1156715017878797,0.0985124030024376,0.1263307482404903,0.11403606286897533
1849,0.1,10,2,0.06789303942350594,0.030541774243634166,0.10642291960755497,0.08472919044065819,0.11708216606016557,0.0963188565180251
1418,0.1,10,2,0.14183904918208004,0.06390008965675066,0.07399092664054008,0.03905134325855292,0.07568860342185846,0.0407490200398713
2625,0.1,10,2,0.14053469584193015,0.07381888955412327,0.07707582371538496,0.07655802133468953,0.07873216376577105,0.07821436138507562
850,0.1,10,2,0.08815360318364157,0.04387554325275216,0.07740404748113636,0.0718035712781609,0.08702253044342392,0.08628646765437561
2547,0.1,10,2,0.14861295761283336,0.06766116560270581,0.05293777587133169,0.04069330575451372,0.05880202497243322,0.04655755485561525
1332,0.1,10,2,0.07861734992572687,0.038406723138791295,0.11195528920548359,0.09912264267421514,0.12157377216777114,0.11132443228539504
1488,0.1,10,2,0.09079019692443475,0.041751353735204014,0.09951725306728722,0.07761735780703782,0.10041143729834659,0.07849752445116945
844,0.1,10,2,0.14206236829058946,0.06746348638206387,0.04574591769634728,0.030724030258969307,0.050034834517282384,0.035012947079904405
1030,0.1,10,2,0.11647508878331576,0.06265852443777273,0.04887244658393505,0.011064225989345332,0.05953169303654565,0.02751830548063939
2901,0.1,10,2,0.6466087202879321,0.3385219230240112,0.31320692996789296,0.3099391572977237,0.3276845008084456,0.3244167281382763
1247,0.1,10,2,0.08154795596378651,0.04199755918489973,0.04557715116285444,0.02980400183830427,0.050459836134188404,0.038445200918459516
1817,0.1,10,2,0.21078583807350512,0.10269309190791705,0.061987942191790164,0.039414689901176816,0.07599847965925217,0.06121601638583879
2417,0.1,10,2,0.13091926847780902,0.06053078895110879,0.14994486329893864,0.13733012105671594,0.1643626238603705,0.1517478816181478
741,0.1,10,2,1.12043604429273,0.5300386882849827,0.1132548113652396,0.05609778706911869,0.11272264217736619,0.06418854540399371
371,0.1,10,2,0.11549943266866743,0.05685592838511718,0.10508929206807713,0.09410733357367355,0.11517480840345529,0.107951364017873
113,0.1,10,2,0.06062830105133714,0.03218703183313714,0.09464617345125316,0.07575397892736774,0.10473168978663132,0.08208098115392462
2669,0.1,10,2,0.3349272767196202,0.16130169764941815,0.05805809421820686,0.04361294078389043,0.06248211447730034,0.05290137445691105
693,0.1,10,2,0.10152403414018166,0.04578329012729735,0.11845146970164458,0.10976059984927808,0.12853698603702274,0.11984611618465624
1950,0.1,10,2,0.12125633377580038,0.06138359799506659,0.06363022989542466,0.043303084022018885,0.07318357704292941,0.049097917060702344
2825,0.1,10,2,0.09301677954829757,0.03627818199665582,0.08793359185421235,0.07719604232031824,0.09426059408076921,0.07772821150819165
1158,0.1,10,2,0.19702654948732565,0.11367216589851263,0.12967508057806143,0.10299025795990073,0.13970078663431884,0.12065551819747439
367,0.1,10,2,0.18341341555450572,0.09500650300530045,0.08122502815145966,0.06594316262405583,0.08215544777621597,0.07173799566273929
680,0.1,10,2,0.663341420472211,0.3464869309289199,0.28352151653856883,0.2724187539427783,0.2985728174963539,0.29122856900938465
69,0.1,10,2,0.09710778945080702,0.0526054195732376,0.08797707029598745,0.07409397132237833,0.09430407252254432,0.0804209735489352
2525,0.1,10,2,0.3557506327812241,0.1765680257341477,0.07525029375425618,0.020850821880865567,0.08480364090176093,0.030404169028370315
2581,0.1,10,2,0.6669827943024108,0.3536154516993755,0.2913170169400722,0.2795721111754651,0.31012683200667857,0.30277398074724593
2701,0.1,10,2,0.08867014526090862,0.04342263321059731,0.13417714282341747,0.12520362701529372,0.14859490338484935,0.14075985642568917
605,0.1,10,2,0.07828170962263083,0.04031228492821117,0.08889646951656721,0.07954568975377234,0.10180831386025074,0.08759312068352873
864,0.1,10,2,0.12111506907590551,0.05781018761248724,0.059451405547142455,0.053768081083905836,0.061107745597528546,0.055424421134291926
2209,0.1,10,2,0.069183740258724,0.03586159719786667,0.11155886847024254,0.10229156170549826,0.12597662903167442,0.11724149145480353
513,0.1,10,2,0.11554420021183667,0.05643813790988954,0.0856418895887776,0.06914060099180937,0.09196889181533445,0.06967277017968276
2414,0.1,10,2,0.16690305465633715,0.07291738048605015,0.03549411193988714,0.022379066878132604,0.03719178872120552,0.024076743659450985
1667,0.1,10,2,0.18694580809747877,0.10445334571782637,0.11481433375966954,0.0923585368095492,0.1303094847522454,0.11271810121605222
2648,0.1,10,2,0.3150977634537226,0.16825369029751933,0.0843550884977925,0.020771027058231917,0.08488549120990632,0.025059943879167032
2407,0.1,10,2,1.1850803801341738,0.6078309755752647,0.21643329254066668,0.09253889642432266,0.21690565144941934,0.08732855273352896
628,0.1,10,2,0.2362245603257576,0.1081225241793961,0.05125195093661678,0.00528356638687328,0.05929938186637318,0.017089511425450968
1537,0.1,10,2,0.13390050228323896,0.0495675963594667,0.05477400179021464,0.0364623589359479,0.05952807133857505,0.04468819443431599
1130,0.1,10,2,0.2644318988329425,0.13896959814683127,0.23310545937428817,0.21658395344393966,0.24815676033207318,0.23114086884816995
2445,0.1,10,2,0.2557273706021666,0.10218179504961726,0.15435812240532648,0.1476701662630857,0.17316793747193282,0.16647998132969205
2216,0.1,10,2,0.33895336253914093,0.14733697032510748,0.0702553283247235,0.04497678186225264,0.07605016136340695,0.0517020345256924
101,0.1,10,2,0.09256814603968247,0.047777758903255266,0.10551928386219034,0.0980436047865111,0.1156048001975685,0.10812912112188926
1445,0.1,10,2,0.13181355611174542,0.0658479741348057,0.03279811330672591,0.02111824927456584,0.03766252672065305,0.030847076102420122
549,0.1,10,2,1.327203930498503,0.6013320833695713,0.1423468629808858,0.06524909574697904,0.14287903216875922,0.057741767395820445
415,0.1,10,2,0.1090802627467202,0.04990831176727321,0.047565661372593784,0.04716732397804338,0.053554245649033605,0.04908816962965687
1365,0.1,10,2,0.08490029860350667,0.04073725754390857,0.08637691028800278,0.06350750784844564,0.09703615674061337,0.0774542190227496
2873,0.1,10,2,0.16908439388010466,0.07644482940236488,0.12638522461899454,0.11881701679918336,0.14086279545954714,0.12827276658813314
1942,0.1,10,2,0.17242608046403643,0.08853530460532112,0.09226747114600753,0.08619312416008698,0.10517931548969106,0.09650615078402433
746,0.1,10,2,0.06870448413001944,0.03471792670206758,0.08928423170387897,0.07763215839983989,0.09561123393043584,0.0781643275877133
1428,0.1,10,2,0.26055114266596585,0.12767815082146408,0.14050990596229912,0.11715169273376956,0.14567119860462938,0.11792093087092535
429,0.1,10,2,0.47793913234932417,0.24373381895932114,0.17550532067102204,0.1673503032087863,0.1884096863012044,0.18025466883896868
2749,0.1,10,2,0.12849569426186716,0.0542771159524137,0.015752786183820165,-0.013758994404147344,0.016683205808576483,-0.0021693283267804273
1159,0.1,10,2,0.48701606590601526,0.25937507674340876,0.3608207008221446,0.35545431166891966,0.37963051588875096,0.374264126735526
514,0.1,10,2,0.396099022381878,0.2017444251618335,0.2290673731677133,0.22447527958067934,0.2420823551956362,0.2316954285699188
1001,0.1,10,2,0.12683278261333206,0.05266311728975838,0.12005444532293832,0.08990278466994736,0.13343144239404717,0.09512921312706046
2383,0.1,10,2,0.0898764961626477,0.03880090982395888,0.08978990446400094,0.06854069553621667,0.09454397401236135,0.07768681958975153
896,0.1,10,2,0.10447977906720006,0.05348997144875262,0.11956333704281313,0.10484236011719449,0.12818626456556156,0.10767045460125946
603,0.1,10,2,0.27118810827441053,0.13355412856469076,0.026018429087371887,0.0073629931362652785,0.034641356610120314,0.02341720199186284
424,0.1,10,2,0.07452491985385137,0.03574825039961743,0.08136738035484721,0.07224714325080692,0.08716221339353067,0.07426358422281665
606,0.1,10,2,0.07304662074775249,0.03415888911199577,0.05704068010634132,0.04979925827056098,0.06196470180860758,0.05096476586400595
2970,0.1,10,2,0.09185578008551225,0.04605039838592912,0.07424819624093842,0.06035868585498367,0.08386667920322596,0.0699771688172712
178,0.1,10,2,0.631182637036227,0.33086380104414104,0.32679460114051956,0.2888609920323866,0.3456044162071259,0.3076708070989929
2778,0.1,10,2,0.16868817634897176,0.07911948819445544,0.07031257328062565,0.06938268762305988,0.07346644588829704,0.07000427704068835
1219,0.1,10,2,0.13190567339952292,0.05995698407102236,0.08678189322951982,0.06661393919984955,0.08843823327990592,0.06387822474506119
959,0.1,10,2,0.3330725175008975,0.18591389845664233,0.06921753614013403,0.053088392947784994,0.06810037960852108,0.05133769601981888
1684,0.1,10,2,0.0851990349354719,0.04243198601519071,0.11107764771609148,0.10276275664844584,0.11687248075477495,0.10416553518195486
559,0.1,10,2,0.10065411350832543,0.0542347143216192,0.110838854652798,0.10551185566497748,0.12092437098817616,0.11559737200035564
2667,0.1,10,2,0.10656425220426137,0.05349024084563389,0.04534528967600967,0.03197272439857388,0.05825713401969321,0.048643082851078705
685,0.1,10,2,0.12836379733735126,0.050022475861183247,0.04753033277040551,0.039140595515002125,0.05356025377777762,0.04511934182756724
1317,0.1,10,2,0.07628902887138085,0.03370654662372666,0.14945663123603892,0.1242771822378853,0.16387439179747082,0.1372846039752026
274,0.1,10,2,0.44179678388934307,0.24003493642589013,0.06500743339486309,0.05213915493747038,0.06564097379121626,0.049014181225002264
1165,0.1,10,2,0.09257783458606754,0.04523659198493053,0.07551734229965182,0.05702819471971793,0.07721501908097021,0.05872587150103632
973,0.1,10,2,0.20118913058071414,0.09898940038269446,0.09255031996757984,0.08717872520054652,0.10112992008520966,0.09352002972885075
2485,0.1,10,2,0.20464420248193038,0.10617881239985454,0.11627163403791572,0.11024567303180118,0.1225986362644726,0.1190712501230824
2198,0.1,10,2,0.09807942737865993,0.04537505810162381,0.01970234037686734,0.006336282239516169,0.028237135309165037,0.017072531602971366
446,0.1,10,2,0.12791548970884925,0.06116750080414004,0.12089055188649045,0.11221825406276764,0.1309760682218686,0.1223037703981458
2145,0.1,10,2,0.19193416473387312,0.09316778196343473,0.07184872279691792,0.042721764950354846,0.08250796924952852,0.048516597989038304
1742,0.1,10,2,0.16812288971121273,0.08525510064322597,0.04094597901952875,0.0162887745209742,0.04157951941588191,0.025072883531323108
1322,0.1,10,2,0.17003103187300325,0.08039896984389108,0.03732223879390187,0.022351001857937605,0.03872501732741087,0.033033091997852135
2783,0.1,10,2,0.049109189842268995,0.02680385199835125,0.12118645402933775,0.09682221289378773,0.13560421459076963,0.10637556004129246
659,0.1,10,2,0.13874609208667207,0.054718918792784364,0.03546343460072055,0.015402275816759969,0.04032784801464769,0.02160955249504033
1675,0.1,10,2,0.10960040156341737,0.048260078296168574,0.028966122208526242,0.003719796656199495,0.03851946935603099,0.022826490951208984
2162,0.1,10,2,0.8994979125297572,0.4536174277080784,0.26203960736989707,0.23848359669803643,0.2755849921099338,0.2568933948520003
175,0.1,10,2,0.5694261611108151,0.3106490518725663,0.304117936665316,0.2613851178731489,0.32292775173192234,0.2839534470485765
1254,0.1,10,2,0.3213349404791332,0.17489538193186321,0.3118116552452554,0.2575731439783402,0.33062147031186173,0.27638295904494653
447,0.1,10,2,0.09310539341477712,0.04730734154234688,0.09122940256147907,0.07093128147262268,0.10564716312291095,0.08052795602524604
1477,0.1,10,2,0.24001768480668437,0.11962525623129369,0.10477427466028216,0.09242442705961591,0.11632357778630342,0.10450589937351057
2055,0.1,10,2,0.14910307215296578,0.07694268204042667,0.12277469547305975,0.07920829324275763,0.1328602118084379,0.08929380957813579
2180,0.1,10,2,0.11010219004593316,0.057078015304194187,0.047741595852601286,0.01714730053111474,0.054567265678377566,0.02397297035689102
1216,0.1,10,2,0.19362349585221514,0.10328160907506148,0.05637355048925799,0.033335060998431226,0.04722742643572312,0.025493597448609972
1193,0.1,10,2,0.3477507603866053,0.17133145937527253,0.057165222129315046,0.03860678129487534,0.05920154105917722,0.0444016143335588
943,0.1,10,2,0.09593307863379943,0.05156128340089456,0.0765749995071751,0.05922117072777699,0.09099276006860699,0.07002592994440954
1192,0.1,10,2,0.1558525563758134,0.06408935827682707,0.038473903160014575,0.01616662346098768,0.044800905386571444,0.02249362568754455
1215,0.1,10,2,0.20421311371701703,0.09714966156378677,0.042350099077713144,0.02506005483999409,0.047214512491640284,0.02992446825392123
1148,0.1,10,2,1.4464803158844868,0.6599078636389201,0.16372198903202057,0.10221605532256547,0.16261608972691471,0.10597456943138675
1427,0.1,10,2,0.12244565203729606,0.06677626379640465,0.11586393312967147,0.08635047400854494,0.12541728027717622,0.1045267486787981
2079,0.1,10,2,0.4667746877250835,0.24646886565679013,0.055831596555944024,0.01609494676653235,0.06601848409980195,0.030673888815564737
1748,0.1,10,2,0.07493713304633604,0.039952256208905204,0.15551480409175847,0.1366172607335402,0.16993256465319034,0.15103502129497207
558,0.1,10,2,0.10918993519161309,0.048098706556208744,0.09809932685008348,0.08310142808821461,0.10389415988876693,0.08758600445193482
724,0.1,10,2,0.08799274399812186,0.03989945201007051,0.041810790003371734,0.041810790003371734,0.042976297596816704,0.042976297596816704
1145,0.1,10,2,0.07273478451067783,0.03391048887515965,0.07468978073221161,0.054193846875924954,0.08101678295876848,0.06480976592341692
831,0.1,10,2,0.12357425436401276,0.06321375217702296,0.07088871983166205,0.05380857333919043,0.07940130348884375,0.06607967110519342
2054,0.1,10,2,0.09534957083839152,0.03918954491815923,0.02787863315548569,-0.003482982440656226,0.037667068271679094,0.014928380198285601
2044,0.1,10,2,0.11096127133356791,0.04729233510194795,0.07196213514568872,0.04841553904486291,0.08158061810797627,0.0628984354210776
2222,0.1,10,2,0.09383642968071375,0.05058529901434357,0.11550250958248563,0.10416129920946914,0.11743745730386805,0.104712965655846
2418,0.1,10,2,0.16827243074972897,0.09368427368978775,0.11135807986326673,0.0753780419656947,0.1257758404246986,0.08979580252712657
380,0.1,10,2,0.39892660042863093,0.20478215606168332,0.3121253962454889,0.28775301589366936,0.33093521131209525,0.3104227162775768
1285,0.1,10,2,0.16696983457345696,0.06933901088524382,0.07236172921492805,0.029050401459098707,0.08151505944979029,0.037038224100515965
1288,0.1,10,2,0.10506717549055795,0.049374979541557944,0.038078336146080916,0.03406154888066665,0.043873169184764374,0.03655083870593445
2219,0.1,10,2,0.1053230601835316,0.055893662314756724,0.07695318102277676,0.0581723301018262,0.08274801406146022,0.0581723301018262
1746,0.1,10,2,0.07478284157853385,0.03805553634295435,0.09488062140688737,0.07396610557073341,0.10553986785949797,0.07976093860941688
80,0.1,10,2,0.05758398148111084,0.028527340164988733,0.06878861460709551,0.05507267509811276,0.07048629138841389,0.05677035187943114
1045,0.1,10,2,0.06434310072715291,0.02922569945048849,0.06947718717900142,0.05585703523920205,0.07376610399993652,0.060145952060137155
1236,0.1,10,2,0.15574863016945278,0.07787485357610692,0.1218367070716346,0.09611236410698787,0.1356399941027026,0.11853857866080429
1055,0.1,10,2,0.08838189236038126,0.043045756422748264,0.15996624776276036,0.14829299524862777,0.17005176409813852,0.15837851158400595
915,0.1,10,2,0.08171272247065364,0.04085089983902012,0.07781750016308764,0.05654542136071928,0.08263858617189615,0.06136650736952779
414,0.1,10,2,0.12443982425163458,0.07011647339535039,0.06614935501595325,0.05559014762847881,0.0730233449615403,0.05995922238124881
2184,0.1,10,2,0.11668321571708616,0.059250363180968255,0.14159445899333106,0.11753631216722155,0.15601221955476297,0.1350695485654192
2109,0.1,10,2,0.37736130008180785,0.2046597892682614,0.28605681504611313,0.27633420108137235,0.3048666301127194,0.2914510149105388
24,0.1,10,2,0.14107851254426476,0.07219875320427867,0.04532404925298976,0.012545822606914878,0.05400678705485891,0.016836505903609564
967,0.1,10,2,0.1305661868656529,0.06603815672287956,0.08137796123164787,0.06374357773439115,0.08995756134927765,0.07232317785202094
1441,0.1,10,2,0.5594361176488675,0.289521311287875,0.04736680741163469,0.02912368611859501,0.04449834997622405,0.032050061721867834
2121,0.1,10,2,0.09358974507675885,0.045279389242114346,0.060956639203352814,0.050897758124523226,0.07386848354703635,0.06380960246820676
1966,0.1,10,2,0.09219448126608892,0.0471405817363067,0.15145671291887275,0.14114238683869304,0.1658744734803046,0.15814345404901722
2267,0.1,10,2,0.06043423230721109,0.02827438643108589,0.12149562351936745,0.09265005006064633,0.12343057124074985,0.09019294327685427
1618,0.1,10,2,0.13956634156053743,0.05869723459628318,0.07842447160452698,0.03669665806894322,0.08475147383108385,0.03722882725681663
2316,0.1,10,2,0.07523126311444839,0.03611024923827185,0.09895545843282727,0.08295741210479832,0.09948762762070068,0.08300806464515492
841,0.1,10,2,0.19713427439413136,0.09625206998969711,0.07213694339381216,0.04373583847870815,0.08279618984642276,0.048068082704761886
34,0.1,10,2,0.12498360640585936,0.05490064172320073,0.069711214938388,0.061901674857535276,0.07979673127376614,0.07641002456057316
729,0.1,10,2,0.08479108457531763,0.040644268682569124,0.06883778621134949,0.0516959547532802,0.07463261925003295,0.054907576410906274
2637,0.1,10,2,0.6968273781674764,0.37110000262234294,0.3898315437207063,0.3056427435237255,0.3946959571346334,0.2983705031412555
1692,0.1,10,2,0.09709503345894557,0.04906654733147412,0.058226913449487674,0.04540891049592197,0.06777959982723103,0.05982601028759246
614,0.1,10,2,0.0867596372789128,0.03671280544791613,0.08539017730321663,0.07064661137702384,0.0917171795297735,0.08276844664226417
2888,0.1,10,2,0.6940808780337197,0.36261815653677504,0.26603839945557595,0.22806394325967486,0.2767574561873073,0.2387829999914062
2537,0.1,10,2,0.12135469342312583,0.061314052105418085,0.1123079356035236,0.08692686174287179,0.12239345193890175,0.09121754503956647
1765,0.1,10,2,0.12374534919825217,0.06391177793289968,0.10572107969855016,0.0819159863999504,0.12013884025998203,0.09633374696138228
725,0.1,10,2,0.14142629367428847,0.0867266740572738,0.07946752792602041,0.04935664121893013,0.08150384685588258,0.06094630729629705
1890,0.1,10,2,1.141328585436025,0.551252083799331,0.24657581677127371,0.2169202316412537,0.24657581677127371,0.2136936847295242
1822,0.1,10,2,0.11742248682852832,0.05130349195681868,0.02562727295596283,-0.0035255969558706524,0.027663591885824998,0.008064069121496258
145,0.1,10,2,0.370751002619093,0.19505014540836807,0.3077442536562684,0.2986583366099955,0.32655406872287474,0.31746815167660186
2700,0.1,10,2,0.17104583290144046,0.07802123206752574,0.04686227020160287,0.021291105098169172,0.048898589131465046,0.03288077117553609
2895,0.1,10,2,0.07351768082172963,0.03185441493405733,0.20231968136264683,0.17889926041432075,0.203117940371831,0.17829474088999595
445,0.1,10,2,0.3301296333675342,0.16968293842010593,0.10263278196423051,0.09249175057098075,0.11511250471500806,0.09917664028307484
341,0.1,10,2,0.3956199340933668,0.1706101508277916,0.35725312963236483,0.32259331239115596,0.37606294469897117,0.3414031274577623
652,0.1,10,2,0.18384340970110824,0.08490585435594247,0.041572857793747586,0.021349553336791602,0.049723426407743326,0.03765069056478309
1492,0.1,10,2,0.28999632121935526,0.1517725824534888,0.18240400184396544,0.12674531272833223,0.18809746367416913,0.12804672005336143
352,0.1,10,2,0.5973453835022456,0.31833741151194417,0.314560879200327,0.2894478913601802,0.3252201256529376,0.30449919231796524
290,0.1,10,2,0.09690434909613245,0.049191313161338415,0.10025868090501411,0.08148964212402521,0.10658568313157098,0.08781664435058208
2062,0.1,10,2,0.14010198981530542,0.05996898900178378,0.06688738808437944,0.05481650985474551,0.07164145763273985,0.05957057940310592
2772,0.1,10,2,0.46892882838448696,0.2242179026566111,0.2797237170108721,0.24938885543001632,0.29853353207747846,0.26819867049662266
1846,0.1,10,2,0.0969794774166179,0.04410674446748555,0.17393427976013387,0.13462115756131504,0.18835204032156577,0.14528040401392567
9,0.1,10,2,1.2023011496705986,0.5940470000208732,0.178953997862278,0.08261423773378215,0.1882104657813796,0.08225222269059619
1235,0.1,10,3,0.8676752828929891,0.4344578193976692,0.23033241088109668,0.214898031775934,0.24538371183888175,0.22989180527956765
1648,0.1,10,3,0.07404237089245724,0.03288138656292372,0.0644688270852507,0.05448177724688008,0.06563433467869567,0.05564728484032505
1607,0.1,10,3,0.16603207310793458,0.08755836474967794,0.06614349066155345,0.03565321327044529,0.07193832370023691,0.04032387544661606
1449,0.1,10,3,0.27822427667695115,0.14572489211839268,0.1419089635732128,0.05493532759062199,0.13815044946439153,0.05604122689572785
11,0.1,10,3,0.2330670304504635,0.1276417582815352,0.14358998390981617,0.12397696662932006,0.15314333105732092,0.13406248296469822
1753,0.1,10,3,0.09434308454912763,0.0515889590904644,0.0890846448854505,0.07669538366153465,0.09917016122082864,0.09170049087357333
2042,0.1,10,3,0.09209300708970684,0.046583224240280906,0.14928545081528388,0.13033436970047685,0.16370321137671576,0.14475213026190872
2939,0.1,10,3,0.16295982746335924,0.07532538125864861,0.043924370160993376,0.02349522971958122,0.04186353283349047,0.0251929065008996
1439,0.1,10,3,0.09174209970964203,0.045810679254970246,0.15783831053425157,0.1370709762505082,0.16416531276080842,0.15151320879153163
2114,0.1,10,3,0.14285409860714393,0.06761452576063452,0.05730806360567579,-0.01038034179499698,0.05408171868472791,-0.013606686715944859
1368,0.1,10,3,0.10336936108450369,0.05407874938420008,0.08753055160274195,0.08169075401558769,0.10050220622554622,0.0925958958082585
1005,0.1,10,3,0.14107493223607132,0.07524139749213757,0.07557663084182464,0.06096465738144181,0.08519511380411221,0.07111530953160278
1713,0.1,10,3,0.6664587460815738,0.3581147945031704,0.22288078534904143,0.21159047949795787,0.2330676728928993,0.2169129536278886
385,0.1,10,3,0.10789634308035193,0.060344907401651375,0.03899484194950362,0.024619958012851773,0.036086813873783416,0.026576343351058712
827,0.1,10,3,0.4760143272692902,0.25056843342940305,0.35186410246689537,0.320684936467023,0.36745044775119123,0.3406633362564933
2275,0.1,10,3,0.06324284360688465,0.030461082892585374,0.10238221400491195,0.08526079130821507,0.11679997456634383,0.10140934077977283
329,0.1,10,3,0.0859774938765908,0.038813248149547466,0.08841967764834724,0.07341100479635726,0.09699927776597704,0.07959870617682194
15,0.1,10,3,0.8090274582615753,0.40453149729995413,0.25539152559616707,0.23453009880919481,0.2660507720487777,0.2533399138758012
230,0.1,10,3,0.6268772035401575,0.31251655376431514,0.26548941444839375,0.25781235692248244,0.2842992295150001,0.27814156115676264
10,0.1,10,3,0.12118595306106353,0.047503885331763175,0.1497586043159046,0.11869608559673378,0.15608560654246145,0.12362030928978164
140,0.1,10,3,0.0795187843130478,0.042679990509590766,0.09595470360633887,0.09421495618468263,0.09731724482400116,0.09118544289717045
428,0.1,10,3,0.09383025366033598,0.042715836686925475,0.08173844764112204,0.07476038404886293,0.08702468637735586,0.08004662278509675
287,0.1,10,3,0.13888576847261697,0.055583018101521005,0.027282439928261536,0.00551382905172353,0.03331236093563365,0.012075919246969054
1127,0.1,10,3,1.2128687605068764,0.5347323624088895,0.19744171502615013,0.14911511442944575,0.19304966052097566,0.14911511442944575
2197,0.1,10,3,0.10158031485603464,0.043897540555441525,0.05159879781865896,0.019259090850250786,0.05792580004521583,0.029312694770502613
2188,0.1,10,3,0.10542103034633521,0.054708762769814304,0.24490016600608921,0.21504934023183056,0.2549258720623466,0.2206829917829135
822,0.1,10,3,0.11252936232936196,0.057605648117417994,0.13878613652548738,0.12985143534051358,0.15320389708691928,0.14913360931587263
100,0.1,10,3,0.10168539583330174,0.05039821062378526,0.08692462580657767,0.07982966177356426,0.09325162803313454,0.08615666400012113
26,0.1,10,3,0.13978792450460245,0.07374303046076969,0.10248659096571555,0.08229213631244935,0.1120399381132203,0.0918454834599541
903,0.1,10,3,0.11725208291087312,0.058971836861185074,0.11571897812098832,0.09174070937872907,0.1301367386824202,0.1003636369014775
1803,0.1,10,3,0.1460396950846924,0.06347534242429134,0.2408730581444149,0.2126852617851924,0.2515323045970255,0.21519393962380728
2594,0.1,10,3,0.0943068901728171,0.041994727193002714,0.13417985240203845,0.1169090561607334,0.14142915217119015,0.13371170307738983
2397,0.1,10,3,0.10516008959269724,0.053474956458225406,0.07273461057458444,0.05415333099200642,0.07755569658339295,0.05639111035192259
16,0.1,10,3,0.1063190889190448,0.05405566974828945,0.15383412087980686,0.14828798649353298,0.16825188144123876,0.16209045118491514
2444,0.1,10,3,0.0804395797178336,0.0390416574218821,0.040078321196773826,0.029656401290384105,0.04865792131440363,0.04094117703317088
942,0.1,10,3,0.1276279614055006,0.059298071207520966,0.10790639055171791,0.09556968946888977,0.11799190688709607,0.10565520580426793
304,0.1,10,3,0.10138627109259299,0.048668110180003166,0.08023332766265612,0.0777694797072444,0.08551956639888994,0.08305571844347823
1577,0.1,10,3,0.1465631910457953,0.07942461627959418,0.08791019708266558,0.051191983796542224,0.0821153640439821,0.05558403830171667
2134,0.1,10,3,0.5316298773324665,0.25421587662425627,0.42674166841601235,0.36248326989199847,0.43882743206239244,0.37456903353837856
2199,0.1,10,3,0.2730895579129032,0.12019368263442545,0.14987848926334787,0.1347332313737617,0.16429624982477975,0.14486207511425847
256,0.1,10,3,0.1052254296916798,0.05151112614258528,0.25631053601649956,0.24034803658582043,0.26696978246911013,0.24285671442443527
2719,0.1,10,3,0.44861435676060474,0.23214911557447762,0.23874663604022878,0.1713635298392715,0.252692037692908,0.1847767623040773
2463,0.1,10,3,0.09660972290351874,0.048320151334987474,0.09573468986170201,0.0399114405966106,0.10002537315839671,0.03840729085462184
2296,0.1,10,3,0.20827601490206582,0.0936700575140943,0.08417491188356836,0.07827140829763901,0.0902646431700612,0.07996908507895739
425,0.1,10,3,0.10000552245916636,0.047428311349176515,0.09703115433190046,0.07664172694147325,0.10335815655845733,0.08296872916803012
2985,0.1,10,3,0.09171115058460429,0.04092362503526452,0.076549249594578,0.05585371355656137,0.08287625182113487,0.05638588274443478
2195,0.1,10,3,0.1393739798795769,0.06227916989992339,0.11177520121537636,0.10048370370869834,0.12619296177680825,0.11650244879743737
1847,0.1,10,3,0.16863537049146926,0.08005187394750986,0.06136738385821797,0.05103085258872856,0.07202663031082857,0.056427435190529104
1629,0.1,10,3,0.16909689500434252,0.08979475675893753,0.06765348623030025,0.04820619740858972,0.07251789964422739,0.057935024236444
1375,0.1,10,3,0.11291940650971714,0.053662072657479735,0.13893179900246277,0.13793049749490355,0.15334955956389465,0.1532266902089412
1790,0.1,10,3,0.1345939862714058,0.06935188428936931,0.04891432432529669,0.0017850594655359209,0.04891432432529669,0.0017850594655359209
1998,0.1,10,3,0.11477823056700057,0.053018316767286196,0.09659479877996771,0.08805131757945052,0.10668031511534586,0.10189534802364995
1352,0.1,10,3,0.16842579436713806,0.07493493801062201,0.08459451483814082,0.06003777892397037,0.09092151706469769,0.06056994811184378
2059,0.1,10,3,0.1113957773665884,0.04868428259535724,0.02733982400905585,-0.01664897736424539,0.03056616893000373,-0.009664118334476217
1738,0.1,10,3,0.2928721059267035,0.15852322836219956,0.0579352960923899,0.010016396904396874,0.06373012913107336,0.015811229943080332
161,0.1,10,3,0.13819502550659923,0.05718418984144813,0.07911684010188244,0.06312144924767044,0.08977608655449304,0.0689162822863539
2218,0.1,10,3,0.10725666540434008,0.05188475864248275,0.09311131969899632,0.08379111453548169,0.10377056615160692,0.0949825301759657
1870,0.1,10,3,0.09987952247525514,0.04499030178052249,0.05873767874561295,0.04683668287939408,0.05581130314234013,0.048302361781295725
1513,0.1,10,3,0.23357046718936092,0.12143205882814809,0.06890261994602451,0.05230682752101401,0.06879227608045778,0.05706089706937442
1125,0.1,10,3,0.15593878031113048,0.0869719144209851,0.08783491348448598,0.06629158890329599,0.09298303256925586,0.0686958394541576
305,0.1,10,3,0.12748928911694513,0.060134180527440025,0.06407994015151797,0.05060477773429062,0.06890102616032648,0.05542586374309913
566,0.1,10,3,0.11349043108517637,0.052060354460915614,0.11826177341980457,0.08397914030506087,0.12405660645848803,0.08490955992981719
2223,0.1,10,3,0.4867542459881697,0.22443870593560034,0.3186507426131659,0.26399292732864676,0.33746055767977223,0.2828027423952531
833,0.1,10,3,0.07180640967927475,0.03573312346399533,0.0978149004267874,0.08811343326826857,0.10790041676216555,0.10195746371246801
2977,0.1,10,3,0.10569125503540933,0.05729888364297622,0.02835091017966226,0.019819621032473752,0.033215323593589405,0.029548447860328036
2671,0.1,10,3,0.17109428526481682,0.07702169237003748,0.03870028094685403,-0.01330202413376834,0.039865788540299,-0.01213651654032337
2301,0.1,10,3,0.06813087958872567,0.032401331558357345,0.13132041528420557,0.11071202695679691,0.13764741751076243,0.11148146708473433
2657,0.1,10,3,0.1975073271112811,0.10898586980439579,0.16020610535836322,0.145073630006471,0.17901592042496955,0.16335127588520393
918,0.1,10,3,0.12987199169585087,0.061225217529359506,0.14866502257234912,0.13011951433668414,0.163082783133781,0.15009833309396142
928,0.1,10,3,0.07915900916181905,0.03569120517103827,0.09295541092913906,0.0804326940876186,0.09928241315569593,0.08675969631417547
1626,0.1,10,3,0.21421926633844157,0.1116318783432698,0.09768699606967346,0.04967753086960486,0.10724034321717821,0.059230878017109606
2847,0.1,10,3,0.08564665027568345,0.042313660152577016,0.10645055939332122,0.0698163872667223,0.11642510687901514,0.07399610171373276
2342,0.1,10,3,0.11357823975782588,0.04866115091978412,0.07173353982809672,0.018312968548418518,0.07655462583690523,0.02313405455722703
1522,0.1,10,3,0.16062104768942723,0.06902349542819809,0.1334331783620569,0.11651169517370596,0.13922801140074037,0.12090374967888043
1412,0.1,10,3,0.19264160072053912,0.09133400800914984,0.12365356690478962,0.08752871218923952,0.1262220550225252,0.09824776892097084
1679,0.1,10,3,1.154923751483378,0.5556630609777964,0.13595078902495406,0.10938910489260228,0.14034284353012852,0.11753967350659802
572,0.1,10,3,0.11076047762641991,0.05582701924761453,0.10304673233435624,0.09516875830146741,0.109508178530519,0.0972395019746053
1401,0.1,10,3,0.4797137338345727,0.24116220874645522,0.10311167110009031,0.09145688293226578,0.11377091755270091,0.10698054279880352
2194,0.1,10,3,0.12437937196170132,0.059423359707909566,0.03192159129488184,0.010140409430088704,0.035075995416463626,0.021917741074418913
2720,0.1,10,3,0.06613794888089354,0.030065353631875933,0.12889369877917795,0.09127528937063502,0.13263739435684246,0.09941103945347399
2068,0.1,10,3,0.3013558809362311,0.1446705348107644,0.17651440104345278,0.16764633817012908,0.18764492338519007,0.17784225646759275
2629,0.1,10,3,0.28853389785161476,0.1447437296004034,0.11305029104188033,0.10414956390890583,0.12260363818938508,0.1157948938472623
2043,0.1,10,3,0.12010225863327975,0.057150332313219566,0.05594139897868951,0.03930124174023635,0.061736232017372966,0.03930124174023635
2416,0.1,10,3,0.09600300451126399,0.04810270707477892,0.06082456739225666,0.05033560601279329,0.07148381384486727,0.07014818270026614
1085,0.1,10,3,0.14621980098563597,0.06041867112086823,0.08446500143214655,0.06922256682957918,0.0940183485796513,0.08511773473479756
557,0.1,10,3,0.5358429500053562,0.290693018768953,0.050355788105810206,-0.0017779421857094246,0.056150621144493665,0.004016890852974034
834,0.1,10,3,0.10837138157473461,0.05665436495495475,0.18007054436462003,0.1446140762834523,0.19072979081723065,0.15151480862724165
906,0.1,10,3,0.2608780917690189,0.1238867972043704,0.1657031427055065,0.13579209191040023,0.18012090326693841,0.15020985247183213
694,0.1,10,3,0.07756036198202242,0.03736886421234146,0.09311010794864649,0.08045373428779334,0.09943711017520336,0.08678073651435021
472,0.1,10,3,0.3597101864573219,0.17683789982683737,0.08760290417113206,0.08105654373297937,0.08760290417113206,0.07619213031905223
2337,0.1,10,3,0.09756767968365852,0.03627012459301916,0.09450348985470008,0.06879855128680382,0.1005334108620722,0.06996405888024879
306,0.1,10,3,0.1524202084788693,0.07244540372052029,0.07250217084598772,0.055704111439150134,0.08258768718136587,0.07534297492203304
1720,0.1,10,3,0.0782789832931208,0.040685803782586336,0.10337660258303893,0.08927398876332499,0.1097036048095958,0.09560099098988185
2810,0.1,10,3,0.10116085349097803,0.04649372603080024,0.16813972297778026,0.15101060046683878,0.177693070125285,0.16328870667709156
105,0.1,10,3,0.2635373596110429,0.11576343118853763,0.12501058435609153,0.07220989168685499,0.13509610069146968,0.08229540802223315
1433,0.1,10,3,1.0856521227977218,0.4927215911017463,0.14431415955154758,0.12488371546479304,0.14431415955154758,0.12488371546479304
2273,0.1,10,3,0.06560001129907149,0.03159341315559706,0.08447324009040105,0.07503752229534852,0.09026807312908451,0.08418649969907871
2935,0.1,10,3,0.21851108850214557,0.10399748419819904,0.03516837420235344,0.025263851560056623,0.04582762065496404,0.03652616338994282
1421,0.1,10,3,0.2365549541465219,0.1232165876397373,0.08952682161808524,0.07860386826848877,0.0889513250250932,0.08289278508942387
1407,0.1,10,3,0.2642953184490206,0.14249815272770433,0.05880114284067158,0.04527405818542712,0.06020392137418058,0.04807961525244511
214,0.1,10,3,0.11174773421739893,0.05247869644923537,0.07907269715905296,0.03023417577633075,0.08435893589528679,0.035520414512564574
2984,0.1,10,3,0.15927127645541084,0.08289073615780722,0.035320032898872575,-0.002529533535076914,0.035320032898872575,-0.002529533535076914
2534,0.1,10,3,0.06091541538635636,0.03270757802280072,0.07144201222767807,0.05736345411748932,0.0733800500383324,0.06855795984724525
288,0.1,10,3,0.22805151162112305,0.1074201523189955,0.07203926946838449,0.06101261772243316,0.0860498069358465,0.07105340818808407
2852,0.1,10,3,0.17722995207152373,0.07429875226175198,0.1480063707527613,0.1369435875548997,0.1624241313141932,0.1513613481163316
2804,0.1,10,3,0.23442096978557597,0.12052604054351897,0.07954750255359601,0.06966337133343237,0.07861708292883969,0.07452778474735951
388,0.1,10,3,0.15806164733181574,0.0832926640646954,0.1548670722037711,0.12178220708062085,0.1606619052424546,0.12265281642625647
2102,0.1,10,3,0.10252948325708373,0.05146601425270733,0.1062302992710044,0.09676828868657747,0.11688954572361498,0.103567649821887
2623,0.1,10,3,0.39099898572284825,0.2021710826359435,0.2897608960810834,0.26624388333044335,0.30857071114768975,0.2808029243526797
264,0.1,10,3,0.11455624637196941,0.051899109242476614,0.09283409162492062,0.06025195677941901,0.1072518521863525,0.08271714827060728
2365,0.1,10,3,0.10107888672683221,0.05130491857463721,0.12575766630315577,0.10572989045017614,0.1364169127557664,0.12131336059583464
1454,0.1,10,3,0.06537629844188031,0.03132025082109364,0.07439630284519903,0.0578469023640631,0.08290888650238074,0.0626009719124235
578,0.1,10,3,0.11812997213243397,0.06515066379581241,0.08061365385459718,0.06561670466773038,0.08640848689328064,0.07141153770641384
1625,0.1,10,3,0.8559177615728872,0.44543093494238817,0.3337022816799868,0.3227018538667763,0.34778597288090807,0.3309907120290141
2950,0.1,10,3,0.07567989647014958,0.03338531530013502,0.10529837212083328,0.0987858299877478,0.11538388845621142,0.10887134632312595
1135,0.1,10,3,0.12379363983066452,0.054422636546533565,0.1594558920017191,0.1329015849865785,0.17387365256315102,0.1435608314391891
1517,0.1,10,3,0.1037321088645463,0.050823070311898144,0.09503331582608229,0.08875554632355342,0.10569256227869289,0.08875554632355342
866,0.1,10,3,0.09584870332979131,0.04981413025815763,0.049655676901106505,0.049655676901106505,0.049655676901106505,0.049655676901106505
199,0.1,10,3,0.4981214015574501,0.2492285442953615,0.2493508150574154,0.23992741004655904,0.2637685756188473,0.26300509308584574
228,0.1,10,3,0.2098810862510444,0.1082016805681538,0.11665471013741126,0.09089085181439938,0.13003170720852011,0.10373567969763484
29,0.1,10,3,0.13551785110534,0.06890666738594778,0.1658526958819831,0.1358993027323046,0.16638486506985645,0.13502869338666898
2998,0.1,10,3,0.13245345713563764,0.06566220537037533,0.12159256866278247,0.11123683986541585,0.13601032922421435,0.12478295861478896
1036,0.1,10,3,0.13608108155210016,0.07073712337943147,0.06865205094305066,0.057744121971170945,0.07353473591438464,0.0566386618683295
2376,0.1,10,3,0.11586591025669311,0.05213356262151906,0.06687151612399012,0.031321097928525055,0.07169260213279863,0.036142183937333566
1486,0.1,10,3,0.07209042858116796,0.03889037792629655,0.09979782728675324,0.06188199821563806,0.1061248295133101,0.06820900044219493
1951,0.1,10,3,0.07863418957866171,0.034798264505972426,0.14625451140018209,0.1355228640017072,0.160672271961614,0.15047283468365633
399,0.1,10,3,0.20927188972442884,0.10132908196484412,0.13006795825089035,0.06672763994230763,0.1396213053983951,0.07628098708981237
1743,0.1,10,3,0.7954049270136284,0.4076034684337646,0.3279460925940083,0.3158466271013965,0.3429973935517934,0.33089792805918156
2384,0.1,10,3,0.06660067249308184,0.03461065244694572,0.08152826522048656,0.04965708991611222,0.0944401095641701,0.05770452084586861
622,0.1,10,3,0.13544333694085856,0.06040077590635224,0.11646067537495153,0.10584290662240681,0.1265461917103297,0.11592842295778497
2698,0.1,10,3,0.1075455823403183,0.055797539839890616,0.08734345524811937,0.0660049195764057,0.09216454125692788,0.07082600558521421
1004,0.1,10,3,0.1626167688015948,0.0663065349492892,0.08925668323696587,0.07026840637907288,0.09934219957234403,0.07455908967576758
1555,0.1,10,3,0.5460329455145244,0.27792727178897764,0.2986906434353419,0.2421133611581131,0.31750045850194825,0.25287574529496304
2954,0.1,10,3,0.6485985939095251,0.34200907389298624,0.34430470043238276,0.29874065426356117,0.34483686962025617,0.2901266993978997
2649,0.1,10,3,0.1835480293921746,0.0784551627461635,0.053206058644447385,0.009255951525879047,0.057494975465382486,0.013544868346814148
2263,0.1,10,3,0.09122810983164076,0.04628170697305267,0.09465030058241393,0.08328184941719823,0.1009773028089708,0.09432846731330649
2008,0.1,10,3,0.5564612854848685,0.28863198176861526,0.21393323463957914,0.18854330080641726,0.2196906997855697,0.1980592800612291
2049,0.1,10,3,0.08899631822508669,0.044036283582151683,0.20084243695818382,0.18199525272174216,0.21526019751961573,0.19641301328317406
1798,0.1,10,3,0.09465988578103014,0.054486158855599646,0.06114914444003006,0.04955524299320668,0.062314652033475026,0.05072075058665165
2261,0.1,10,3,0.19252019671793502,0.09126392351504291,0.13814070536933742,0.10887078393664318,0.1525584659307693,0.1174937114593916
2974,0.1,10,3,0.09651156217802305,0.04431973361841635,0.14204013411984984,0.13979866998216794,0.1564578946812817,0.15421643054359982
2945,0.1,10,3,0.4853737218299157,0.22960835873894112,0.20550359902679757,0.18201523635684624,0.22431341409340394,0.20897562003744835
2574,0.1,10,3,0.46310862475229153,0.2474146985861276,0.34120431712868415,0.33325440498927916,0.3518635635812948,0.33952159693671535
2878,0.1,10,3,0.1933877342160815,0.10348053573083543,0.18566057193893715,0.14722082924626048,0.1942834994616856,0.15004892373032547
1432,0.1,10,3,0.09761665900752467,0.046554964306812295,0.10789546530560207,0.08449932994608861,0.12231322586703396,0.09515857639869921
1223,0.1,10,3,1.0628941268460244,0.49018833272245615,0.18171179814202942,0.15529590456050787,0.18482727397879517,0.1535902943884651
1335,0.1,10,3,0.08287425899825933,0.041493931990327894,0.16721712225541457,0.15355974899957017,0.18163488281684648,0.1658119267310906
1376,0.1,10,3,0.11730071546683855,0.058296548064431165,0.09111021261050588,0.06992371391327948,0.09593129861931439,0.07913685442726245
2333,0.1,10,3,0.13222529848362477,0.06593025920491494,0.12855758260126787,0.1211978359073352,0.13864309893664603,0.13128335224271334
747,0.1,10,3,0.3466025779179704,0.19012473556083126,0.0663943803403026,0.024421467691722196,0.0803397819929818,0.04275892384957587
1124,0.1,10,3,0.09364871027011668,0.04606312203222308,0.03563907882251981,0.00544157816933423,0.04426200634526823,0.014064505692082653
1544,0.1,10,3,0.12847057209318755,0.05592641957739026,0.08978690447025534,0.07272245188739072,0.10316390154136418,0.08234093484967828
2680,0.1,10,3,0.43515322645572163,0.225812727651169,0.08085316050987688,0.06518322692562012,0.0817835801346332,0.0612492331364493
2654,0.1,10,3,0.21728055782831956,0.09190220312666687,0.12624918896513776,0.08742396551726195,0.14066694952656966,0.10184172607869385
168,0.1,10,3,0.16153187287150061,0.08144862754411303,0.0737988299718567,0.06734500763884577,0.07982875097922881,0.06851051523229074
2245,0.1,10,3,0.17724571886634055,0.08276450723970268,0.06931744473016438,0.04685618814388104,0.06984961391803778,0.047388357331754435
2471,0.1,10,3,0.09770191618675376,0.04841933778189891,0.12942329698131982,0.09695977722746268,0.1438410575427517,0.11137753778889456
1697,0.1,10,3,0.05890292263330086,0.029654291135466294,0.09107433943851415,0.07349412702215039,0.10549209999994603,0.08844405677145567
2360,0.1,10,3,0.4719428248647186,0.2389284761735204,0.14782142821841382,0.10529989221270891,0.15848067467102445,0.11595913866531954
2171,0.1,10,3,0.1748677717860536,0.0945763643976248,0.07049261051414649,0.030564653117097065,0.08115185696675709,0.046088312983634805
245,0.1,10,3,0.16336706925603536,0.07095821943118522,0.06401087972812611,0.03501543146014641,0.07409639606350427,0.054654294943029307
2214,0.1,10,3,0.1123929179482786,0.0583006024118235,0.10445558375286336,0.09681389704219048,0.1102504167915468,0.09821667557569946
2252,0.1,10,3,0.09857449807646124,0.050626657608076796,0.1655004571130391,0.15946665044207659,0.17991821767447097,0.17236509968316263
1287,0.1,10,3,0.08764432087063,0.042917034644925134,0.1570343571987899,0.14914574089423605,0.1714521177602218,0.16356350145566795
677,0.1,10,3,0.08468973301639843,0.04352575970448191,0.16144664028302733,0.1354878194653992,0.1758644008444592,0.14175501141283534
1562,0.1,10,3,0.3965374850327315,0.19916768331516332,0.2922500079236302,0.2748163751475263,0.3061954095763094,0.2838973633862784
762,0.1,10,3,0.1431683607220208,0.0741938177597063,0.09360563938066241,0.07332595842781903,0.10369115571604054,0.08341147476319716
835,0.1,10,3,0.11560548877088674,0.0585358590385586,0.07831938704716171,0.06679055280861952,0.08793787000944926,0.08127344918483421
1091,0.1,10,3,1.0065409835859682,0.5273210958004395,0.20555897802114426,0.18427539410570204,0.21885721396985977,0.1949681191272904
2829,0.1,10,3,0.12693033186841338,0.05733191343765118,0.04973816370597173,0.035403301165472204,0.05023129531896625,0.03965494688728802
2874,0.1,10,3,0.30868209584545414,0.17118584372067913,0.011203247510389766,0.004948341879919721,0.007446499877328068,0.006012680255666534
716,0.1,10,3,0.1060384740888728,0.0485616239132139,0.137359205762992,0.11564303199719062,0.14744472209837015,0.12572854833256877
466,0.1,10,3,0.17925061833859174,0.08582988861244652,0.02704656432191306,0.008623439311573174,0.02704656432191306,0.008623439311573174
2182,0.1,10,3,0.1433596243437188,0.06517024479888056,0.01998286777600262,0.013872290491107896,0.022132201619876526,0.02088603774890894
731,0.1,10,3,0.1085044665706393,0.05229028371778627,0.057787351498175266,0.04758475807538959,0.06254142104653568,0.05233882762375
2323,0.1,10,3,0.18768930215672597,0.08443309754971742,0.04290484195705217,0.029921098194247243,0.04776925537097931,0.039649925022101525
2717,0.1,10,3,0.11414817252805838,0.053850175754731514,0.03612664676196659,0.01748011814758653,0.04546834090561596,0.03284574264679793
2876,0.1,10,3,0.8917467614576514,0.4547369715116418,0.34577357383113017,0.3306924326982672,0.36082487478891523,0.34574373365605227
231,0.1,10,3,0.08955762006359522,0.04506958969987235,0.12035621426035892,0.10261424212285976,0.12897914178310735,0.10544233660692473
2411,0.1,10,3,0.09140879990556852,0.04279343269726474,0.025793770170197534,-0.006431988838462101,0.03152509786845187,0.007922266382540656
223,0.1,10,3,0.4111930353075951,0.1876511417648804,0.11602198503986355,0.08152302733223543,0.12464491256261198,0.0903339247353025
1690,0.1,10,3,0.10586589227039084,0.047041094120948035,0.1391081037091002,0.11746560149789825,0.15352586427053208,0.13188336205933013
1464,0.1,10,3,0.1561013634395831,0.06813872973897304,0.06773007780944212,0.049187199493341764,0.07352491084812558,0.049187199493341764
675,0.1,10,3,0.09570013473308836,0.040013949833977616,0.15905293145131072,0.14093619166888943,0.16971217790392135,0.14901213147260772
1351,0.1,10,3,0.1226974543590377,0.058824459545882155,0.05974921917354635,0.046258141233708194,0.06890254940840859,0.050547058054643296
642,0.1,10,3,0.08134327539913412,0.038497405321158897,0.06367080791929128,0.05707456416120315,0.07171823884904768,0.06888050919978084
1146,0.1,10,3,0.5134425476323694,0.2440150974028112,0.2072164974235341,0.18381546991581305,0.21355831818124774,0.19004694680795994
641,0.1,10,3,0.11957283408133597,0.05456070598163723,0.0612274582214602,0.036618052085477144,0.07078080536896494,0.05421883016273827
2978,0.1,10,3,0.32509059454232364,0.1737736848862245,0.11645893029169478,0.09746806290424237,0.12278593251825165,0.09850710245456373
2443,0.1,10,3,0.13866353852205493,0.07445182662757979,0.06610075211820088,0.007753319466032693,0.06775709216858697,0.008877490328545373
1380,0.1,10,3,0.149085644046449,0.06841258298592194,0.054068189897449166,0.03481359477454432,0.05020830458014812,0.03421790101592896
2242,0.1,10,3,0.10730494872427775,0.056307991906402496,0.12282976376486023,0.11217195772287653,0.13724752432629211,0.1265897182843084
2122,0.1,10,3,0.10378899287226324,0.04922234798380416,0.11195090059004298,0.08849120884631412,0.12203641692542114,0.09857672518169228
935,0.1,10,3,0.12787216033470075,0.06123401166158944,0.0633147320976514,0.05357235245746498,0.06448023969109638,0.05473786005090996
1170,0.1,10,3,0.10172294328482519,0.044820203304030616,0.15746423247720298,0.12429915453399505,0.16379123470375984,0.13501821126572636
2211,0.1,10,3,0.20404090566860095,0.09822117001305225,0.03665232782534588,0.017433107930455227,0.036650561349586296,0.02172202475139033
2481,0.1,10,3,0.14499420366098495,0.06995450468664136,0.04826493971059761,0.034220123891657656,0.05892418616320821,0.04580978996902457
2833,0.1,10,3,0.1523372338337391,0.08751696712416349,0.1048768709593547,0.05241148019792671,0.11067170399803815,0.053814258731435693
672,0.1,10,3,0.07638249230707522,0.03097993574598692,0.08129238933032136,0.06433527532651093,0.0904457195651836,0.07402077474924657
2861,0.1,10,3,0.10026085862445283,0.04488012256691342,0.138709892235376,0.1320705934663572,0.14879540857075416,0.14215610980173535
190,0.1,10,3,0.5065048539437492,0.2482630106658946,0.1475266694950078,0.10848273225207275,0.15278933334581785,0.11750391021170406
1604,0.1,10,3,0.10531728030135105,0.04695184749879788,0.16487787129305276,0.13248291010982333,0.17929563185448463,0.1469006706712552
270,0.1,10,3,0.14473682752839057,0.07232081551448556,0.11796239241819712,0.10851010646366867,0.13238015297962902,0.12615421194604845
1391,0.1,10,3,0.30825294275552084,0.169937592774698,0.18352485537320862,0.16274935144625874,0.1979426159346405,0.18296194504637406
720,0.1,10,3,0.315095362370292,0.17057875513569604,0.01934791878753791,0.01506053516388792,0.02310643289635919,0.018819049272709203
211,0.1,10,3,0.10560060550734807,0.05373317100840796,0.23289410952318984,0.211936220532074,0.24244745667069456,0.21223309976047713
1935,0.1,10,3,0.14553379425281532,0.07669315710561417,0.08998931715098074,0.05303445023534875,0.09165050818632747,0.05727894791958783
2108,0.1,10,3,0.14349641717317121,0.06542039768517818,0.10720285971520553,0.09525654120859159,0.11607361520283338,0.10397015113232118
2924,0.1,10,3,0.12680196407654346,0.06330887233189558,0.034128783894906936,-0.028497605516214483,0.028333950856223478,-0.02849760551621449
2504,0.1,10,3,0.086899277889589,0.04064254846223172,0.11465847279538642,0.10635430544132225,0.11947955880419493,0.11427143899176709
805,0.1,10,3,0.5223390305585296,0.2563569811239629,0.13391332312953513,0.11935423130942932,0.14585176035338204,0.13254137774339572
2100,0.1,10,3,0.22546196440513408,0.12382372747390942,0.04335775906395989,0.033002410842216126,0.03896570455878544,0.02421830183186721
1166,0.1,10,3,0.13507014524611985,0.06818123279793915,0.10344745988500852,0.08267388616326166,0.1178652204464404,0.09709164672469354
475,0.1,10,3,0.0743573917281492,0.036483341587433195,0.11505731323243738,0.10083659076776307,0.12947507379386927,0.11325868480259968
1925,0.1,10,3,0.1178978548788419,0.05938016289713255,0.04286037072668994,0.0327528726392759,0.038468316221515475,0.02396876362892697
2922,0.1,10,3,0.11397064541756706,0.05805648127979142,0.05253597407949935,0.034257166551581966,0.05782221281573317,0.03954340528781579
1039,0.1,10,3,0.16545106100794044,0.09188753563792777,0.08554412848026403,0.07133423601319222,0.09040854189419119,0.08210701250184474
1747,0.1,10,3,0.16425065696295055,0.09575135516652357,0.028814199246644627,-0.03548473930168305,0.030850518176506803,-0.02540098944206448
2632,0.1,10,3,1.1644895632482672,0.557480154574957,0.18654533898630205,0.12678151267818716,0.19146956267934995,0.13117356718336165
2836,0.1,10,3,0.15646710965472987,0.08237233587239966,0.03615143945062345,0.011292823141955025,0.03668360863849685,0.011824992329828428
1299,0.1,10,3,0.08845233906428386,0.04803969432270827,0.17049700737211676,0.14644192415237461,0.18005035451962148,0.1511308578859522
2287,0.1,10,3,0.11339255609463886,0.058407971021046626,0.17699399300064,0.15941368353677454,0.19141175356207188,0.1689670306842793
1565,0.1,10,3,0.14171018757581322,0.06507952141055483,0.04721252837423776,0.03632432035800931,0.056365858609100004,0.04061323717894441
776,0.1,10,3,0.1534193501510572,0.07327139841636011,0.041789061875896295,0.021494145617703186,0.047583894914579754,0.022891204784741548
1430,0.1,10,3,0.1362499774871054,0.06396389014283714,0.17773104277808202,0.16037164998286316,0.1921488033395139,0.17908009384098972
1415,0.1,10,3,0.09845318481940431,0.0470255721027592,0.04107967948836429,0.034685026201893294,0.04600370119063055,0.043367562012980844
1206,0.1,10,3,0.2773238205505581,0.14222731858929086,0.23833007121108674,0.19922742894276269,0.2571398862776931,0.22242929851454352
888,0.1,10,3,0.09411259369490951,0.04170925840008093,0.07684497338019275,0.06413567383563064,0.08283355765663257,0.07349112594927965
297,0.1,10,3,0.13483370312061432,0.07345954413234916,0.05440262247509295,0.04521367121323361,0.06043254348246506,0.04637917880667858
336,0.1,10,3,0.19028021895371125,0.08790648215876906,0.03135703629493425,0.02165798098640416,0.031829395203686925,0.029186228413785723
382,0.1,10,3,0.08287268477855009,0.037801800270689696,0.03550349663760494,0.02540522331785667,0.03331059354449321,0.026970834333566222
2190,0.1,10,3,0.056150936189153525,0.027028841449061185,0.12420835601043524,0.11950819323950296,0.13486760246304585,0.13031129731487653
2247,0.1,10,3,0.08135053002257904,0.04231942548588142,0.04874224305126759,0.035706502913303906,0.0438933453559637,0.030224064821646843
2453,0.1,10,3,0.10792242335879318,0.05065381778425715,0.1012176248614149,0.09403054508302988,0.1031123352669506,0.09514412048865864
882,0.1,10,3,0.07953695292967189,0.03832867708612409,0.08795369223545026,0.0817278552144256,0.09699844508050537,0.08721260621621721
1672,0.1,10,3,0.11816385544110207,0.0508022637264494,0.061812081310095024,0.03485175092134711,0.06760691434877848,0.04932755528614013
2976,0.1,10,3,0.1994832783897352,0.10005131150416015,0.0494239970053023,0.02873208437767496,0.05897734415280704,0.04272352280037772
1025,0.1,10,3,0.08004134459653496,0.04298159420161682,0.10427956620054858,0.10342080468240152,0.11436508253592674,0.10974780690895838
67,0.1,10,3,0.13897210980681693,0.06713964826929433,0.11288228091379726,0.03826779029213051,0.12243562806130201,0.04728896825176185
1122,0.1,10,3,0.16575994467406666,0.07996618384400507,0.050526543876219396,0.03216055849460216,0.05192932240972839,0.043750224571969074
2675,0.1,10,3,0.1419242788923899,0.07978914848408455,0.14116129965534535,0.10728691188887399,0.15557906021677723,0.11537767022374898
2529,0.1,10,3,0.15970709731339444,0.07978691434826558,0.112351498006519,0.0839505706039898,0.1230107444591296,0.0946098170566004
2894,0.1,10,3,0.21692941550245304,0.09560128040204485,0.0938357910634637,0.08250456690481911,0.1044950375160743,0.09360654112660939
1493,0.1,10,3,0.19433425612184818,0.09757104679591394,0.16374660646723369,0.14848157963511968,0.18255642153384002,0.16439800090505985
2164,0.1,10,3,0.08895058282632073,0.042480828264352975,0.055751689182042874,0.05103955613624656,0.060616102595970014,0.05599212678540437
1830,0.1,10,3,0.24127747440531735,0.1040510565704168,0.08673378433561942,0.07933429097365137,0.09997633743712235,0.09552800940205897
1390,0.1,10,3,0.7093243021441444,0.3745491034141632,0.32512677814357777,0.3016163571943047,0.3309216111822612,0.2998251553889332
430,0.1,10,3,0.07357835548355891,0.03351026624044278,0.03860502640541423,0.01105371463085135,0.03971092571052008,0.020782541458705624
596,0.1,10,3,0.12283143299429601,0.06028745524903602,0.07713270962673313,0.0650709808588093,0.08345971185329,0.07139798308536617
2067,0.1,10,3,0.10086817808365275,0.045872466569361545,0.08365188661252512,0.050844604955585126,0.09431113306513572,0.056639437994268585
2839,0.1,10,3,0.11345033198822654,0.06298985051774292,0.10353675015405295,0.09342744714017731,0.11258150299910805,0.10247219998523241
526,0.1,10,3,0.1890421959006112,0.06766821829356415,0.048244800979607635,0.039607190989204955,0.05739813121446988,0.043896107810140056
2910,0.1,10,3,0.1178899372895862,0.061943165400165444,0.07656455839485665,0.0760821857509169,0.08289156062141352,0.08240918797747376
2434,0.1,10,3,0.31445438013589844,0.1749338283057002,0.18806789760080467,0.1740060985234612,0.20108287962872756,0.18122624751270064
2391,0.1,10,3,0.3702621424458612,0.19848355172228271,0.1348738084461109,0.09284085640374035,0.14881921009879012,0.11117831256159402
2958,0.1,10,3,0.06936243405008324,0.03261383374473164,0.0177673312429139,-0.008631617594488973,0.02409768419038027,0.0068520655878396355
688,0.1,10,3,0.3378268987879433,0.15311142615718645,0.04741838337570441,0.036584072303077,0.058077629828315006,0.05210773216961474
1162,0.1,10,3,0.11736318702996959,0.06424028044076087,0.043131872211954345,0.03157423945824646,0.046890386320775634,0.03909126767588904
2554,0.1,10,3,0.11450381357536614,0.05483109681117968,0.11242765732112114,0.09830279421791199,0.12308690377373174,0.10896204067052259
489,0.1,10,3,0.10022948046375948,0.04914671184985652,0.13095468403558885,0.12162223268038685,0.141040200370967,0.131707749015765
1864,0.1,10,3,0.12867211204550386,0.06437355962886249,0.08426130027391741,0.08209526894757212,0.09058830250047428,0.08842227117412899
1461,0.1,10,3,0.6374864499558052,0.32992583560688493,0.15642776768659336,0.10531522684106825,0.16772055453555718,0.12036652779885336
2151,0.1,10,3,0.1321708165765066,0.06533459708546638,0.0712932431143475,0.06179230848093532,0.07813522376704542,0.0633716252828232
1022,0.1,10,3,0.3201501337612869,0.17121344590891382,0.16962389626385938,0.14381350851941913,0.18843371133046574,0.16509415612080008
1988,0.1,10,3,0.08364853535578926,0.04015073488840371,0.0683567870575243,0.053965411208460344,0.07328080875979055,0.058944569945310936
2152,0.1,10,3,0.0999067305790798,0.045523889429824764,0.1443178929841536,0.12406837812928545,0.15873565354558547,0.14277505551165243
2726,0.1,10,3,0.10743473141146803,0.05319388096266456,0.1173965760291233,0.10263604797128616,0.1318143365905552,0.1121893951187909
2350,0.1,10,3,0.09691933804761203,0.05156128049978799,0.06283791760427654,0.04682813344942162,0.07292343393965468,0.05487733085493759
1709,0.1,10,3,0.6811782440885839,0.3557190324001734,0.3936363509219467,0.3070949325681703,0.4080541114833786,0.31605835156296164
1993,0.1,10,3,0.10629550301978831,0.05445484067543344,0.08432155981001045,0.07006250706963267,0.093940042772298,0.0877181558974122
1582,0.1,10,3,0.0931716770682935,0.0421667275039118,0.20642199106796855,0.15413186036030432,0.22083975162940045,0.16891163596492217
1097,0.1,10,3,0.06351381009668039,0.034654091913590826,0.09873104474432792,0.09113561072736019,0.10939029119693852,0.10179485717997079
697,0.1,10,3,0.19752769361214187,0.09127796535456892,0.070558028976475,-0.006301863326950485,0.07148844860123132,-0.006301863326950485
192,0.1,10,3,0.11359407854227031,0.052641061305897234,0.05490836948822549,0.03486555926510063,0.06251845074843584,0.04043932159544881
1009,0.1,10,3,0.1008844150318031,0.05009332706844725,0.13328943041914806,0.0984658831055732,0.14770719098057994,0.1070888106283216
990,0.1,10,3,0.22953455437682688,0.11064695721898726,0.13575944903888493,0.09249408452626456,0.14531279618638968,0.10204743167376931
1498,0.1,10,3,0.48875667828420716,0.26886596484948144,0.11695071849855654,0.11137588503393893,0.12609684255209141,0.11822958557249832
851,0.1,10,3,0.1352751213193654,0.06355532894700507,0.06922468480346788,0.0405083348936195,0.07555168703002474,0.041040504081492894
2715,0.1,10,3,0.11994403792087366,0.05334365955032965,0.16157873014210294,0.12503762213859757,0.17599649070353485,0.14321389680885077
1324,0.1,10,3,0.1824494494435002,0.0949624374520694,0.09313425776066991,0.07295926346383177,0.10321977409604806,0.08680329390803121
2474,0.1,10,3,0.12004289685420097,0.053792440952145706,0.09478399754236257,0.08893973187124121,0.10440248050465012,0.09642454154325371
791,0.1,10,3,0.06801978439663747,0.03498494274381482,0.14020644635656088,0.12157951085978863,0.15462420691799275,0.1359972714212205
2084,0.1,10,3,0.17923571064496435,0.06991049225873208,0.0940790471245294,0.07254554667772295,0.0954818256580384,0.07379065381604415
2676,0.1,10,3,0.12462746683412976,0.05337650314482726,0.0447713543925686,-0.0036104234955751102,0.049525423940929014,0.001143646052785302
1592,0.1,10,3,0.4835361312987207,0.26170910294893945,0.05086938225978025,0.018576820607855732,0.06105626980363817,0.03790983220524853
2837,0.1,10,3,0.09769286198266258,0.05053311349856181,0.04495326561521235,0.04005471308386138,0.05346584927239405,0.05232581084986436
1821,0.1,10,3,0.09695075652958556,0.04328125078458913,0.04721766825607153,0.02878906138624262,0.05637099849093377,0.042806805035032
1489,0.1,10,3,0.22672831295463602,0.1107435099643477,0.06429984941097755,0.04431373985484881,0.06493338980733074,0.04455673032076642
2911,0.1,10,3,0.22967337761055717,0.11275506581651865,0.13000828941391515,0.1263585007516139,0.14238003117900092,0.14087155928189948
275,0.1,10,3,0.4299748154722523,0.20777422841518303,0.20983349193256523,0.20161182465699412,0.22864330699917157,0.22042163972360046
494,0.1,10,3,0.05249284746909999,0.02782956142657193,0.12043791536802648,0.09733213266651726,0.12676491759458336,0.10691821769887505
884,0.1,10,3,0.19101795616801376,0.09455247991845395,0.08654989859320444,0.08654989859320444,0.09137098460201296,0.09137098460201296
1453,0.1,10,3,0.1496632822569625,0.07319659852303373,0.05332817549736685,0.02286843815996103,0.05332817549736685,0.02340060734783444
1109,0.1,10,3,0.20999362265326177,0.10117747347718835,0.03917731244747885,0.038198698383990634,0.04293582655630014,0.04015592651096707
1793,0.1,10,3,0.127774923971648,0.0663497007029545,0.05968816933523173,0.04367680410988452,0.06538368858310539,0.05752289197175393
2960,0.1,10,3,0.5470421509621536,0.27061956956382505,0.23462363846079665,0.18620365590613375,0.253433453527403,0.2050134709727401
2685,0.1,10,3,0.2394121976389734,0.1370520193580914,0.0986477736948384,0.04472707688210527,0.09811560450696499,0.05281783521698028
2026,0.1,10,3,0.11389422704743069,0.060309916972902965,0.10841431559752213,0.08942705249037947,0.11796766274502687,0.09898039963788421
1120,0.1,10,3,0.10840104435431394,0.05823115792492139,0.111482900529193,0.0943238017437509,0.1259006610906249,0.11360597571910994
1849,0.1,10,3,0.10709744007299543,0.045589195451432744,0.09524349146411111,0.07354976229721433,0.10590273791672171,0.08513942837458124
1418,0.1,10,3,0.1506655682100623,0.07146889485529681,0.08824999266335487,0.05331040928136771,0.09457699488991174,0.05963741150792458
2625,0.1,10,3,0.15142165939628552,0.07553055466369152,0.07847983267522046,0.07796203029452503,0.08276874949615556,0.08225094711546013
850,0.1,10,3,0.0653086485248736,0.028568195489313036,0.03704598794651727,0.031445511743541814,0.04253119152960408,0.04179512874055576
2547,0.1,10,3,0.15797203256853726,0.07701383503347517,0.0774195062041863,0.06517503608736834,0.08697285335169104,0.07472838323487307
1332,0.1,10,3,0.08613743784672226,0.03975069202805622,0.12139187653505568,0.10855923000378723,0.13205112298766628,0.12180178310529018
1488,0.1,10,3,0.07036430650720481,0.034806294188513144,0.11390378435264915,0.09200388909239976,0.11764747993031369,0.09573356708313654
844,0.1,10,3,0.13926334683327152,0.07822903476703372,0.06852643826397942,0.05350455082660144,0.07432127130266288,0.059299383865284896
1030,0.1,10,3,0.14393048944305098,0.07420994561436171,0.0059665471961650035,-0.03184167339842472,0.011761380234848462,-0.0202520073210578
2901,0.1,10,3,0.7389662812761885,0.38724868688445113,0.35257867549903366,0.3493109028288644,0.36213202264653843,0.3588642499763692
1247,0.1,10,3,0.09508152456734337,0.04622731093859186,0.05698995275026376,0.041216803425713586,0.06550253640744545,0.053487901191716564
1817,0.1,10,3,0.17332387547621841,0.09071868333774062,0.10532059057093292,0.08274733828031958,0.12308964214721621,0.10830717887380283
2417,0.1,10,3,0.09094505275435912,0.043909677255405864,0.10246437363411798,0.08984963139189528,0.10879137586067485,0.09617663361845215
741,0.1,10,3,1.0419164688676619,0.518643830004208,0.06549465639808158,0.008337632101960674,0.06063024298415443,0.01209614621078195
371,0.1,10,3,0.11486442993137637,0.06167523634152216,0.08743458494623799,0.07645262645183441,0.09752010128161614,0.09029665689603386
113,0.1,10,3,0.07373185873246409,0.040959973938160796,0.08985969073632384,0.07096749621243842,0.09837227439350554,0.07572156576079885
2669,0.1,10,3,0.32732193518443753,0.15221652780730727,0.08337612288055465,0.06893096944623822,0.09135653734986293,0.08177579732947364
693,0.1,10,3,0.13437697562092152,0.05320849382693255,0.12073492182774961,0.11204405197538311,0.1313941682803602,0.12270329842799371
1950,0.1,10,3,0.14066956930609859,0.0653822885506642,0.05398316234512779,0.03365601647172201,0.05890718404739405,0.03482152406516698
2825,0.1,10,3,0.06915190836832044,0.03244451240305807,0.11171440557484913,0.10097685604095502,0.126132166136281,0.10959978356370342
1158,0.1,10,3,0.19329384160575785,0.10603119485975701,0.13424278106943588,0.10755795845127518,0.1442684871256933,0.12522321868884884
367,0.1,10,3,0.17432222102863076,0.0863717819081294,0.06576677124049235,0.050484905713088536,0.07642601769310295,0.06600856557962627
680,0.1,10,3,0.5903486724861835,0.29911947393079324,0.24363284113725062,0.23253007854146013,0.25868414209503565,0.2513398936080664
69,0.1,10,3,0.10400994756681747,0.05805888880256495,0.09037749382372873,0.0764943948501196,0.09519857983253724,0.08131548085892812
2525,0.1,10,3,0.307658173190263,0.16254510095428637,0.09975675180845489,0.045357279935064276,0.10555158484713835,0.051152112973747735
2581,0.1,10,3,0.6915275116544087,0.3546678824496278,0.2333346685678923,0.2215897628032852,0.24775242912932416,0.24039957786989152
2701,0.1,10,3,0.09254282039734589,0.04418237571755547,0.0944653954819165,0.08549187967379275,0.1051246419345271,0.09728959497536693
605,0.1,10,3,0.10264513631495621,0.048733547882609585,0.0671668622568426,0.05781608249404773,0.07678534521913016,0.06257015204240815
864,0.1,10,3,0.1388476356004893,0.06907293303164459,0.04498077666099465,0.03929745219775803,0.04926969348192975,0.04358636901869313
2209,0.1,10,3,0.1160558098285154,0.0572615260807218,0.12347231224726751,0.11420500548252323,0.1378900728086994,0.1291549352318285
513,0.1,10,3,0.11432082986986863,0.050303568597351044,0.09032899391528913,0.0738277053183209,0.09612382695397258,0.07382770531832089
2414,0.1,10,3,0.14264700219240595,0.056762266261647785,0.02728568356517451,0.01417063850341997,0.02728568356517451,0.01417063850341997
1667,0.1,10,3,0.16593197315433783,0.08362781488360643,0.15554897930076927,0.13309318235064893,0.16510232644827402,0.14751094291208083
2648,0.1,10,3,0.32516890953921174,0.17448976885994627,0.03282055027162724,-0.03076351116793334,0.0339264495767331,-0.025899097754006187
2407,0.1,10,3,1.147526229326132,0.5188823270968692,0.19737897519063552,0.0734845790742915,0.19931701300128984,0.06973991428539947
628,0.1,10,3,0.25470748711027513,0.12322930481488648,0.049743588440687554,0.0037752038909440525,0.05148856467528201,0.0092786942343598
1537,0.1,10,3,0.13546700476796114,0.055304737652706826,0.0347172166470352,0.01640557379276846,0.0320828734007266,0.017242996496467544
1130,0.1,10,3,0.3021776403496674,0.15842106836618916,0.2118175993134435,0.19529609338309495,0.22742028718592705,0.21040439570202382
2445,0.1,10,3,0.2526812240779464,0.09421507682661406,0.10436811503128712,0.09768015888904635,0.11069511725784399,0.10400716111560322
2216,0.1,10,3,0.34509606367686685,0.15390789232282956,0.06245614187719869,0.03717759541472782,0.0731153883298093,0.048767261492094746
101,0.1,10,3,0.09784322292663426,0.05067295585949119,0.09494212273251401,0.08746644365683477,0.10502763906789217,0.09755195999221293
1445,0.1,10,3,0.07817176386217045,0.03464182056059141,0.02538930767330874,0.013709443641148669,0.03025372108723588,0.02343827046900295
549,0.1,10,3,1.330502837479591,0.6523618163950008,0.14351590056384497,0.0664181333299382,0.14404806975171838,0.05891080497877961
415,0.1,10,3,0.10720343399779424,0.04709607444666276,0.02278132384721666,0.022382986452666256,0.028769908123656488,0.024303832104279752
1365,0.1,10,3,0.08693790812451244,0.0425094951829745,0.06415931971251389,0.04128991727295676,0.07481856616512449,0.055236628447260704
2873,0.1,10,3,0.18572197871915552,0.08907004406175373,0.11279449307137938,0.10522628525156819,0.127272063911932,0.114682035040518
1942,0.1,10,3,0.16031989843917863,0.084878428789071,0.15181121918980567,0.14573687220388512,0.16418296095489143,0.1555097962492247
746,0.1,10,3,0.1549433770077988,0.05844930508563069,0.06262165313228593,0.05096957982824684,0.0689486553588428,0.05150174901612025
1428,0.1,10,3,0.24761991771107145,0.12113580772455755,0.17229929088874746,0.1489410776602179,0.18232499694500487,0.15457472921130086
429,0.1,10,3,0.4663290277094384,0.2444475488697219,0.11609022500825308,0.10793520754601736,0.12188505804693653,0.1137300405847008
2749,0.1,10,3,0.12104156006596306,0.050395071877066384,0.015620733218248063,-0.013891047369719446,0.023277066983849758,0.004424532848492847
1159,0.1,10,3,0.5283781697243927,0.2691704355299824,0.2914576174014813,0.28609122824825634,0.31026743246808763,0.3049010433148627
514,0.1,10,3,0.38824292446767483,0.1929737943001615,0.15970965050983432,0.15511755692280035,0.16833257803258275,0.15794565140686534
1001,0.1,10,3,0.08153613058804618,0.04099810799466223,0.13091715393199285,0.10076549327900189,0.14533491449342473,0.10703268522643802
2383,0.1,10,3,0.07543998370620901,0.03516130400493442,0.09322366770801095,0.07197445878022668,0.09751258452894605,0.08065543010633623
896,0.1,10,3,0.11091812406088815,0.057292653179870326,0.10978889974005585,0.0950679228144372,0.11407958303675053,0.09356377307244843
603,0.1,10,3,0.2814067207790149,0.14777180613222113,0.0689210924428669,0.05026565649176029,0.0650522344684789,0.05382807985022142
424,0.1,10,3,0.06669276128217791,0.03223863375377077,0.0734424488553141,0.06432221175127381,0.07923728189399756,0.06633865272328354
606,0.1,10,3,0.13971902289150828,0.0625346784244056,0.04743027446310287,0.04018885262732253,0.05118878857192416,0.04018885262732253
2970,0.1,10,3,0.0945631787627293,0.04423341985203568,0.05759416773707231,0.04370465735111755,0.06241525374588082,0.048525743359926064
178,0.1,10,3,0.739161909749339,0.38445915910731887,0.29120145330215536,0.2532678441940224,0.3045386071533992,0.2666049980452662
2778,0.1,10,3,0.18623606765655965,0.09048715504872883,0.06623420078818523,0.06530431513061946,0.0711584244812331,0.06769625563362441
1219,0.1,10,3,0.11897403222861079,0.057746890676439,0.09247270346549188,0.07230474943582162,0.09593528644074817,0.07137527790590344
959,0.1,10,3,0.38771540887646216,0.2208071456249533,0.11814256012318383,0.1020134169308348,0.12243147694411893,0.10566879335541673
1684,0.1,10,3,0.10536697005866497,0.055037285038569285,0.09994587452997435,0.0916309834623287,0.10476696053878286,0.09206001496596276
559,0.1,10,3,0.06974464552201827,0.0376365413305248,0.11386536127821559,0.10853836229039507,0.12828312183964746,0.12295612285182694
2667,0.1,10,3,0.13599136438024653,0.07479954341129604,0.06249801567881716,0.049125450401381374,0.07691577624024903,0.06730172507163454
685,0.1,10,3,0.09469630826441469,0.04945856053014747,0.05382875472406522,0.04543901746866183,0.06448800117667582,0.05604708922646543
1317,0.1,10,3,0.10322135154117974,0.04738760159817067,0.13527636842430468,0.11009691942615106,0.1459356148769153,0.11934582705464707
274,0.1,10,3,0.5105504139575173,0.2691437044318313,0.15101730694632526,0.13814902848893254,0.1649627085990045,0.1483359160327905
1165,0.1,10,3,0.1001091650760216,0.04624124795926409,0.07673559291843839,0.058246445338504496,0.0814896624667988,0.06300051488686491
973,0.1,10,3,0.19512695223959176,0.08187753763590916,0.06028928108389504,0.05491768631686172,0.06517196605522901,0.057562075698870105
2485,0.1,10,3,0.2156392340289632,0.09978522431007501,0.07379826995247415,0.0677723089463596,0.0833516170999789,0.0798242309585887
2198,0.1,10,3,0.09492225257353946,0.04922285461265159,0.03584638111858708,0.02248032298123591,0.04650562757119768,0.03534102386500401
446,0.1,10,3,0.10224471457620511,0.05424146674267252,0.11576378783216623,0.10709149000844342,0.1258493041675444,0.11717700634382158
2145,0.1,10,3,0.1960636701125456,0.10166504994316285,0.0469349256341047,0.017807967787541623,0.05179933904803184,0.017807967787541623
1742,0.1,10,3,0.1636709118414247,0.08062497634692034,0.040455664858631765,0.01579846036007722,0.032898758169865455,0.016392122285306655
1322,0.1,10,3,0.16468783989067667,0.08448470563904745,0.06677286101371374,0.05180162407774948,0.06998438740350485,0.06429246207394612
2783,0.1,10,3,0.07271613672062337,0.036512013742631584,0.12795229110500556,0.10358804996945553,0.14237005166643743,0.11314139711696027
659,0.1,10,3,0.13218663389376725,0.06239806744126613,0.04510426244253663,0.02504310365857605,0.04996867585646378,0.03125038033685641
1675,0.1,10,3,0.11403103284394622,0.05511233073038245,0.025387094262398276,0.0001407687100715288,0.034940441409903024,0.01924746300508102
2162,0.1,10,3,1.028008849110946,0.5136235970066428,0.26380279570269477,0.24024678503083413,0.2730592636217964,0.2543676663638629
175,0.1,10,3,0.5728861052667621,0.3138205303385275,0.19871379645414428,0.15598097766197716,0.21000658330310804,0.17103227861976222
1254,0.1,10,3,0.2871022288473302,0.15243448027445047,0.19941594416805714,0.14517743290114193,0.21822575923466347,0.16398724796774827
447,0.1,10,3,0.0900760092954113,0.04561234241870986,0.08386963704824171,0.06357151595938532,0.09828739760967359,0.07316819051200868
1477,0.1,10,3,0.2571741238957816,0.13167866084973798,0.07460407728977797,0.06225422968911171,0.08316276871514278,0.07134509030234992
2055,0.1,10,3,0.11402415111250437,0.05774951946102854,0.14405309231050945,0.10048669008020733,0.15847085287194135,0.11490445064163923
2180,0.1,10,3,0.11547434963208214,0.05993026038895218,0.07634204337777373,0.04574774805628718,0.08549537361263596,0.05490107829114941
1216,0.1,10,3,0.16661188238823646,0.09029964256206685,0.05420725743578557,0.03116876794495881,0.05693988368285981,0.035206054695746655
1193,0.1,10,3,0.3138240807724018,0.15662915551586,0.02081633878201369,0.002257897947573983,0.017057824673192407,0.002257897947573983
943,0.1,10,3,0.07076954582327856,0.03818729290086003,0.0750923901590858,0.057738561379687685,0.0857516366116964,0.06478480648749893
1192,0.1,10,3,0.14650085416021946,0.06535240976116374,0.042816497323080946,0.02050921762405405,0.049143499549637815,0.02683621985061092
1215,0.1,10,3,0.1945762275663072,0.08574090353100079,0.06618004213066586,0.048889997892946804,0.076265558466044,0.05897551422832495
1148,0.1,10,3,1.2689582501968282,0.5865513081394911,0.14825872867175977,0.08675279496230467,0.14715282936665391,0.09051130907112595
1427,0.1,10,3,0.11649203504890221,0.057294933602117494,0.08075807805911195,0.05124461893798542,0.09517583862054384,0.07428530702216574
2079,0.1,10,3,0.4072433801736385,0.2123807750876645,0.0747090856065389,0.03497243581712722,0.0766440333279213,0.04129943804368409
1748,0.1,10,3,0.10056248288090415,0.05218975108834932,0.17799958207813577,0.1591020387199175,0.1924173426395676,0.17351979928134934
558,0.1,10,3,0.10696446531235305,0.050414705347761254,0.11848495429566018,0.10348705553379131,0.12427978733434364,0.10797163189751152
724,0.1,10,3,0.052161220122742095,0.023017937060554154,0.03546780739713884,0.03546780739713884,0.03546780739713884,0.03546780739713884
1145,0.1,10,3,0.09281981033321575,0.04060597059467037,0.068700256826501,0.04820432297021434,0.07502725905305786,0.05882024201770631
831,0.1,10,3,0.10273081267284924,0.0517339668082788,0.05527273494964732,0.03819258845717571,0.06332016587940371,0.04999853349575338
2054,0.1,10,3,0.10348368078335202,0.04775165689347026,0.030103249180451843,-0.001258366415690073,0.03985034756571296,0.017111659492319464
2044,0.1,10,3,0.11356133455587487,0.05113397566449001,0.10235842826130837,0.07881183216048256,0.11301767471391896,0.0943354920270203
2222,0.1,10,3,0.09614804120255578,0.04644817891389811,0.09909228145092573,0.08775107107790923,0.09952131295455979,0.08679682130653774
2418,0.1,10,3,0.19303225685028033,0.10354082399178106,0.10785677403987015,0.07187673614229811,0.11794229037524831,0.08196225247767627
380,0.1,10,3,0.35961061151799123,0.15667951614545253,0.2779057399398566,0.2535333595880371,0.29671555500646296,0.2762030599719445
1285,0.1,10,3,0.18503121319624155,0.08027405067960064,0.06549126251285585,0.02217993475702651,0.07181826473941272,0.027341429390138394
1288,0.1,10,3,0.09656436987054343,0.05018535002780482,0.04698905223470101,0.042972264969286744,0.05278388527338447,0.04546155479455455
2219,0.1,10,3,0.09493857397690969,0.046026447185830335,0.08764672794943483,0.06886587702848426,0.0934415609881183,0.06886587702848429
1746,0.1,10,3,0.05885612671908,0.028698898922521927,0.09408304116314305,0.07316852532698909,0.10370152412543061,0.07792259487534953
80,0.1,10,3,0.09828711040747244,0.04117570940016258,0.09813814045207492,0.08442220094309218,0.10718289329713002,0.09346695378814728
1045,0.1,10,3,0.08854498157668764,0.04196898971727465,0.07825649432326287,0.06463634238346351,0.0835427330594967,0.06992258111969733
1236,0.1,10,3,0.13027254259647808,0.0660410252011795,0.07901923502376482,0.053294892059118075,0.09343699558519672,0.0763355801432984
1055,0.1,10,3,0.08393093626085352,0.03957595362194996,0.17670556827012063,0.16503231575598803,0.19112332883155253,0.17945007631741994
915,0.1,10,3,0.08998049916553019,0.048404366136462894,0.07943637024308559,0.058164291440717227,0.08576337246964245,0.0644912936672741
414,0.1,10,3,0.12213153442612643,0.06625138401086067,0.08435129308146243,0.073792085693988,0.08864197637815713,0.07557785379786565
2184,0.1,10,3,0.08810937791589236,0.044994719670976964,0.10556077522859338,0.08150262840248386,0.11622002168120397,0.09527735069186022
2109,0.1,10,3,0.3771007789677905,0.2160111282762984,0.19472984660248605,0.18500723263774524,0.20914760716391792,0.1957319919617373
24,0.1,10,3,0.12269609497313012,0.06345433422098581,0.048073155619434246,0.015294928973359365,0.043681101114259775,0.006510819963010429
967,0.1,10,3,0.13362012222573125,0.06411880783820166,0.0514658951489686,0.03383151165171189,0.05567731121523341,0.038042927717976696
1441,0.1,10,3,0.4948461125971984,0.2541127191148552,0.036862002415248514,0.018618881122208837,0.045583211057204795,0.033134922802848576
2121,0.1,10,3,0.07239617613634494,0.0367094034610973,0.058428297917198724,0.048369416838369136,0.06817539630245983,0.05811651522363025
1966,0.1,10,3,0.11127196409527224,0.05303109229805683,0.17643982281255444,0.16612549673237473,0.19085758337398628,0.1831265639426989
2267,0.1,10,3,0.06581912472965598,0.03396136123070132,0.12980599144944388,0.10096041799072276,0.1317409391708263,0.09850331120693072
1618,0.1,10,3,0.15961181252991788,0.06806796822311496,0.060994661557572445,0.019266848021988685,0.06732166378412931,0.019799017209862088
2316,0.1,10,3,0.0838244616852248,0.045442832433942794,0.11987992308893103,0.10388187676090208,0.12850285061167946,0.1120232876361337
841,0.1,10,3,0.183277242418937,0.0863150429083461,0.09160905188426849,0.06320794696916449,0.10169456821964665,0.06696646107798578
34,0.1,10,3,0.05352765934458646,0.02489040147337075,0.05115085680308667,0.043341316722233944,0.060704203950591416,0.05731749723739843
729,0.1,10,3,0.14062878407918294,0.06313681105422132,0.0864893811078996,0.06934754964983031,0.09228421414658305,0.07255917130745637
2637,0.1,10,3,0.7294949323672361,0.36263012037890807,0.35176055923868293,0.26757175904170216,0.36801289120354963,0.27168743721017174
1692,0.1,10,3,0.08330569870357042,0.04003202712066302,0.03888561645099271,0.026067613497427006,0.04803894668585496,0.040085357146216395
614,0.1,10,3,0.07681091207250079,0.035175350140132705,0.09821728666530326,0.08347372073911047,0.10454428889186013,0.0955955560043508
2888,0.1,10,3,0.6637641717083093,0.3301077444460023,0.29187722053089094,0.2539027643349898,0.306928521488676,0.2689540652927749
2537,0.1,10,3,0.12342984760536951,0.06294439060688753,0.0938814060927164,0.06850033223206459,0.104540652545327,0.07336474564599173
1765,0.1,10,3,0.12496620528907504,0.057213417608949206,0.07493043531388,0.05112534201528024,0.07968450486224041,0.05587941156364065
725,0.1,10,3,0.13160385878435854,0.07011087998841349,0.06372919223584717,0.03361830552875689,0.06576551116570933,0.045207971606123803
1890,0.1,10,3,1.05322582056215,0.5298603440976314,0.20821018681883685,0.17855460168881684,0.20708601595632417,0.17420388391457467
1822,0.1,10,3,0.1373145531091854,0.060522287294699315,0.019111757449157316,-0.010041112462676166,0.026400166591924804,0.006800643827596063
145,0.1,10,3,0.36297640869068243,0.2062748435518072,0.24185082572131783,0.23276490867504496,0.26066064078792417,0.2515747237416513
2700,0.1,10,3,0.17332273054438851,0.08121285626982888,0.023569869202948054,-0.0020012959004856445,0.029652743822093583,0.013634925866164625
2895,0.1,10,3,0.1337800732740689,0.05515930688441809,0.18464851147450617,0.1612280905261801,0.19420185862201092,0.16937865914017586
445,0.1,10,3,0.3252426833036978,0.18384128863279736,0.099028572297954,0.08888754090470424,0.11150829504873157,0.09557243061679835
341,0.1,10,3,0.36700088108644063,0.15596016971150414,0.37463603537023843,0.33997621812902956,0.39344585043684477,0.3587860331956359
652,0.1,10,3,0.16295287614436596,0.07076645443327208,0.03613926829912417,0.015915963842168188,0.03662989876528369,0.024557162922323454
1492,0.1,10,3,0.3349017149601544,0.16939157203600447,0.19320907182354174,0.13755038270790854,0.19837036446587203,0.13831962084506433
352,0.1,10,3,0.5102362439341124,0.27056700400388756,0.2686992967550942,0.24358630891494734,0.2831170573165261,0.2623961239815537
290,0.1,10,3,0.12186667050087444,0.0603515687473447,0.08566802189373135,0.06689898311274245,0.09095426062996517,0.07218522184897627
2062,0.1,10,3,0.1569456530360633,0.07254534989528522,0.07720541004886816,0.06513453181923423,0.08202649605767667,0.06995561782804274
2772,0.1,10,3,0.468507074468854,0.23137895945012255,0.28268813596185666,0.25235327438100086,0.301497951028463,0.2711630894476072
1846,0.1,10,3,0.12718273994545218,0.056421811735479666,0.1891818213170554,0.14986869911823658,0.2035995818784873,0.1605279455708472
9,0.1,10,3,1.3337340138706264,0.6590592326834961,0.17398137556702797,0.07764161543853212,0.1832378434861296,0.07727960039534619
1235,0.1,10,4,0.9824375110456134,0.44887344762275516,0.17573345497963083,0.16029907587446815,0.18927883971966758,0.17378693316035349
1648,0.1,10,4,0.08608776361903651,0.04472784110145735,0.07620988064073009,0.06622283080235947,0.0809639501890905,0.07097690035071988
1607,0.1,10,4,0.1354107373726654,0.07626140124474198,0.08112691228556557,0.050636634894457404,0.09178615873817617,0.060171710484555316
1449,0.1,10,4,0.27260992846279625,0.13208809532213286,0.17470515873851683,0.08773152275592601,0.1789940755594519,0.09688485299078822
11,0.1,10,4,0.23880080613297786,0.1337466452762253,0.05374700643976596,0.03413398915926985,0.05321483725189255,0.03413398915926985
1753,0.1,10,4,0.12764218496131968,0.05373279486035166,0.10739926273011564,0.0950100015061998,0.11748477906549379,0.11001510871823848
2042,0.1,10,4,0.11778797815396266,0.05684543625139565,0.17060031956020194,0.1516492384453949,0.18501808012163384,0.1660669990068268
2939,0.1,10,4,0.18115471026410288,0.0694736606505841,0.06523268059055927,0.044803540149147114,0.0667604052179718,0.05008977888538093
1439,0.1,10,4,0.10121580451154068,0.05253269499388765,0.13855473848270616,0.1177874041989628,0.14488174070926302,0.13222963673998622
2114,0.1,10,4,0.11150512675731698,0.05806032498076549,0.05333114214721015,-0.014357263253462614,0.05449664974065513,-0.013191755660017637
1368,0.1,10,4,0.11555188181876423,0.06642303536649588,0.05429998711349052,0.04846018952633625,0.06357472658999895,0.05566841617271123
1005,0.1,10,4,0.10985268093523042,0.05025760161145885,0.05930667678480518,0.044694703324422345,0.06892515974709273,0.05484535547458331
1713,0.1,10,4,0.6693627719429,0.359536285109978,0.2888130398335374,0.2775227339824538,0.3027584414862166,0.2866037222212059
385,0.1,10,4,0.10529676409326484,0.06030468051641353,0.03545891332913191,0.021084029392480066,0.03176000750864974,0.022249536985925036
827,0.1,10,4,0.4895150923031247,0.25740100648854625,0.35751589310113224,0.3263367271012599,0.3719336536625641,0.34514654216786617
2275,0.1,10,4,0.12717513958705365,0.05058889470658867,0.08793784670888267,0.0708164240121858,0.10084969105256619,0.08545905726599519
329,0.1,10,4,0.08209868960316143,0.03842322453055682,0.0852798163017627,0.07027114344977273,0.0938594164193925,0.07645884483023739
15,0.1,10,4,0.7380662790623527,0.38488399269651274,0.24000921704497047,0.21914779025799822,0.2506684634975811,0.23795760532460458
230,0.1,10,4,0.6002112438602939,0.32768088359187725,0.2471727732154621,0.2394957156895508,0.26598258828206844,0.259824919923831
10,0.1,10,4,0.12745070804685718,0.05724926698878127,0.15454173848558617,0.12347921976641535,0.16462725482096432,0.13216195756828453
140,0.1,10,4,0.07327195040554241,0.04062857112552143,0.0874257234291145,0.08568597600745827,0.08732258574487516,0.08119078381804445
428,0.1,10,4,0.07859346233632382,0.03772407609156821,0.07825745937253559,0.07127939578027648,0.08458446159909246,0.07760639800683335
287,0.1,10,4,0.11315636821309241,0.05194374485017848,0.03970937774801102,0.017940766871473012,0.04457379116193816,0.02333734947327356
1127,0.1,10,4,1.2329608356461077,0.5781314982954622,0.19283182592021886,0.14450522532351445,0.19024851927132652,0.1463139731797966
2197,0.1,10,4,0.11059272058648546,0.05171931697652378,0.07285200112580205,0.04051229415739387,0.07917900335235892,0.0505658980776457
2188,0.1,10,4,0.11258294486273718,0.055294165386098125,0.2872633569499432,0.2574125311756845,0.3016811175113751,0.267438237231942
822,0.1,10,4,0.1434965282167854,0.06888738454529793,0.15394464587151518,0.14500994468654138,0.1683624064329471,0.16429211866190044
100,0.1,10,4,0.08841972748532717,0.03904290166197623,0.08795888534303709,0.08086392131002368,0.09428588756959395,0.08719092353658055
26,0.1,10,4,0.12772894698049722,0.06761108826082445,0.11216185401328578,0.09196739936001957,0.12282110046589638,0.10262664581263017
903,0.1,10,4,0.08863358528165902,0.048814370540408006,0.09202044402095502,0.06804217527869577,0.09834744624751188,0.06857434446656917
1803,0.1,10,4,0.11459534866698606,0.055754601590383056,0.21830310546068804,0.19011530910146554,0.22896235191329867,0.19262398694008043
2594,0.1,10,4,0.10384799287603091,0.04835230942735192,0.13532103783930272,0.11805024159799767,0.14394396536205115,0.13622651626825083
2397,0.1,10,4,0.12172850659141962,0.062222346867626115,0.09678352624811767,0.07820224666553965,0.10852016313187227,0.08735557690040191
16,0.1,10,4,0.14809055323962073,0.06844013218581307,0.16849108452409678,0.1629449501378229,0.18290884508552868,0.17674741482920506
2444,0.1,10,4,0.07931314689472425,0.03729488012376082,0.03937371918077629,0.02895179927438657,0.04482991007091597,0.03711316578968322
942,0.1,10,4,0.09213827193141681,0.050480562413087085,0.13433738671199813,0.12200068562916999,0.14875514727343,0.13641844619060187
304,0.1,10,4,0.12708727295948044,0.05754319663157986,0.07060773340633375,0.06814388545092204,0.07693473563289062,0.0744708876774789
1577,0.1,10,4,0.17271443439537354,0.08994900983536985,0.08854713628289766,0.05182892299677431,0.09434196932158112,0.06781064357931568
2134,0.1,10,4,0.49656653136910406,0.23858066141979678,0.3202108572021198,0.2559524586781059,0.3390206722687261,0.27476227374471224
2199,0.1,10,4,0.24594581392553463,0.11066763647599323,0.10499097562614919,0.08984571773656302,0.11507649196152733,0.09564231725100607
256,0.1,10,4,0.08332212025552531,0.0414324249247742,0.2099523950028545,0.19398989557217539,0.22061164145546508,0.19649857341079022
2719,0.1,10,4,0.5026044081024031,0.26875700609700703,0.19753447998963264,0.13015137378867536,0.21147988164231185,0.14356460625348116
2463,0.1,10,4,0.10556405272621863,0.050060782477824285,0.08391046629325442,0.02808721702816301,0.08391046629325442,0.022292383989479553
2296,0.1,10,4,0.27515520540457794,0.12150319980818193,0.03524819882294432,0.029344695237014967,0.03305529921922577,0.022759741128121957
425,0.1,10,4,0.08336785931160834,0.04216168058128838,0.07987245604780058,0.05948302865737337,0.0851586947840344,0.0647692673936072
2985,0.1,10,4,0.10089535740653383,0.047247796630306156,0.08270223548260248,0.06200669944458586,0.08902923770915935,0.06253886863245928
2195,0.1,10,4,0.09511696622982532,0.04362612281209,0.16869037899251943,0.1573988814858414,0.1831081395539513,0.17341762657458043
1847,0.1,10,4,0.16664087812259806,0.08588505938553406,0.06020260021444189,0.04986606894495248,0.07086184666705249,0.05526265154675303
1629,0.1,10,4,0.1638080985203046,0.08451350741103707,0.07149851700152632,0.052051228179815785,0.08487551407263516,0.07029263866485178
1375,0.1,10,4,0.123993871925151,0.0549430686933424,0.12257833942605377,0.12157703791849453,0.13266385576143191,0.13254098640647846
1790,0.1,10,4,0.12046727299590662,0.058148392084503155,0.06087919017183411,0.013749925312073343,0.07043253731933885,0.023303272459578084
1998,0.1,10,4,0.08080817972590203,0.03823319611929843,0.06809710212543897,0.05955362092492178,0.07614453305519536,0.07135956596349946
1352,0.1,10,4,0.16826121201821292,0.075005155397734,0.06460475892592885,0.0400480230117584,0.07039959196461232,0.040048023011758416
2059,0.1,10,4,0.0869455119950734,0.03871221113859708,0.02756689279705179,-0.016421908576249446,0.031958745311444645,-0.008271541953035304
1738,0.1,10,4,0.24692748398280975,0.13429587017881192,0.07641827149919544,0.02849937231120242,0.08128268491312259,0.03336378572512956
161,0.1,10,4,0.11112908546344412,0.04781490920758626,0.07396944424761573,0.057974053393403724,0.08462869070022633,0.06376888643208718
2218,0.1,10,4,0.1060289994570434,0.05079024743653922,0.0664261099348251,0.05710590477131047,0.07604459289711266,0.06725655692147144
1870,0.1,10,4,0.11043500268612791,0.04979327066400951,0.06878725850502407,0.0568862626388052,0.06620395185613173,0.058695010495087324
1513,0.1,10,4,0.25097536439924945,0.1258860468998722,0.08051288848325241,0.06391709605824192,0.08051288848325241,0.06878150947216906
1125,0.1,10,4,0.1460879279167203,0.07945093513095748,0.0898952586027961,0.06835193402160611,0.09036761751154879,0.06608042439645052
305,0.1,10,4,0.11732539959425627,0.06302981286072333,0.08123731345359553,0.06776215103636818,0.08652355218982935,0.073048389772602
566,0.1,10,4,0.13158200034536244,0.06258577860418359,0.10649827025096278,0.07221563713621909,0.11715751670357338,0.07801047017490255
2223,0.1,10,4,0.49151916169093657,0.242839212211878,0.2486911428812379,0.19403332759671876,0.26750095794784423,0.2128431426633251
833,0.1,10,4,0.08430895195107686,0.041821015711927596,0.07664892456160352,0.06694745740308469,0.08620227170910826,0.08025931865941072
2977,0.1,10,4,0.12458748983836704,0.06741515938403793,0.02014037971385071,0.011609090566662202,0.02500479312777785,0.021337917394516483
2671,0.1,10,4,0.13653980881446914,0.05651097377545282,0.06703486371162803,0.015032558631005666,0.07185594972043655,0.019853644639814177
2301,0.1,10,4,0.08670165416694754,0.04741684532017695,0.09736584694601437,0.07675745861860572,0.10369284917257122,0.07752689874654314
2657,0.1,10,4,0.16978186287626637,0.09104200594573322,0.10516691741712035,0.09003444206522815,0.11690355430087494,0.10123890976110933
918,0.1,10,4,0.11937272702574787,0.06042336032971246,0.1643706538830112,0.14582514564734622,0.17299358140575966,0.16000913136594008
928,0.1,10,4,0.06282472947295405,0.033122890400178434,0.09738197621387523,0.08485925937235478,0.1037089784404321,0.09118626159891165
1626,0.1,10,4,0.2015295789550054,0.11045028513536269,0.10005072836165829,0.05204126316158969,0.10584556140034175,0.05783609620027315
2847,0.1,10,4,0.10497645526197796,0.0408363346578053,0.1290322048463049,0.09239803271970598,0.13969145129891553,0.09726244613363315
2342,0.1,10,4,0.08501156511734549,0.03783508129641923,0.06574198407814458,0.01232141279846638,0.07056307008695309,0.017142498807274892
1522,0.1,10,4,0.14551131801056838,0.05660340428807179,0.13303964598733917,0.11611816279898823,0.13883447902602264,0.1205102173041627
1412,0.1,10,4,0.15133148511896624,0.06912632345364682,0.0793330753053681,0.04320822058981799,0.07787582890141893,0.04990154279986457
1679,0.1,10,4,1.0205409066548163,0.4904657940410439,0.14124938325009043,0.11468769911773866,0.1456414377552649,0.1228382677317344
572,0.1,10,4,0.09801539793778975,0.04983991210181783,0.10939757531384099,0.10151960128095217,0.11948309164921914,0.10721441509330544
1401,0.1,10,4,0.5157226635521897,0.27155110960750817,0.03594650496711753,0.024291716799292998,0.04081091838104467,0.03402054362714728
2194,0.1,10,4,0.09005443625455865,0.040768174381136384,0.03808892509765819,0.016307743232865053,0.04652953137512732,0.033371277033082604
2720,0.1,10,4,0.09384050709291963,0.04427486175130793,0.11390938792935017,0.07629097852080724,0.11712091431914129,0.08389455941577281
2068,0.1,10,4,0.2963489442328491,0.12721439480865573,0.24729458861093045,0.23842652573760675,0.26030957063885335,0.25050690372125606
2629,0.1,10,4,0.34932589151151544,0.17621861731665403,0.11030735427676852,0.10140662714379402,0.11234367320663069,0.10553492886450791
2043,0.1,10,4,0.1271370406639282,0.055741638136879795,0.031136208867565143,0.014496051629111988,0.0369310419062486,0.014496051629111988
2416,0.1,10,4,0.09549852856576645,0.044868485901812326,0.04954785542944722,0.039058894049983854,0.06020710188205782,0.058871470737456695
1085,0.1,10,4,0.14745453271593428,0.06131045541781173,0.10174870711672948,0.08650627251416211,0.11079345996178461,0.10189284611693086
557,0.1,10,4,0.5393927292063383,0.27665568844851746,0.1487915991029504,0.09665786881143076,0.1589784866468083,0.10684475635528867
834,0.1,10,4,0.1001818796877803,0.04356398376103553,0.14428896346618175,0.10883249538501402,0.15494820991879232,0.1157332277288033
906,0.1,10,4,0.3014519778447405,0.1469826019844561,0.14761492177860608,0.1177038709834998,0.15716826892611085,0.12725721813100457
694,0.1,10,4,0.08491432307587174,0.03756862360458528,0.09228615449651523,0.07962978083566208,0.0986131567230721,0.08595678306221895
472,0.1,10,4,0.33185353907266746,0.17104147097658493,0.05655762453658,0.05001126409842731,0.05655762453658,0.04514685068450017
2337,0.1,10,4,0.055730095929047985,0.023904752546718297,0.08036591492541362,0.05466097635751734,0.08523032833934076,0.05466097635751734
306,0.1,10,4,0.10066004103980773,0.05026802419808692,0.06001847696241665,0.043220417555579066,0.0701039932977948,0.06285928103846197
1720,0.1,10,4,0.060774218369843584,0.028498420794071295,0.09314163909252748,0.07903902527281353,0.09946864131908435,0.0853660274993704
2810,0.1,10,4,0.07662900540641604,0.034959505917050035,0.15169326324216484,0.13456414073122336,0.16343968354181793,0.14903532009362447
105,0.1,10,4,0.2347038337077328,0.09323098956183119,0.10958958576309326,0.05678889309385672,0.1196751020984714,0.06687440942923487
1433,0.1,10,4,1.1192015170841663,0.5462682126589704,0.1266120997455391,0.10718165565878457,0.13037061385436038,0.11094016976760585
2273,0.1,10,4,0.10390431745400604,0.051184992665336285,0.08886754987143192,0.07943183207637938,0.09466238291011538,0.08858080948010957
2935,0.1,10,4,0.23408884425578508,0.11956108215617456,0.08586479587293237,0.07596027323063556,0.09165962891161583,0.08235817164659462
1421,0.1,10,4,0.2166901016774134,0.10363698189009983,0.03601001452873619,0.025087061179139714,0.03114560111480905,0.025087061179139718
1407,0.1,10,4,0.2713620261607862,0.1340561427968528,0.11399815664833136,0.1004710719930869,0.11540093518184036,0.10327662906010489
214,0.1,10,4,0.11939666128874782,0.05604738464784306,0.0762649307262191,0.027426409343496883,0.0810860167350276,0.032247495352305394
2984,0.1,10,4,0.16254247742103087,0.08169265130572231,0.05358307859994904,0.015733512165999552,0.05734159270877032,0.01949202627482083
2534,0.1,10,4,0.11429680400106425,0.054717418555857655,0.07810224507841021,0.06402368696822146,0.08004028288906453,0.07521819269797739
288,0.1,10,4,0.20949670562048736,0.0940788783803161,0.04858952438713507,0.03756287264118374,0.058970163168749354,0.043973764420986924
2852,0.1,10,4,0.1021161971669217,0.04452965876151705,0.14380183018220843,0.13273904698434683,0.15821959074364034,0.14715680754577873
2804,0.1,10,4,0.2470927339788052,0.13362190392751305,0.04626255475868231,0.03637842353851867,0.05692180121129291,0.052832503029812725
388,0.1,10,4,0.15843578091394675,0.08040605044668422,0.1492117481249154,0.11612688300176513,0.1569446189742532,0.11893553015805508
2102,0.1,10,4,0.11537081334971978,0.05353635465113609,0.1271065610081869,0.11764455042375997,0.13776580746079747,0.12444391155906949
2623,0.1,10,4,0.34839653685093247,0.17345740016506506,0.3617357694419053,0.3382187566912652,0.3805455845085116,0.35277779771350154
264,0.1,10,4,0.13087451697544475,0.05841817744887678,0.0685307236131858,0.035948588767684184,0.07861623994856395,0.054081536032818726
2365,0.1,10,4,0.06390728245072963,0.030124116897779343,0.1191689435494247,0.09914116769644507,0.1298281900020353,0.11472463784210354
1454,0.1,10,4,0.0635436633701913,0.030426526526532525,0.044358255777106934,0.027808855295970998,0.04811676988592822,0.027808855295970998
578,0.1,10,4,0.1512148986036842,0.0786956661659858,0.06195021944792756,0.04695327026106076,0.06723645818416138,0.052239508997294584
1625,0.1,10,4,0.8166779142416488,0.4489552312834766,0.2909067403872941,0.2799063125740836,0.305324500948726,0.288529240096832
2950,0.1,10,4,0.12188153735679308,0.05236822295973353,0.13044869706092055,0.12393615492783508,0.14486645762235245,0.13835391548926698
1135,0.1,10,4,0.09670276531169876,0.048209517083696855,0.14902163990980127,0.12246733289466066,0.16343940047123318,0.13312657934727126
1517,0.1,10,4,0.0681821385105027,0.031139213961416265,0.10050575828233074,0.09422798877980187,0.11116500473494134,0.09422798877980187
866,0.1,10,4,0.09682818790422096,0.05056649424309803,0.05695268072522075,0.05695268072522075,0.05811818831866572,0.05811818831866572
199,0.1,10,4,0.5235596592713943,0.26858550130475384,0.25296114591088087,0.2435377409000245,0.26158407343362927,0.2608205909006277
228,0.1,10,4,0.2373533591867278,0.12059676088752817,0.08628177755028833,0.06051791922727645,0.09114619096421547,0.0648501634533302
29,0.1,10,4,0.12107751805085028,0.061704270606725155,0.18994240219579556,0.15998900904611707,0.1988476525284183,0.16749148084523083
2998,0.1,10,4,0.13075397702568292,0.06587807122877982,0.12824626987584942,0.1178905410784828,0.14266403043728132,0.13143665982785593
1036,0.1,10,4,0.13263573146800842,0.058532942918505956,0.07558717275354782,0.0646792437816681,0.08416677287117762,0.06727069882512247
2376,0.1,10,4,0.09342698417949806,0.03809367453003341,0.06436419082011935,0.028813772624654288,0.06965042955635317,0.03410001136088811
1486,0.1,10,4,0.08506931213118835,0.0444088260186369,0.10653020400883295,0.06861437493771777,0.11285720623538982,0.07494137716427464
1951,0.1,10,4,0.0725670110372438,0.03470785403978537,0.09203019211212005,0.08129854471364517,0.09744504627132744,0.08724560899336978
399,0.1,10,4,0.22982878657654626,0.13020194963765708,0.11149653602548293,0.04815621771690021,0.12215578247809353,0.058815464169510806
1743,0.1,10,4,0.8118123898939836,0.40197126723875304,0.3310421949391239,0.3189427294465121,0.3445875796791606,0.3324881141865488
2384,0.1,10,4,0.08894841697426187,0.044099036208376366,0.09181605801131616,0.05994488270694182,0.10247530446392676,0.06573971574562529
622,0.1,10,4,0.0906067833328196,0.04823120215007086,0.13049426161394861,0.1198764928614039,0.14057977794932677,0.12996200919678205
2698,0.1,10,4,0.13386906554106934,0.0696033706472017,0.0702230125953005,0.04888447692358683,0.07497708214366092,0.05363854647194724
1004,0.1,10,4,0.16993205418838203,0.07588671462272872,0.10286520773248006,0.08387693087458707,0.11295072406785822,0.08816761417128177
1555,0.1,10,4,0.62478606655901,0.3211001591985611,0.31326903438852466,0.25669175211129586,0.32628401641644755,0.26165930320946235
2954,0.1,10,4,0.7092613226190532,0.3339335537922282,0.10186340839388831,0.05629936222506671,0.10625546289906278,0.0515452926767063
2649,0.1,10,4,0.14830279617702996,0.06428610222077791,0.055465358431885825,0.011515251313317487,0.059754275252820926,0.01580416813425259
2263,0.1,10,4,0.07581775127840489,0.03510907275570839,0.05758791407671079,0.046219462911495084,0.06391491630326765,0.05726608080760334
2008,0.1,10,4,0.46852258678440906,0.24980017051210476,0.13112902684565805,0.10573909301249618,0.13369751496339366,0.11206609523905306
2049,0.1,10,4,0.09067020332427592,0.04968677383129337,0.14154867035696483,0.12270148612052317,0.151634186692343,0.13278700245590133
1798,0.1,10,4,0.13843606898015584,0.07168263643040422,0.07530110401855339,0.06370720257173001,0.08058734275478721,0.06899344130796384
2261,0.1,10,4,0.17735179289485717,0.08446757026234016,0.14682503477181663,0.11755511333912239,0.1612427953332485,0.1261780408618708
2974,0.1,10,4,0.10468666577212563,0.052550474210980164,0.12888357528027217,0.12664211114259027,0.14330133584170404,0.14105987170402215
2945,0.1,10,4,0.5288967107313697,0.26417351575542525,0.1903760716373245,0.1668877089673732,0.20918588670393085,0.19384809264797526
2574,0.1,10,4,0.509796525807502,0.2581576112635952,0.2692646779113208,0.2613147657719158,0.28368243847275276,0.27134047182817334
2878,0.1,10,4,0.19146221900361732,0.09430136765094985,0.20088694613453295,0.16244720344185629,0.21209318030617375,0.1678586045748136
1432,0.1,10,4,0.12676818938631257,0.05276650746923588,0.09465978599421504,0.07126365063470158,0.1047453023295932,0.07759065286125845
1223,0.1,10,4,0.9675506349410607,0.4199048719192146,0.19868428224026496,0.17226838865874342,0.20307633674543943,0.17183935715510937
1335,0.1,10,4,0.08285968575276322,0.04088418439685008,0.12422275910171972,0.11056538584587533,0.1386405196631516,0.12281756357739573
1376,0.1,10,4,0.13808945222684088,0.0682424090109073,0.11780892071407999,0.09662242201685359,0.12742740367636754,0.11063295948431559
2333,0.1,10,4,0.15457496956997716,0.07367495100612659,0.09837715147655895,0.09101740478262628,0.1079304986240637,0.10057075193013103
747,0.1,10,4,0.38432357342912554,0.2134766845393279,0.05340181645069658,0.011428903802116183,0.0658287643989634,0.028247906255557467
1124,0.1,10,4,0.0892964869570727,0.045452540826255945,0.03960188221189058,0.009404381558705002,0.04389079903282568,0.013693298379640104
1544,0.1,10,4,0.08464054723286714,0.0480491243207837,0.10114171010119005,0.08407725751832544,0.1143321866240261,0.0935092199323402
2680,0.1,10,4,0.4239755328541292,0.22919035490256326,0.06033180208882652,0.04466186850456976,0.05979963290095311,0.03926528590276921
2654,0.1,10,4,0.16331813084274174,0.0712028163480816,0.13493471950730956,0.09610949605943375,0.14935248006874147,0.11052725662086565
168,0.1,10,4,0.1645413732067464,0.0829950530329977,0.06234893837524057,0.05589511604222963,0.07150226861010281,0.06018403286316473
2245,0.1,10,4,0.22705261421950645,0.10347972206891846,0.08748313674838996,0.06502188016210662,0.09663646698325222,0.07417521039696888
2471,0.1,10,4,0.08769521788313078,0.03726471774110402,0.10786336421623588,0.07539984446237874,0.11852261066884648,0.08605909091498934
1697,0.1,10,4,0.08240509639239918,0.03616230012499291,0.07493564701993036,0.057355434603566596,0.08784749136361389,0.07079944813512354
2360,0.1,10,4,0.480189096949963,0.23321247785645696,0.1529289273367564,0.11040739133105149,0.16358817378936702,0.12106663778366211
2171,0.1,10,4,0.1959923018846946,0.10953792068316254,0.1080931480213386,0.06816519062428918,0.12251090858277047,0.08744736459964819
245,0.1,10,4,0.08264847907750607,0.04608457019841657,0.08430266743770862,0.055307219169728916,0.09872042799914052,0.07927832687866557
2214,0.1,10,4,0.0913659712200546,0.0502720539568158,0.09447403650114201,0.08683234979046914,0.10026886953982547,0.08823512832397813
2252,0.1,10,4,0.09586798881303696,0.04844643371146045,0.15612441055539153,0.15009060388442902,0.1705421711168234,0.16298905312551507
1287,0.1,10,4,0.07420168776243562,0.033647501928776816,0.1492346119000615,0.14134599559550765,0.1636523724614934,0.15576375615693955
677,0.1,10,4,0.06760322482057025,0.03582137905828142,0.16807310060744135,0.14211427978981322,0.17873234706005192,0.14462295762842806
1562,0.1,10,4,0.38617141828302814,0.20066704066460495,0.2672558609993336,0.24982222822322975,0.28606567606593997,0.26376762987590896
762,0.1,10,4,0.14986853177291665,0.07701010242782098,0.06262855494021483,0.04234887398737145,0.07120815505784463,0.05092847410500125
835,0.1,10,4,0.11910125265642348,0.05720563578866459,0.051859128842599314,0.040330294604057126,0.047645319199044786,0.04098089837442974
1091,0.1,10,4,1.0055330693091913,0.5195482144228932,0.2463965463654152,0.22511296244997298,0.2523851306418551,0.2284960357992857
2829,0.1,10,4,0.10547049854820323,0.04465757296383075,0.03868748213358811,0.024352619593088584,0.0424459962424094,0.031869647810731164
2874,0.1,10,4,0.30284990031497655,0.17121355225605206,0.06253842099272144,0.0562835153622514,0.0683332540314049,0.06689943440974337
716,0.1,10,4,0.10381485064193875,0.04696965288878496,0.1382912842611419,0.11657511049534053,0.14837680059652006,0.1266606268307187
466,0.1,10,4,0.1688916516647529,0.08714180517740817,0.036352421858335274,0.017929296847995387,0.037476592720847954,0.019053467710508067
2182,0.1,10,4,0.13910950267604497,0.06057132692969317,0.015849815284889223,0.009739237999994498,0.020714228698816364,0.01946806482784878
731,0.1,10,4,0.09624302155708085,0.0449762201068523,0.08931334179416583,0.07911074837138016,0.0956403440207227,0.08543775059793703
2323,0.1,10,4,0.1688324600781233,0.08318052403120377,0.03145932575739014,0.01847558199458521,0.03744791003382997,0.02932857968495218
2717,0.1,10,4,0.1113171204193345,0.054043524337110696,0.05050771156582864,0.031861182951448574,0.06116695801843924,0.04854435975962121
2876,0.1,10,4,0.8920950678302059,0.442509843697014,0.3106227025129804,0.29554156138011745,0.321044678025527,0.30596353689266403
231,0.1,10,4,0.10811022888169733,0.059674763169250106,0.11286441085187437,0.09512243871437522,0.1214873383746228,0.09795053319844019
2411,0.1,10,4,0.07971447241475975,0.03630902660223428,0.03004715686490492,-0.0021786021437547147,0.039835591981098324,0.016232760495187112
223,0.1,10,4,0.4057349235210052,0.19310511732644747,0.09006349676536324,0.055564539057735125,0.09868642428811167,0.06437543646080218
1690,0.1,10,4,0.16500247742422178,0.062328269947042526,0.1696743039496551,0.14803180173845315,0.184092064511087,0.16244956229988505
1464,0.1,10,4,0.1761095239214573,0.08555383922819508,0.0666273649759404,0.048084486659840046,0.07242219801462386,0.048084486659840046
675,0.1,10,4,0.08013300536638991,0.036369947843200454,0.14366854589110534,0.12555180610868405,0.14999554811766222,0.1292955016863486
1351,0.1,10,4,0.13917338543578867,0.07196469559364332,0.05085007576445509,0.037358997824616935,0.06000340599931734,0.041647914645552044
642,0.1,10,4,0.08810461766674406,0.04337038748170202,0.061913379029834216,0.05531713527174609,0.06620406232652891,0.06336633267726206
1146,0.1,10,4,0.5287404890834336,0.25091133485518663,0.1897099420091794,0.16630891450145835,0.19346845611800068,0.16995708474471288
641,0.1,10,4,0.13802099819211439,0.06416632480028044,0.04780680068089111,0.023197394544908052,0.05736014782839586,0.040798172622169185
2978,0.1,10,4,0.23010468990329544,0.13631282712271334,0.09725406958647781,0.0782632021990254,0.10680741673398254,0.08252858667029461
2443,0.1,10,4,0.13163639794444515,0.06829897679393222,0.09518949009833433,0.03684205744616614,0.10480797306062188,0.045928371220580286
1380,0.1,10,4,0.1286254370249253,0.05727809339322166,0.06036264551980392,0.041108050396899076,0.05650276020250288,0.04051235663828372
2242,0.1,10,4,0.07610280425051176,0.039464218366038355,0.08985197525321599,0.07919416921123229,0.09617897747977286,0.08552117143778915
2122,0.1,10,4,0.08780368760039174,0.038395027022788866,0.1127999429034321,0.08934025115970323,0.12345918935604269,0.09999949761231383
935,0.1,10,4,0.15896927939945465,0.07931339634574412,0.07326966333752287,0.06352728369733644,0.07855590207375669,0.06881352243357026
1170,0.1,10,4,0.10960142692902015,0.0417229073913765,0.15059212514630482,0.1174270472030969,0.15638695818498827,0.1276139347469548
2211,0.1,10,4,0.18149592666885178,0.07949940653134956,0.029059304478305896,0.009840084583415242,0.03657456622018888,0.021646029621992913
2481,0.1,10,4,0.13646437177826948,0.06422268009170837,0.026785444420775746,0.012740628601835793,0.027715864045532064,0.01460146785134843
2833,0.1,10,4,0.12987250403003534,0.06759583870806501,0.15659532664628972,0.10412993588486173,0.17101308720772157,0.11415564194111912
672,0.1,10,4,0.07388274199352585,0.03427938446300722,0.10396417684839133,0.0870070628445809,0.11462342330100193,0.0981984784850649
2861,0.1,10,4,0.09516049356263132,0.04059494082972326,0.13093968837866643,0.12430038960964762,0.1410252047140446,0.13438590594502578
190,0.1,10,4,0.5293998716942265,0.2653615378568268,0.18346465283754892,0.14442071559461386,0.1941238992901595,0.1588384761560457
1604,0.1,10,4,0.16298830485235724,0.06932328663092582,0.1906562984874669,0.15826133730423747,0.2050740590488988,0.17267909786566937
270,0.1,10,4,0.09732411308927623,0.051522716239796,0.14960699112804526,0.1401547051735168,0.16402475168947717,0.1577988106558966
1391,0.1,10,4,0.31313665767506127,0.15938080189117768,0.26526432328058397,0.2444888193536341,0.27827930530850686,0.26329863442024043
720,0.1,10,4,0.2990812855645863,0.16859872554395997,0.03255530059602468,0.028267916972374695,0.03706644993958047,0.032779066315930486
211,0.1,10,4,0.07405211795526599,0.03161526561746078,0.20723556495236833,0.1862776759612525,0.21678891209987305,0.18657455518965563
1935,0.1,10,4,0.1366164967425214,0.07440310481420338,0.10641553460370262,0.06946066768807063,0.10694770379157603,0.07257614352483639
2108,0.1,10,4,0.11499299670568451,0.06038367335480626,0.07429218158405808,0.06234586307744414,0.08233961251381447,0.07023614844330227
2924,0.1,10,4,0.11489756960785785,0.05130313735678311,0.032275848700206,-0.03035054071091542,0.02648101566152254,-0.030350540710915426
2504,0.1,10,4,0.10445140908695402,0.04172775972386628,0.1016371443899645,0.09333297703590034,0.10743197742864796,0.10222385761622012
805,0.1,10,4,0.5550896221360788,0.27713127148802524,0.1394953395749779,0.12493624775487208,0.15454664053276296,0.14123625792277664
2100,0.1,10,4,0.2682804640076884,0.14354015190610775,0.09007410421946538,0.07971875599772162,0.08861496843308572,0.0738675657061675
1166,0.1,10,4,0.1312293119257132,0.0703591588672299,0.09942877454903358,0.07865520082728672,0.11280577162014244,0.09203219789839558
475,0.1,10,4,0.0858087329124357,0.04005912180111836,0.10574412761313155,0.09152340514845723,0.12016188817456344,0.10394549918329385
1925,0.1,10,4,0.12159669021015007,0.06249737219460601,0.04497865324228677,0.03487115515487273,0.0443349531313021,0.029835400538713593
2922,0.1,10,4,0.14736163895213666,0.07076938724641635,0.07797947046488374,0.05970066293696635,0.0843064726914406,0.06602766516352322
1039,0.1,10,4,0.15917317009856136,0.0799968793987593,0.1222544672569582,0.10804457478988638,0.1269434009905358,0.11864187159818936
1747,0.1,10,4,0.15315446497677937,0.08600520763328608,0.07292391398890095,0.00862497544057328,0.06441133033171925,0.008159822713147968
2632,0.1,10,4,0.9371357785363021,0.4636011643777863,0.2011688055651465,0.1414049792570316,0.20609302925819437,0.14579703376220607
2836,0.1,10,4,0.13220604704586705,0.07054518306082591,0.022610016511976135,-0.002248599796692289,0.022454998787670138,-0.0024036175209982864
1299,0.1,10,4,0.09200168283729464,0.05064287871008627,0.11168338909896662,0.08762830587922447,0.1261011496603985,0.09718165302672922
2287,0.1,10,4,0.1417803233949753,0.0671754750178883,0.19036026525393435,0.17277995579006888,0.20477802581536622,0.18233330293757363
1565,0.1,10,4,0.1184846423558108,0.049875896240294086,0.07017065507703912,0.05928244706081067,0.08082990152964972,0.06507728009949412
776,0.1,10,4,0.144826857541065,0.06927416193965368,0.0869076237299358,0.0666127074717427,0.09646097087744054,0.07176828074760233
1430,0.1,10,4,0.1052710864528878,0.05040709644182114,0.13704992774149136,0.11969053494627249,0.15146768830292323,0.13839897880439905
1415,0.1,10,4,0.10773141698652004,0.04777963985632342,0.03636288027874253,0.029968226992271536,0.04012139438756382,0.037485255209914116
1206,0.1,10,4,0.29853548659314944,0.15945361037192582,0.2940427832003194,0.25494014093199535,0.31285259826692574,0.2781420105037762
888,0.1,10,4,0.09679482406983575,0.03973967382146077,0.0717891695360548,0.05907986999149269,0.07665358294998192,0.067311151242629
297,0.1,10,4,0.11810122170138747,0.05747865517313182,0.08184034272169191,0.07265139145983257,0.08787026372906402,0.07381689905327754
336,0.1,10,4,0.19991427827829625,0.09113897220708929,0.030409049327906498,0.02070999401937641,0.0277558825843575,0.025112715794456297
382,0.1,10,4,0.05818653555736533,0.024305075324060368,0.02696112814525783,0.016862854825509567,0.030719642254079114,0.024379883043152133
2190,0.1,10,4,0.08793862360863157,0.04467672204220568,0.12500413788700032,0.12030397511606804,0.13566338433961095,0.13110707919144163
2247,0.1,10,4,0.07424879554878305,0.039845768707436106,0.05031585815127057,0.037280118013306884,0.04968231775491741,0.03601303722060055
2453,0.1,10,4,0.06012031244937965,0.033939872515585216,0.11862299304856157,0.11143591327017655,0.12344407905737008,0.11547586427907812
882,0.1,10,4,0.0873561192907588,0.045417887696979124,0.07154680630834777,0.06532096928732312,0.08110015345585252,0.07131431459156436
1672,0.1,10,4,0.07732559385618983,0.03227050746562692,0.05189805277241594,0.02493772238366802,0.057692885811099395,0.03941352674846104
2976,0.1,10,4,0.20691027728068867,0.09541542683677325,0.08946834642998168,0.06877643380235435,0.09955386276535982,0.08330004141293051
1025,0.1,10,4,0.07639327383275939,0.03912157165536672,0.09040886639150582,0.08955010487335875,0.10049438272688398,0.09587710709991562
67,0.1,10,4,0.1400667663489461,0.07472015805995638,0.08841992965823264,0.013805439036565892,0.09646736058798902,0.02132070077844886
1122,0.1,10,4,0.17760947621180506,0.08756346396599658,0.061647951694717665,0.043281966313100426,0.07183483923857559,0.06365574140081627
2675,0.1,10,4,0.15008067257984975,0.08133571611802513,0.11379783090917166,0.07992344314270028,0.12821559147060355,0.0880142014775753
2529,0.1,10,4,0.14135983453516976,0.0708726257406578,0.0660772673443959,0.0376763399418667,0.07089835335320441,0.04249742595067521
2894,0.1,10,4,0.21233326248089307,0.09344472995926188,0.11654134276395604,0.10521011860531146,0.13354240997428027,0.12265391358481537
1493,0.1,10,4,0.2156577896262583,0.11165066370022303,0.14464694483598903,0.12938191800387502,0.15912451567654165,0.14096609504776147
2164,0.1,10,4,0.09075969356687547,0.04858593766306694,0.07990405298128822,0.0751919199354919,0.0859031248893003,0.08127914907873465
1830,0.1,10,4,0.25073554277138677,0.11039310532503993,0.05867855372998445,0.0512790603680164,0.06933780018259506,0.06488947214753167
1390,0.1,10,4,0.6724266994477768,0.3553429659616988,0.3195020916976578,0.2959916707483847,0.32529692473634125,0.2942004689430132
430,0.1,10,4,0.09944617560398883,0.04443743690396423,0.03625434175785837,0.008703029983295488,0.027631414235109942,0.008703029983295484
596,0.1,10,4,0.0791631696531398,0.03759976840946598,0.09748413037672621,0.08542240160880238,0.10381113260328308,0.09174940383535925
2067,0.1,10,4,0.13339880992740252,0.06004868811231891,0.051619134100524794,0.018811852443584798,0.056483547514451934,0.018811852443584798
2839,0.1,10,4,0.1007946954118054,0.05298204566361324,0.08279994181085448,0.07269063879697885,0.08825613270099414,0.0781468296871185
526,0.1,10,4,0.1794778516636884,0.07315323148228045,0.04517720837449406,0.036539598384091376,0.05479569133678161,0.04129366793245179
2910,0.1,10,4,0.10777339028444355,0.05956124098780464,0.07434417920185532,0.07386180655791556,0.07916526521066383,0.07868289256672407
2434,0.1,10,4,0.3290154943529884,0.1730812444474035,0.26498044807337046,0.250918648996027,0.2802620875816912,0.2604054554656643
2391,0.1,10,4,0.41260214496051323,0.19073089825412148,0.09002524593581769,0.047992293893447134,0.1039706475884969,0.0663297500513008
2958,0.1,10,4,0.07888947470223773,0.03826568543432623,0.041839539943655545,0.01544059110625267,0.052498786396266144,0.03525316779372551
688,0.1,10,4,0.2808664456805849,0.12537251860139806,0.05295416154646468,0.042119850473837275,0.06257264450875223,0.05660274685005197
1162,0.1,10,4,0.14031930482160085,0.0763450502198852,0.04923594107558259,0.0376783083218747,0.05299445518440388,0.04519533653951728
2554,0.1,10,4,0.10126230715919034,0.04716769167128248,0.10353171211986245,0.0894068490166533,0.10985871434641932,0.09573385124321017
489,0.1,10,4,0.0785465082268911,0.044680334714839,0.11707079929699038,0.10773834794178838,0.12655681904779786,0.11722436769259587
1864,0.1,10,4,0.1044607667772652,0.055637873566947944,0.06766096273544363,0.06549493140909833,0.0739879649620005,0.0718219336356552
1461,0.1,10,4,0.6194437236159447,0.3406554628244881,0.14421211074722617,0.09309956990170107,0.15117265337013622,0.1038186266334324
2151,0.1,10,4,0.13720928288780448,0.0703085912814373,0.09771182234869981,0.08821088771528764,0.10349593160551375,0.08873233312129153
1022,0.1,10,4,0.28711618532638733,0.1437841419059036,0.23802484481360525,0.212214457069165,0.2568346598802116,0.23349510467054593
1988,0.1,10,4,0.10592459992623589,0.051693859533657585,0.04733351436617771,0.032942138517113764,0.04099169360846408,0.026655454793984464
2152,0.1,10,4,0.0814759629209087,0.038991493016925775,0.12278328811118061,0.10253377325631247,0.1372010486726125,0.12124045063867947
2726,0.1,10,4,0.13293432196980667,0.05895371381081642,0.11858879962839892,0.10382827157056178,0.1330065601898308,0.11338161871806653
2350,0.1,10,4,0.06253468182831942,0.03106354717983465,0.046143013344441756,0.030133229189586837,0.0556963604919465,0.0376502574072294
1709,0.1,10,4,0.658089407758424,0.3482517621806902,0.4683304660512653,0.3817890476974889,0.47758693397036694,0.38559117404994997
1993,0.1,10,4,0.093009414482894,0.04650085005967032,0.0845435901423466,0.07028453740196881,0.0905735111497187,0.0843516242748329
1582,0.1,10,4,0.10446428456153521,0.05063057702121105,0.20968390815517934,0.15739377744751512,0.22274316568305902,0.17081505001858074
1097,0.1,10,4,0.10047187801560709,0.05246335581464762,0.12512076552439377,0.11752533150742604,0.13144776775095063,0.1238523337339829
697,0.1,10,4,0.20328975020590967,0.09613355586585808,0.08955032582356293,0.012690433520137434,0.09048074544831924,0.012690433520137434
192,0.1,10,4,0.08183991952344691,0.04156813591365073,0.050280426920761255,0.030237616697636395,0.05855744126342718,0.03647831211044014
1009,0.1,10,4,0.08861413176125744,0.04514606123590394,0.1271447659824214,0.09232121866884652,0.14156252654385326,0.10094414619159492
990,0.1,10,4,0.27176900280962135,0.12641761445049174,0.09103927230169107,0.0477739077890707,0.09532995559838575,0.05206459108576539
1498,0.1,10,4,0.40673060147631956,0.21615616731618933,0.13707621761024025,0.13150138414562262,0.142398691740171,0.1345314347605779
851,0.1,10,4,0.12717255847404263,0.05736918512212013,0.0718042185794137,0.043087868669565314,0.07802135912146052,0.043510176172928676
2715,0.1,10,4,0.1032054573888739,0.05254927461359992,0.13275390032657047,0.0962127923230651,0.14717166088800238,0.11438906699331829
1324,0.1,10,4,0.19774507889301707,0.09989233956079051,0.09307668307319543,0.07290168877635728,0.10165628319082523,0.08523980300280837
2474,0.1,10,4,0.13259397779025725,0.06670717019870157,0.07010171029600443,0.06425744462488307,0.07667173388197433,0.06869379492057792
791,0.1,10,4,0.07516528066277466,0.0350114761235457,0.1435129206306085,0.12488598513383625,0.15793068119204037,0.13930374569526813
2084,0.1,10,4,0.16371883749685356,0.06429964926795546,0.10117955094392038,0.07964605049711393,0.10207373517497974,0.08038256333298549
2676,0.1,10,4,0.1327951789615141,0.055388493106305954,0.06410589171173794,0.015724113823594232,0.0699007247504214,0.02151894686227769
1592,0.1,10,4,0.42293288646060184,0.22448495012300557,0.09545540035868522,0.0631628387067607,0.0946536013145782,0.07150716371618857
2837,0.1,10,4,0.0882011352224448,0.04851042572351437,0.04691935220433125,0.04202079967298028,0.054966783134087635,0.05382674471155795
1821,0.1,10,4,0.10613887835010417,0.045530384670827796,0.05276272633776201,0.0343341194679331,0.06238120930004956,0.04881701584414779
1489,0.1,10,4,0.22984660314175254,0.10202337771680331,0.0870533158642659,0.06706720630813716,0.10002497048707017,0.07964831100050584
2911,0.1,10,4,0.22397911011441504,0.10844521101796153,0.10529609410993232,0.10164630544763106,0.11538161044531048,0.11387313854820905
275,0.1,10,4,0.4788954560858429,0.21776488272400776,0.1958955965931392,0.1876739293175681,0.21470541165974555,0.20648374438417444
494,0.1,10,4,0.07288836198817915,0.035959279852825356,0.11712301609757855,0.09401723339606934,0.12345001832413542,0.10360331842842711
884,0.1,10,4,0.2099736524381913,0.1060590778714927,0.0948137831245161,0.0948137831245161,0.10436713027202085,0.10436713027202085
1453,0.1,10,4,0.16673618878215407,0.08076806295684597,0.05005658387070999,0.019596846533304173,0.054810653419070404,0.024883085269537995
1109,0.1,10,4,0.17038888873591,0.07591136445861031,0.0844672030365543,0.08348858897306609,0.09293694146967407,0.090157041424341
1793,0.1,10,4,0.13715701570567887,0.06863313476152978,0.025625718712138184,0.009614353486790971,0.03377628732613393,0.025915490714782462
2960,0.1,10,4,0.5281477797077649,0.2563905286571562,0.30629325935476576,0.25787327680010286,0.3251030744213721,0.2766830918667092
2685,0.1,10,4,0.22558918544339535,0.13521846361068612,0.08400610369251503,0.030085406879781895,0.08024758958369374,0.03494982029370903
2026,0.1,10,4,0.11742353976833829,0.06237977506358691,0.10070833807690804,0.08172107496976538,0.10928793819453783,0.09030067508739517
1120,0.1,10,4,0.09759611908269396,0.053532386998841,0.08975689082733333,0.07259779204189123,0.10041613727994393,0.08812145190842897
1849,0.1,10,4,0.08023869860201119,0.0358537135008963,0.0971011712837568,0.07540744211686001,0.1077604177363674,0.08699710819422693
1418,0.1,10,4,0.12824971111656425,0.05528669270328903,0.12931301148705954,0.09437342810507238,0.1437307720484914,0.10879118866650425
2625,0.1,10,4,0.1584363030020281,0.07570577996091932,0.0662453738847017,0.06572757150400627,0.0705342907056368,0.07001648832494137
850,0.1,10,4,0.09499016655565523,0.042470857318725234,0.04633527565809123,0.040734799455115774,0.052323859934531064,0.05158779714548275
2547,0.1,10,4,0.1626699029255894,0.07512903771190893,0.0357792058492728,0.023534735732454834,0.040533275397633205,0.02828880528081524
1332,0.1,10,4,0.11039462490500014,0.04875948922210868,0.11746176516603013,0.10462911863476168,0.12812101161864073,0.11787167173626463
1488,0.1,10,4,0.10791694230571311,0.05178865471086489,0.10424293337864211,0.08234303811839272,0.10467196488227618,0.08275805203509903
844,0.1,10,4,0.14509432835253386,0.07532191102723602,0.06907693470743359,0.05405504727005561,0.07436317344366741,0.059341286006289434
1030,0.1,10,4,0.1304804521898917,0.06398402035073482,0.027685088269168684,-0.010123132325421037,0.03347992130785214,0.0014665337519458796
2901,0.1,10,4,0.670192680795529,0.3309296362618031,0.3392297143285629,0.33596194165839366,0.35803952939516925,0.354771756725
1247,0.1,10,4,0.10130528245380574,0.04763204994422865,0.052815489625083555,0.03704234030053338,0.05334589233719737,0.041331257121468484
1817,0.1,10,4,0.17766394624689805,0.09175514719060371,0.02792839395943886,0.005355141668825513,0.038072130647164665,0.02328966737375128
2417,0.1,10,4,0.11173317991771374,0.05867654251786406,0.14102693615860873,0.12841219391638603,0.1554446967200406,0.1428299544778179
741,0.1,10,4,1.0994991911264942,0.5459103121322547,0.06428286069846731,0.007125836402346403,0.05941844728454016,0.010884350511167679
371,0.1,10,4,0.10737037845836249,0.052562154739855274,0.11547115780951342,0.10448919931510985,0.12555667414489158,0.1183332297593093
113,0.1,10,4,0.10581712473820971,0.05363120189596914,0.10561411646069675,0.08672192193681133,0.1151674636082015,0.0925167549754948
2669,0.1,10,4,0.3449869590032739,0.1637565222929693,0.02964873496983435,0.015203581535517922,0.0388020652046966,0.02922132518430731
693,0.1,10,4,0.14448884219491087,0.06181688954337229,0.09188269926238093,0.08319182941001443,0.0982097014889378,0.0895188316365713
1950,0.1,10,4,0.11202043040864583,0.057648273922738455,0.06701318699617376,0.04668604112276798,0.0765665341436785,0.05248087416145144
2825,0.1,10,4,0.08290147107621108,0.04191543571719309,0.12082071416428608,0.11008316463039197,0.13523847472571796,0.11870609215314037
1158,0.1,10,4,0.21447596361324653,0.11700801962143362,0.11782798319496789,0.09114316057680719,0.1278536892512253,0.10880842081438086
367,0.1,10,4,0.1660289102206966,0.08804272054410317,0.07118000295176835,0.05589813742436454,0.07595534876105221,0.06553789664757553
680,0.1,10,4,0.614786095868054,0.3233792243801805,0.2390770213435253,0.2279742587477348,0.2541283223013103,0.24678407381434112
69,0.1,10,4,0.07816840718378561,0.04417179358332312,0.06821261950238666,0.05432952052877754,0.07250153632332176,0.05861843734971264
2525,0.1,10,4,0.3395164950390119,0.17833171431519002,0.06646260088428324,0.012063129010892626,0.07121667043264365,0.016817198559253038
2581,0.1,10,4,0.6811409685230789,0.3703531830882286,0.25616321413057774,0.24441830836597064,0.2705809746920096,0.26322812343257695
2701,0.1,10,4,0.08329543425449544,0.0432612298011739,0.08326352453125445,0.0742900087231307,0.092882007493542,0.08504696053438184
605,0.1,10,4,0.08198466408392197,0.04549617210516019,0.08105482742313458,0.0717040476603397,0.09067331038542215,0.07645811720870013
864,0.1,10,4,0.13208744511503331,0.06013377358795951,0.037437656894137694,0.031754332430901075,0.037437656894137694,0.031754332430901075
2209,0.1,10,4,0.09267154449956505,0.04570741077720449,0.09460984563259689,0.0853425388678526,0.10526909208520749,0.0965339545083366
513,0.1,10,4,0.1314468632213018,0.058192134772996874,0.07414718827712827,0.05764589968016004,0.07994202131581173,0.05764589968016004
2414,0.1,10,4,0.14827863022953308,0.0629280304542004,0.0472337196274387,0.03411867456568416,0.05356072185399557,0.04044567679224103
1667,0.1,10,4,0.19217379245107347,0.10408533539161602,0.11681181424835302,0.09435601729823268,0.13122957480978492,0.11363819127359173
2648,0.1,10,4,0.27345394619633256,0.15375777259956788,0.10570959734701657,0.04212553590745599,0.10307525410070797,0.043249706769968685
2407,0.1,10,4,1.2753979073083401,0.602302445613024,0.21264634880677546,0.08875195269043144,0.2145843866174298,0.08500728790153941
628,0.1,10,4,0.2953427213253059,0.14458662239015657,0.08149347017055326,0.03552508562080976,0.08352978910041545,0.041319918659493235
1537,0.1,10,4,0.14566678845611364,0.056753627715200775,0.04184383749354572,0.023532194639278983,0.050356421150727415,0.03551654424646836
1130,0.1,10,4,0.2679730301302572,0.1471501427434043,0.20712179276107115,0.1906002868307226,0.22446592892577583,0.2074500374418726
2445,0.1,10,4,0.2611947033283408,0.11250275639867144,0.11525253914015594,0.10856458299791517,0.1215795413667128,0.11489158522447203
2216,0.1,10,4,0.3671662773590945,0.17214298485702628,0.1025725188262008,0.07729397236372994,0.11212586597370554,0.08777773913599099
101,0.1,10,4,0.09764253499047972,0.047945590522295585,0.08187922419549487,0.07440354511981563,0.08767405723417833,0.08019837815849909
1445,0.1,10,4,0.085433135749095,0.044960780393021885,0.0343835022215411,0.02270363818938103,0.03924791563546824,0.03243246501723531
549,0.1,10,4,1.2075302560042693,0.5895932614434276,0.13678029319580495,0.059682525961898186,0.13731246238367836,0.05217519761073959
415,0.1,10,4,0.10473779143730491,0.044962864293751355,0.024826849520681493,0.024428512126131088,0.029691262934608633,0.025225186915231897
1365,0.1,10,4,0.08430355450499696,0.037185372197265004,0.08686485043490279,0.06399544799534565,0.10128261099633468,0.08170067327847089
2873,0.1,10,4,0.2236924651172067,0.11456277112049373,0.09499907443933168,0.08743086661952049,0.10518596198318961,0.09259593311177561
1942,0.1,10,4,0.16480280332024194,0.0818532594740908,0.08844369759988735,0.0823693506139668,0.10286145816131922,0.0941882934556525
746,0.1,10,4,0.09289549575019114,0.04583972159554565,0.08342399293790356,0.07177191963386448,0.08921882597658702,0.07177191963386448
1428,0.1,10,4,0.2543497042902856,0.12004958437285214,0.14976107056285753,0.126402857334328,0.15545453239306123,0.12770426465935722
429,0.1,10,4,0.509942720910626,0.26828913219229344,0.07299204889634706,0.06483703143411133,0.08317893644020496,0.07502391897796924
2749,0.1,10,4,0.12195683775048392,0.05343225359623176,0.032180996325185694,0.002669215737218185,0.03311141594994201,0.014258881814585102
1159,0.1,10,4,0.47742367840376826,0.24428698731511816,0.32708662381701087,0.3217202346637859,0.3458964388836172,0.34053004973039225
514,0.1,10,4,0.4185004548883992,0.1999003150250105,0.2190327671882455,0.21444067360121152,0.2320477492161684,0.22166082259045097
1001,0.1,10,4,0.06867000970050666,0.03010756867959577,0.0996216491713395,0.06946998851834854,0.11253349351502304,0.07423126424803633
2383,0.1,10,4,0.08265914587987092,0.03332201174193367,0.08512800643028685,0.06387879750250258,0.08683361660232962,0.0699764621797198
896,0.1,10,4,0.08692710679242423,0.04626358636780714,0.09553263471598644,0.0808116577903678,0.09606480390385985,0.07554899393955775
603,0.1,10,4,0.2819933448117256,0.14760066831848181,0.06059490761217854,0.04193947166107193,0.06551690957535436,0.054292754957096886
424,0.1,10,4,0.09791942319863604,0.04923564096313671,0.08753552359394574,0.07841528648990545,0.0933303566326292,0.08043172746191518
606,0.1,10,4,0.06375772895911842,0.032977602477427384,0.05240647261902863,0.04516505078324829,0.05616498672784992,0.04516505078324829
2970,0.1,10,4,0.08275289094294408,0.040071770647644306,0.07333876349722818,0.05944925311127342,0.08295724645951573,0.06906773607356097
178,0.1,10,4,0.6299938796348694,0.3373766626955994,0.3867001965996652,0.3487665874915322,0.4031587547986795,0.36522514569054654
2778,0.1,10,4,0.1728899300842338,0.07271687791038312,0.040076787149620235,0.039146901492054464,0.043276275683386045,0.03981410683577735
1219,0.1,10,4,0.12057364437374142,0.05677292985080324,0.08375053304152527,0.063582579011855,0.08428270222939868,0.05972269369455395
959,0.1,10,4,0.3673743688624875,0.20533166313782208,0.07829149854897269,0.06216235535662366,0.07829149854897269,0.06152881496027048
1684,0.1,10,4,0.09082091614092319,0.04599902340315422,0.10555211804189404,0.09723722697424841,0.1113469510805775,0.09864000550775741
559,0.1,10,4,0.08683591596741824,0.04071683397069487,0.08999667351713217,0.08466967452931165,0.10008218985251033,0.09475519086468981
2667,0.1,10,4,0.1008690303348574,0.05081441640292401,0.03778562131918725,0.024413056041751466,0.04324181220932692,0.03362776104071242
685,0.1,10,4,0.0766898930901125,0.035730142788340934,0.0408642812646096,0.03247454400920621,0.05001761149947184,0.04157669954926146
1317,0.1,10,4,0.1398698462629183,0.06348683235294778,0.18594377077292268,0.16076432177476907,0.20036153133435458,0.17377174351208635
274,0.1,10,4,0.5147512863759961,0.2795876792533747,0.08006798292992266,0.06719970447252996,0.09401338458260186,0.07738659201638787
1165,0.1,10,4,0.08730160434854621,0.041932854362748635,0.07855935416930573,0.060070206589371844,0.08331342371766616,0.06482427613773227
973,0.1,10,4,0.1748081959007204,0.07475394763468315,0.05923934210971616,0.05386774734268284,0.06469553299985584,0.05708564264349693
2485,0.1,10,4,0.2118694533606189,0.10092773136971012,0.1299616884773891,0.12393572747127454,0.13628869070394595,0.13276130456255575
2198,0.1,10,4,0.12914763282960756,0.06055756137069532,0.027911428611615677,0.014545370474264505,0.038570675064226276,0.027406071358032604
446,0.1,10,4,0.10425259737234091,0.05013276434703164,0.09208448532817681,0.083412187504454,0.09841148755473368,0.08973918973101087
2145,0.1,10,4,0.15497421578998005,0.07926661240805369,0.06433130608337881,0.03520434823681573,0.07018425496138786,0.03619288370089764
1742,0.1,10,4,0.17569866560297395,0.08873407856707163,0.020234127856747275,-0.004423076641807272,0.020867668253100442,0.0043610323685416424
1322,0.1,10,4,0.15005734987371647,0.07682750390072542,0.09270760374396073,0.07773636680799646,0.09610823036724477,0.09041630503768602
2783,0.1,10,4,0.12141608793277305,0.04755275361129157,0.1296007766368273,0.10523653550127726,0.14026002308943789,0.11103136853996072
659,0.1,10,4,0.12303473455339627,0.053978420304400684,0.033086545851374057,0.013025387067413473,0.0379509592653012,0.019232663745693834
1675,0.1,10,4,0.08564843017267997,0.0384695429204872,0.029239905727512276,0.003993580175185529,0.03127622465737445,0.015583246252552446
2162,0.1,10,4,0.8879818922455817,0.470244977752332,0.289346076830111,0.26579006615825035,0.3043973777878961,0.2857057805299626
175,0.1,10,4,0.5913551549008065,0.32810119107314273,0.30936166490554773,0.2666288461133806,0.32002091135815836,0.2810466066748125
1254,0.1,10,4,0.2929600045667574,0.176834357289331,0.2697664471463254,0.21552793587941022,0.28857626221293176,0.23433775094601655
447,0.1,10,4,0.10054961430683386,0.049122496714677506,0.05221474112716587,0.03191662003830947,0.06287398757977647,0.03775478048211156
1477,0.1,10,4,0.2679432712446611,0.13293100198598706,0.12003809374377745,0.1076882461431112,0.1332806468452804,0.12146296843248755
2055,0.1,10,4,0.13262926265910363,0.0684582291266454,0.14602687788200175,0.10246047565169963,0.1555802250295065,0.11201382279920438
2180,0.1,10,4,0.13926118612156535,0.06562750359692696,0.059778585372132646,0.0291842900506461,0.06464299878605978,0.034048703464573234
1216,0.1,10,4,0.18181542421809047,0.09647860915660005,0.0673362783712394,0.044297788880412636,0.07054780476103051,0.048813975773917356
1193,0.1,10,4,0.3143100757593342,0.15506994032656932,0.04912854967430899,0.030570108839869284,0.0453700355654877,0.030570108839869277
943,0.1,10,4,0.08453552806279116,0.046282144961464884,0.06633278984524275,0.048978961065844644,0.07699203629785335,0.056025206173655896
1192,0.1,10,4,0.1428404876022159,0.061061309215419274,0.036211795653363896,0.013904515954337001,0.04103288166217241,0.018725601963145513
1215,0.1,10,4,0.18941484509266593,0.08905064922212705,0.04737602736716695,0.030085983129447897,0.05213009691552736,0.034840052677808306
1148,0.1,10,4,1.1451900756236668,0.55795483985059,0.13237622241102162,0.07087028870156653,0.13127032310591577,0.0746288028103878
1427,0.1,10,4,0.12512952930543714,0.06285036143874338,0.08403784438444539,0.05452438526331886,0.09845560494587728,0.07756507334749918
2079,0.1,10,4,0.4722691011982063,0.2477831780377359,0.12464786198663,0.08491121219721832,0.1348347495304879,0.0994901542462507
1748,0.1,10,4,0.11031283335261172,0.048834709655359215,0.14761826043823037,0.1287207170800121,0.16203602099966224,0.14313847764144397
558,0.1,10,4,0.11113066999859378,0.048061909022209796,0.09883732924554543,0.08383943048367656,0.10463216228422889,0.08832400684739677
724,0.1,10,4,0.0850094809761118,0.04259749816352138,0.05461943592622287,0.05461943592622287,0.05578494351966784,0.05578494351966784
1145,0.1,10,4,0.10112191558608127,0.04463446220985812,0.08733716096422223,0.06684122710793558,0.0936641631907791,0.07745714615542754
831,0.1,10,4,0.07794577150260376,0.03830678503681669,0.060532908211953604,0.04345276171948199,0.0642914223207749,0.05096978993712456
2054,0.1,10,4,0.07184009080581948,0.033684190149501275,0.04466136861653816,0.013299753020396245,0.05005618474257912,0.027317496669185627
2044,0.1,10,4,0.09493951752146296,0.03979526404919653,0.08608262714006765,0.06253603103924184,0.09523595737492989,0.07655377468803122
2222,0.1,10,4,0.07614388797322473,0.03942964269635044,0.10592438987715212,0.09458317950413563,0.1068185741082115,0.09409408246018944
2418,0.1,10,4,0.18131726608378315,0.09528137911201277,0.08124090930379135,0.045260871406219316,0.08606199531259986,0.05008195741502783
380,0.1,10,4,0.3994250617414997,0.19722746136995817,0.2695152793879823,0.24514289903616276,0.28832509445458865,0.2678125994200702
1285,0.1,10,4,0.18236879996786037,0.07963735414269164,0.08399362273884291,0.04068229498301357,0.09314695297370515,0.048670117624430825
1288,0.1,10,4,0.07194091011161682,0.03844520410967359,0.05828297279782074,0.054266185532406475,0.06460997502437761,0.05728764454554769
2219,0.1,10,4,0.11769731136133647,0.06486437788518613,0.08901708001709084,0.07023622909614027,0.09481191305577431,0.0702362290961403
1746,0.1,10,4,0.06784877789512367,0.032179759507748935,0.07673435434652644,0.055819838510372484,0.08588768458138869,0.0601087553313076
80,0.1,10,4,0.10556102322505877,0.04512663480470063,0.07234603078560742,0.05863009127662467,0.07705725510990588,0.06334131560092314
1045,0.1,10,4,0.07890444150182793,0.037948256290754274,0.09178051575972712,0.07816036381992776,0.09810751798628399,0.08448736604648463
1236,0.1,10,4,0.14726568121777323,0.07389534500995598,0.0863242794103671,0.060599936445720363,0.10074203997179901,0.08364062452990069
1055,0.1,10,4,0.1255084844742118,0.0568206637116402,0.15044197170341533,0.13876871918928274,0.1567689739299722,0.1450957214158396
915,0.1,10,4,0.09185204642720032,0.04801114969863026,0.10410517384611317,0.08283309504374481,0.11748217091722202,0.09621009211485365
414,0.1,10,4,0.14694598071157813,0.07791950572649957,0.1313621789036809,0.12080297151620648,0.14479898625391047,0.13173486367361897
2184,0.1,10,4,0.10323728958841277,0.05592700074786798,0.12815553310883038,0.10409738628272086,0.14257329367026228,0.12163062268091851
2109,0.1,10,4,0.4209281081543922,0.2226190934359227,0.21161511795148025,0.20189250398673944,0.22861618516180446,0.21520056995962383
24,0.1,10,4,0.10868468507715873,0.0560789931381491,0.050311792193966184,0.017533565547891303,0.04591973768879172,0.008749456537542374
967,0.1,10,4,0.1546854063528421,0.07882422434144443,0.06481878117983197,0.04718439768257526,0.0659463972643183,0.04831201376706158
1441,0.1,10,4,0.47570320522093784,0.25457879417535406,0.056377349532454,0.03813422823941432,0.051623279984093585,0.03917499172973737
2121,0.1,10,4,0.07205872649361286,0.033666601501763226,0.06061568122220551,0.05055680014337592,0.06919528133983531,0.05913640026100572
1966,0.1,10,4,0.10235313731831612,0.0510701032736666,0.14630056239394407,0.13598623631376436,0.16071832295537591,0.15298730352408854
2267,0.1,10,4,0.08109044720382219,0.03807980087148115,0.11393714376352665,0.08509157030480553,0.11483132799458602,0.08159370003069044
1618,0.1,10,4,0.13677576721705426,0.062036544265908246,0.06722442855986926,0.025496615024285504,0.07301926159855274,0.02549661502428552
2316,0.1,10,4,0.09482503930409757,0.04683382428324542,0.1325878899367149,0.11658984360868593,0.14121081745946332,0.12473125448391756
841,0.1,10,4,0.17582314746034627,0.07588465821103947,0.08310300189581499,0.05470189698071098,0.09376224834842559,0.059034141206764715
34,0.1,10,4,0.17447212079135221,0.06895077740211493,0.08079499563944265,0.07298545555858993,0.09088051197482079,0.08749380526162781
729,0.1,10,4,0.11428399825184742,0.05029540019411184,0.06504050111025249,0.047898669652183194,0.07136750333680936,0.05164246049768268
2637,0.1,10,4,0.6709521682784403,0.3513724767525637,0.25346403649579224,0.16927523629881147,0.26740943814847146,0.17108398415509357
1692,0.1,10,4,0.13327130275599888,0.058729968797472484,0.07220352649847836,0.05938552354491265,0.0818220094607659,0.07386841992112733
614,0.1,10,4,0.09188469674647216,0.040065039630273455,0.07900724219622446,0.06426367627003167,0.08533424442278131,0.07638551153527198
2888,0.1,10,4,0.9232402997915206,0.4351267630484584,0.4101488722949803,0.3721744160990792,0.4200907003138643,0.3821162441179632
2537,0.1,10,4,0.14080575590714203,0.07454378928891732,0.1159252947707904,0.09054422091013858,0.1303430553322223,0.09916714843288701
1765,0.1,10,4,0.12968198952093268,0.0625270647361821,0.08551229653189307,0.06170720323329332,0.0941352240546415,0.07033013075604175
725,0.1,10,4,0.16055673042736346,0.09964459343593822,0.015918351651055707,-0.014192535056034572,0.025471698798560455,0.0049141592389749245
1890,0.1,10,4,0.9548074434684213,0.48105843931823106,0.21461826742636653,0.18496268229634652,0.21461826742636653,0.18173613538461703
1822,0.1,10,4,0.13299461344927535,0.06062826491013814,0.02885524378270525,-0.00029762612912823116,0.03089156271256742,0.011292039948238679
145,0.1,10,4,0.3610515983114896,0.1976452272515401,0.276500472485631,0.2674145554393581,0.2953102875522373,0.28622437050596444
2700,0.1,10,4,0.16991492984083542,0.07138615102259917,0.033884179293355784,0.008313014189922086,0.03592049822321796,0.019902680267289002
2895,0.1,10,4,0.07652263907742933,0.035985521277691564,0.1855179626997403,0.16209754175141422,0.19560347903511846,0.1707802795532834
445,0.1,10,4,0.36683375046619743,0.2118375003733678,0.06742391167894415,0.05728288028569439,0.0769772588264489,0.06104139439451568
341,0.1,10,4,0.37146028951513466,0.1734973636110364,0.31365717902875584,0.27899736178754697,0.3324669940953622,0.2978071768541533
652,0.1,10,4,0.20811767962649513,0.09457209803443362,0.07132098652521272,0.05109768206825674,0.08000372432708189,0.06793098848412166
1492,0.1,10,4,0.3008199905394852,0.15378207153973092,0.21893087325460991,0.1632721841389767,0.2240921658969402,0.1640414222761325
352,0.1,10,4,0.5516066575295395,0.2808590492303577,0.32046519412962426,0.29535220628947745,0.33338759269225243,0.31266665935728005
290,0.1,10,4,0.11934204258866951,0.05881703206253521,0.08721646872625355,0.06844742994526465,0.09354347095281042,0.07477443217182152
2062,0.1,10,4,0.1225229354809002,0.05336296733591463,0.09270121753175431,0.08063033930212038,0.10231970049404186,0.09024882226440793
2772,0.1,10,4,0.48276813943669056,0.24669168345609435,0.2635806117525887,0.23324575017173288,0.282390426819195,0.2520555652383392
1846,0.1,10,4,0.09352232155320389,0.038963332950847404,0.11823564600454495,0.07892252380572612,0.13265340656597685,0.08958177025833675
9,0.1,10,4,1.2629456154952927,0.611671593100475,0.17034006869705934,0.07400030856856349,0.17959653661616093,0.07363829352537753
1235,0.2,20,0,2.134105500073424,1.095377713483284,0.15651952992401502,0.14108515081885234,0.1682561668077696,0.15276426024845552
1648,0.2,20,0,0.1970677583044697,0.09686595187024148,0.2424729579895244,0.23248590815115378,0.2568907185509563,0.24690366871258568
1607,0.2,20,0,0.34950054396583324,0.1934028784517272,0.24064471243528973,0.21015443504418158,0.25506247299672163,0.22344802474310077
1449,0.2,20,0,0.6294614046656619,0.3588509735515104,0.0893010138645427,0.002327377881951878,0.09396807459253478,0.011858852023871103
11,0.2,20,0,0.5269031752780642,0.2886441392423351,0.31639753478126303,0.29678451750076695,0.3234905632448957,0.304409715152273
1753,0.2,20,0,0.21024573739482663,0.10650176924904127,0.2877305846308864,0.27534132340697054,0.2963535121536348,0.2888838418063795
2042,0.2,20,0,0.25483594136476273,0.13432641551698007,0.375,0.35604891888519297,0.375,0.35604891888519297
2939,0.2,20,0,0.393961058833569,0.19326090055830056,0.20191219784861303,0.1814830574072009,0.21257144430122366,0.1959008179686328
1439,0.2,20,0,0.2839545883425845,0.1451212519996315,0.3269583636252378,0.30619102934149445,0.3355812911479862,0.3229291871787094
2114,0.2,20,0,0.4119745083748254,0.19677092768544363,0.1681867931792271,0.10049838777855434,0.18260455374065898,0.11491614833998622
1368,0.2,20,0,0.290946320609516,0.16680266199756505,0.27010895107473654,0.2642691534875823,0.2851602520325216,0.27725394161523387
1005,0.2,20,0,0.2865549661140442,0.1458320547599564,0.2645230854927836,0.24991111203240074,0.2758910185594594,0.26181121428695
1713,0.2,20,0,1.1754152754694007,0.6879637512639614,0.43820211228982786,0.42691180643874427,0.43820211228982786,0.42204739302481714
385,0.2,20,0,0.29048001784148525,0.17636519802785924,0.2683616214252272,0.25398673748857536,0.28277938198665903,0.27326891146393434
827,0.2,20,0,0.8809095287605817,0.5214300563473356,0.45598044760859535,0.424801281608723,0.45598044760859535,0.42919333611389743
2275,0.2,20,0,0.20993041342038393,0.09720314939144041,0.2991127124344165,0.28199128973771964,0.30287122654323784,0.2874805927566668
329,0.2,20,0,0.1860721280738528,0.09857499450758753,0.270282103591293,0.25527343073930303,0.28469986415272486,0.26729929256356977
15,0.2,20,0,1.795510814063909,0.8903072056400652,0.18662405710245605,0.1657626303154838,0.19588052502155767,0.18316966684858116
230,0.2,20,0,1.3021382467871052,0.7608501555508214,0.43583959694484437,0.42816253941893306,0.4358939763389097,0.42973630798067225
10,0.2,20,0,0.29164931012241724,0.12760313031594334,0.3068628883892132,0.2758003696700424,0.3154858159119616,0.2830205186592818
140,0.2,20,0,0.2174263816341102,0.12134908493708388,0.3728981297702869,0.3711583823486307,0.38731589033171876,0.38118408840488804
428,0.2,20,0,0.2854531264837674,0.12858735110886507,0.3114157623407459,0.3044376987484868,0.3200386898634943,0.3130606262712352
287,0.2,20,0,0.22461461759111923,0.10390287624643146,0.2032672485146238,0.1814986376380858,0.21768500907605567,0.19644856738739108
1127,0.2,20,0,2.502337633721815,1.2542454761752797,0.24179265872297157,0.19346605812626716,0.2466570721368987,0.20272252604536878
2197,0.2,20,0,0.2507764321259999,0.10927953074533718,0.2126442698258662,0.18030456285745802,0.22126719734861464,0.1926540920739014
2188,0.2,20,0,0.353326332706067,0.1796118032117213,0.45236086604207043,0.42251004026781175,0.45532464829504765,0.42108176801561453
822,0.2,20,0,0.35986992240062876,0.19607278677818143,0.3144489720888694,0.3055142709038956,0.3144489720888694,0.3103786843178228
100,0.2,20,0,0.23433129579764686,0.1115547820358367,0.2850495094839061,0.2779545454508927,0.2936724370066545,0.2865774729736411
26,0.2,20,0,0.3281516502313065,0.17897636468905168,0.3652035353636201,0.3450090807103539,0.37006794877754723,0.34987349412428104
903,0.2,20,0,0.23645733548516515,0.12212506441213346,0.30693353033244025,0.28295526159018103,0.3155564578551887,0.285783356074246
1803,0.2,20,0,0.3583235423472425,0.17087479436184638,0.37485967101924517,0.3466718746600227,0.37485967101924517,0.3385213060460269
2594,0.2,20,0,0.2643081193198544,0.1300126629144256,0.2226446920181072,0.20537389577680215,0.2226446920181072,0.21492724292430687
2397,0.2,20,0,0.28593598690573974,0.14878870403871652,0.3001226926683581,0.2815414130857801,0.31454045322978996,0.2933758669983196
16,0.2,20,0,0.23154889588069286,0.12310805876910368,0.27413741623329146,0.2685912818470176,0.27413741623329146,0.26797598597696787
2444,0.2,20,0,0.2481603296894387,0.11768901637907511,0.17373944884022124,0.16331752893383153,0.1881572094016531,0.18044046512042033
942,0.2,20,0,0.20878293204143006,0.11466842883157821,0.31732506179393716,0.304988360711109,0.33174282235536906,0.3194061212725409
304,0.2,20,0,0.18822168680169848,0.0891709224059724,0.2740310335658856,0.2715671856104739,0.282653961088634,0.2801901131332223
1577,0.2,20,0,0.34663087265085696,0.19171069520384387,0.2547219844015249,0.21800377111540153,0.2633449119242733,0.23681358618200785
2134,0.2,20,0,0.9624917798828792,0.5639071808069835,0.4705714821115052,0.4063130835874913,0.4763663151501887,0.4121079166261748
2199,0.2,20,0,0.5347337070504923,0.2829062519912329,0.37617858585768044,0.3610333279680943,0.38469071772576924,0.36525654301524796
256,0.2,20,0,0.24309510592641093,0.12143455942127512,0.3751278176230027,0.35916531819232356,0.3751278176230027,0.3510147495783278
2719,0.2,20,0,1.1345712669943135,0.6149189379219334,0.4766234213204832,0.4092403151195259,0.4814878347344103,0.4135725593455796
2463,0.2,20,0,0.26785175958939744,0.14248249114305223,0.23765990329695913,0.18183665403186772,0.24628283081970753,0.18466474851593268
2296,0.2,20,0,0.45637120072591786,0.22206031282767272,0.30066398030667035,0.294760476720741,0.3194737953732767,0.30917823728217286
425,0.2,20,0,0.21325136613304874,0.10179723585814196,0.2715410646540475,0.2511516372636203,0.2859588252154794,0.2655693978250522
2985,0.2,20,0,0.24414975671045108,0.10591144421680673,0.16761127533854941,0.14691573930053278,0.17623420286129785,0.14974383378459777
2195,0.2,20,0,0.2514627068159649,0.13493129860080744,0.308200219394607,0.296908721887929,0.308200219394607,0.2985097064152361
1847,0.2,20,0,0.3660315148647742,0.19763687757573495,0.2773895614741838,0.2670530302046944,0.2773895614741838,0.26179036635388436
1629,0.2,20,0,0.41964066504414865,0.22402828152052173,0.2661387769353476,0.24669148811363706,0.2805565374967795,0.2659736620889961
1375,0.2,20,0,0.31260884469852507,0.16526761001372703,0.3285346824978369,0.3275333809902777,0.33339909591176403,0.3332762265568106
1790,0.2,20,0,0.28581014637204144,0.14905302023718855,0.15419535897068276,0.107066094110922,0.16861311953211464,0.12148385467235387
1998,0.2,20,0,0.17821230670050653,0.09459486455115663,0.28569473447739735,0.27715125327688017,0.30011249503882925,0.29532752794713335
1352,0.2,20,0,0.3738318569648848,0.17007798167986327,0.24874040341269543,0.22418366749852497,0.2573633309354439,0.22701176198259
2059,0.2,20,0,0.2042588333147148,0.09175765042099424,0.16223680240339383,0.11824800103009259,0.17665456296482576,0.13642427570034582
1738,0.2,20,0,0.5795245024962835,0.31502620751475685,0.22413698430356033,0.1762180851155673,0.23743454017972815,0.18951564099173512
161,0.2,20,0,0.25536689411365987,0.12480864493268744,0.24451971977594134,0.22852432892172933,0.24827823388476264,0.2274184296166235
2218,0.2,20,0,0.25775539921859336,0.127301014313385,0.3068951863364566,0.297574981172942,0.3213129468978885,0.31252491092224727
1870,0.2,20,0,0.32706241259739094,0.1540336339211174,0.24392385115580728,0.2320228552895884,0.25458309760841785,0.24707415624737344
1513,0.2,20,0,0.5788296976223207,0.3266959222687393,0.2091059116331098,0.1925101192080993,0.22352367219454167,0.21179229318345832
1125,0.2,20,0,0.3818797928839322,0.19815288227376954,0.3614708384737387,0.33992751389254866,0.36522935258255995,0.3409421594674617
305,0.2,20,0,0.29109680461859716,0.1639190437690317,0.24221877923350377,0.22874361681627642,0.25663653979493567,0.24316137737770832
566,0.2,20,0,0.2600670864026167,0.134770677285517,0.24318769824226916,0.20890506512752546,0.24694621235109046,0.20779916582241964
2223,0.2,20,0,0.9039158986350837,0.5290498320818088,0.46052122855328886,0.40586341326876973,0.46491328305846336,0.4102554677739442
833,0.2,20,0,0.24417269551041396,0.13152506022161312,0.2991374828633443,0.28943601570482547,0.30400189627727137,0.2980589432275738
2977,0.2,20,0,0.2798286193077501,0.15359594469331456,0.26069875240152046,0.2521674632543319,0.2702520995490252,0.2665852238157638
2671,0.2,20,0,0.36388644436937934,0.1829462704618771,0.049213202705337133,-0.002789102375285235,0.05500803574402059,0.0030057306633982234
2301,0.2,20,0,0.21972311118971988,0.1155422236281969,0.29240162981693313,0.2717932414895245,0.30681939037836503,0.28065343995233694
2657,0.2,20,0,0.33221185842007395,0.1774316489381192,0.4002367847157561,0.38510430936386386,0.4094932526348577,0.39382860809509207
918,0.2,20,0,0.3089993145738811,0.15427920907468598,0.25622979736257756,0.23768428912691258,0.25622979736257756,0.243245347322758
928,0.2,20,0,0.22995981613540048,0.12178298191946428,0.35219692745436915,0.3396742106128487,0.3570613408682963,0.3445386240267758
1626,0.2,20,0,0.4508053295703996,0.27514394527775454,0.2836162064521245,0.23560674125205588,0.2884806198660516,0.240471154665983
2847,0.2,20,0,0.1746685866603721,0.08408023855522595,0.25329719386715366,0.21666302174055474,0.26192012138990206,0.2194911162246197
2342,0.2,20,0,0.21852088175097592,0.0909136695449243,0.21784718139755843,0.16442661011788023,0.23226494195899033,0.17884437067931214
1522,0.2,20,0,0.32863358517292707,0.1600811821503879,0.28898047796958826,0.2720589947812373,0.2976034054923367,0.2792791437704768
1412,0.2,20,0,0.3603836152859359,0.17094486589714725,0.21705168817200493,0.18092683345645483,0.23146944873343683,0.20349516263188247
1679,0.2,20,0,2.2978320016903186,1.2271741975356207,0.1572027530310299,0.13064106889867813,0.16206716644495706,0.13926399642142656
572,0.2,20,0,0.24660733401759716,0.13692144885123023,0.3437855834944532,0.3359076094615644,0.3524085110172016,0.3401398344612879
1401,0.2,20,0,0.8450410544703111,0.49042541400750395,0.41422312894550783,0.40256834077768333,0.41422312894550783,0.40743275419161046
2194,0.2,20,0,0.25150791705350184,0.12949779390122668,0.170159227131439,0.14837804526664586,0.18457698769287087,0.17141873335082616
2720,0.2,20,0,0.19445169793019973,0.08554367640478562,0.27138233050819227,0.23376392109964933,0.2858000910696242,0.25257373616625567
2068,0.2,20,0,0.6315713941468603,0.33430840599492145,0.39125781087625927,0.38238974800293557,0.39564986538143376,0.38584719846383647
2629,0.2,20,0,0.7815955532884675,0.4402113190671183,0.302410494349422,0.2935097672164475,0.3116669622685236,0.30485821792640083
2043,0.2,20,0,0.2784084706191308,0.12273102535507742,0.14391567701933294,0.12727551978087978,0.15253860454208137,0.13010361426494477
2416,0.2,20,0,0.2354827112683117,0.11452381233476829,0.21369571192310555,0.20320675054364218,0.22231863944585395,0.22098300830125284
1085,0.2,20,0,0.3243562137111045,0.14241074419478786,0.280254808085469,0.26501237348290163,0.2888777356082174,0.27997712176336365
557,0.2,20,0,1.0828474696937682,0.6063159551220912,0.46300631609969783,0.4108725858081782,0.46913721000776837,0.41700347971624874
834,0.2,20,0,0.2044106303331441,0.1025421117451226,0.30081390831330124,0.2653574402321335,0.30081390831330124,0.2615989261233122
906,0.2,20,0,0.6098669416561386,0.3533692998683481,0.28141783656423014,0.25150678576912383,0.2878499930855494,0.2579389422904431
694,0.2,20,0,0.20146597950006123,0.0969930980910826,0.3154535280061462,0.30279715434529303,0.3240764555288946,0.31142008186804143
472,0.2,20,0,0.6306401938602085,0.34214069574172407,0.1940126618011081,0.1874663013629554,0.20843042236254,0.19701964851046017
2337,0.2,20,0,0.17793528560659175,0.08014778396168347,0.21600282196655957,0.1902978833986633,0.22555616911406431,0.1949868171322409
306,0.2,20,0,0.26040771875417273,0.1328072938347893,0.1917282133801012,0.1749301539732636,0.19659262679402836,0.18934791453469552
1720,0.2,20,0,0.18153351627070732,0.08510938642574158,0.33302518005944887,0.3189225662397349,0.34164810758219727,0.3275454937624833
2810,0.2,20,0,0.31082955339349094,0.13239661620434356,0.2907895486705796,0.27366042615963815,0.2907895486705796,0.27638518522238614
105,0.2,20,0,0.48718226482734567,0.22213631148454985,0.27075686789333964,0.2179561752241031,0.28517462845477154,0.232373935785535
1433,0.2,20,0,2.7106064124270044,1.2887565256830196,0.16378603575546702,0.14435559166871248,0.17240896327821545,0.1529785191914609
2273,0.2,20,0,0.198993779889524,0.09257992191567922,0.2631587491014572,0.25372303130640467,0.27178167662420566,0.26570010319419984
2935,0.2,20,0,0.48687331877409523,0.26584136829306704,0.1311501731928222,0.12124565055052539,0.1455679337542541,0.13626647648923287
1421,0.2,20,0,0.5215102876932521,0.2593527228485005,0.15827057602951428,0.1473476226799178,0.1592009956542706,0.15314245571860127
1407,0.2,20,0,0.6010569217731834,0.3303687922576298,0.25356517821924784,0.24003809356400338,0.2573236923280691,0.24519938620633364
214,0.2,20,0,0.23738951490430296,0.10380772530983896,0.2679243529361026,0.2190858315533804,0.2823421134975345,0.2335035921148123
2984,0.2,20,0,0.3764897618732657,0.1870337286567871,0.1522973485810113,0.1144477821470618,0.16295659503362192,0.12510702859967243
2534,0.2,20,0,0.20018350231884163,0.1148076767011113,0.33402563572194083,0.31994707761175206,0.34357898286944555,0.3387568926783584
288,0.2,20,0,0.4307066993829973,0.21021783860055016,0.30297316001235197,0.2919465082664007,0.3129988660686094,0.29800246732084695
2852,0.2,20,0,0.26124032613446746,0.13149904782618288,0.35042620824068327,0.33936342504282163,0.35243698728012685,0.3413742040822652
2804,0.2,20,0,0.4977980527478522,0.28905471796169774,0.21090103887767575,0.20101690765751212,0.21952396640042418,0.215434668218944
388,0.2,20,0,0.3768481914946361,0.20795261066465132,0.3857334557957062,0.35264859067255594,0.4001512163571381,0.36214212754093994
2102,0.2,20,0,0.21115122139716644,0.10163436738436239,0.3303346385945577,0.3208726280101308,0.3447523991559896,0.3314305032542616
2623,0.2,20,0,0.742265530605277,0.4289017295496198,0.4655608925215168,0.4420438797708767,0.4655608925215168,0.4377931057265067
264,0.2,20,0,0.28496783755102645,0.13970786820644998,0.25914820691802143,0.22656607207251983,0.26401262033194856,0.23947791641620333
2365,0.2,20,0,0.21209491487691193,0.10753460658241622,0.3259603310034701,0.3059325551504905,0.340378091564902,0.32527453940497025
1454,0.2,20,0,0.1446488226490581,0.07155289510968964,0.20063885624373606,0.18408945576260013,0.2112981026963467,0.19099018810638946
578,0.2,20,0,0.28255231177503154,0.13824787213825931,0.22899276964260706,0.21399582045574025,0.24341053020403897,0.22841358101717216
1625,0.2,20,0,1.6142556086107733,0.936787465331245,0.38911928481581237,0.3781188570026019,0.388188865191056,0.371393604339162
2950,0.2,20,0,0.23293771870790386,0.09673593737429219,0.33686551511021173,0.33035297297712624,0.3429040480156925,0.336391505882607
1135,0.2,20,0,0.20862907446067802,0.10714909952905148,0.31942968458521986,0.29287537757007925,0.31942968458521986,0.289116863461258
1517,0.2,20,0,0.19688959650584562,0.09362894398135052,0.21065635625322388,0.204378586750695,0.21441487036204518,0.1974778544069057
866,0.2,20,0,0.2777416554844633,0.14683934721775035,0.29700784187152696,0.29700784187152696,0.30957731898216884,0.30957731898216884
199,0.2,20,0,1.0634974821788592,0.6067770483592831,0.37367324013734227,0.3642498351264859,0.37367324013734227,0.3729097576043407
228,0.2,20,0,0.5164038183621131,0.30044048067786033,0.44883092566960336,0.4230670673465915,0.45322298017477786,0.4269269526638926
29,0.2,20,0,0.23527043690513436,0.1163690689097121,0.3359614129435991,0.3060080197939206,0.34082582635752623,0.30946965467433873
2998,0.2,20,0,0.2804312409418225,0.15483703203585086,0.31346754238678526,0.30311181358941863,0.31722605649560653,0.3059986858861811
1036,0.2,20,0,0.28547224860281617,0.13905413934435185,0.2661308563350464,0.2552229273631667,0.27751068836242915,0.260614614316374
2376,0.2,20,0,0.21523937849459007,0.09335360949912004,0.20276959355574187,0.1672191753602768,0.21718735411717377,0.1816369359217087
1486,0.2,20,0,0.1940066229669209,0.10166130972971889,0.3399173078857772,0.302001478814662,0.3485402354085256,0.3106244063374104
1951,0.2,20,0,0.16210270840775567,0.07786488626839902,0.34396625045440754,0.33323460305593267,0.34883066386833467,0.33863122659037703
399,0.2,20,0,0.5001971165499437,0.2621391198675747,0.2837640890710667,0.22042377076248398,0.2923870165938151,0.2290466982852324
1743,0.2,20,0,1.9039873196649015,1.0054925842149156,0.26387232265377675,0.25177285716116493,0.27312879057287837,0.26102932508026655
2384,0.2,20,0,0.1820516872566699,0.09366455990517455,0.2977914540997151,0.26592027879534075,0.30154996820853636,0.2648143794902349
622,0.2,20,0,0.24600751863767228,0.13439890755109532,0.35635626841375345,0.34573849966120873,0.3612206818276806,0.35060291307513586
2698,0.2,20,0,0.26520508069099624,0.1426130801206946,0.2651259419115708,0.24378740623985712,0.2795437024730027,0.258205166801289
1004,0.2,20,0,0.38109545862444855,0.1906082869143782,0.2707867021318775,0.2517984252739845,0.27940962965462596,0.2546265197580495
1555,0.2,20,0,1.2330590631889864,0.6962417605797523,0.45843127902793007,0.40185399675070127,0.45843127902793007,0.39380656582094486
2954,0.2,20,0,1.4403700637284382,0.7887579337587011,0.3906038185825601,0.3450397724137385,0.39546823199648723,0.34075806177413076
2649,0.2,20,0,0.3791620035276673,0.1732745304008053,0.19603607446992455,0.1520859673513562,0.21045383503135645,0.1665037279127881
2263,0.2,20,0,0.1632502798143266,0.07689001747647603,0.2247836095203286,0.2134151583551129,0.23340653704307707,0.22675770154741276
2008,0.2,20,0,1.0953015871588483,0.6351116469121884,0.41102012106740443,0.3856301872342425,0.4154121755725789,0.39378075584823835
2049,0.2,20,0,0.22104034831237443,0.11832490407474865,0.36956641952146774,0.3507192352850261,0.37443083293539486,0.3555836486989532
1798,0.2,20,0,0.22604597445580324,0.1262117045455267,0.22862237093720195,0.21702846949037857,0.24304013149863385,0.23144623005181048
2261,0.2,20,0,0.3644248320033386,0.199214049731201,0.300963428872087,0.27169350743939275,0.30798638700785635,0.27292163253647866
2974,0.2,20,0,0.22001473258268406,0.1147454413702972,0.368505506860645,0.3662640427229631,0.3733699202745721,0.3711284561368902
2945,0.2,20,0,0.9246249817359105,0.5305303286658772,0.3909077521264858,0.3674193894565345,0.3909077521264858,0.37556995807053023
2574,0.2,20,0,1.0426054927771358,0.5977468697931848,0.40784979445531566,0.39989988231591067,0.40784979445531566,0.39550782781073623
2878,0.2,20,0,0.45768241899684925,0.24629875699725517,0.3722976836153765,0.3338579409226998,0.37668973812055095,0.3324551623891908
1432,0.2,20,0,0.28802372365888496,0.13255137676281972,0.29821517717983187,0.2748190418203184,0.3020485148365692,0.27489386536823446
1223,0.2,20,0,2.0566250965966106,1.0483958000135374,0.18301646147967615,0.1566005678981546,0.18788087489360328,0.15664389530327322
1335,0.2,20,0,0.2743890744630861,0.13772330289810858,0.324184845704596,0.3105274724487516,0.3290492591185231,0.3132263030327673
1376,0.2,20,0,0.3261915358760337,0.1585876899102529,0.25183807891668514,0.23065158021945875,0.26625583947811704,0.2494613952860651
2333,0.2,20,0,0.3344512191203192,0.1762153392738103,0.4126876291412034,0.4053278824472707,0.42773893009898845,0.42037918340505576
747,0.2,20,0,0.8341829813678716,0.46539245258137907,0.2525169104042325,0.21054399775565213,0.2675682113620176,0.22998735321861163
1124,0.2,20,0,0.20013011490821483,0.10591206434643216,0.23383357683428052,0.20363607618109494,0.2482513373957124,0.21805383674252682
1544,0.2,20,0,0.203945662984786,0.10790057042332904,0.248175716967448,0.2311112643845834,0.25772031846547905,0.23689735177379315
2680,0.2,20,0,0.8818519205792333,0.5056354722386084,0.08968592025604163,0.07401598667178488,0.08968592025604163,0.06915157325785773
2654,0.2,20,0,0.40549060373464463,0.17724008189385654,0.3004636236303344,0.2616384001824586,0.3148813841917663,0.2760561607438905
168,0.2,20,0,0.34243688184095455,0.17302481474250817,0.2806457849476385,0.2741919626146275,0.2896084761403877,0.27829024039344963
2245,0.2,20,0,0.3523563718041302,0.15791006702050028,0.2943387542911404,0.2718774977048571,0.30875651485257233,0.286295258266289
2471,0.2,20,0,0.20487775678008596,0.10568159657466963,0.3240153202072978,0.29155180045344065,0.3326382477300462,0.30017472797618905
1697,0.2,20,0,0.18390497605155048,0.0927057471451883,0.2741085413089269,0.25652832889256316,0.2827314688316754,0.26568342560318503
2360,0.2,20,0,0.7665106494849053,0.43580273523172164,0.43027249169152965,0.38775095568582474,0.43466454619670414,0.39214301019099923
2171,0.2,20,0,0.5478657688455209,0.3166088663657111,0.22271963565982406,0.18279167826277465,0.23713739622125596,0.20207385223813368
245,0.2,20,0,0.19293097446950172,0.09228482069530351,0.21595450537898545,0.18695905711100574,0.22268691246054645,0.2032448113400715
2214,0.2,20,0,0.20189369220054085,0.11262389864626329,0.34163721943290754,0.33399553272223464,0.35605497999433944,0.3440212387784921
2252,0.2,20,0,0.24195677454840617,0.13016346382173535,0.3527130481064761,0.3466792414355136,0.3527130481064761,0.3451599301151677
1287,0.2,20,0,0.21397449579326067,0.09178421001654428,0.35464226765194673,0.3467536513473929,0.3595066810658739,0.35161806476132007
677,0.2,20,0,0.20473901957978574,0.11208371943649272,0.3223052843671005,0.29634646354947236,0.3223052843671005,0.2881958949354766
1562,0.2,20,0,0.6739657907973627,0.39607554693113933,0.406866785338732,0.3894331525626281,0.41125883984390643,0.3889607936538754
762,0.2,20,0,0.3016861010377181,0.16090457358150329,0.3107285176920183,0.29044883673917493,0.3277295849023425,0.3074499039494991
835,0.2,20,0,0.3281470723192991,0.19162917124393442,0.2660731486650312,0.254544314426489,0.280490909226463,0.273826488401848
1091,0.2,20,0,2.007030149340688,1.0907364368383639,0.22159963518165815,0.20031605126621593,0.23085610310075974,0.20696700825819037
2829,0.2,20,0,0.2985650644275601,0.13864347092609802,0.19771187209301183,0.1833770095525123,0.2121296326544437,0.20155328422276547
2874,0.2,20,0,0.7529456111649945,0.41354694156604355,0.35367040691004836,0.3474155012795783,0.3629268748291499,0.36149305520748837
716,0.2,20,0,0.1965450837065196,0.0907216401587173,0.35977240658799137,0.33805623282219,0.3646368200019185,0.3429206462361171
466,0.2,20,0,0.4266919895663306,0.2288716621326354,0.14950800013716886,0.13108487512682898,0.15959351647254705,0.14117039146220717
2182,0.2,20,0,0.36242272658067826,0.17114917095917487,0.16590601307082897,0.15979543578593425,0.18032377363226088,0.17907760976129328
731,0.2,20,0,0.2735709447963671,0.1495143913115786,0.31278820678586805,0.3025856133630824,0.32720596734729995,0.3170033739245143
2323,0.2,20,0,0.40027225927502,0.21642070705013902,0.31347730792416517,0.30049356416136025,0.32303065507166995,0.31491132472279215
2717,0.2,20,0,0.3026706337283403,0.1484102244285326,0.14147778029025593,0.12283125167587586,0.15010070781300436,0.13747810955418632
2876,0.2,20,0,1.7178598999159922,0.9556310747986125,0.34501735252759375,0.3299362113947308,0.3515699978268513,0.3364888566939883
231,0.2,20,0,0.2361976845697314,0.12069303856994992,0.27835586680205177,0.2606138946645526,0.27835586680205177,0.25481906162586915
2411,0.2,20,0,0.17670309816863602,0.09002505398984745,0.2088992955648872,0.17667353655622758,0.21845264271239195,0.19484981122648073
223,0.2,20,0,0.6505771951281566,0.34848299180616155,0.27484420429504397,0.24034524658741585,0.27484420429504397,0.24053321646773448
1690,0.2,20,0,0.2577147238118382,0.11602907471053261,0.36993606220842123,0.3482935599972193,0.37480047562234836,0.3531579734111464
1464,0.2,20,0,0.3807339520608382,0.18683544533427882,0.17723697386236748,0.15869409554626712,0.18585990138511588,0.16152219003033205
675,0.2,20,0,0.1894904307311096,0.09076096221362169,0.33812937546395433,0.32001263568153304,0.3467523029867028,0.32605225655538916
1351,0.2,20,0,0.3273443358069817,0.16874601396615135,0.2668679025143033,0.25337682457446514,0.27642124966180803,0.25806575830804274
642,0.2,20,0,0.2221979761448095,0.11223150827048266,0.2513712893634499,0.24477504560536176,0.2586042429987484,0.25576651334948153
1146,0.2,20,0,0.8573417603588088,0.4827988600030396,0.32402337689383626,0.3006223493861152,0.32841543139901075,0.30490406002572296
641,0.2,20,0,0.32475433041454144,0.15161560255255677,0.24308140890164937,0.2184720027656663,0.2479458223155765,0.2313838471093498
2978,0.2,20,0,0.5478879404983424,0.32264981707265533,0.2858368984618712,0.2668460310744188,0.29070131187579834,0.2664224818121104
2443,0.2,20,0,0.4044495331298413,0.21631311831575287,0.21711358479140785,0.15876615213923967,0.23153134535283976,0.17265174351279816
1380,0.2,20,0,0.36905940631471346,0.16927132689245306,0.22347465387454246,0.20422005875163762,0.23350035993079987,0.21750995636658071
2242,0.2,20,0,0.21726034196319624,0.11594998462061085,0.3443663677713444,0.3337085617293607,0.34965910538901357,0.3390012993470299
2122,0.2,20,0,0.21291253852492326,0.09973401713590081,0.3359291036296433,0.3124694118859144,0.3445520311523917,0.32109233940866283
935,0.2,20,0,0.36344767277120094,0.18675976538886271,0.26575818144876434,0.2560158018085779,0.28017594201019624,0.2704335623700098
1170,0.2,20,0,0.2172281130263579,0.09650543773805967,0.3522314252311786,0.3190663472879707,0.360854352753927,0.33208132931589357
2211,0.2,20,0,0.42034880999592816,0.21832774698348287,0.25411615540599536,0.23489693551110472,0.26477540185860593,0.24984686526040997
2481,0.2,20,0,0.3222143409733983,0.15120651095306992,0.1857800652076872,0.17173524938874724,0.18953857931650847,0.17642418312232483
2833,0.2,20,0,0.3988457385631833,0.21438345693284205,0.3593762057076431,0.30691081494621514,0.3715655876136794,0.31470814234707695
672,0.2,20,0,0.1947400340529275,0.10018824743164241,0.3020877887287464,0.285130674724936,0.3165055492901783,0.3000806044742413
2861,0.2,20,0,0.2428944209727236,0.0996956380900202,0.36242897108995825,0.35578967232093944,0.368609963961396,0.3619706651923772
190,0.2,20,0,0.9437471874857022,0.5526656702276015,0.31798792054791014,0.27894398330497505,0.3223799750530846,0.2870945519189708
1604,0.2,20,0,0.2229539411663431,0.11599901854207943,0.375,0.34260503881677057,0.375,0.34260503881677057
270,0.2,20,0,0.2373547820963828,0.12099158346607108,0.3127532606898322,0.30330097473530376,0.3127532606898322,0.30652731965625163
1391,0.2,20,0,0.6693686229329717,0.3809598844391937,0.41387385864159565,0.39309835471464577,0.4182659131467701,0.40328524225850365
720,0.2,20,0,0.7620791136160234,0.4261021662490826,0.23064551102200767,0.22635812739835767,0.23064551102200767,0.22635812739835767
211,0.2,20,0,0.2324317914287277,0.11107803851359761,0.36720919836634025,0.3462513093752244,0.36720919836634025,0.3369948414561228
1935,0.2,20,0,0.34661483264811804,0.17082120080595703,0.2789227918028739,0.2419679248872419,0.2933405523643058,0.25896899209756613
2108,0.2,20,0,0.2997628212096996,0.16331129993382787,0.29342389711010963,0.2814775786034957,0.30408314356272015,0.29197967949220793
2924,0.2,20,0,0.3214643973148009,0.15867000598436784,0.0586336391535445,-0.003992750257576921,0.06818698630104925,0.011355429928611278
2504,0.2,20,0,0.23258365895967567,0.11199921080138872,0.30968000566084386,0.30137583830677966,0.3207007586454301,0.3154926388330022
805,0.2,20,0,0.9731509975890916,0.5498424469641283,0.3662226822857879,0.35166359046568213,0.3706147367909624,0.3573043541809761
2100,0.2,20,0,0.601839538682424,0.34176702123988106,0.315668628811013,0.3053132805892692,0.3229751741831293,0.3082277714562111
1166,0.2,20,0,0.2821048407549838,0.15914663123323253,0.30768322996260805,0.2869096562408612,0.3183424764152186,0.29756890269347175
475,0.2,20,0,0.22299515254710855,0.09783064354688659,0.32676710759927535,0.31254638513460103,0.33052562170809663,0.31430923271682704
1925,0.2,20,0,0.27305325598990576,0.13833319460840612,0.24455067428494992,0.23444317619753588,0.2545763803412074,0.24007682774861888
2922,0.2,20,0,0.27156894704576573,0.14183908608684498,0.20812506438153933,0.18984625685362194,0.22254282494297123,0.20426401741505384
1039,0.2,20,0,0.3995101452026504,0.2226935395770665,0.30913871722629277,0.29492882475922094,0.3186920643737975,0.310390534981451
1747,0.2,20,0,0.39510561990947013,0.20274569396897024,0.14663852447187467,0.082339585923547,0.14717069365974808,0.0909191860411768
2632,0.2,20,0,2.3453305650093332,1.2138358396092956,0.16186731906325874,0.10210349275514385,0.16239948825113215,0.10210349275514385
2836,0.2,20,0,0.32301211425558735,0.1566391535086104,0.17524640702864658,0.15038779071997815,0.18966416759007845,0.16480555128141003
1299,0.2,20,0,0.22273111255530248,0.11360159762890593,0.273983842588333,0.24992875936859088,0.273983842588333,0.24506434595466375
2287,0.2,20,0,0.25627241815617113,0.1315273094155609,0.3134592527788972,0.29587894331503173,0.3134592527788972,0.2910145299011046
1565,0.2,20,0,0.30634537554509195,0.14664746872307655,0.23402278618075098,0.22313457816452253,0.24357613332825576,0.22782351189810016
776,0.2,20,0,0.3764444371455654,0.19091811676721904,0.25382305933594035,0.23352814307774725,0.2624459868586888,0.2377532967288506
1430,0.2,20,0,0.2717872866719994,0.13011422586217078,0.3053213313237968,0.28796193852857793,0.3053213313237968,0.2922526218252726
1415,0.2,20,0,0.2626398284066735,0.12383950513256459,0.22876143134614546,0.22236677805967447,0.2394206777987561,0.23678453862110638
1206,0.2,20,0,0.5485654022997026,0.3148416522648531,0.4311252216332324,0.39202257936490836,0.43551727613840685,0.4008066883752573
888,0.2,20,0,0.20794388471523528,0.10463755732990479,0.25080290060538885,0.23809360106082672,0.26522066116682075,0.2558782294594678
297,0.2,20,0,0.3196982272408825,0.17393332549924878,0.2758664029814246,0.2666774517195653,0.28541975012892934,0.27136638545314284
336,0.2,20,0,0.41717133209270146,0.20203975727152637,0.2224590104344591,0.212759955125929,0.22762030307678938,0.22497713628688817
382,0.2,20,0,0.2549071719281118,0.11285781829946653,0.1673254823723654,0.1572272090526171,0.18174324293379732,0.17540348372287035
2190,0.2,20,0,0.2092039658306367,0.11480557204321958,0.3293212925922221,0.3246211298212898,0.3330798067010434,0.32852350155287413
2247,0.2,20,0,0.20150695191914617,0.11158539956582875,0.2711481656113333,0.25811242547336966,0.2818074120639439,0.268138131529627
2453,0.2,20,0,0.23721063418493343,0.12398093065166704,0.3375271425222614,0.3303400627438764,0.35194490308369325,0.3439766883054013
882,0.2,20,0,0.2053262039722137,0.1083695284268995,0.25181358734980247,0.24558775032877783,0.2624728338024131,0.25268699493812496
1672,0.2,20,0,0.22976361510046645,0.1190535951876018,0.23804153977204007,0.21108120938329214,0.25016297217196326,0.2318836131093249
2976,0.2,20,0,0.40326082873967206,0.20273730437857207,0.27608580744235256,0.25539389481472524,0.2853422753614541,0.2690884540090248
1025,0.2,20,0,0.2859690975237938,0.1488387466535371,0.2752779328658941,0.274419171347747,0.2801423462798212,0.27552507065285287
67,0.2,20,0,0.38899167090046355,0.20319436192738816,0.31066993728175885,0.2360554466600921,0.3202232844292636,0.24507662461972346
1122,0.2,20,0,0.41569480389075997,0.22558783314528638,0.23972314008092632,0.22135715469930908,0.2527381221088492,0.2445590242710899
2675,0.2,20,0,0.26152156910086,0.1568894446094471,0.33594952656148275,0.30207513879501136,0.3403415810666572,0.30014019107362894
2529,0.2,20,0,0.30861422614823025,0.16096019620824478,0.24761541997673553,0.21921449257420633,0.26203318053816743,0.23363225313563823
2894,0.2,20,0,0.4484076956203382,0.23174807472130454,0.37213275676868085,0.3608015326100363,0.378202204821708,0.3673137084322431
1493,0.2,20,0,0.42897118456297945,0.22245671668289285,0.2930748586556842,0.2778098318235702,0.30812615961346923,0.2899677389846891
2164,0.2,20,0,0.21736609758697073,0.1132226192859718,0.2764661301428199,0.2717539970970236,0.2908838907042518,0.2862599148936862
1830,0.2,20,0,0.4675318429634849,0.22105518259700555,0.3106698032428898,0.30327030988092174,0.3199993450516658,0.3155510170166024
1390,0.2,20,0,1.6250777379881822,0.8976581996350469,0.376564478355648,0.3530540574063749,0.376564478355648,0.34546802256231995
430,0.2,20,0,0.23367812026198462,0.11031714259077131,0.1444689576186089,0.11691764584404601,0.1588867181800408,0.13995833392822635
596,0.2,20,0,0.2644445697560036,0.12358817796884217,0.29363058814944104,0.2815688593815172,0.30225351567218944,0.2901917869042656
2067,0.2,20,0,0.2710064229193194,0.1220271024381839,0.23317869973335342,0.20037141807641343,0.24472396164628796,0.2070522665754208
2839,0.2,20,0,0.2571238169082064,0.14127878550595235,0.3601286940702587,0.3500193910563831,0.36499310748418584,0.3548838044703102
526,0.2,20,0,0.37102515166810757,0.14015057240127646,0.19386379160947304,0.18522618161907034,0.20341713875697776,0.18991511535264793
2910,0.2,20,0,0.22442567629886762,0.11656014631832594,0.23801737338930584,0.2375350007453661,0.25243513395073774,0.251952761306798
2434,0.2,20,0,0.6452716866628843,0.3727179201929682,0.3925688473598862,0.3785070482825427,0.3925688473598862,0.3727122152438592
2391,0.2,20,0,0.8679865160444827,0.4790026350555618,0.33388522112420715,0.2918522690818366,0.33874963453813434,0.3011087370009382
2958,0.2,20,0,0.2309183171654192,0.10928483036230076,0.1618813480631596,0.13548239922575672,0.17629910862459147,0.15905349002205083
688,0.2,20,0,0.5445640843702791,0.26468393278515484,0.3274087090893534,0.316574398016726,0.3274087090893534,0.3214388114306531
1162,0.2,20,0,0.29367670839703564,0.15159077663121556,0.2027269610407224,0.19116932828701452,0.21338620749333304,0.20558708884844643
2554,0.2,20,0,0.2703113230778565,0.12003815710884076,0.29404147708648726,0.2799166139832781,0.30266440460923566,0.2885395415060265
489,0.2,20,0,0.28002956836455045,0.15165741457983023,0.3369079918700893,0.3275755405148873,0.3443838305839994,0.3350513792287974
1864,0.2,20,0,0.2889249754659579,0.1539680426396747,0.30155034882754084,0.29938431750119554,0.3159681093889727,0.3138020780626274
1461,0.2,20,0,1.1981664075618934,0.6876055487683164,0.4070535489762884,0.35594100813076335,0.4070535489762884,0.3596995222395846
2151,0.2,20,0,0.2976117495545315,0.14704169900339153,0.21587361079886852,0.20637267616545635,0.22449653832161695,0.20973293983739472
1022,0.2,20,0,0.6239725500816717,0.3579451706064347,0.4456497491339524,0.4198393613895121,0.4456497491339524,0.4223101939242867
1988,0.2,20,0,0.2570953622427909,0.1297074988577456,0.2769322375815938,0.26254086173252983,0.2913499981430257,0.2770137593285461
2152,0.2,20,0,0.26391227705523995,0.11756931600234306,0.32547559298750334,0.3052260781326352,0.32547559298750334,0.30951499495357027
2726,0.2,20,0,0.25332153241147426,0.14003534135052326,0.337123498582129,0.32236297052429186,0.337123498582129,0.3174985571103647
2350,0.2,20,0,0.19735943808028208,0.11103806549802919,0.2146717026500216,0.19866191849516668,0.21953611606394874,0.20149001297923164
1709,0.2,20,0,1.4162356612173785,0.8115669583554556,0.5,0.41345858164622357,0.5,0.408004240079583
1993,0.2,20,0,0.27071190431058645,0.14500845074034838,0.3017645106930838,0.28750545795270604,0.3113178578405886,0.3050959709657028
1582,0.2,20,0,0.3008516131337634,0.13964496433875045,0.4007110823170593,0.3484209516093951,0.403114435501563,0.35118631983708476
1097,0.2,20,0,0.23507634227246155,0.12406054397144067,0.3272954263855539,0.3196999923685862,0.3359183539083023,0.3283229198913346
697,0.2,20,0,0.4181926164947421,0.20612621944204335,0.09669943215628346,0.019839539852857968,0.11111719271771534,0.033326880789533525
192,0.2,20,0,0.18607809024246882,0.09022838965007708,0.1779963178733066,0.15795350765018173,0.18661924539605504,0.164540116243068
1009,0.2,20,0,0.26005985860492825,0.13498813943102525,0.2685066872061299,0.23368313989255504,0.27712961472887837,0.23651123437662003
990,0.2,20,0,0.4958548475643981,0.257432932199545,0.34865052900827315,0.3053851644956528,0.3593097754608838,0.3160444109482634
1498,0.2,20,0,1.0381205762834167,0.549845595557502,0.44809011756991285,0.4425152841052952,0.4512041119067222,0.4433368549271291
851,0.2,20,0,0.3047152493101176,0.1350148890680175,0.2310563630128109,0.2023400131029625,0.24547412357424278,0.21096294062571094
2715,0.2,20,0,0.3369839083855316,0.15297690578370668,0.2676258098014849,0.23108470179797955,0.2676258098014849,0.23484321590680085
1324,0.2,20,0,0.46638578344513887,0.22719852889608533,0.3138313020600792,0.29365630776324103,0.3230877699791808,0.306671289791164
2474,0.2,20,0,0.276921810003525,0.13833724652917712,0.2838431993297475,0.27799893365862616,0.2933965464772522,0.2854186075158558
791,0.2,20,0,0.19951139447185737,0.09995129838382685,0.36855040036648984,0.3499234648697176,0.3723089144753111,0.35368197897853887
2084,0.2,20,0,0.39478597214741823,0.17565203024560935,0.33991018193669476,0.3183766814898883,0.3543279424981266,0.33263677065613234
2676,0.2,20,0,0.3408894883130961,0.1500054328605215,0.1674702056682899,0.1190884277801462,0.17812945212090048,0.12974767423275677
1592,0.2,20,0,0.9592767628771441,0.5347870232761031,0.3078147918687688,0.2755222302168443,0.31267920528269594,0.2895327676843063
2837,0.2,20,0,0.2617344736165433,0.13740955400081725,0.25919140157145965,0.2542928490401087,0.2703438502769018,0.2692038118543721
1821,0.2,20,0,0.3256357141247917,0.13515159327281065,0.2359972878579394,0.21756868098811047,0.25041504841937123,0.23685085496346947
1489,0.2,20,0,0.47029555303516263,0.25572992153625335,0.23669593204251915,0.21670982248639042,0.24735517849512978,0.22697851900856547
2911,0.2,20,0,0.5000892287987386,0.2666118640035236,0.41725512079686344,0.4136053321345622,0.42744200834072144,0.42593353644362003
275,0.2,20,0,0.8037118103543781,0.414220871190963,0.4370762816787052,0.4288546144031341,0.44146833618387965,0.43324666890830854
494,0.2,20,0,0.22613324967536405,0.11123195659378232,0.3279020018053124,0.3047962191038032,0.33652492932806083,0.3166782294323525
884,0.2,20,0,0.46554528646463805,0.2517927712132085,0.43657081691173466,0.43657081691173466,0.4458272848308363,0.4458272848308363
1453,0.2,20,0,0.37004270715798626,0.1972700275899315,0.059882890913722814,0.029423153576316995,0.07430065147515469,0.04437308332562228
1109,0.2,20,0,0.39202084634602336,0.18643177643643105,0.24549167717061535,0.24451306310712712,0.25615092362322595,0.2533710235778929
1793,0.2,20,0,0.34647500364488687,0.18572483136142837,0.2502962937132225,0.23428492848787527,0.26534759467100755,0.2574867980596561
2960,0.2,20,0,0.9038174479252291,0.4960929490011975,0.5,0.4515800174453371,0.5,0.4515800174453371
2685,0.2,20,0,0.49336199575963585,0.29468068566074906,0.14490735620981277,0.09098665939707963,0.14902354361156833,0.10372577432158361
2026,0.2,20,0,0.2526196824055331,0.14836606234232222,0.35096954933880814,0.3319822862316655,0.358870949009975,0.33988368590283236
1120,0.2,20,0,0.2807488186027735,0.13969879863457407,0.2848306703342508,0.2676715715488087,0.2885891844430721,0.2762944990715571
1849,0.2,20,0,0.20822175763951142,0.09947615869969394,0.21202312664946577,0.19032939748256897,0.21578164075828707,0.1950183312161466
1418,0.2,20,0,0.36436112326405906,0.17255135809855646,0.24979508822607843,0.21485550484409127,0.26421284878751033,0.22927326540552317
2625,0.2,20,0,0.3319116054945426,0.18383535659557276,0.3253912301527841,0.32487342777208866,0.34420104521939043,0.343683242838695
850,0.2,20,0,0.21813417632303791,0.1084013116085842,0.258998888825442,0.25339841262246654,0.2734166493868738,0.2726805865978255
2547,0.2,20,0,0.3236787416358666,0.15161594660905917,0.2634264908095865,0.25118202069276857,0.2778442513710184,0.2655997812542005
1332,0.2,20,0,0.20639198160578545,0.0991309118371215,0.31416639965722903,0.3013337531259606,0.32858416021866094,0.31833482033628485
1488,0.2,20,0,0.22012978937768896,0.11080052371571278,0.2689290191560063,0.2470291238957569,0.28334677971743816,0.261432866870261
844,0.2,20,0,0.3485725049570349,0.19105216668844063,0.3414964470104582,0.32647455957308025,0.3533780429224276,0.3383561554850496
1030,0.2,20,0,0.3097892126393476,0.15496796595938148,0.1890649015662157,0.15125668097162598,0.19768782908896415,0.16567444153305788
2901,0.2,20,0,1.5273578174438576,0.8484726017684247,0.42445398851650057,0.4211862158463313,0.4351132349691112,0.43184546229894194
1247,0.2,20,0,0.18835275699743606,0.08347145754020352,0.13785933341735257,0.12208618409280239,0.15227709397878447,0.14026245876305557
1817,0.2,20,0,0.4236614398502857,0.2394258090943005,0.35930388384546375,0.3367306315548504,0.37324928549814296,0.3584668222247296
2417,0.2,20,0,0.35575859368745405,0.16603419772910086,0.3664583628398775,0.3538436205976548,0.3728338753139366,0.3602191330717139
741,0.2,20,0,2.5273079064228976,1.273746772155543,0.06575258975142256,0.008595565455301657,0.06088817633749544,0.012354079564122954
371,0.2,20,0,0.2706171190105429,0.13203216931385064,0.27282743985867,0.2618454813642664,0.28167303160384183,0.2744495872182595
113,0.2,20,0,0.2445421770001916,0.13084732012790687,0.2784235080261218,0.2595313135022364,0.28908275447873244,0.26643204584602576
2669,0.2,20,0,0.665330875245825,0.34447277258879005,0.2347752849188198,0.22033013148450337,0.24057011795750327,0.230989377937114
693,0.2,20,0,0.2846183496419652,0.1170303640956444,0.32057479790946025,0.31188392805709375,0.3291977254322087,0.3205068555798422
1950,0.2,20,0,0.27097829201357704,0.13635847313330735,0.24007486666222783,0.21974772078882204,0.2453882750442487,0.22130261506202165
2825,0.2,20,0,0.19693893397612394,0.10211842451863525,0.23636344599393994,0.22562589646004583,0.24498637351668834,0.22845399094411076
1158,0.2,20,0,0.4750186655737422,0.2634055676895161,0.35763857747990446,0.3309537548617438,0.3625029908938316,0.34345772245698714
367,0.2,20,0,0.3913174905764537,0.2061752850801891,0.23250605680150385,0.21722419127410003,0.23946690580534577,0.2290494536918691
680,0.2,20,0,1.5280208742819226,0.8532173418446707,0.31404423071572984,0.30294146811993933,0.31404423071572984,0.3066999822287606
69,0.2,20,0,0.23261592185344993,0.13417736199345048,0.25358992381814316,0.23970682484453404,0.26800768437957506,0.25412458540596594
2525,0.2,20,0,0.712805950326064,0.4082584005807972,0.2304659089076488,0.17606643703425817,0.24347780084629977,0.18907832897290916
2581,0.2,20,0,1.319213263683444,0.7521619508845281,0.4157541776648282,0.40400927190022107,0.42154901070351164,0.414196159444079
2701,0.2,20,0,0.19686626587379052,0.09472287391336569,0.2671479706427847,0.25817445483466095,0.270906484751606,0.26307143779244585
605,0.2,20,0,0.1950757548208888,0.09947704224136901,0.2337098024493332,0.22435902268653835,0.24326314959683795,0.22904795642011594
864,0.2,20,0,0.3127672620964603,0.14699671521253208,0.19865324676113572,0.19296992229789908,0.21307100732256762,0.20738768285933099
2209,0.2,20,0,0.2164471474636052,0.11532421344042287,0.32266426878467674,0.31339696201993245,0.3292851606989379,0.320550023122067
513,0.2,20,0,0.26730075611915793,0.13139550987895987,0.1974813483914415,0.18098005979447326,0.20610427591418995,0.18380815427853825
2414,0.2,20,0,0.30017265036869345,0.1319048609133244,0.19376877069714263,0.1806537256353881,0.2081865312585745,0.19507148619681997
1667,0.2,20,0,0.4588547937977339,0.25649888169752233,0.340096262073219,0.3176404651230987,0.34496067548714615,0.32736929195095293
2648,0.2,20,0,0.8195511628598817,0.4447521015661287,0.17189263479227362,0.10830857335271304,0.18051556231502208,0.12069001498428279
2407,0.2,20,0,2.686555093440965,1.3939050688396502,0.23984807806038816,0.11595368194404414,0.24847100558313656,0.11889390686724619
628,0.2,20,0,0.6495271531094603,0.35403601126576917,0.19401186613425803,0.14804348158451452,0.2046711125868686,0.16246124214594637
1537,0.2,20,0,0.3500995049367382,0.15678269335154305,0.18491689346749363,0.1666052506132269,0.19933465402892556,0.1844947771246665
1130,0.2,20,0,0.5283923355276544,0.2968661872774481,0.41200010667318854,0.39547860074284,0.42125657459229016,0.4042406831083869
2445,0.2,20,0,0.48219464863005185,0.2075532085454021,0.3766163464872124,0.3699283903449716,0.3840640665500319,0.3773761104077911
2216,0.2,20,0,0.6371257331611139,0.3101314830037258,0.192969532482594,0.1676909860201231,0.2036287789352046,0.17928065209749006
101,0.2,20,0,0.1830821644134418,0.09317416183022625,0.375,0.36752432092432075,0.375,0.36752432092432075
1445,0.2,20,0,0.19161035213072675,0.09863317299746129,0.2075312173754052,0.19585135334324513,0.22194897793683704,0.2151335273186041
549,0.2,20,0,2.6814697959085376,1.3399270741303746,0.15812860777646637,0.0810308405425596,0.16675153529921483,0.08161427052627605
415,0.2,20,0,0.24855981575967354,0.12049332334534887,0.19853676871738024,0.19813843132282982,0.20809011586488502,0.20362403984550828
1365,0.2,20,0,0.24391284749716313,0.12542720522371908,0.23592593208668194,0.21305652964712482,0.23968444619550322,0.22010250847763943
2873,0.2,20,0,0.4156078511785087,0.2029967960784338,0.36188631594500753,0.3543181081251963,0.37114278386410915,0.3585527549926951
1942,0.2,20,0,0.3754730676849388,0.20566447867762655,0.3182138928473067,0.3121395458613862,0.3284007803911646,0.3197276156854979
746,0.2,20,0,0.2111845953304607,0.11957266494429508,0.23645049856476474,0.22479842526072566,0.2450734260875132,0.22762651974479065
1428,0.2,20,0,0.554311439028704,0.3019503791575979,0.3826283785789139,0.35927016535038436,0.39288214068243754,0.3651318729487335
429,0.2,20,0,0.9960560199217572,0.5609461466813962,0.4397321534162149,0.4315771359539792,0.44898862133531653,0.4408336038730808
2749,0.2,20,0,0.2820685615478768,0.11547888017936685,0.135209871941888,0.10569809135392048,0.14383279946463645,0.12498026532927954
1159,0.2,20,0,1.0309214020224557,0.5838431698462845,0.4822387606692291,0.47687237151600415,0.4822387606692291,0.47687237151600415
514,0.2,20,0,0.7370239390779558,0.4257503376782768,0.4125288081873015,0.40793671460026754,0.41692086269247597,0.40653393606675853
1001,0.2,20,0,0.20194270992454247,0.11544445762792016,0.3418750165723848,0.3117233559193938,0.3467394299863119,0.30843720071932523
2383,0.2,20,0,0.20745289258678545,0.09363006044382431,0.24878167703957588,0.2275324681117916,0.2631994376010077,0.2463422831783979
896,0.2,20,0,0.24275763414399754,0.13221539560749454,0.2706383844401526,0.25591740751453396,0.27926131196290105,0.2587455019985989
603,0.2,20,0,0.5818789071672533,0.3197127365607594,0.17875904925705005,0.16010361330594344,0.17968946888180637,0.1684653142635489
424,0.2,20,0,0.22919265402790576,0.11055826215973653,0.23129919669088067,0.22217895958684036,0.24571695725231257,0.23281832808159855
606,0.2,20,0,0.24155677479246518,0.12726850524636782,0.21599039932177483,0.2087489774859945,0.22664964577438546,0.21564970982978382
2970,0.2,20,0,0.2345701019628231,0.1119894065184767,0.2586652989776954,0.24477578859174065,0.2672882265004438,0.25339871611448905
178,0.2,20,0,1.249965823249618,0.7220750075503078,0.5,0.462066390891867,0.5,0.462066390891867
2778,0.2,20,0,0.37070024791814704,0.18975423184171925,0.3471678887183403,0.34623800306077457,0.3578271351709509,0.3543649663233422
1219,0.2,20,0,0.25188464528670845,0.12016866962307067,0.27744059236821494,0.2572726383385447,0.2918583529296468,0.26729834439480205
959,0.2,20,0,0.7577009292847633,0.43576072441867864,0.23404077212825403,0.217911628935905,0.2490920730860391,0.2323293894973369
1684,0.2,20,0,0.26614279125309476,0.1353280763027819,0.3168482875283753,0.30853339646072964,0.32547121505112375,0.31276426947830366
559,0.2,20,0,0.26185417907631686,0.13524835002421892,0.3341071487695002,0.3287801497816797,0.3389715621834274,0.33364456319560687
2667,0.2,20,0,0.2656621971833119,0.13623503425162303,0.25082194467425445,0.23744937939681865,0.2635791255460973,0.2539650743774828
685,0.2,20,0,0.23252082139337682,0.11041345261758095,0.23682902230820502,0.22843928505280164,0.25124678286963686,0.2428058709194265
1317,0.2,20,0,0.24352797959957043,0.12068850666925723,0.33501033997636426,0.30983089097821065,0.33876885408518553,0.3121790662629173
274,0.2,20,0,1.0347529743610195,0.6044142468752789,0.22810043759926932,0.2152321591418766,0.23296485101319644,0.21633805844698245
1165,0.2,20,0,0.21728168705073544,0.11123139185123652,0.23845925697817544,0.21997010939824155,0.2528770175396073,0.2343878699596734
973,0.2,20,0,0.43944559048508924,0.23010056259163178,0.34571612461649526,0.34034452984946195,0.3607674255742803,0.3531575352179214
2485,0.2,20,0,0.44602658353594893,0.25319164903033003,0.28840953274481373,0.2823835717386992,0.29766600066391535,0.29413861452252515
2198,0.2,20,0,0.27473232613002646,0.1378703197805715,0.16863544719755458,0.1552693890602034,0.177258374720303,0.16609377101410933
446,0.2,20,0,0.2420453164415374,0.13721397471971108,0.33395766589681847,0.32528536807309566,0.34258059341956687,0.33390829559584406
2145,0.2,20,0,0.381975870205646,0.19955513615339374,0.26524505585801095,0.23611809801144787,0.27479840300551567,0.24080703174502543
1742,0.2,20,0,0.4175484796819245,0.23598506792359822,0.1408476151123341,0.11619041061377955,0.1581515139611921,0.14164487807663328
1322,0.2,20,0,0.3340141324940552,0.15946676153986777,0.2769536771055228,0.2619824401695586,0.2899686591334457,0.28427673380388696
2783,0.2,20,0,0.2024250522817409,0.10272163790071091,0.2709043709612473,0.24654012982569729,0.2746628850700686,0.24543423052059143
659,0.2,20,0,0.30453715066321735,0.14561584859332735,0.18633816947364518,0.1662770106896846,0.19589151662114992,0.17717322110154257
1675,0.2,20,0,0.2428944382135744,0.11156511760943423,0.17070056562569008,0.14545424007336333,0.1793234931484385,0.1636305147436165
2162,0.2,20,0,1.9601163912379416,1.0524510389503656,0.2514484172987159,0.22789240662685528,0.26070488521781754,0.24201328795988405
175,0.2,20,0,1.1482636382850187,0.6650443730051041,0.4281834034319977,0.38545058463983056,0.4281834034319977,0.38920909874865184
1254,0.2,20,0,0.6523710810584282,0.38419194081984953,0.4664094389623113,0.4121709276953961,0.4770686854149219,0.4228301741480067
447,0.2,20,0,0.2577943869422113,0.12601841065177813,0.29060526573979245,0.2703071446509361,0.2992281932625409,0.274108986164876
1477,0.2,20,0,0.5021970086540833,0.2834708671428036,0.381487202175923,0.36913735457525676,0.3965385031337081,0.38472082472091523
2055,0.2,20,0,0.3425719408892248,0.19535800296869116,0.31295066585609904,0.2693842636257969,0.32157359337884744,0.27800719114854533
2180,0.2,20,0,0.2959605107331313,0.1531909006157784,0.17795415058066424,0.1473598552591777,0.19237191114209615,0.1617776158206096
1216,0.2,20,0,0.44245943350084344,0.25179605768195745,0.15282131810292038,0.12978282861209361,0.16237466525042513,0.14064083626331197
1193,0.2,20,0,0.688909738378482,0.37503966020451335,0.10597257336350349,0.08741413252906378,0.10800889229336566,0.09320896556774724
943,0.2,20,0,0.21420062543800053,0.10786897683631394,0.24709759759887684,0.22974376881947872,0.2508561117076981,0.22988928158350067
1192,0.2,20,0,0.3249729627819995,0.15326197685062715,0.20968672715697273,0.18737944745794582,0.2241044877184046,0.2017972080193777
1215,0.2,20,0,0.4420552417241907,0.21776108818652823,0.14085366595626703,0.12356362171854797,0.15040701310377178,0.13311696886605273
1148,0.2,20,0,2.6135212860122987,1.3059789885388047,0.10713476056266183,0.04562882685320673,0.10602886125755598,0.04938734096202802
1427,0.2,20,0,0.3099162820831994,0.145784998785252,0.22448414555496754,0.19497068643384102,0.22448414555496754,0.20359361395658943
2079,0.2,20,0,0.9776449884345679,0.5518074523186647,0.3784719567406971,0.33873530695128545,0.38426678977938056,0.34892219449514333
1748,0.2,20,0,0.2517739481387734,0.12866068714884057,0.3935849986724467,0.37468745531422837,0.3935849986724467,0.37468745531422837
558,0.2,20,0,0.20285760526537622,0.09703009621220374,0.2544745077614112,0.2394766089995423,0.2630974352841596,0.24678927984732746
724,0.2,20,0,0.18398435601194874,0.08900842928021835,0.2247789536335345,0.2247789536335345,0.2391967141949664,0.2391967141949664
1145,0.2,20,0,0.20550810439730077,0.08149423084754884,0.23115960997883833,0.21066367612255169,0.23978253750158673,0.2235755204662352
831,0.2,20,0,0.21212820410991015,0.11747203815151469,0.25242164129154,0.23534149479906838,0.26683940185297195,0.25351776946932164
2054,0.2,20,0,0.24090287601634816,0.1158216150196333,0.16961211264914502,0.1382504970530031,0.18153201713498168,0.1587933290615882
2044,0.2,20,0,0.26560794757940315,0.12042261327786614,0.274522439208353,0.2509758431075272,0.2831453667311014,0.2644631840442027
2222,0.2,20,0,0.2352035165191115,0.11963308689841266,0.33882401630235515,0.32748280592933865,0.34744694382510355,0.3347224521770815
2418,0.2,20,0,0.42463112876825554,0.22542913240824478,0.2750358146755416,0.23905577677796958,0.28007546182996174,0.2440954239323897
380,0.2,20,0,0.6939739023659535,0.3720788727855705,0.41409733258198644,0.3897249522301669,0.41409733258198644,0.393584837547468
1285,0.2,20,0,0.3697055557680703,0.16210063782505502,0.14388961916320747,0.10057829140737813,0.15830737972463935,0.11383054437536502
1288,0.2,20,0,0.2273841947390572,0.1213978140769379,0.20700048442492078,0.2029836971595065,0.2156234119476692,0.2083010814688393
2219,0.2,20,0,0.28399707194193385,0.16020458253530384,0.23288946598130433,0.21410861506035378,0.24151239350405274,0.2169367095444187
1746,0.2,20,0,0.1723004021120318,0.07842327343215827,0.23887959071920806,0.2179650748830541,0.25329735128063996,0.22751842203055886
80,0.2,20,0,0.1353324618240906,0.0695215744959768,0.2547831440056614,0.24106720449667862,0.2692009045670933,0.2554849650581105
1045,0.2,20,0,0.18442352140117832,0.0902514417102078,0.26660931697172097,0.2529891650319216,0.28102707753315287,0.2674069255933535
1236,0.2,20,0,0.27780787839707444,0.13892034160031408,0.23515082019812536,0.20942647723347863,0.23515082019812536,0.21804940475622703
1055,0.2,20,0,0.2527716545772394,0.13228521052060324,0.3928792114791527,0.38120595896502013,0.3933982765706061,0.3817250240564735
915,0.2,20,0,0.24622973797364106,0.1348540998655268,0.29122153963510056,0.2699494608327322,0.30261063740582256,0.2813385586034542
414,0.2,20,0,0.29869874469988195,0.1661811022857661,0.2909483710137162,0.2803891636262417,0.30599967197150124,0.29293554939120975
2184,0.2,20,0,0.32764455563724126,0.1617342737479485,0.37141052371769073,0.3473523768915812,0.37141052371769073,0.35046785272834696
2109,0.2,20,0,0.7369263340312073,0.45628315983373297,0.447464816372821,0.4377422024080802,0.447464816372821,0.4340492011706404
24,0.2,20,0,0.29394950452438295,0.15938260615198904,0.23432679620424252,0.20154856955816763,0.24435250226049995,0.2071822211092506
967,0.2,20,0,0.2792676822692252,0.13659197876544585,0.2558189559063857,0.238184572409129,0.2702367164678176,0.2526023329705609
1441,0.2,20,0,1.016445575865518,0.570273799554018,0.34912827653243445,0.33088515523939477,0.358384744451536,0.3459364561971798
2121,0.2,20,0,0.22996355719839892,0.11236934295103478,0.2905826033668316,0.28052372228800204,0.3050003639282635,0.29494148284943394
1966,0.2,20,0,0.25084118560661667,0.1317538152802909,0.38897688627022886,0.3786625601900491,0.38897688627022886,0.3812458668389415
2267,0.2,20,0,0.22296024264829742,0.11275312221019061,0.3748840567102745,0.3460384832515534,0.3853983419980302,0.3521607140341346
1618,0.2,20,0,0.259035566071409,0.13062044674621365,0.16597566296611194,0.12424784943052818,0.17663490941872256,0.12911226284445534
2316,0.2,20,0,0.26382731687562205,0.1323214964300942,0.27201925424636364,0.25602120791833466,0.2789720157578517,0.26249245278230593
841,0.2,20,0,0.3815312401938108,0.18938578101259745,0.24118609150328868,0.21278498658818468,0.24980901902603708,0.21508091188437622
34,0.2,20,0,0.21415866874947892,0.11081688690198024,0.20958066645136758,0.20177112637051486,0.2144450798652947,0.2110583731521017
729,0.2,20,0,0.27509777080916625,0.12323484799116602,0.18787666380990176,0.17073483235183246,0.19649959133265021,0.17677454849352353
2637,0.2,20,0,1.3302060370693627,0.7294182535364548,0.42573700632673606,0.3415482061297553,0.4306014197406632,0.3342759657472853
1692,0.2,20,0,0.21393803340867398,0.10177372616783388,0.22012296928951314,0.20730496633594744,0.22967631643701786,0.2217227268973793
614,0.2,20,0,0.23956729147701833,0.11307803831013516,0.2612182162742452,0.2464746503480524,0.2698411437969936,0.2608924109094843
2888,0.2,20,0,1.7844984575434275,0.9376605595795988,0.3224374072302486,0.2844629510343475,0.3315835312837835,0.29360907508788237
2537,0.2,20,0,0.29966599936185506,0.16198297795974836,0.23558278483024275,0.21020171096959095,0.24420571235299116,0.21302980545365588
1765,0.2,20,0,0.32183932133118087,0.17283421928279066,0.3355284081904799,0.31172331489188015,0.3445755279388922,0.3207704346402924
725,0.2,20,0,0.40025562357649624,0.2350403629141226,0.13818059195510152,0.10806970524801124,0.14883983840771214,0.1282822988481266
1890,0.2,20,0,2.1659337584145297,1.100717109686554,0.2131356521038424,0.18348006697382238,0.22239212002294398,0.18950998798119448
1822,0.2,20,0,0.2703717497490542,0.12666070437087376,0.14235658401127657,0.11320371409944309,0.1480104846586613,0.12841096189433254
145,0.2,20,0,0.7975220196343255,0.48265876931459717,0.5,0.4909140829537271,0.5,0.4909140829537271
2700,0.2,20,0,0.38986772539857223,0.19421008230454587,0.16728388067617456,0.14171271557274084,0.175906808198923,0.15988899024299402
2895,0.2,20,0,0.2579164887576858,0.11818014490950209,0.35100559191118474,0.32758517096285866,0.35962851943393315,0.33480531995209806
445,0.2,20,0,0.894911305110525,0.5137131447352977,0.2999106267320862,0.2897695953388364,0.3048348504251341,0.28889898599320085
341,0.2,20,0,0.7091766235461782,0.36287625696466985,0.4867349006193548,0.45207508337814595,0.4911269551245293,0.45646713788332044
652,0.2,20,0,0.3965046248502785,0.21384944192140123,0.29201942742800474,0.27179612297104877,0.3012758953471063,0.28920315950414605
1492,0.2,20,0,0.6597548405665343,0.3724891908568826,0.33802745804679,0.2823687689311568,0.33849981695554265,0.27844907333473495
352,0.2,20,0,1.1615229164009684,0.6287756350208079,0.4070757619725922,0.3819627741324454,0.4070757619725922,0.38635482863761983
290,0.2,20,0,0.3121821001583981,0.1665454833141465,0.24577049499345494,0.22700145621246604,0.26018825555488684,0.24141921677389794
2062,0.2,20,0,0.3153624138704345,0.1479208808295033,0.24619542442308373,0.2341245461934498,0.26061318498451563,0.2485423067548817
2772,0.2,20,0,0.8664495980290302,0.49737954886305147,0.5,0.4696651384191442,0.5,0.4696651384191442
1846,0.2,20,0,0.19211124775245325,0.08138590247859663,0.3260568236746795,0.28674370147586065,0.3309212370886066,0.2878496007809665
9,0.2,20,0,2.5815880468534402,1.2986741615282993,0.147783619954325,0.051443859825829164,0.15264803336825214,0.04668979027746874
1235,0.2,20,1,1.8360226239184987,0.9512164452930054,0.13545284540460206,0.12001846629943937,0.14470931332370368,0.1292174067643896
1648,0.2,20,1,0.18991817326977925,0.1061393974397209,0.2786283045257494,0.26864125468737876,0.2930460650871813,0.28305901524881066
1607,0.2,20,1,0.35964021632914633,0.18921725347495835,0.28257493140412704,0.2520846540130189,0.29699269196555894,0.2653782437119381
1449,0.2,20,1,0.6051479700038551,0.3405542968659885,0.23512528742410418,0.14815165144151338,0.23026087401017706,0.14815165144151338
11,0.2,20,1,0.5973956569890496,0.3360930997634685,0.2596638038604681,0.240050786579972,0.2703230503130787,0.251242202220456
1753,0.2,20,1,0.24894599365200218,0.1304924752287613,0.2769477003775942,0.2645584391536783,0.2855706279003426,0.2781009575530873
2042,0.2,20,1,0.2995301643386407,0.15103597002811314,0.375,0.35604891888519297,0.375,0.35604891888519297
2939,0.2,20,1,0.3722210355381115,0.17846619990876159,0.20033232568696713,0.179903185245555,0.21475008624839903,0.19807945991580816
1439,0.2,20,1,0.2895503740531903,0.14093124533726753,0.33890753222396475,0.3181401979402214,0.34753045974671315,0.33487835577743635
2114,0.2,20,1,0.2922169091614304,0.1491890954943192,0.17917811997011227,0.1114897145694395,0.1860788523139016,0.11839044691322882
1368,0.2,20,1,0.2911490270301862,0.1565008547379861,0.3178526677380289,0.31201287015087464,0.33290396869581396,0.3249976582785262
1005,0.2,20,1,0.33028380329483414,0.1601688709657652,0.1993694430892472,0.18475746962886436,0.2137872036506791,0.19970739937816967
1713,0.2,20,1,1.233140962287817,0.6838191034593069,0.43820211228982786,0.42691180643874427,0.43820211228982786,0.42204739302481714
385,0.2,20,1,0.3377913535891954,0.19386900371224985,0.2489914252044464,0.23461654126779455,0.2585447723519511,0.24903430182922642
827,0.2,20,1,0.9922113197079951,0.563296072798198,0.45598044760859535,0.424801281608723,0.45598044760859535,0.42919333611389743
2275,0.2,20,1,0.20762017268217187,0.09454008938119245,0.3060609416899427,0.2889395189932458,0.3060609416899427,0.29067030790337167
329,0.2,20,1,0.21609491117960186,0.10113319344497303,0.2878719218906265,0.2728632490386365,0.30228968245205834,0.28488911086290325
15,0.2,20,1,1.7127501595261754,0.9054306935531051,0.2807469180901094,0.2598854913031371,0.2865417511287928,0.2738308929558163
230,0.2,20,1,1.4361832474112255,0.7969331107260533,0.4358939763389097,0.4282169188129984,0.4358939763389097,0.42973630798067225
10,0.2,20,1,0.23204192561705725,0.10970652733407882,0.3160851711154848,0.28502265239631397,0.3247080986382332,0.29224280138555336
140,0.2,20,1,0.18019184930169063,0.09530209010106915,0.3742155015042457,0.3724757540825895,0.3828384290269941,0.3767066271001634
428,0.2,20,1,0.2275188763441295,0.12540225154900617,0.29475272156797155,0.28777465797571244,0.30337564909071996,0.29639758549846085
287,0.2,20,1,0.2235222875244304,0.10232583371781986,0.2024974391968259,0.1807288283202879,0.21691519975825777,0.19567875806959317
1127,0.2,20,1,2.754230943883909,1.2723874157901882,0.24478791033051742,0.19646130973381304,0.24965232374444457,0.20571777765291466
2197,0.2,20,1,0.27293727359134323,0.12033451021632388,0.19763324048168807,0.16529353351327988,0.21205100104311997,0.18343789576840674
2188,0.2,20,1,0.2881627535772125,0.15072581593361153,0.45532464829504765,0.42547382252078897,0.45532464829504765,0.42108176801561453
822,0.2,20,1,0.3462219135004861,0.1754234163837765,0.3144489720888694,0.3055142709038956,0.3144489720888694,0.3103786843178228
100,0.2,20,1,0.2882198673032206,0.12345621917516884,0.2756222811657319,0.2685273171327185,0.2842452086884803,0.2771502446554669
26,0.2,20,1,0.34589672422453327,0.19357201092325732,0.35235041995202276,0.3321559652987566,0.3581452529907062,0.33795079833744
903,0.2,20,1,0.22403837477446695,0.11545609040540936,0.29211484697787665,0.26813657823561743,0.3007377745006251,0.2709646727196824
1803,0.2,20,1,0.30585098154099305,0.14261422504646296,0.37485967101924517,0.3466718746600227,0.37485967101924517,0.3385213060460269
2594,0.2,20,1,0.2616845651334695,0.1160444176642476,0.21279179018657432,0.19552099394526928,0.21765620360050145,0.20993875450670113
2397,0.2,20,1,0.3740016014311373,0.20115482766192672,0.3067499320860886,0.2881686525035106,0.3240940682507933,0.3029294820193229
16,0.2,20,1,0.23232998848486783,0.10980488253588763,0.27413741623329146,0.2685912818470176,0.27413741623329146,0.26797598597696787
2444,0.2,20,1,0.17657124427041024,0.08436684898223593,0.2026065082900947,0.19218458838370497,0.21702426885152654,0.20930752457029378
942,0.2,20,1,0.18883502571161379,0.09841894969415442,0.3131375346719376,0.3008008335891095,0.3275552952333695,0.3152185941505414
304,0.2,20,1,0.24494047441414352,0.11892547972533392,0.2549456076743908,0.25248175971897907,0.2693633682358227,0.266899520280411
1577,0.2,20,1,0.385152657801414,0.2028901045111853,0.23801644301974823,0.20129822973362488,0.23854861220762164,0.2120172864653562
2134,0.2,20,1,0.9868003888064821,0.562459289681473,0.5,0.4357416014759861,0.5,0.4357416014759861
2199,0.2,20,1,0.5423245350831504,0.28798741229410285,0.3436803228492917,0.3285350649597055,0.35873162380707674,0.33929744909655546
256,0.2,20,1,0.2953707622180805,0.13111579021951814,0.3751278176230027,0.35916531819232356,0.3751278176230027,0.3510147495783278
2719,0.2,20,1,1.123433615708619,0.6441798606005512,0.45873449877549377,0.3913513925745365,0.4635989121894209,0.3956836368005902
2463,0.2,20,1,0.31307418886420385,0.1700873482654269,0.24395154945199488,0.18812830018690346,0.2525744769747433,0.19095639467096842
2296,0.2,20,1,0.44695336703948446,0.23077458348417806,0.3556497983865359,0.34974629480060654,0.37070109934432094,0.3604055412532171
425,0.2,20,1,0.22882064188323833,0.1159130470357632,0.3016352119371329,0.2812457845467057,0.3102581394598813,0.2898687120694541
2985,0.2,20,1,0.26375645598372016,0.11248514856248346,0.19152196194887922,0.17082642591086258,0.20014488947162765,0.17365452039492757
2195,0.2,20,1,0.2386604088777702,0.12326387320171663,0.308200219394607,0.296908721887929,0.308200219394607,0.2985097064152361
1847,0.2,20,1,0.3869205581302192,0.2058696290834471,0.26035144657527676,0.25001491530578734,0.264912042487168,0.2493128473668685
1629,0.2,20,1,0.4017471123901652,0.21340691378016616,0.23977889907851418,0.22033161025680364,0.2504381455311248,0.23585527012334143
1375,0.2,20,1,0.3039395808214056,0.16405441543336097,0.34312716535573917,0.34212586384817995,0.3479915787696663,0.3478687094147129
1790,0.2,20,1,0.33258333834281606,0.17002442488462702,0.14512201847090228,0.09799275361114151,0.15953977903233416,0.11241051417257339
1998,0.2,20,1,0.22485058919814507,0.1208410009133221,0.28609147814533287,0.2775479969448157,0.29975454484891145,0.29496957775721555
1352,0.2,20,1,0.38727717102517967,0.18531745205830868,0.2696634632252386,0.24510672731106814,0.27828639074798706,0.24793482179513315
2059,0.2,20,1,0.2266519318048374,0.10520141192709911,0.18999651245630061,0.14600771108299937,0.20441427301773255,0.1641839857532526
1738,0.2,20,1,0.551010199521585,0.31362623625856456,0.16015663880526954,0.11223773961727651,0.17457439936670144,0.1266555001787084
161,0.2,20,1,0.2641923056165561,0.13279829456531791,0.2357111586497379,0.2197157677955259,0.2401623290404735,0.21930252477233436
2218,0.2,20,1,0.26281906166360774,0.1317726016105097,0.2941866421140835,0.2848664369505689,0.3033652859147906,0.2945772499391494
1870,0.2,20,1,0.2525443211361329,0.1134525035342604,0.2156709604207785,0.20376996455455962,0.22633020687338906,0.21882126551234465
1513,0.2,20,1,0.5430167334542519,0.30191153542626253,0.1611357128355935,0.144539920410583,0.17555347339702537,0.16382209438594203
1125,0.2,20,1,0.36565149507207617,0.179667347807134,0.3183833444395433,0.2968400198583533,0.33119914844020737,0.3069119553251091
305,0.2,20,1,0.2947237350971803,0.16043243096831367,0.2846774053271672,0.27120224290993983,0.2990951658885991,0.28562000347137173
566,0.2,20,1,0.25937858293095606,0.1322966810082828,0.26684454577388683,0.23256191265914314,0.27060305988270816,0.23145601335403732
2223,0.2,20,1,0.8945814654590525,0.5068731747445033,0.48768175633053706,0.43302394104601794,0.49207381083571156,0.4374159955511924
833,0.2,20,1,0.22116496833165802,0.11359268315148967,0.3103187037319556,0.30061723657343675,0.31518311714588265,0.3092401640961851
2977,0.2,20,1,0.28196969584476866,0.14644985713729763,0.21861193342798046,0.21008064428079196,0.2330296939894123,0.22936281825615096
2671,0.2,20,1,0.33127852582903117,0.16440629864980627,0.11501759427077096,0.0630152891901486,0.1256768407233816,0.07367453564275922
2301,0.2,20,1,0.24093009941567226,0.12892720215757533,0.308053545030895,0.28744515670348636,0.3166764725536434,0.2905105221276153
2657,0.2,20,1,0.39218286032967387,0.21604128508745915,0.3513243515393938,0.33619187618750157,0.3701341666060001,0.3544695220662345
918,0.2,20,1,0.35571774490991803,0.17468492276731418,0.25622979736257756,0.23768428912691258,0.25622979736257756,0.243245347322758
928,0.2,20,1,0.1793064590748012,0.0944352874920416,0.3240423596146573,0.3115196427731369,0.3341495466879853,0.32162682984646485
1626,0.2,20,1,0.507534711239553,0.30195432886511225,0.2862998582065697,0.23829039300650112,0.29695910465918035,0.24894963945911175
2847,0.2,20,1,0.18903555043034093,0.09271673152808299,0.2814091283631125,0.24477495623651357,0.2900320558858609,0.24760305072057853
2342,0.2,20,1,0.19479118746416027,0.08214736914814068,0.2209855433737744,0.1675649720940962,0.2354033039352063,0.1819827326555281
1522,0.2,20,1,0.3324201225421245,0.1454494416326524,0.25949906018701696,0.24257757699866603,0.2681219877097654,0.24979772598790548
1412,0.2,20,1,0.39958348807121236,0.1953977464879752,0.1504716157585405,0.11434676104299041,0.16026005087473394,0.13228576477317958
1679,0.2,20,1,2.2137448428051743,1.1537106267742474,0.1505877473958225,0.12402606326347074,0.158035467458642,0.1352322974351115
572,0.2,20,1,0.22341512637663558,0.10463373366001982,0.2955724321940542,0.2876944581611654,0.3099901927554861,0.29772151619957243
1401,0.2,20,1,0.9464414815130621,0.5244400742048033,0.41422312894550783,0.40256834077768333,0.41422312894550783,0.40743275419161046
2194,0.2,20,1,0.21306984624714642,0.11190038190572668,0.20784736953295418,0.18606618766816105,0.22226513009438606,0.20910687575234135
2720,0.2,20,1,0.21121337284774377,0.10080434032601941,0.29493122228665103,0.2573128128781081,0.30934898284808293,0.2761226279447144
2068,0.2,20,1,0.5695269959433465,0.29917547490407737,0.37264055557073555,0.36377249269741185,0.37703261007591005,0.36722994315831275
2629,0.2,20,1,0.7903781763502193,0.4410565835257937,0.18824390044820183,0.17934317331522734,0.19457090267475868,0.1877621583326359
2043,0.2,20,1,0.24181875213151824,0.11373336061782005,0.16845815823921362,0.15181800100076046,0.17708108576196205,0.15464609548482544
2416,0.2,20,1,0.22564047603146045,0.10797073035544703,0.20072744607429605,0.19023848469483268,0.20935037359704445,0.20801474245244334
1085,0.2,20,1,0.33591106916207686,0.15980092771232568,0.23666661723131668,0.22142418262874933,0.25108437779274856,0.24218376394789481
557,0.2,20,1,1.1143922445565233,0.6338843558733338,0.42723556898519083,0.3751018386936712,0.43649203690429245,0.3843583066127728
834,0.2,20,1,0.22677464854773394,0.12423186360681071,0.30081390831330124,0.2653574402321335,0.30081390831330124,0.2615989261233122
906,0.2,20,1,0.6594414050129168,0.39121751104370533,0.3116439529008441,0.2817329021057378,0.32090042081994574,0.29098937002483943
694,0.2,20,1,0.2064900018114212,0.10141516451869731,0.3007175899088859,0.28806121624803277,0.3093405174316343,0.2966841437707812
472,0.2,20,1,0.7068353738160534,0.38311661587634427,0.15403100025420835,0.14748463981605564,0.16469024670681898,0.15327947285473914
2337,0.2,20,1,0.14463975347373237,0.07057198762135179,0.2164433959959598,0.19073845742806353,0.22599674314346455,0.19542739116164112
306,0.2,20,1,0.2487167799217715,0.13780805029304807,0.20672347311648526,0.18992541370964766,0.2115878865304124,0.20434317427107956
1720,0.2,20,1,0.22665171201150436,0.09630496889145942,0.32647352031855453,0.3123709064988406,0.33509644784130294,0.320993834021589
2810,0.2,20,1,0.24058696789406342,0.10304208925859243,0.2907895486705796,0.27366042615963815,0.2907895486705796,0.27638518522238614
105,0.2,20,1,0.48099229954936357,0.21583370373894686,0.3022570997972935,0.24945640712805695,0.3166748603587254,0.26387416768948885
1433,0.2,20,1,2.3726434175379665,1.1418940406460707,0.18556988391842294,0.1661394398316684,0.19419281144117137,0.17476236735441683
2273,0.2,20,1,0.22990343980597858,0.11604047686598647,0.26590160901951887,0.25646589122446634,0.27452453654226733,0.2684429631122615
2935,0.2,20,1,0.46154800430829085,0.24698917456589511,0.16936006490698777,0.15945554226469094,0.18377782546841964,0.17447636820339843
1421,0.2,20,1,0.4944608234545246,0.25376776144218843,0.12890974663205557,0.11798679328245909,0.1395689930846662,0.13351045314899687
1407,0.2,20,1,0.6127376221436109,0.33893406137919857,0.2782696363966818,0.26474255174143735,0.2787419953054345,0.266617689183699
214,0.2,20,1,0.2414822405040143,0.11853717176271661,0.2461682134752219,0.19732969209249968,0.2605859740366538,0.21174745265393158
2984,0.2,20,1,0.41082669552001616,0.20344436635373267,0.23582993928204493,0.19798037284809544,0.24445286680479333,0.20660330037084385
2534,0.2,20,1,0.2123372604871822,0.1163509214710598,0.2846088301705269,0.27053027206033814,0.2941621773180316,0.2893400871269445
288,0.2,20,1,0.4212518956360504,0.21471227908247642,0.304112222032163,0.2930855702862116,0.31805762368484214,0.3030612249370797
2852,0.2,20,1,0.22972493278027142,0.11517682117312959,0.3369610103022932,0.32589822710443156,0.34519870595341284,0.3341359227555512
2804,0.2,20,1,0.5167869612280257,0.29444651746755696,0.23214104629213783,0.2222569150719742,0.24076397381488626,0.23667467563340608
388,0.2,20,1,0.4256299894314524,0.25066461024509923,0.31757175221807576,0.28448688709492553,0.3319895127795076,0.2939804239633095
2102,0.2,20,1,0.22771501413714035,0.11643495896672643,0.31851627157437423,0.3090542609899473,0.3271391990971227,0.3138173031953947
2623,0.2,20,1,0.8489949648316594,0.483447002750985,0.4655608925215168,0.4420438797708767,0.4655608925215168,0.4377931057265067
264,0.2,20,1,0.31195186864387664,0.14846664856007602,0.2389384135725204,0.20635627872701878,0.24380282698644756,0.21926812307070234
2365,0.2,20,1,0.23313947694637857,0.1221960253844923,0.34924777127679013,0.32921999542381053,0.3530062853856114,0.33790273322567965
1454,0.2,20,1,0.2058875956162714,0.1076166243194433,0.24325531598474243,0.2267059155036065,0.25391456243735305,0.23360664784739582
578,0.2,20,1,0.32502802445590656,0.17377654162671843,0.24336874264633468,0.22837179345946787,0.2577865032077666,0.24278955402089977
1625,0.2,20,1,1.7423333191199792,0.9615635503805788,0.3397239997995204,0.3287235719863099,0.3387935801747641,0.32199831932287015
2950,0.2,20,1,0.2502071913850601,0.12084490710260645,0.3363724327800414,0.3298598906469559,0.3449953603027899,0.3384828181697044
1135,0.2,20,1,0.2306350896907858,0.10823078856559941,0.31942968458521986,0.29287537757007925,0.31942968458521986,0.289116863461258
1517,0.2,20,1,0.19845555104471513,0.1030633974667235,0.209336646203362,0.20305887670083314,0.2130951603121833,0.19615814435704385
866,0.2,20,1,0.24338519101339864,0.12869342934130099,0.24293903136964778,0.24293903136964778,0.2573567919310797,0.2573567919310797
199,0.2,20,1,1.1756690200701019,0.6502098060033283,0.37367324013734227,0.3642498351264859,0.37367324013734227,0.3729097576043407
228,0.2,20,1,0.490602851935775,0.27296076909480965,0.4145995975567383,0.38883573923372644,0.42478648510059624,0.39849045758971097
29,0.2,20,1,0.21385324572838493,0.12358091005058387,0.3352858018511813,0.3053324087015028,0.3439087293739297,0.3125525576907422
2998,0.2,20,1,0.2539400702125309,0.14417464236992816,0.3070608902584186,0.29670516146105197,0.31568381778116705,0.30445644717174164
1036,0.2,20,1,0.280318066999027,0.13654513972814417,0.2677409080493898,0.2568329790775101,0.27840015450200045,0.2615040804559453
2376,0.2,20,1,0.26129200962292004,0.12118274667250614,0.23206865508590768,0.19651823689044262,0.24648641564733959,0.21093599745187452
1486,0.2,20,1,0.2021376885760621,0.10134490991828111,0.3093901243910953,0.27147429531998013,0.3180130519138437,0.28009722284272853
1951,0.2,20,1,0.1626097887827238,0.07305023809354373,0.32036305320903435,0.3096314058105595,0.3252274666229615,0.31502802934500385
399,0.2,20,1,0.491704649800139,0.27277560441296406,0.27761369470798986,0.21427337639940713,0.29203145526942176,0.22869113696083904
1743,0.2,20,1,2.1707347839640145,1.146248358043927,0.269888222221469,0.2577887567288572,0.27914469014057064,0.2670452246479588
2384,0.2,20,1,0.225734990496485,0.11121217386364496,0.3197740304926999,0.2879028551883256,0.3235325446015212,0.28679695588321974
622,0.2,20,1,0.21899839408080976,0.1182818601707105,0.3606242315818763,0.35000646282933157,0.3654886449958034,0.3548708762432587
2698,0.2,20,1,0.27048077607173526,0.1483486120467525,0.23235371151924022,0.21101517584752655,0.24677147208067213,0.22543293640895845
1004,0.2,20,1,0.3731072835028365,0.18582980601957283,0.2735665713577322,0.2545782944998392,0.28218949888048067,0.2574063889839042
1555,0.2,20,1,1.1737264573361055,0.6480365434158782,0.45843127902793007,0.40185399675070127,0.45843127902793007,0.39380656582094486
2954,0.2,20,1,1.4236696830575117,0.7780126892924942,0.37142775895898805,0.32586371279016646,0.3762921723729152,0.3215820021505587
2649,0.2,20,1,0.42858926496873234,0.2111183583232188,0.13620492917124666,0.09225482205267832,0.14686417562385728,0.10291406850528895
2263,0.2,20,1,0.14351621508964885,0.06588286995884761,0.22594846987487371,0.214580018709658,0.23457139739762217,0.22792256190195787
2008,0.2,20,1,0.9824692465047592,0.5994755538076022,0.4255471325143069,0.400157198681145,0.4299391870194814,0.40830776729514084
2049,0.2,20,1,0.26938263832415166,0.15086526079168028,0.3730362818098544,0.3541890975734127,0.375,0.35615281576355834
1798,0.2,20,1,0.24568027232236303,0.12976510295988075,0.2753710930065578,0.26377719155973445,0.2897888535679897,0.27819495212116635
2261,0.2,20,1,0.35567904654065174,0.17962838983476317,0.30129408195091006,0.2720241605182158,0.3061584953648372,0.2710937408934595
2974,0.2,20,1,0.24721912711794847,0.11792213576300083,0.3464647549275067,0.34422329078982483,0.35132916834143385,0.34908770420375196
2945,0.2,20,1,0.9411362249978518,0.5323034946333405,0.3640148489021776,0.3405264862322263,0.3698096819408611,0.3544718878849055
2574,0.2,20,1,0.9620005937072701,0.5478417158981271,0.40784979445531566,0.39989988231591067,0.40784979445531566,0.39550782781073623
2878,0.2,20,1,0.517985040072987,0.2860906680640162,0.3350833838329872,0.2966436411403105,0.34433985175208875,0.3001052760207286
1432,0.2,20,1,0.28770073988116873,0.12918959273338196,0.2883972872770047,0.26500115191749124,0.2932617006909318,0.2661070512225971
1223,0.2,20,1,2.1828840503819125,1.0926241121741067,0.1780336384620247,0.15161774488050314,0.18572109297098746,0.1544841133806574
1335,0.2,20,1,0.245246215175685,0.12117352930711878,0.32909209447799576,0.3154347212221514,0.32909209447799576,0.3132691383922399
1376,0.2,20,1,0.32618565854399206,0.16482003453246963,0.22126624024118952,0.20007974154396313,0.23568400080262142,0.21888955661056947
2333,0.2,20,1,0.33868232449704366,0.19301963587591495,0.3506456292251592,0.3432858825312265,0.36569693018294425,0.35833718348901156
747,0.2,20,1,0.7864276226896444,0.4350209693292547,0.2952024949499736,0.2532295823013932,0.3044589628690752,0.26687810472566925
1124,0.2,20,1,0.21540512863692252,0.11167031382867873,0.23294107903438555,0.20274357838119997,0.24735883959581742,0.21716133894263184
1544,0.2,20,1,0.2431521785712047,0.13518439619193703,0.27068904317166914,0.25362459058880454,0.27068904317166914,0.24986607647998324
2680,0.2,20,1,0.9058232494713518,0.52086489917965,0.08514123802692256,0.0694713044426658,0.08027682461299541,0.059742477614811516
2654,0.2,20,1,0.43723246826710044,0.19866046883772953,0.3066670034805457,0.2678417800326699,0.3152899310032941,0.2764647075554183
168,0.2,20,1,0.3564842868281567,0.17942671377249347,0.23327024112720973,0.2268164187941988,0.2476880016886416,0.23636976594170353
2245,0.2,20,1,0.34416916710660045,0.1647869285205319,0.2991892549377939,0.2767279983515106,0.3136070154992258,0.2911457589129425
2471,0.2,20,1,0.1674075161846369,0.08704432462890924,0.3381248241052695,0.30566130435141237,0.3467477516280179,0.31428423187416077
1697,0.2,20,1,0.25789539541842726,0.10782134657392739,0.30831897115550566,0.2907387587391419,0.312077485264327,0.29502944203583664
2360,0.2,20,1,0.7623017070806709,0.43370244542564934,0.37398161124340235,0.33146007523769744,0.3777401253522236,0.3352185893465187
2171,0.2,20,1,0.4560662096435033,0.2661431625161666,0.2789697142391401,0.23904175684209067,0.28383412765306715,0.24877058366994487
245,0.2,20,1,0.2112607265430553,0.10423339312812441,0.20777229373493858,0.17877684546695888,0.216395221257687,0.19695312013721206
2214,0.2,20,1,0.18810831551012364,0.10032973634234106,0.3177527532369504,0.3101110665262775,0.3263756807596988,0.3143419395438515
2252,0.2,20,1,0.31160806278779246,0.16103748710202595,0.35045273415318356,0.3444189274822211,0.3527130481064761,0.3451599301151677
1287,0.2,20,1,0.21315833039949883,0.10079783817709742,0.3601757656426391,0.35228714933808525,0.3601757656426391,0.35228714933808525
677,0.2,20,1,0.2181720492620704,0.11604669302971896,0.3223052843671005,0.29634646354947236,0.3223052843671005,0.2881958949354766
1562,0.2,20,1,0.6738348216798884,0.38418921290210145,0.43091453198369895,0.41348089920759507,0.43091453198369895,0.40861648579366794
762,0.2,20,1,0.33817781820354476,0.18037237110856358,0.30734256763099654,0.28706288667815316,0.31800181408360717,0.2977221331307638
835,0.2,20,1,0.2918361148498432,0.1665309395686633,0.33008806903690063,0.31855923479835846,0.3407473154895112,0.33408289466489616
1091,0.2,20,1,2.0084383563189347,1.0802014717182746,0.23708637213186862,0.2158027882164264,0.23708637213186862,0.21319727728929924
2829,0.2,20,1,0.2836410211952005,0.13101364663993215,0.19021977488246083,0.1758849123419613,0.2046375354438927,0.19406118701221448
2874,0.2,20,1,0.8199191976180181,0.45938992704558557,0.29705129475395553,0.2907963891234855,0.3063077626730571,0.30487394305139554
716,0.2,20,1,0.20318108879853308,0.09549180521391655,0.360608438835826,0.3388922650700246,0.36673449102760775,0.3450183172618064
466,0.2,20,1,0.4814902370839325,0.24209397345962125,0.19628551745055572,0.17786239244021584,0.21070327801198763,0.19228015300164775
2182,0.2,20,1,0.3389497167460647,0.16926988482274785,0.19961313639790068,0.19350255911300596,0.20916648354540543,0.20792031967443786
731,0.2,20,1,0.30555229364847636,0.15695086001294878,0.2771742471102004,0.2669716536874147,0.2857971746329488,0.2755945812101631
2323,0.2,20,1,0.367302931282307,0.20011436933014717,0.34538772703466947,0.33240398327186454,0.34538772703466947,0.33726839668579167
2717,0.2,20,1,0.28636623613159917,0.13999516632989858,0.1392244252374607,0.12057789662308063,0.14784735276020913,0.1352247545013911
2876,0.2,20,1,1.8112975200362802,0.9715810343254347,0.31907744686152856,0.3039963057286656,0.3283339147806302,0.3132527736477672
231,0.2,20,1,0.20618246927867465,0.10150815608740085,0.27835586680205177,0.2606138946645526,0.27835586680205177,0.25481906162586915
2411,0.2,20,1,0.17203684423929988,0.08248255951208902,0.1947378375257273,0.16251207851706767,0.20447750999051328,0.18087467850460207
223,0.2,20,1,0.7096429190605082,0.38023870688450917,0.2788831234581409,0.2443841657505128,0.2788831234581409,0.24457213563083144
1690,0.2,20,1,0.26206252322521567,0.11877582088866358,0.37330089399271754,0.3516583917815156,0.375,0.35335749778879805
1464,0.2,20,1,0.3554436711002157,0.17226593943676746,0.19668618982061592,0.17814331150451557,0.20530911734336432,0.1809714059885805
675,0.2,20,1,0.24560279555236264,0.11252548632646409,0.3692167795230417,0.35110003974062043,0.3778397070457902,0.35713966061447655
1351,0.2,20,1,0.33084097435759946,0.17212822237402076,0.26381561437141804,0.25032453643157987,0.27823337493284994,0.25987788357908465
642,0.2,20,1,0.2196449826207228,0.115487337875709,0.24205222644796512,0.235455982689877,0.25646998700939705,0.2536322573601302
1146,0.2,20,1,0.8356072556503223,0.46626659911639207,0.32056749173419824,0.2971664642264772,0.32495954623937273,0.30144817486608494
641,0.2,20,1,0.3145607516857895,0.15720815212689074,0.25300623511215253,0.22839682897616947,0.25787064852607966,0.24130867331985298
2978,0.2,20,1,0.6346061621075747,0.366507740562873,0.26824799646684144,0.24925712907938904,0.27687092398958985,0.25259209392590193
2443,0.2,20,1,0.3661256920046534,0.2008674289755304,0.13120800441127933,0.07286057175911115,0.13983093193402776,0.08095133009398617
1380,0.2,20,1,0.31850353709670404,0.13320612655406835,0.2174753639390623,0.19822076881615747,0.22813461039167288,0.21214420682745372
2242,0.2,20,1,0.2482233082632961,0.12992926659683404,0.3052084858067485,0.2945506797647648,0.31383141332949693,0.30317360728751325
2122,0.2,20,1,0.22537351268301803,0.10683855323586386,0.2781604601563075,0.25470076841257866,0.2867833876790559,0.26332369593532706
935,0.2,20,1,0.3681056741847939,0.18039499309196136,0.2960241941000898,0.28628181445990336,0.3104419546615217,0.30069957502133526
1170,0.2,20,1,0.17970200591541743,0.07472820348324118,0.33114334746826757,0.2979782695250596,0.3425473059761373,0.31377428253810385
2211,0.2,20,1,0.3936631233144274,0.20638250936578034,0.2142117263515991,0.19499250645670846,0.22862948691303098,0.21370095031483502
2481,0.2,20,1,0.319189581446759,0.14965540244838238,0.19617238998276287,0.18212757416382291,0.19993090409158415,0.1868165078974005
2833,0.2,20,1,0.34949382630954584,0.19764350340973427,0.34662213166822814,0.29415674090680016,0.36103989222966,0.3041824469630575
672,0.2,20,1,0.19543698996119452,0.09750405175366875,0.27730653953044027,0.2603494255266298,0.29172430009187217,0.27529935527593513
2861,0.2,20,1,0.28904239161342776,0.13800043572454995,0.3702528390987108,0.363613540329692,0.3749040430231685,0.3682647442541497
190,0.2,20,1,0.9758109857400634,0.5571833654406334,0.305587739609247,0.2665438023663119,0.30817104625813935,0.27288562312402553
1604,0.2,20,1,0.23617887094934475,0.11623378226757924,0.375,0.34260503881677057,0.375,0.34260503881677057
270,0.2,20,1,0.2345972291503927,0.1142644056905212,0.3127532606898322,0.30330097473530376,0.3127532606898322,0.30652731965625163
1391,0.2,20,1,0.6913036807659916,0.38500188885778613,0.4146342058590252,0.39385870193207534,0.41902626036419965,0.4040455894759332
720,0.2,20,1,0.7073321785067758,0.4272519901398174,0.1784620570030671,0.1741746733794171,0.18425689004175055,0.17996950641810056
211,0.2,20,1,0.23770648733704716,0.11958174929647253,0.36720919836634025,0.3462513093752244,0.36720919836634025,0.3369948414561228
1935,0.2,20,1,0.3615196929432988,0.18365958899109833,0.27290368983833196,0.23594882292269997,0.28732145039976387,0.2529498901330242
2108,0.2,20,1,0.2746377010668552,0.14481984710917553,0.2628363148710974,0.25088999636448345,0.2734955613237079,0.2613920972531957
2924,0.2,20,1,0.28458949103056685,0.12573995758868334,0.10664652825153523,0.04402013884041381,0.11730577470414583,0.06047421833170786
2504,0.2,20,1,0.20279519861427336,0.10149696581416727,0.3011897925412654,0.2928856251872012,0.3098127200640138,0.3046046002515859
805,0.2,20,1,1.0244335101584614,0.5792940279427873,0.38995050877734305,0.37539141695723727,0.38995050877734305,0.37664012616735676
2100,0.2,20,1,0.5434585759355282,0.3159068787770392,0.32921304228583503,0.31885769406409126,0.3407044272439941,0.32595702451707587
1166,0.2,20,1,0.2633731864692683,0.13323688458339386,0.29796665043550896,0.2771930767137621,0.3123844109969408,0.29161083727519393
475,0.2,20,1,0.19461676989131207,0.08518629213830102,0.32111046478305943,0.3068897423183851,0.3248689788918807,0.3086525899006111
1925,0.2,20,1,0.2769871462936429,0.1491844137838282,0.2304121941877444,0.22030469610033035,0.24043790024400186,0.22593834765141335
2922,0.2,20,1,0.2646771431698651,0.12582453445842523,0.18261869130924535,0.16433988378132797,0.19703645187067725,0.17875764434275987
1039,0.2,20,1,0.4529741034496998,0.245882998060046,0.31863869893012037,0.30442880646304854,0.33305645949155227,0.3247549300992058
1747,0.2,20,1,0.40876310589767634,0.21807882087075833,0.12651368936645138,0.06221475081812371,0.12651368936645138,0.0702621817478801
2632,0.2,20,1,2.3104304278518244,1.2024699131409124,0.16673137476711347,0.10696754845899858,0.16726354395498688,0.10696754845899858
2836,0.2,20,1,0.33544572453077975,0.16967193201722752,0.16420937609099528,0.13935075978232686,0.17862713665242713,0.1537685203437587
1299,0.2,20,1,0.23007100076577625,0.12163994289158517,0.273983842588333,0.24992875936859088,0.273983842588333,0.24506434595466375
2287,0.2,20,1,0.3308012678483185,0.16242204376439182,0.3134592527788972,0.29587894331503173,0.3134592527788972,0.2910145299011046
1565,0.2,20,1,0.29063965882290355,0.13652709569489924,0.2510763991053675,0.24018819108913905,0.25687973836440925,0.24112711693425365
776,0.2,20,1,0.3783710445668917,0.2010935239003601,0.27219747310502035,0.2519025568468272,0.2808204006277688,0.2561277104979306
1430,0.2,20,1,0.3135609187117792,0.16901265655510628,0.3053213313237968,0.28796193852857793,0.3053213313237968,0.2922526218252726
1415,0.2,20,1,0.28012976456986804,0.1270041944646692,0.21166412734459472,0.20526947405812374,0.22232337379720535,0.21968723461955564
1206,0.2,20,1,0.7395687474683365,0.4067152371205781,0.42963869747776945,0.3905360552094454,0.4345031108916966,0.399792523128547
888,0.2,20,1,0.2276313134120745,0.10274722795163513,0.20009287867421793,0.1873835791296558,0.21451063923564984,0.2051682075282969
297,0.2,20,1,0.316909475614369,0.1424231860567025,0.2728584529420266,0.2636695016801673,0.2824118000895313,0.2683584354137448
336,0.2,20,1,0.39377943299499435,0.1731622820248732,0.25321588261960676,0.24351682731107666,0.2525823422232536,0.2499391754333524
382,0.2,20,1,0.18808113553606534,0.09756676351314929,0.17023526571261013,0.16013699239286186,0.18465302627404204,0.17831326706311507
2190,0.2,20,1,0.16376572349966803,0.08624434811128252,0.33256277670641443,0.32786261393548216,0.33632129081523576,0.33176498566706647
2247,0.2,20,1,0.19247606073389759,0.10747546442853693,0.2603313338246873,0.24729559368672363,0.2709905802772979,0.257321299742981
2453,0.2,20,1,0.19403459584086905,0.10183842560184571,0.307547590211018,0.300360510432633,0.32196535077244987,0.3139971359941579
882,0.2,20,1,0.20256249228427461,0.10960065716440114,0.2528413317972192,0.24661549477619454,0.2635005782498298,0.2537147393855417
1672,0.2,20,1,0.2108626713134707,0.0947770910496945,0.21651227276290802,0.1895519423741601,0.23093003332433987,0.2126506742617015
2976,0.2,20,1,0.4466814710785688,0.2317761163457051,0.28857628737288443,0.2678843747452571,0.297832755291986,0.2815789339395567
1025,0.2,20,1,0.19676248824573989,0.10777511475160131,0.2649954069696925,0.2641366454515454,0.2698598203836196,0.26524254475665127
67,0.2,20,1,0.39672242131023494,0.2051866471804548,0.27611793938531126,0.2015034487636445,0.29053569994674316,0.215389040137203
1122,0.2,20,1,0.36625334004171933,0.18502549844280142,0.33443181585223253,0.3160658304706153,0.338823870357407,0.3306447725196477
2675,0.2,20,1,0.2891717745624193,0.16901657269063158,0.27988865733909657,0.2460142695726252,0.28733637740191603,0.24713498740888779
2529,0.2,20,1,0.26314116146173566,0.13150589344456384,0.28875627871192466,0.26035535130939547,0.30317403927335657,0.27477311187082737
2894,0.2,20,1,0.4441243486110012,0.22973453854754902,0.3498402997789253,0.3385090756202807,0.35276667538219814,0.3418781789927332
1493,0.2,20,1,0.4298670602448545,0.22123641021170343,0.3447535665360426,0.3294885397039286,0.3598048674938277,0.3416464468650475
2164,0.2,20,1,0.20200047250559552,0.10249475219771575,0.2833892667838042,0.2786771337380079,0.29516705109753694,0.2905430752869713
1830,0.2,20,1,0.47443327338960456,0.22141615637284517,0.2955518621035523,0.28815236874158423,0.29931037621237355,0.29486204817731015
1390,0.2,20,1,1.4521257143850645,0.803766075958065,0.376564478355648,0.3530540574063749,0.376564478355648,0.34546802256231995
430,0.2,20,1,0.2362392493017066,0.11303087350723619,0.16381455406307022,0.13626324228850734,0.17400918653140618,0.15508080227959173
596,0.2,20,1,0.28704975609223093,0.132377380806862,0.32136010038143015,0.3092983716135063,0.33019659159994513,0.3181348628320213
2067,0.2,20,1,0.2885843016383254,0.13905592180445017,0.22305318867383944,0.19024590701689945,0.23444546373815545,0.1967737686672883
2839,0.2,20,1,0.2397037183329798,0.12932574170649724,0.32120163717706746,0.3110923341631918,0.32982456469981586,0.3197152616859402
526,0.2,20,1,0.37930390535230396,0.16434139338811196,0.2235689414862695,0.2149313314958668,0.22732745559509077,0.21382543219076094
2910,0.2,20,1,0.24911196942859035,0.12861673792543227,0.21503615476973126,0.21455378212579151,0.22945391533116316,0.22897154268722342
2434,0.2,20,1,0.6127426588346563,0.3428099508595696,0.3925688473598862,0.3785070482825427,0.3925688473598862,0.3727122152438592
2391,0.2,20,1,0.8533810783941378,0.4671159825748683,0.3451371167367636,0.30310416469439305,0.3500015301506908,0.31236063261349467
2958,0.2,20,1,0.23515286458942675,0.1171597378597609,0.2108834014710566,0.18448445263365373,0.21950632899380504,0.20226071039126442
688,0.2,20,1,0.5605716944471373,0.2876686506199111,0.34241581056528253,0.33158149949265514,0.3505663791792783,0.34459648152057804
1162,0.2,20,1,0.22909696687309128,0.11964767108121285,0.2571795718948375,0.2456219391411296,0.2678388183474481,0.2600396997025615
2554,0.2,20,1,0.2717837386855027,0.1315578544607737,0.31010405140481373,0.2959791883016046,0.31872697892756213,0.304602115824353
489,0.2,20,1,0.19602341127383616,0.09835577828600586,0.3469169327525417,0.3375844813973397,0.3533571482549542,0.3440246968997522
1864,0.2,20,1,0.29771829510193254,0.1505281810692839,0.22683322890997393,0.22466719758362863,0.2412509894714058,0.2390849581450605
1461,0.2,20,1,1.2820774578323775,0.7454305743689184,0.4070535489762884,0.35594100813076335,0.4070535489762884,0.3596995222395846
2151,0.2,20,1,0.312454789411073,0.16328791357474048,0.22353719475663508,0.2140362601232229,0.22931918833719045,0.21455558985296821
1022,0.2,20,1,0.6258721705968664,0.34725642249972444,0.4456497491339524,0.4198393613895121,0.4456497491339524,0.4223101939242867
1988,0.2,20,1,0.24544864909494052,0.12055529014378055,0.2653648299836836,0.25097345413461963,0.2797825905451155,0.2654463517306359
2152,0.2,20,1,0.30775401711276446,0.14164452447658427,0.32547559298750334,0.3052260781326352,0.32547559298750334,0.30951499495357027
2726,0.2,20,1,0.2454360757324684,0.12669260416765749,0.33014426291948074,0.3153837348616436,0.33390277702830207,0.31427783555653777
2350,0.2,20,1,0.21293654669964138,0.11024196011514668,0.2472867480495063,0.23127696389465136,0.2521511614634334,0.2341050583787163
1709,0.2,20,1,1.2983559517838863,0.727366438337032,0.4926463803798283,0.40610496202605184,0.4984412134185118,0.4064454534980948
1993,0.2,20,1,0.21097385301675983,0.10656881772601054,0.2796007624903765,0.26534170974999877,0.2891541096378813,0.2829322227629955
1582,0.2,20,1,0.3106443221730375,0.1357221544025842,0.403114435501563,0.3508243047938988,0.403114435501563,0.35118631983708476
1097,0.2,20,1,0.18055723098238838,0.09784101818254753,0.3523436115661203,0.3447481775491526,0.36047791624926706,0.35288248223229934
697,0.2,20,1,0.4147023212698874,0.19427897458180138,0.15566444680125008,0.07880455449782459,0.16145927983993352,0.08366896791175171
192,0.2,20,1,0.17168866820957202,0.08910923545726679,0.18334349933865962,0.16330068911553475,0.18820791275258678,0.16612878359959973
1009,0.2,20,1,0.2750432982621995,0.14052471199120953,0.28055986420084733,0.24573631688727246,0.2891827917235958,0.24856441137133745
990,0.2,20,1,0.4961644189077257,0.2594944219786162,0.32605673413403174,0.2827913696214114,0.33467966165678015,0.2914142971441598
1498,0.2,20,1,0.9638946854210275,0.5405891812798056,0.3990829214671454,0.3935080880025278,0.40833938938624703,0.4004721324066539
851,0.2,20,1,0.2964019019236609,0.1579354621048497,0.21676693439346828,0.1880505844836199,0.22538986191621668,0.19087867896768484
2715,0.2,20,1,0.2609124396237869,0.12593992605557833,0.2676258098014849,0.23108470179797955,0.2676258098014849,0.23484321590680085
1324,0.2,20,1,0.498312232106379,0.2509604953022239,0.2881424148178937,0.26796742052105554,0.3013849679193967,0.28496848773137984
2474,0.2,20,1,0.3230365641014562,0.1541846618836535,0.2844925525062761,0.27864828683515475,0.2940458996537808,0.2860679606923844
791,0.2,20,1,0.22305859421948007,0.11034239806223582,0.375,0.35637306450322775,0.375,0.35637306450322775
2084,0.2,20,1,0.367130760177779,0.15760538133106655,0.3325844864818985,0.311050986035092,0.3470022470433303,0.32531107520133606
2676,0.2,20,1,0.36162421158135205,0.14952275464634365,0.09620002348028436,0.04781824559214065,0.10685926993289496,0.05847749204475125
1592,0.2,20,1,0.9583700309790268,0.5408472449550997,0.30152192666758704,0.2692293650156625,0.30638634008151416,0.28323990248312453
2837,0.2,20,1,0.1971505493572795,0.10178235804593562,0.2657148140935444,0.26081626156219345,0.2801325746549763,0.27899253623244663
1821,0.2,20,1,0.27004076204821514,0.12305546959916266,0.2008166525148397,0.1823880456450108,0.21523441307627159,0.20167021962036982
1489,0.2,20,1,0.44862627891471674,0.22599311553828805,0.22663855515790626,0.20665244560177753,0.24105631571933817,0.22067965623277386
2911,0.2,20,1,0.47764749454203986,0.258546004507109,0.33801675029556955,0.3343669616332683,0.3530680512533546,0.3515595793562532
275,0.2,20,1,0.7287243287517002,0.39038578286373427,0.4431519498448137,0.4349302825692426,0.44754400434998814,0.43932233707441704
494,0.2,20,1,0.20663642301786794,0.10436390905726572,0.3409783031317638,0.3178725204302546,0.35180738614601675,0.33196068625030845
884,0.2,20,1,0.46946756468075623,0.25534621193243784,0.4590533020714778,0.4590533020714778,0.46830976999057944,0.46830976999057944
1453,0.2,20,1,0.37249200820366135,0.19156431989716077,0.16176804740169537,0.13130831006428956,0.17132139454920012,0.14139382639966772
1109,0.2,20,1,0.4191463388283279,0.19867702468984993,0.22011165810237798,0.21913304403888978,0.2307709045549886,0.22799100450965554
1793,0.2,20,1,0.3470874023114303,0.18995592369432243,0.1551529315032362,0.13914156627788898,0.16084639333343992,0.15298559672208845
2960,0.2,20,1,0.8933178044161827,0.5320790597006739,0.5,0.4515800174453371,0.5,0.4515800174453371
2685,0.2,20,1,0.5441604756119113,0.32952257686787195,0.13871437514335486,0.08479367833062172,0.1482677222908596,0.10296995300087489
2026,0.2,20,1,0.2300358868412632,0.12526126462144424,0.29662660666435525,0.2776393435572126,0.31104436722578716,0.2920571041186445
1120,0.2,20,1,0.21119567781916826,0.10599469216292223,0.2980843621315007,0.2809252633460586,0.30184287624032197,0.289548190868807
1849,0.2,20,1,0.2309493796749586,0.11241234982717017,0.22442997296329625,0.20273624379639946,0.22818848707211756,0.20742517752997708
1418,0.2,20,1,0.32839252327383817,0.16277541881847646,0.2895795349180206,0.2546399515360334,0.3039972954794525,0.2690577120974653
2625,0.2,20,1,0.34745777170509284,0.1840052903496682,0.2956261549315502,0.29510835255085477,0.3062854013841608,0.3057675990034654
850,0.2,20,1,0.1502480319007784,0.07430614654873723,0.2258572139321744,0.22025673772919893,0.24027497449360627,0.23953891170455796
2547,0.2,20,1,0.3342292075815736,0.16026411025028592,0.24435988320833052,0.23211541309151257,0.2587776437697624,0.24653317365294447
1332,0.2,20,1,0.20645135711203075,0.09750612269312264,0.3160554351951006,0.3032227886638322,0.32881528818515954,0.31856594830278345
1488,0.2,20,1,0.20112285339043867,0.08703062460823255,0.28104637301925983,0.25914647775901045,0.2954641335806917,0.27355022073351454
844,0.2,20,1,0.319199477397209,0.17968424714122042,0.3455834651057103,0.33056157766833233,0.35512669737816094,0.34010480994078296
1030,0.2,20,1,0.3338465783742746,0.16934374764739812,0.20418664314075852,0.1663784225461688,0.21280957066350698,0.1807961831076007
2901,0.2,20,1,1.3801296045931313,0.7935244527223148,0.45808181968001166,0.4548140470098424,0.4687410661326223,0.46547329346245303
1247,0.2,20,1,0.2159690072312397,0.10910699057178228,0.2050303485439413,0.18925719921939113,0.2194481091053732,0.2074334738896443
1817,0.2,20,1,0.4631670580218576,0.26764565586205413,0.2927060755310218,0.27013282324040844,0.31151589059762813,0.29673342732421476
2417,0.2,20,1,0.21570958253966865,0.10917434691770915,0.37399462064803884,0.36137987840581615,0.375,0.3623852577577773
741,0.2,20,1,2.482720124717477,1.17033869456019,0.07099115586734457,0.013834131571223665,0.06612674245341743,0.017592645680044948
371,0.2,20,1,0.24155984909025766,0.13098445281906881,0.258158925448278,0.24717696695387445,0.26881817190088864,0.2615947275153063
113,0.2,20,1,0.20355057640261434,0.11007992672688263,0.28352153640450484,0.26462934188061943,0.29418078285711546,0.2715300742244088
2669,0.2,20,1,0.6682648799645144,0.3791249737024422,0.21307688747135822,0.1986317340370418,0.222630234618863,0.21304949459847372
693,0.2,20,1,0.32584861394035375,0.14450629432811857,0.3093538112475616,0.3006629413951951,0.3179767387703101,0.3092858689179436
1950,0.2,20,1,0.3246447446573247,0.1562903617328666,0.23356639744941327,0.21323925157600748,0.2442256439020239,0.22013998391979683
2825,0.2,20,1,0.22393299645419876,0.10948202384601781,0.2608428270942969,0.2501052775604028,0.2694657546170453,0.25293337204446775
1158,0.2,20,1,0.46160824400041184,0.2652439019512038,0.35074666612437333,0.32406184350621264,0.34782029052110053,0.3287750220842561
367,0.2,20,1,0.4071764190083259,0.22905330779104843,0.3067208694310718,0.291439003903668,0.3162742165785766,0.3058567644650999
680,0.2,20,1,1.3224019786346328,0.722383115476152,0.4216573193641253,0.4105545567683348,0.4216573193641253,0.4143130708771561
69,0.2,20,1,0.21622091404912286,0.11511729618250709,0.2961204703210065,0.2822373713473974,0.30477646988756985,0.2908933709139607
2525,0.2,20,1,0.6957375122763564,0.40125484762763397,0.28081330883824623,0.22641383696485562,0.29523106939967814,0.24083159752628752
2581,0.2,20,1,1.3511071913036476,0.7640782947044873,0.45749781402950074,0.4457529082648936,0.45749781402950074,0.4501449627700681
2701,0.2,20,1,0.20810517624542577,0.10842481294348286,0.27487485996035155,0.26590134415222777,0.2786333740691728,0.27079832711001267
605,0.2,20,1,0.18400190588821283,0.1039831379391083,0.27599877162081815,0.2666479918580233,0.28555211876832287,0.2713369255916009
864,0.2,20,1,0.27733864650289974,0.12546987270183266,0.21867261860240705,0.21298929413917042,0.23309037916383896,0.22740705470060232
2209,0.2,20,1,0.1823456478390829,0.09156050509110797,0.3227256356140365,0.3134583288492922,0.3264841497228578,0.3177490121459869
513,0.2,20,1,0.2839650108398265,0.14081173725770832,0.19085883268144088,0.17435754408447265,0.19948176020418934,0.17718563856853764
2414,0.2,20,1,0.3044962710052344,0.14387470436089952,0.20853906495841348,0.19542401989665895,0.22295682551984536,0.20984178045809082
1667,0.2,20,1,0.466258724080231,0.2463584515583581,0.34909715304406974,0.3266413560939494,0.3539615664579969,0.3363701829218037
2648,0.2,20,1,0.7017664661655917,0.40964870957504307,0.1931658844374226,0.12958182299786203,0.1989607174761061,0.1391351701453668
2407,0.2,20,1,2.5988147737578586,1.2288518552929746,0.245333149480928,0.12143875336458397,0.2539560770036764,0.12437897828778602
628,0.2,20,1,0.6974256305489295,0.38975842547029504,0.2106727766175025,0.164704392067759,0.21553719003142968,0.17332731959050746
1537,0.2,20,1,0.3380752419995864,0.13849795134101658,0.17990826188652131,0.16159661903225458,0.19432602244795324,0.1794861455436942
1130,0.2,20,1,0.5759442848198191,0.32319616861263706,0.43385658169792746,0.41733507576757894,0.43385658169792746,0.41684069021402426
2445,0.2,20,1,0.5226289934798583,0.24898876580912194,0.333372831715367,0.32668487557312625,0.3419957592381154,0.33530780309587466
2216,0.2,20,1,0.6955651932175507,0.3348464059834462,0.15578935591868914,0.1305108094562183,0.1644122834414376,0.14006415660372307
101,0.2,20,1,0.18336031744903625,0.09362884519679315,0.34437103719547274,0.3368953581197935,0.35299396471822114,0.3455182856425419
1445,0.2,20,1,0.23156457849906642,0.12725883014420405,0.22772401270918136,0.2160441486770213,0.2421417732706132,0.23532632265238027
549,0.2,20,1,2.688559133636553,1.3453957696194319,0.18730918930622567,0.1102114220723189,0.1923059419284902,0.10716867715555144
415,0.2,20,1,0.28742503148148596,0.13024674954917256,0.21212483071601518,0.21172649332146476,0.22654259127744708,0.22207651525807034
1365,0.2,20,1,0.2555352327022827,0.12236558666249057,0.2327556219524582,0.20988621951290107,0.23651413606127947,0.21693219834341568
2873,0.2,20,1,0.41610657938152656,0.23964644660933793,0.3064488293475115,0.2988806215277003,0.3157052972666131,0.3031152683951991
1942,0.2,20,1,0.3971843873424929,0.21654361652331672,0.27255868813391915,0.2664843411479986,0.2913685032005255,0.2826953384948588
746,0.2,20,1,0.1825149441542369,0.09681638032479985,0.2681862035055641,0.256534130201525,0.27680913102831256,0.25936222468559
1428,0.2,20,1,0.5666941411993526,0.2969553571782947,0.37915972056233865,0.3558015073338091,0.38778264808508706,0.360032380351383
429,0.2,20,1,1.0577181989134206,0.5653319138215941,0.4777850350491414,0.46963001758690565,0.4826494484630685,0.4744944310008328
2749,0.2,20,1,0.2886646045543328,0.12884042051401542,0.15400695083847166,0.12449517025050415,0.16262987836122011,0.1437773442258632
1159,0.2,20,1,1.2006350451599126,0.6767627901784186,0.47543896016845616,0.4700725710152312,0.48123379320713966,0.4758674040539147
514,0.2,20,1,0.8270470257134451,0.47152366367752396,0.39082358372280884,0.3862314901357749,0.39521563822798333,0.3848287116022659
1001,0.2,20,1,0.1669468857825539,0.08924663449824947,0.3133967907408617,0.2832451300878707,0.32405603719347226,0.2857538079264856
2383,0.2,20,1,0.23248063221471546,0.113722071314924,0.27750473662716835,0.2562555276993841,0.2919224971886002,0.2750653427659904
896,0.2,20,1,0.22189189814009874,0.11926313556607085,0.26176841708854864,0.24704744016292998,0.2703913446112971,0.249875534646995
603,0.2,20,1,0.6115171918607717,0.34419920982246804,0.08914968891418784,0.07049425296308123,0.09517960992155997,0.08395545530330249
424,0.2,20,1,0.2349731397512757,0.11740514963524429,0.21027247050863546,0.20115223340459515,0.22469023107006736,0.21179160189935334
606,0.2,20,1,0.1970814567602395,0.09764510879663779,0.21355906057634572,0.20631763874056538,0.22421830702895634,0.2132183710843547
2970,0.2,20,1,0.28472815035960125,0.13122856084462012,0.2455739545617312,0.23168444417577644,0.258955467580264,0.24506595719430924
178,0.2,20,1,1.411330208885466,0.7881095363696284,0.5,0.462066390891867,0.5,0.462066390891867
2778,0.2,20,1,0.4782817178769478,0.26658574799055096,0.3221437368746159,0.32121385121705015,0.33280298332722646,0.32934081447961777
1219,0.2,20,1,0.22501789941788955,0.11373306087885575,0.29129441957642876,0.2711264655467585,0.3057121801378606,0.28115217160301587
959,0.2,20,1,0.8537568067482286,0.49699393055356905,0.16634931105507283,0.1502201678627238,0.18071702021111538,0.16395433662241318
1684,0.2,20,1,0.21931491279139181,0.10691344308161439,0.34551538466984927,0.3372004936022036,0.3541383121925977,0.34143136661977763
559,0.2,20,1,0.209789182608268,0.11567743020496489,0.32235022003169117,0.31702322104387065,0.32911943121767007,0.32379243222984955
2667,0.2,20,1,0.2347029184638204,0.11305872090487569,0.232940588748611,0.2195680234711752,0.2439776840893273,0.2343636329207128
685,0.2,20,1,0.2508409153800688,0.12781806464430512,0.23039807534239376,0.2220083380869904,0.24481583590382563,0.23637492395361526
1317,0.2,20,1,0.22322354994342436,0.11206718975032515,0.3408245129384467,0.31564506394029307,0.3422488166173069,0.31565902879503865
274,0.2,20,1,0.9764769951931034,0.5689706128897357,0.3733102351292119,0.3604419566718192,0.3781746485431391,0.36154785597692507
1165,0.2,20,1,0.266573235002492,0.1264613172441606,0.24419201985840117,0.22570287227846728,0.258609780419833,0.24012063283989912
973,0.2,20,1,0.43952950198422497,0.23197904167824837,0.3151785563391174,0.3098069615720841,0.3275246108349735,0.3199147204786146
2485,0.2,20,1,0.475638716846031,0.266933388709623,0.29102745547142334,0.28500149446530876,0.29541950997659777,0.2918921238352076
2198,0.2,20,1,0.23607789903188126,0.11645879812760358,0.17319395821529987,0.1598279000779487,0.1818168857380483,0.17065228203185462
446,0.2,20,1,0.22257428773985954,0.12097273321186017,0.33382598267836544,0.32515368485464263,0.34244891020111384,0.33377661237739104
2145,0.2,20,1,0.3452675782652851,0.18214385789458862,0.28842383529923377,0.2592968774526707,0.2936291463751872,0.259637775114697
1742,0.2,20,1,0.3850427746409041,0.19074597903646626,0.2748071911220236,0.2501499866234691,0.2898584920798086,0.2733518561952498
1322,0.2,20,1,0.33168730063119806,0.17697193359048466,0.2650656325152772,0.25009439557931296,0.27767884172652246,0.2719869163969637
2783,0.2,20,1,0.23815946842035982,0.12221731079528841,0.26766921892194806,0.24330497778639804,0.27142773303076934,0.24219907848129218
659,0.2,20,1,0.3000761089136436,0.13800402689907587,0.16339045038404904,0.14332929160008845,0.17294379753155378,0.15422550201194643
1675,0.2,20,1,0.2590330509968577,0.13000101805725614,0.1800058974844651,0.15475957193213835,0.18862882500721354,0.17293584660239153
2162,0.2,20,1,1.7745284365532448,0.9774574243582095,0.24650814258261355,0.22295213191075292,0.2557646105017152,0.2370730132437817
175,0.2,20,1,1.0261431300139,0.6279411387947045,0.4156883761228367,0.3729555573306696,0.42148320916152016,0.3825089044781743
1254,0.2,20,1,0.6362642932889123,0.3604161747608101,0.5,0.4457614887330848,0.5,0.4457614887330848
447,0.2,20,1,0.29068029454706407,0.14798703081018114,0.27155174335199445,0.2512536222631381,0.2753102574608157,0.2501910503631508
1477,0.2,20,1,0.504694479530412,0.27214343007833786,0.32987974610277176,0.3175298985021055,0.3486895611693781,0.33687188275658525
2055,0.2,20,1,0.3745653209801899,0.1935392547543652,0.32678469421442335,0.28321829198412124,0.3316491076283505,0.28808270539804837
2180,0.2,20,1,0.2883461658576941,0.15470181791994844,0.2046779323491367,0.17408363702765015,0.2190956929105686,0.18850139758908205
1216,0.2,20,1,0.471337804400584,0.2716053382758631,0.21664196285388,0.19360347336305322,0.2310597234153119,0.20932589442819874
1193,0.2,20,1,0.6893139837573661,0.37883774876707066,0.15026991883956975,0.13171147800513006,0.15606475187825322,0.1412648251526348
943,0.2,20,1,0.19662587264893214,0.10422935087710719,0.23512388975550957,0.21777006097611146,0.23888240386433085,0.2179155737401334
1192,0.2,20,1,0.31346931680788653,0.1410435697235305,0.19312875033536764,0.17082147063634073,0.2075465108967995,0.1852392311977726
1215,0.2,20,1,0.42926952362094145,0.2081646417340474,0.1274967607853904,0.11020671654767135,0.13758227712076856,0.12029223288304951
1148,0.2,20,1,2.494377485732738,1.2652017852183879,0.11498069615257059,0.05347476244311549,0.11473714266106895,0.05809562236554099
1427,0.2,20,1,0.2992653865377393,0.16220734301756973,0.22448414555496754,0.19497068643384102,0.22448414555496754,0.20359361395658943
2079,0.2,20,1,1.1939419980298458,0.6276958234358092,0.3489083534135333,0.30917170362412166,0.35470318645221677,0.31935859116797954
1748,0.2,20,1,0.22031460754872548,0.11271984661815115,0.3935849986724467,0.37468745531422837,0.3935849986724467,0.37468745531422837
558,0.2,20,1,0.20444769013711395,0.09771101799725769,0.25550214227334717,0.24050424351147828,0.26412506979609557,0.24781691435926345
724,0.2,20,1,0.17907809324717233,0.0923218633491389,0.254531639170819,0.254531639170819,0.2689493997322509,0.2689493997322509
1145,0.2,20,1,0.22293721741389108,0.1051074404132105,0.23705310658679568,0.21655717273050903,0.24567603410954408,0.22946901707419254
831,0.2,20,1,0.22218476923995448,0.11489544115249907,0.2773365293687905,0.26025638287631886,0.29175428993022245,0.27843265754657215
2054,0.2,20,1,0.23127416497424572,0.11152019324776258,0.19924690864312758,0.16788529304698566,0.20880025579063233,0.18606156771723883
2044,0.2,20,1,0.25475302383039694,0.11017730691932649,0.24679362124598203,0.2232470251451562,0.26121138180741393,0.24252919912051527
2222,0.2,20,1,0.2673948157901565,0.14839508090591888,0.25647266616010495,0.24513145578708845,0.27089042672153685,0.2581659350735148
2418,0.2,20,1,0.3856603520583352,0.21925730634175722,0.3297897695423751,0.29380973164480306,0.3384126970651235,0.30243265916755147
380,0.2,20,1,0.7081871202590982,0.3972189787019459,0.41409733258198644,0.3897249522301669,0.41409733258198644,0.393584837547468
1285,0.2,20,1,0.3697219777382903,0.1590719785722142,0.17379000888400356,0.13047868112817423,0.1844492553366142,0.13997241998733986
1288,0.2,20,1,0.24267021165726593,0.1317459788709134,0.22235121273229538,0.21833442546688112,0.2309741402550438,0.2236518097762139
2219,0.2,20,1,0.2756667067548578,0.14521516348272062,0.21461391194617147,0.1958330610252209,0.22323683946891987,0.19866115550928584
1746,0.2,20,1,0.22585353417101525,0.10764779300674852,0.2250639468584681,0.20414943102231414,0.2394817074199,0.2137027781698189
80,0.2,20,1,0.1259834174032147,0.06554333584349954,0.27682736403166497,0.2631114245226822,0.29124512459309687,0.2775291850841141
1045,0.2,20,1,0.2014061852186973,0.10826487899454056,0.25329046694051455,0.23967031500071517,0.26191339446326295,0.24829324252346358
1236,0.2,20,1,0.2678326577582998,0.14104637176596008,0.23515082019812536,0.20942647723347863,0.23515082019812536,0.21804940475622703
1055,0.2,20,1,0.22773551362006714,0.11404772059448881,0.37919824438980043,0.36752499187566784,0.38406265780372756,0.37238940528959497
915,0.2,20,1,0.2020605555043533,0.1052694275638116,0.2680775347098663,0.24680545590749792,0.27721244265071093,0.25594036384834257
414,0.2,20,1,0.34439291071938133,0.19470140596981675,0.28018320356750115,0.2696239961800267,0.2952345045252862,0.2821703819449947
2184,0.2,20,1,0.2797877175233524,0.13983470263878564,0.370363143710419,0.3463049968843095,0.37141052371769073,0.35046785272834696
2109,0.2,20,1,0.6870458223895654,0.40375346976214005,0.447464816372821,0.4377422024080802,0.447464816372821,0.4340492011706404
24,0.2,20,1,0.3483424195397476,0.17317073402879812,0.23875489126963795,0.20597666462356307,0.2487805973258954,0.21161031617464604
967,0.2,20,1,0.3381182380410396,0.17961185002040472,0.28819508522243664,0.27056070172517993,0.30261284578386854,0.28497846228661183
1441,0.2,20,1,0.9622979749884678,0.5459808611006416,0.3615968376841008,0.3433537163910611,0.3728365329062099,0.36038824465185365
2121,0.2,20,1,0.1825417530823442,0.09011455490324467,0.264880427677442,0.25482154659861245,0.2792981882388739,0.26923930716004435
1966,0.2,20,1,0.24951048580995813,0.12358914525613372,0.38300877883466233,0.3726944527544826,0.38787319224858946,0.3801421728173021
2267,0.2,20,1,0.19233455046415823,0.09338320725772668,0.36958885504768874,0.3407432815889676,0.37821178257043714,0.34497415460654157
1618,0.2,20,1,0.30947902257101195,0.14943838983034674,0.1849016671396752,0.14317385360409146,0.1993194277011071,0.1517967811268399
2316,0.2,20,1,0.2095156240850592,0.10606372005980087,0.29063347976011294,0.27463543343208396,0.29063347976011294,0.2741539167845672
841,0.2,20,1,0.40667558410785587,0.19774450816513492,0.24632016127091677,0.21791905635581277,0.2532032070370564,0.21847509989539554
34,0.2,20,1,0.1805826046738533,0.09200631949184587,0.2115250469591557,0.20371550687830298,0.21638946037308282,0.21300275365988983
729,0.2,20,1,0.2493836183362898,0.11945234450981775,0.1972934647725858,0.1801516333145165,0.20591639229533426,0.18619134945620758
2637,0.2,20,1,1.4292380943429273,0.7791348199184879,0.28695518048521407,0.2027663802882333,0.28881363555221873,0.19248818155884084
1692,0.2,20,1,0.2078510588208083,0.10319637000624213,0.22846361213920918,0.2156456091856435,0.23874121493440942,0.23078762539477085
614,0.2,20,1,0.20998422869755856,0.10327960752412302,0.2527256951295143,0.23798212920332154,0.2613486226522627,0.2523998897647534
2888,0.2,20,1,1.7830669603976093,0.914194096484699,0.20688475197773315,0.16891029578183206,0.21614121989683477,0.17816676370093368
2537,0.2,20,1,0.2819044449356161,0.1439949478026749,0.23952024308038689,0.21413916921973508,0.2481431706031353,0.2169672637038
1765,0.2,20,1,0.320700427352564,0.16318992162425958,0.30881151891731307,0.2850064256187133,0.32322927947874497,0.2994241861801452
725,0.2,20,1,0.36275008187817925,0.22118487308667995,0.19880958198916,0.1686986952820697,0.20367399540308712,0.18311645584350159
1890,0.2,20,1,2.0769610855392298,1.0715392965189146,0.22146815639477846,0.19181257126475845,0.23072462431388008,0.19784249227213058
1822,0.2,20,1,0.3206727139105047,0.13223063079273237,0.11434904811900945,0.08519617820717597,0.12297197564175788,0.10337245287742913
145,0.2,20,1,0.7964913874757336,0.46874063071587185,0.5,0.4909140829537271,0.5,0.4909140829537271
2700,0.2,20,1,0.4255890590076797,0.20650529714702934,0.10514724505623105,0.07957607995279735,0.11316372764372026,0.0971459096877913
2895,0.2,20,1,0.24903312449411671,0.12339588348908499,0.3493016190438909,0.3258811980955648,0.3579245465666393,0.3331013470848042
445,0.2,20,1,0.7990880954120962,0.4738035484342215,0.29414774528782983,0.28400671389458004,0.3091990462456149,0.29326318181368166
341,0.2,20,1,0.7353361214937204,0.3908148578181175,0.4967708218532147,0.4621110046120058,0.5,0.46534018275879113
652,0.2,20,1,0.4241676080662734,0.23487824446077973,0.281061413036506,0.26083810857955003,0.29611271399429107,0.2840399781513308
1492,0.2,20,1,0.6358119389315235,0.35353383467868366,0.312843125959462,0.2571844368438288,0.31911031790689814,0.25905957428609044
352,0.2,20,1,1.2391309258668384,0.6926375179871537,0.3986958774469301,0.37358288960678326,0.40691010440335545,0.3861891710683831
290,0.2,20,1,0.29173584984623946,0.1512556345017497,0.27813848153820797,0.25936944275721907,0.2925562420996399,0.273787203318651
2062,0.2,20,1,0.30778932190959063,0.1417072205989159,0.24430293027739602,0.2322320520477621,0.2587206908388279,0.246649812609194
2772,0.2,20,1,0.8543559350207691,0.4813861708492766,0.5,0.4696651384191442,0.5,0.4696651384191442
1846,0.2,20,1,0.21034000815152692,0.09499616038495257,0.334534589566314,0.29522146736749516,0.334534589566314,0.2914629532586739
9,0.2,20,1,2.8091052647261385,1.4939867118368098,0.1597733268279158,0.06343356669941996,0.16463774024184294,0.05867949715105954
1235,0.2,20,2,1.8264413621258704,0.9800841852062165,0.18505706450948883,0.16962268540432615,0.1943135324285904,0.1788216258692763
1648,0.2,20,2,0.2197246061942731,0.11294217231159995,0.29003706974345245,0.2800500199050818,0.30445483030488435,0.29446778046651373
1607,0.2,20,2,0.33968972735661784,0.16929411782898265,0.27553241767575837,0.2450421402846502,0.286191664128369,0.25457721587474813
1449,0.2,20,2,0.5266003204367635,0.2911809340937502,0.17987726947508292,0.0929036334924921,0.18853940719563217,0.10643018462696849
11,0.2,20,2,0.6107039943857152,0.33732450156905774,0.24928014419122724,0.22966712691073113,0.2636979047526591,0.24461705666003639
1753,0.2,20,2,0.23410232782610133,0.12375719591684262,0.3143643958936557,0.30197513466973985,0.32164293995049154,0.3141732696032362
2042,0.2,20,2,0.2570137644574092,0.13281374190081977,0.3649015078371137,0.3459504267223067,0.36976592125104085,0.3508148401362338
2939,0.2,20,2,0.3742457350885327,0.18000637539238978,0.21712107443114848,0.19669193398973633,0.23153883499258038,0.2148682086599895
1439,0.2,20,2,0.2985385961103561,0.15815108297802719,0.33564322820942394,0.3148758939256806,0.34426615573217234,0.33161405176289555
2114,0.2,20,2,0.28773551200393155,0.15102170819297792,0.15013275238507437,0.0824443469844016,0.16455051294650624,0.09686210754583348
1368,0.2,20,2,0.34474466241051427,0.19373946958730903,0.2589016589843333,0.25306186139717907,0.27771147405093966,0.2698051636336519
1005,0.2,20,2,0.2515747449768494,0.11182518867550748,0.24042121979855735,0.2258092463381745,0.25483898035998925,0.24075917608747982
1713,0.2,20,2,1.1488266177993685,0.6618467392562878,0.43820211228982786,0.42691180643874427,0.43820211228982786,0.42204739302481714
385,0.2,20,2,0.3322185473369766,0.1950861401948667,0.27165758796157313,0.25728270402492126,0.2807222942966305,0.2712118237739058
827,0.2,20,2,0.8564570792158137,0.48752238476032006,0.45598044760859535,0.424801281608723,0.45598044760859535,0.42919333611389743
2275,0.2,20,2,0.22866563063337655,0.10001964141610009,0.3060609416899427,0.2889395189932458,0.3060609416899427,0.29067030790337167
329,0.2,20,2,0.19907587764744483,0.11018498972089798,0.31204649460873934,0.29703782175674937,0.3264642551701712,0.3090636835810161
15,0.2,20,2,1.934018121317983,0.9950889657395439,0.22939250236328318,0.20853107557631093,0.2342569157772103,0.2215460576042338
230,0.2,20,2,1.3145744269821733,0.7624399072231604,0.4345042539717224,0.4268271964458111,0.4358939763389097,0.42973630798067225
10,0.2,20,2,0.19437562715747403,0.09395152540810603,0.30125161029393704,0.2701890915747662,0.30987453781668545,0.2774092405640056
140,0.2,20,2,0.19340181493487982,0.10681317680536576,0.386225421003426,0.38448567358176977,0.3948483485261744,0.3887165465993437
428,0.2,20,2,0.2754370608953594,0.1386599291768839,0.301954295057922,0.2949762314656629,0.3105772225806704,0.3035991589884113
287,0.2,20,2,0.25436104248309127,0.11670648426344435,0.25209291080021984,0.23032429992368184,0.26134550090683806,0.24010905921817347
1127,0.2,20,2,2.3288830258332704,1.1985425388866675,0.2310739539413882,0.18274735334468378,0.23593836735531534,0.1920038212637854
2197,0.2,20,2,0.3247940316298958,0.1482482792906191,0.2198066425523335,0.18746693558392533,0.23154374648684925,0.20293064121213603
2188,0.2,20,2,0.2809894993894674,0.14799154496250483,0.45532464829504765,0.42547382252078897,0.45532464829504765,0.42108176801561453
822,0.2,20,2,0.3163488626019032,0.1498898219579663,0.3144489720888694,0.3055142709038956,0.3144489720888694,0.3103786843178228
100,0.2,20,2,0.20909380127845445,0.09563522591446745,0.275906706412836,0.2688117423798226,0.2903244669742679,0.2832295029412545
26,0.2,20,2,0.3973870531304454,0.23236707093317785,0.38418730871553536,0.36399285406226917,0.38418730871553536,0.36399285406226917
903,0.2,20,2,0.23743516363481626,0.1316287550789543,0.27231806722519475,0.2483397984829355,0.2809409947479432,0.2511678929670005
1803,0.2,20,2,0.2867302270506362,0.13952801728208253,0.37485967101924517,0.3466718746600227,0.37485967101924517,0.3385213060460269
2594,0.2,20,2,0.252871256075471,0.12446547945871196,0.2226446920181072,0.20537389577680215,0.2226446920181072,0.21492724292430687
2397,0.2,20,2,0.26857072141532656,0.1269419589881126,0.2849856867866986,0.2664044072041206,0.29940344734813046,0.2782388611166601
16,0.2,20,2,0.24195909069168503,0.11363291921981468,0.27413741623329146,0.2685912818470176,0.27413741623329146,0.26797598597696787
2444,0.2,20,2,0.2102132166886368,0.09932596007011797,0.20005009742089802,0.1896281775145083,0.21446785798232987,0.2067511137010971
942,0.2,20,2,0.2342306662235645,0.12414314484665234,0.33506281202166793,0.3227261109388398,0.34368573954441634,0.3313490384615882
304,0.2,20,2,0.2089004562171613,0.09077997444551568,0.22453457532327792,0.2220707273678662,0.23895233588470982,0.2364884879292981
1577,0.2,20,2,0.3473404571125231,0.17780658126202029,0.2688063624360481,0.23208814914992476,0.2774292899587965,0.2508979642165311
2134,0.2,20,2,0.9058322235822628,0.5258911580144215,0.48049189769634765,0.41623349917233377,0.48628673073503115,0.42202833221101727
2199,0.2,20,2,0.5489448709518794,0.2812325610612415,0.3976572737521847,0.38251201586259853,0.4020493282573592,0.3826151535468379
256,0.2,20,2,0.24190883805396482,0.1167540472401252,0.3751278176230027,0.35916531819232356,0.3751278176230027,0.3510147495783278
2719,0.2,20,2,1.1611405748756207,0.6293495066467484,0.4566083044911581,0.3892251982902008,0.4614727179050852,0.3935574425162545
2463,0.2,20,2,0.3228041293156957,0.17799584984189698,0.2544533456317282,0.1986300963666368,0.2630762731544766,0.20145819085070177
2296,0.2,20,2,0.40395573982071625,0.17911541886255636,0.3545267549651762,0.3486232513792469,0.369616156135558,0.35932059804445415
425,0.2,20,2,0.21653449875466538,0.11525910743473403,0.24421529604659242,0.22382586865616522,0.2586330566080243,0.23824362921759712
2985,0.2,20,2,0.2666182041320559,0.1166671072767187,0.20532957607754748,0.18463404003953085,0.2139525036002959,0.18746213452359584
2195,0.2,20,2,0.2448774530588058,0.130305047816811,0.308200219394607,0.296908721887929,0.308200219394607,0.2985097064152361
1847,0.2,20,2,0.3462212799761504,0.1862978994997876,0.2971500531476273,0.2868135218781379,0.29973335979651966,0.2841341646762202
1629,0.2,20,2,0.4358122051413097,0.2488514215226787,0.282673972919714,0.2632266840980035,0.2884688059583975,0.2738859305506141
1375,0.2,20,2,0.3131224696943206,0.16697182862581747,0.32664703934576467,0.32564573783820544,0.3315114527596918,0.33138858340473837
1790,0.2,20,2,0.27086777032358095,0.12800454153498775,0.18858391335077623,0.14145464849101547,0.20300167391220808,0.1558724090524473
1998,0.2,20,2,0.22864825160384059,0.12045331917386498,0.2961708228120401,0.2876273416115229,0.30103523622596723,0.2962502691342713
1352,0.2,20,2,0.3847264815627602,0.18628499592936154,0.25899145429182235,0.2344347183776519,0.2676143818145708,0.2372628128617169
2059,0.2,20,2,0.20473987030645435,0.09158293120708955,0.19739801732024326,0.153409215946942,0.2118157778816752,0.17158549061719525
1738,0.2,20,2,0.6113909002583453,0.3482452371240686,0.19788189105545562,0.1499629918674626,0.20796740739083378,0.16004850820284075
161,0.2,20,2,0.26848373303086415,0.132086594589093,0.2304422550408055,0.2144468641865935,0.23420076914962681,0.21334096488148768
2218,0.2,20,2,0.2163717209150352,0.10733160981451875,0.2989416652570425,0.2896214600935279,0.3075645927797909,0.2987765568041497
1870,0.2,20,2,0.24522174822786683,0.10769915532004831,0.2144902306633203,0.20258923479710142,0.22514947711593086,0.21764053575488645
1513,0.2,20,2,0.5253025901767843,0.2921450423824105,0.1823358960592796,0.1657401036342691,0.19675365662071148,0.18502227760962814
1125,0.2,20,2,0.3784505502219407,0.21442328420831294,0.37096557223591703,0.349422247654727,0.3787915880451851,0.35450439493008684
305,0.2,20,2,0.3354528756365976,0.1875134943486836,0.2439089077691341,0.23043374535190675,0.258326668330566,0.24485150591333865
566,0.2,20,2,0.28481257096123236,0.15485803141319435,0.26687099123579094,0.23258835812104725,0.2706295053446123,0.23148245881594143
2223,0.2,20,2,0.8851178273108575,0.49953164504774933,0.4801761186733337,0.4255183033888146,0.4845681731785082,0.42991035789398907
833,0.2,20,2,0.23199376201374888,0.11555269584672138,0.30226459650329907,0.29256312934478024,0.3081819924435304,0.30223903939383284
2977,0.2,20,2,0.28475434509684994,0.15500053932599858,0.1783197976082351,0.1697885084610466,0.18787314475573985,0.1842062690224785
2671,0.2,20,2,0.34586581486363904,0.16687460930297002,0.12799970401866,0.07599739893803764,0.1386589504712706,0.08665664539064824
2301,0.2,20,2,0.2146334426679065,0.11418039981976204,0.2920661107948032,0.2714577224673946,0.3064838713562351,0.280317920930207
2657,0.2,20,2,0.3311932582971168,0.17719853168448726,0.3078307972869181,0.2926983219350259,0.32664061235352443,0.3109759678137588
918,0.2,20,2,0.30256836783385566,0.1515612083312558,0.25622979736257756,0.23768428912691258,0.25622979736257756,0.243245347322758
928,0.2,20,2,0.16755945958682747,0.08103715946667683,0.29020934961032974,0.2776866327688093,0.3034156274028132,0.29089291056129274
1626,0.2,20,2,0.5053687037295371,0.3011891302131795,0.27000043399402945,0.22199096879396085,0.2806596804466401,0.23265021524657148
2847,0.2,20,2,0.18197805137525175,0.08084765890760497,0.25369334737328175,0.21705917524668283,0.26231627489603015,0.2198872697307478
2342,0.2,20,2,0.19475281342950387,0.09585787905357682,0.24557835614838508,0.19215778486870688,0.259996116709817,0.20657554543013879
1522,0.2,20,2,0.32477639733444813,0.14442370086966014,0.2616187710076793,0.24469728781932834,0.27024169853042773,0.2519174368085678
1412,0.2,20,2,0.4028535246175508,0.19759427975383642,0.14112085766109495,0.10499600294554484,0.14946577350896156,0.1214914874074072
1679,0.2,20,2,2.430820768122033,1.250305269887013,0.15893941490282187,0.1323777307704701,0.16380382831674903,0.14100065829321853
572,0.2,20,2,0.2161188623113199,0.10596112762610622,0.32400574599162546,0.31612777195873665,0.33262867351437386,0.3203599969584602
1401,0.2,20,2,0.869654000777107,0.4828464616217417,0.41422312894550783,0.40256834077768333,0.41422312894550783,0.40743275419161046
2194,0.2,20,2,0.241686929985724,0.12056130083779137,0.14831336664447498,0.12653218477968184,0.16273112720590685,0.14957287286386214
2720,0.2,20,2,0.1745388054363122,0.07817119703481386,0.2907977373202467,0.2531793279117038,0.3052154978816786,0.2719891429783101
2068,0.2,20,2,0.7454394488411855,0.402841342418955,0.38875800557252466,0.37988994269920096,0.39315006007769915,0.38334739316010186
2629,0.2,20,2,0.9116059528751486,0.5006914342784449,0.25785248010258377,0.24895175296960928,0.2622445346077582,0.25543579026563545
2043,0.2,20,2,0.2957868503202211,0.13922665318135838,0.14027158555329067,0.1236314283148375,0.1488945130760391,0.1264595227989025
2416,0.2,20,2,0.26247466919223805,0.11370214436962847,0.2066106105015082,0.19612164912204483,0.2152335380242566,0.21389790687965549
1085,0.2,20,2,0.3290428473672235,0.1454033415523596,0.2572948022811869,0.24205236767861954,0.27171256284261874,0.262811948997765
557,0.2,20,2,1.183740689310574,0.6566063541686558,0.44129733740878974,0.3891636071172701,0.44616175082271686,0.39402802053119723
834,0.2,20,2,0.21865217771368656,0.10516831307492339,0.30081390831330124,0.2653574402321335,0.30081390831330124,0.2615989261233122
906,0.2,20,2,0.6705633977845465,0.3740017977272064,0.3425293374351761,0.3126182866400698,0.3499770574979956,0.3200660067028893
694,0.2,20,2,0.235174300013091,0.11859055059119815,0.34161626745136525,0.3289598937905121,0.35023919497411365,0.3375828213132605
472,0.2,20,2,0.6866130902108428,0.3860763234276146,0.17427849598416006,0.16773213554600735,0.1795411598349701,0.16813038598289026
2337,0.2,20,2,0.19258343707038322,0.09638967519849168,0.2286232118976888,0.20291827332979254,0.23817655904519355,0.20760720706337013
306,0.2,20,2,0.2179245886275424,0.11921903573968762,0.2061150468250012,0.1893169874181636,0.21097946023892836,0.2037347479795955
1720,0.2,20,2,0.17703012746375496,0.08467677516965737,0.3201025576985637,0.30599994387884977,0.3287254852213121,0.31462287140159817
2810,0.2,20,2,0.23534948421159535,0.09347571126344804,0.2896750872512283,0.2725459647402868,0.2907895486705796,0.27638518522238614
105,0.2,20,2,0.45462643604490394,0.19840350624750952,0.32920453382315745,0.2764038411539209,0.34362229438458936,0.2908216017153528
1433,0.2,20,2,2.788263790761283,1.378847617233124,0.1587703498140897,0.13933990572733515,0.16739327733683812,0.14796283325008358
2273,0.2,20,2,0.19383690237950998,0.09478936890626717,0.24872198307590232,0.23928626528084979,0.2612369535891615,0.2551553801591557
2935,0.2,20,2,0.49582367732476046,0.25594432107872944,0.15871322512857836,0.14880870248628153,0.17313098569001023,0.16382952842498902
1421,0.2,20,2,0.46336652175900356,0.24230284705921276,0.14754599527604367,0.1366230419264472,0.1484764149008,0.14241787496513067
1407,0.2,20,2,0.6388171994461286,0.3363981741291708,0.2527078378269511,0.23918075317170664,0.2627933541623293,0.2506690480405938
214,0.2,20,2,0.23123317458905893,0.10649154328860118,0.2324793072050575,0.18364078582233528,0.2468970677664894,0.1980585463837672
2984,0.2,20,2,0.3797955015160843,0.18412621190979506,0.19536027431260794,0.15751070787865845,0.20977803487403984,0.17192846844009035
2534,0.2,20,2,0.18725395908040912,0.10046782545435907,0.29534564447109307,0.2812670863609043,0.3048989916185978,0.30007690142751064
288,0.2,20,2,0.46415794626848467,0.21854403772865524,0.27093641596748413,0.2599097642215328,0.2897462310340905,0.27474983228632804
2852,0.2,20,2,0.2560593150201394,0.12419647049670592,0.3504592667136004,0.33939648351573876,0.35243698728012685,0.3413742040822652
2804,0.2,20,2,0.513455974377606,0.2876613868757602,0.28396962748168236,0.27408549626151874,0.2876281260703883,0.2835388278889081
388,0.2,20,2,0.3815083611423135,0.21193178866064372,0.33211341393384236,0.2990285488106921,0.34166676108134714,0.303657672265149
2102,0.2,20,2,0.21996397043486293,0.11323829295170833,0.3145497284171107,0.3050877178326838,0.326909122031351,0.313587226129623
2623,0.2,20,2,0.818047167903428,0.4894609421318268,0.4655608925215168,0.4420438797708767,0.4655608925215168,0.4377931057265067
264,0.2,20,2,0.31399691116059825,0.13508195502609774,0.24569213387372799,0.21310999902822636,0.25055654728765514,0.22602184337190992
2365,0.2,20,2,0.21036347948154352,0.1103968907503577,0.3630674302900741,0.3430396544370945,0.3668259443988954,0.3517223922389636
1454,0.2,20,2,0.1923858618753881,0.10259989138835102,0.2142967046510878,0.19774730416995187,0.22495595110369843,0.2046480365137412
578,0.2,20,2,0.3480792750250999,0.17891839597062195,0.25466262798511385,0.23966567879824704,0.26908038854654576,0.254083439359679
1625,0.2,20,2,1.629387894372855,0.9133054239451414,0.34321480587082187,0.3322143780576114,0.3422843862460655,0.3254891253941715
2950,0.2,20,2,0.22761648101049506,0.11092957986559746,0.32577598625508125,0.31926344412199575,0.3343989137778297,0.3278863716447442
1135,0.2,20,2,0.2063502347914624,0.09760140413153007,0.3129947186270516,0.28644041161191097,0.3178591320409787,0.2875463109170168
1517,0.2,20,2,0.23775085013735214,0.128867567113261,0.19658748500816514,0.19030971550563627,0.20034599911698645,0.18340898316184698
866,0.2,20,2,0.23467126884113876,0.1297809498190387,0.2767041596011699,0.2767041596011699,0.28958665802208977,0.28958665802208977
199,0.2,20,2,1.113963394473946,0.6537929752433127,0.3359906250840458,0.32656722007318945,0.34664987153665644,0.34588638900365487
228,0.2,20,2,0.5089858545361388,0.2877059581901576,0.43376140012437286,0.407997541801361,0.4439482876682308,0.4176522601573455
29,0.2,20,2,0.25159224401340075,0.11596962263147298,0.34520285640305853,0.31524946325338005,0.35006726981698566,0.31871109813379817
2998,0.2,20,2,0.23360745336983765,0.1251183492316876,0.32164101311425536,0.31128528431688873,0.32539952722307663,0.3141721566136512
1036,0.2,20,2,0.3083812858308769,0.1524625906132198,0.20743978204324187,0.19653185307136214,0.22185754260467377,0.20496146855861863
2376,0.2,20,2,0.21772534151744957,0.10425163931152934,0.2544875535983149,0.21893713540284981,0.2671633851890249,0.23161296699355982
1486,0.2,20,2,0.21644136677955328,0.11296183180493105,0.3301895887054434,0.2922737596343282,0.3388125162281918,0.3008966871570766
1951,0.2,20,2,0.1538567991985632,0.06720892619241853,0.3294621223383297,0.31873047493985485,0.33432653575225685,0.3241270984742992
399,0.2,20,2,0.5165709679904696,0.29489370832573714,0.34121452668780705,0.27787420837922433,0.3526517422544508,0.28931142394586806
1743,0.2,20,2,1.659192587081701,0.8493453374023415,0.2781139496644516,0.26601448417183976,0.2873704175835532,0.2752709520909414
2384,0.2,20,2,0.20331351855498203,0.10900362713467132,0.31897749826871385,0.2871063229643395,0.32640217340921623,0.2896665846909148
622,0.2,20,2,0.1867939947473517,0.09914400340269663,0.3538989687997064,0.34328120004716167,0.3587633822136335,0.3481456134610888
2698,0.2,20,2,0.2627279134867513,0.14804962263339175,0.29633876314697405,0.2750002274752604,0.31075652370840595,0.2894179880366923
1004,0.2,20,2,0.3594374899376258,0.1678584613253135,0.2716879446565621,0.2526996677986691,0.28031087217931056,0.2555277622827341
1555,0.2,20,2,1.105064661277921,0.6330704053136395,0.45843127902793007,0.40185399675070127,0.45843127902793007,0.39380656582094486
2954,0.2,20,2,1.4674104129038479,0.7879893092823808,0.3871670479528582,0.34160300178403663,0.39203146136678535,0.3373212911444289
2649,0.2,20,2,0.39307002522465323,0.18304586516968852,0.24242330336520124,0.1984731962466329,0.25684106392663314,0.2128909568080648
2263,0.2,20,2,0.15414820252350722,0.0726873259847001,0.21600415600115697,0.20463570483594126,0.22462708352390542,0.21797824802824112
2008,0.2,20,2,1.0363287845541376,0.6158537463412055,0.4289186474403716,0.4035287136072097,0.4333107019455461,0.41167928222120553
2049,0.2,20,2,0.2499473190815135,0.12280059595612969,0.375,0.35615281576355834,0.375,0.35615281576355834
1798,0.2,20,2,0.2551224720719492,0.14307639459795465,0.25517137164345804,0.24357747019663467,0.26958913220488995,0.2579952307580666
2261,0.2,20,2,0.34378010054068686,0.17292736256293276,0.30816584227320926,0.278895920840515,0.3130302556871364,0.2779655012157587
2974,0.2,20,2,0.22137545922413757,0.11772809015181294,0.3700742452382041,0.3678327811005222,0.3749386586521312,0.3726971945144493
2945,0.2,20,2,0.96527071349132,0.5604748301254646,0.3909077521264858,0.3674193894565345,0.3909077521264858,0.37556995807053023
2574,0.2,20,2,0.9646616488748362,0.5370162181571951,0.40784979445531566,0.39989988231591067,0.40784979445531566,0.39550782781073623
2878,0.2,20,2,0.46863733356576537,0.26349271236187427,0.4044104778558558,0.36597073516317913,0.40880253236103026,0.3645679566296701
1432,0.2,20,2,0.2592181654675771,0.12945729861786634,0.3020485148365692,0.27865237947705573,0.3020485148365692,0.27489386536823446
1223,0.2,20,2,2.119875810249105,1.0550527834496406,0.17009874298858313,0.14368284940706158,0.17063091217645654,0.13939393258612648
1335,0.2,20,2,0.29696534391097706,0.14054776712936748,0.32894687603470857,0.3152895027788642,0.32909209447799576,0.3132691383922399
1376,0.2,20,2,0.32659951370141366,0.16894739143706522,0.24961494766675435,0.22842844896952796,0.260274194119365,0.24347974992731303
2333,0.2,20,2,0.3902822655681518,0.21942666879611983,0.4033858876385591,0.3960261409446264,0.4119453067051836,0.4045855600112509
747,0.2,20,2,0.8145399635054541,0.47239030770660434,0.31221866322639696,0.2702457505778166,0.3214751311454986,0.28389427300209263
1124,0.2,20,2,0.24933451024646686,0.13081527460531947,0.24304841901046292,0.21285091835727735,0.25746617957189477,0.2272686789187092
1544,0.2,20,2,0.22530123333501495,0.11461397685681377,0.26497542267951507,0.24791097009665047,0.2698398360934422,0.2490168694017563
2680,0.2,20,2,1.0437261813049563,0.5755671322603344,0.10090824621930808,0.08523831263505133,0.10037607703143467,0.07984173003325076
2654,0.2,20,2,0.3601603749481195,0.15019800977939726,0.3267757288989346,0.28795050545105877,0.33962382449278755,0.30079860104491174
168,0.2,20,2,0.3988435209628714,0.21597302323226336,0.24723690864875247,0.24078308631574155,0.2567902557962572,0.24547202004931912
2245,0.2,20,2,0.3767649288683148,0.190568154933991,0.32204388542731915,0.2995826288410358,0.33646164598875106,0.3140003894024677
2471,0.2,20,2,0.19234166201496025,0.10146515649283748,0.35306276102370454,0.3205992412698474,0.36168568854645294,0.3292221687925958
1697,0.2,20,2,0.20730796300124676,0.09338989260292936,0.2953680232555895,0.2777878108392257,0.3047169183744825,0.28766887514599215
2360,0.2,20,2,0.9120094034218144,0.48407983741071503,0.375,0.3324784639942951,0.375,0.3324784639942951
2171,0.2,20,2,0.40110159970235654,0.22172535182955175,0.2921916948632988,0.2522637374662494,0.2921916948632988,0.25712815088017654
245,0.2,20,2,0.17256109884858595,0.09099214673083776,0.22738151201983717,0.19838606375185747,0.2360044395425856,0.21656233842211065
2214,0.2,20,2,0.2542791334301551,0.13148039706974873,0.29345551132330766,0.28581382461263477,0.30787327188473956,0.29583953066889224
2252,0.2,20,2,0.2405565814193886,0.1240196262330818,0.3442682879477034,0.33823448127674094,0.3499085441491522,0.3423554261578438
1287,0.2,20,2,0.2534904863251495,0.12938695648675494,0.3585221734819964,0.35063355717744255,0.3601757656426391,0.35228714933808525
677,0.2,20,2,0.1955242506106601,0.09853114886326608,0.30093851404819305,0.2749796932305649,0.3058029274621202,0.27169353803049634
1562,0.2,20,2,0.6531103295371586,0.3581537636584581,0.43091453198369895,0.41348089920759507,0.43091453198369895,0.40861648579366794
762,0.2,20,2,0.3341234258884898,0.17323930346670613,0.2890320807678642,0.2687523998150208,0.3034498413292961,0.2831701603764527
835,0.2,20,2,0.3036749019705629,0.16282160202621748,0.334674419763744,0.32314558552520184,0.34125228703770816,0.3345878662130931
1091,0.2,20,2,1.891026274816885,1.023304698413501,0.22740108672302972,0.2061175028075875,0.23226550013695688,0.2083764052943875
2829,0.2,20,2,0.2695084647563492,0.1158961916159754,0.1931314324938121,0.17879656995331256,0.20754919305524397,0.19697284462356573
2874,0.2,20,2,0.6901307689014221,0.4016684004832118,0.2775915613439586,0.2713366557134886,0.2895458154752269,0.28811199585356534
716,0.2,20,2,0.2657200112807162,0.1235462535333965,0.36554480214869367,0.3438286283828923,0.3704092155626208,0.3486930417968194
466,0.2,20,2,0.4094859918650653,0.20756443228684354,0.15677102981530172,0.13834790480496184,0.1663243769628065,0.14790125195246662
2182,0.2,20,2,0.3080145598956656,0.14754871639629052,0.17620419781210006,0.17009362052720534,0.19062195837353196,0.18937579450256437
731,0.2,20,2,0.25588993405941024,0.1349353072506324,0.28781397775992024,0.27761138433713456,0.2966123387170884,0.28640974529430274
2323,0.2,20,2,0.3773520834629201,0.20063215939357226,0.27251034903627935,0.25952660527347443,0.28206369618378413,0.27394436583490633
2717,0.2,20,2,0.28279251515387976,0.1308013458204834,0.15552792235218627,0.1368813937378062,0.1641508498749347,0.15152825161611666
2876,0.2,20,2,1.8912683455272823,0.9920617266467281,0.31984763583810644,0.3047664947052435,0.32910410375720806,0.3140229626243451
231,0.2,20,2,0.25223548178865546,0.12349772326526133,0.27835586680205177,0.2606138946645526,0.27835586680205177,0.25481906162586915
2411,0.2,20,2,0.1581362375588024,0.06810181014300698,0.17567229323893777,0.14344653423027814,0.18680413036626675,0.16320129888035553
223,0.2,20,2,0.6449082252983845,0.3588388815470431,0.2987333930595505,0.26423443535192237,0.303125447564725,0.26881445973741547
1690,0.2,20,2,0.2802411294905659,0.13450157079999497,0.375,0.35335749778879805,0.375,0.35335749778879805
1464,0.2,20,2,0.34362832989175546,0.16425593697096877,0.20834190764445826,0.1897990293283579,0.21696483516720666,0.19262712381242283
675,0.2,20,2,0.22893442971614336,0.09707147337262326,0.3689021803937525,0.3507854406113312,0.37752510791650096,0.35682506148518733
1351,0.2,20,2,0.32196504708093004,0.17249381599852634,0.27548692441645,0.26199584647661184,0.28504027156395473,0.26668478021018943
642,0.2,20,2,0.21432352404257843,0.11329231742815105,0.24883904970574502,0.2422428059476569,0.2621444499637685,0.25930672031450164
1146,0.2,20,2,0.8807553344327028,0.5065371814827353,0.310414772990879,0.28701374548315794,0.3148068274960535,0.2912954561227657
641,0.2,20,2,0.29514866677351864,0.13928091037134235,0.2288571381616234,0.20424773202564034,0.23372155157555052,0.21715957636932384
2978,0.2,20,2,0.5481869011894099,0.31458808138602945,0.2782969735234177,0.2593061061359653,0.28316138693734483,0.2588825568736569
2443,0.2,20,2,0.35248512134589294,0.1915246393570585,0.16687318247190697,0.10852574981973878,0.18129094303333887,0.12241134119329727
1380,0.2,20,2,0.32156100822876543,0.15298392559238236,0.23900556087451535,0.21975096575161052,0.24966480732712593,0.23367440376290677
2242,0.2,20,2,0.26881653408069833,0.13284120225756357,0.3020216064374574,0.2913638003954737,0.31064453396020586,0.2999867279182222
2122,0.2,20,2,0.19638932669049908,0.09659278684374105,0.3564360501409554,0.33297635839722656,0.3650589776637038,0.34159928591997496
935,0.2,20,2,0.3599131599237092,0.17508669845118405,0.254009781389558,0.24426740174937156,0.26842754195098983,0.2586851623108034
1170,0.2,20,2,0.20138546068501592,0.08685005041159091,0.3346120718249345,0.3014469938817266,0.3432349993476829,0.31446197590964947
2211,0.2,20,2,0.4480634777905616,0.24354005509876453,0.23882009400303122,0.21960087410814058,0.24461492704171467,0.2296863904435187
2481,0.2,20,2,0.28600734627884516,0.13790213597266937,0.16942653124079265,0.1553817154218527,0.17318504534961393,0.1600706491554303
2833,0.2,20,2,0.417421858608938,0.24235964209706679,0.23040956720956368,0.1779441764481357,0.24482732777099556,0.18796988250439312
672,0.2,20,2,0.1701805143749934,0.08447926606433616,0.3112642804000877,0.29430716639627724,0.32047791012408855,0.3040529653081515
2861,0.2,20,2,0.32525982907294326,0.14531659882819803,0.34067160853818074,0.33403230976916193,0.34929453606092914,0.34265523729191033
190,0.2,20,2,1.0456101291657023,0.5778777873262805,0.3273833219783089,0.2883393847353738,0.3317753764834833,0.29648995334936956
1604,0.2,20,2,0.25186781256802615,0.12552656927312533,0.375,0.34260503881677057,0.375,0.34260503881677057
270,0.2,20,2,0.2957405829362208,0.16133473157152275,0.3127532606898322,0.30330097473530376,0.3127532606898322,0.30652731965625163
1391,0.2,20,2,0.6720652493334878,0.40544464831584875,0.42419707799688683,0.40342157406993695,0.42419707799688683,0.4092164071086204
720,0.2,20,2,0.8019890743589955,0.4483430622434473,0.11497053987005598,0.110683156246406,0.12505605620543414,0.12076867258178416
211,0.2,20,2,0.24899166087754238,0.12169462776654844,0.36720919836634025,0.3462513093752244,0.36720919836634025,0.3369948414561228
1935,0.2,20,2,0.34123072604237425,0.1873969664379941,0.26990312852983817,0.23294826161420618,0.28432088909127007,0.24994932882453041
2108,0.2,20,2,0.26040498117550376,0.12747462494590392,0.27284600127426073,0.2608996827676468,0.28350524772687125,0.27140178365635903
2924,0.2,20,2,0.28522914771165236,0.13496867289711625,0.12993961343585686,0.06731322402473544,0.14128447019784102,0.08445291382540304
2504,0.2,20,2,0.29519333025474026,0.14692062308788761,0.3233258585567262,0.315021691202662,0.3319487860794746,0.32674066626704673
805,0.2,20,2,1.082184490534295,0.6169729387251894,0.3533256282723456,0.3387665364522398,0.3577176827775201,0.3444073001675338
2100,0.2,20,2,0.6279631393121027,0.3578701945121793,0.2402141310228907,0.2298587828011469,0.2546318915843226,0.23988448885740438
1166,0.2,20,2,0.2745379287630863,0.141559555135337,0.3076370835313416,0.28686350980959474,0.3182963299839522,0.2975227562622053
475,0.2,20,2,0.18835114743554804,0.08902661463305268,0.33711167845744006,0.32289095599276574,0.33711167845744006,0.32089528946617046
1925,0.2,20,2,0.24313620421657559,0.1310872353950792,0.30429218276803116,0.2941846846806171,0.3143178888242886,0.2998183362317001
2922,0.2,20,2,0.23667410058135097,0.12497490609498531,0.24141279121349646,0.22313398368557907,0.25583055177492836,0.23755174424701098
1039,0.2,20,2,0.3824695803624073,0.20193799534888468,0.3312964362386248,0.317086543771553,0.34195568269123544,0.333654153298889
1747,0.2,20,2,0.41064343261259745,0.23805394932828294,0.169770620251463,0.10547168170313533,0.17839354777421143,0.12214204015564015
2632,0.2,20,2,2.214586053183097,1.1378870132159657,0.16668004320373264,0.10691621689561775,0.16721221239160605,0.10691621689561775
2836,0.2,20,2,0.3569149030013502,0.17155770681045537,0.14472327575488242,0.119864659446214,0.1591410363163143,0.13428242000764587
1299,0.2,20,2,0.298239843047927,0.15591273773386624,0.2735956936361488,0.24954061041640663,0.273983842588333,0.24506434595466375
2287,0.2,20,2,0.276900675286666,0.15781087243230693,0.3134592527788972,0.29587894331503173,0.3134592527788972,0.2910145299011046
1565,0.2,20,2,0.2808271818200284,0.12238315177147768,0.2428700471579471,0.23198183914171866,0.2524233943054519,0.2366707728752963
776,0.2,20,2,0.3882014162410139,0.1941946800570165,0.29690068736089265,0.2766057711026995,0.3055236148836411,0.2808309247538029
1430,0.2,20,2,0.2930552731540677,0.14532254933595778,0.3053213313237968,0.28796193852857793,0.3053213313237968,0.2922526218252726
1415,0.2,20,2,0.2771437441380545,0.133839926229748,0.21066930414394758,0.2042746508574766,0.2213285505965582,0.2186924114189085
1206,0.2,20,2,0.5884772862173043,0.3362553101980197,0.4445566700228057,0.40545402775448164,0.4445566700228057,0.40984608225965613
888,0.2,20,2,0.18711209008048227,0.10012296495505384,0.2729679214047445,0.2602586218601824,0.28252126855224924,0.2731788368448963
297,0.2,20,2,0.2771864463239936,0.15194941944032456,0.2865957544437829,0.27740680318192357,0.2961491015912876,0.2820957369155011
336,0.2,20,2,0.4550558908308321,0.21436305733014022,0.21790550002157255,0.20820644471304245,0.22793120607782996,0.22528803928792876
382,0.2,20,2,0.16479807939758373,0.086683898946565,0.2038185847580754,0.19372031143832713,0.21823634531950734,0.21189658610858036
2190,0.2,20,2,0.21854461803653497,0.09949067335466513,0.34028165010661404,0.33558148733568177,0.3440401642154354,0.3394838590672661
2247,0.2,20,2,0.19556502010406043,0.1066501074398132,0.2646398297406525,0.25160408960268876,0.27529907619326305,0.2616297956589462
2453,0.2,20,2,0.19890101924416384,0.10762645885818167,0.33239675287820253,0.3252096730998175,0.3468145134396344,0.3388462986613424
882,0.2,20,2,0.19524917923096477,0.09935351535239234,0.2483634665407753,0.24213762951975065,0.2590227129933859,0.24923687412909776
1672,0.2,20,2,0.24735306846975538,0.11001864683490883,0.22619009156577458,0.19922976117702665,0.23530640867667058,0.2170270496140322
2976,0.2,20,2,0.4724296682823087,0.25814622418129335,0.2982921668850119,0.2776002542573846,0.3055557198739435,0.28930189852151417
1025,0.2,20,2,0.20876622923636873,0.10944003246566232,0.276433879238829,0.27557511772068194,0.28129829265275613,0.2766810170257878
67,0.2,20,2,0.3832172076054977,0.20529268981328472,0.20725327833161633,0.13263878770994958,0.2173387946669945,0.14219213485745433
1122,0.2,20,2,0.4436528490386384,0.2502264585376306,0.27467825672962665,0.2563122713480094,0.28769323875754954,0.2795141409197902
2675,0.2,20,2,0.27109631679827956,0.16097446204484603,0.29933596078661967,0.2654615730201483,0.30859242870572123,0.268391038712693
2529,0.2,20,2,0.2821296652496949,0.14694441728506316,0.24312881676648246,0.21472788936395326,0.25754657732791436,0.22914564992538516
2894,0.2,20,2,0.45420314028292136,0.2357032308617459,0.3338905533440836,0.322559329185439,0.34407744088794145,0.3331889444984766
1493,0.2,20,2,0.45223836955125196,0.2574550162813187,0.3754515092098847,0.3601864823777707,0.38983948306445504,0.3716810624356749
2164,0.2,20,2,0.22812326041207368,0.13003954079729696,0.2646764041830067,0.2599642711372104,0.2790941647444386,0.274470188933873
1830,0.2,20,2,0.4738908182943747,0.21565008707839078,0.33100930581647536,0.3236098124545073,0.3399271690919528,0.3354788410568894
1390,0.2,20,2,1.5050706220462386,0.7999542643397692,0.3717303137123417,0.34821989276306864,0.376564478355648,0.34546802256231995
430,0.2,20,2,0.26030156344401945,0.12528109624489958,0.14791024170429545,0.12035892992973257,0.16232800226572736,0.1433996180139129
596,0.2,20,2,0.22186977211877298,0.1108917906870618,0.2988775976735463,0.2868158689056225,0.3075005251962947,0.2954387964283709
2067,0.2,20,2,0.2554192640625037,0.11294757180987525,0.21330430249632587,0.18049702083938587,0.2228576496438306,0.18518595457296344
2839,0.2,20,2,0.25417151766950286,0.14601612730165106,0.2902120178435079,0.2801027148296323,0.3003690317311973,0.29025972871732164
526,0.2,20,2,0.3719765957671075,0.1510645326841219,0.20966440406265502,0.20102679407225232,0.21921775121015974,0.20571572780582992
2910,0.2,20,2,0.2630154523336125,0.1460205683368044,0.266047069870494,0.26556469722655424,0.2804648304319259,0.27998245778798614
2434,0.2,20,2,0.6808593213806232,0.40324380170199803,0.3925688473598862,0.3785070482825427,0.3925688473598862,0.3727122152438592
2391,0.2,20,2,0.7520427567508581,0.43361461776679217,0.3098116751384589,0.26777872309608836,0.32264878076198716,0.2850078832247911
2958,0.2,20,2,0.20852879349895995,0.09680686693004811,0.18636283602884546,0.15996388719144258,0.2007805965902773,0.18353497798773666
688,0.2,20,2,0.5666635346450366,0.28721685434594735,0.29755170957780414,0.28671739850517675,0.3013102236866254,0.29534032602792515
1162,0.2,20,2,0.25182946638284853,0.1306144859255545,0.17614217376529356,0.16458454101158568,0.19055993432672547,0.18276081568183886
2554,0.2,20,2,0.2412223467064567,0.11215398580293755,0.29945772631062,0.28533286320741086,0.3080806538333684,0.29395579073015926
489,0.2,20,2,0.19640450092537504,0.10165060960154515,0.35579335881021296,0.34646090745501096,0.363361853959061,0.354029402603859
1864,0.2,20,2,0.3444162332105441,0.1788301565060182,0.2207973454190626,0.2186313140927173,0.23521510598049447,0.23304907465414917
1461,0.2,20,2,1.2597528883713254,0.713885842808987,0.4070535489762884,0.35594100813076335,0.4070535489762884,0.3596995222395846
2151,0.2,20,2,0.2669246872061978,0.13560742001097106,0.2297854317043883,0.22028449707097614,0.23840835922713674,0.2236447607429145
1022,0.2,20,2,0.5695801041667224,0.3227289892980976,0.4337534480415776,0.40794306029713734,0.4381455025467521,0.4148059473370864
1988,0.2,20,2,0.2406943322275289,0.12002033374002553,0.3165252381107079,0.3021338622616439,0.3306295063319177,0.3162932675174381
2152,0.2,20,2,0.24337161046105107,0.11427979623498533,0.3254234687689241,0.30517395391405594,0.32547559298750334,0.30951499495357027
2726,0.2,20,2,0.3181109108978116,0.15827162991214713,0.31648505460006915,0.30172452654223203,0.32592954950903397,0.30630460803726967
2350,0.2,20,2,0.18631111875265,0.09200277847417886,0.19950556578407924,0.1834957816292243,0.20436997919800637,0.18632387611328927
1709,0.2,20,2,1.2366053279175178,0.7115030220811506,0.4840805121456723,0.3975390937918959,0.4898753451843558,0.39787958526393885
1993,0.2,20,2,0.24999190803105847,0.13037020306188593,0.28556311660160477,0.271304063861227,0.29955442416621864,0.29333253729133285
1582,0.2,20,2,0.36104292069343785,0.1719541482846212,0.403114435501563,0.3508243047938988,0.403114435501563,0.35118631983708476
1097,0.2,20,2,0.19917069737407603,0.10612798549094538,0.31794912548149773,0.31035369146453,0.32657205300424613,0.3189766189872784
697,0.2,20,2,0.41029764884861897,0.1850929634777098,0.17960718700031925,0.10274729469689375,0.19402494756175115,0.11623463563356934
192,0.2,20,2,0.1768886178495189,0.08995255012335758,0.16358865540894385,0.14354584518581898,0.17221158293169228,0.15013245377870524
1009,0.2,20,2,0.2616863169835503,0.12920194012251454,0.2513795357013031,0.21655598838772824,0.26000246322405157,0.21938408287179323
990,0.2,20,2,0.576262617355318,0.3104590472309627,0.19642841161808922,0.15316304710546885,0.21084617217952112,0.16758080766690076
1498,0.2,20,2,1.0247217575269467,0.5816954961993352,0.4512041119067222,0.4456292784421046,0.4512041119067222,0.4433368549271291
851,0.2,20,2,0.3226845152709334,0.17111297067864312,0.26932174063935677,0.24060539072950837,0.27794466816210517,0.24343348521357333
2715,0.2,20,2,0.29613204982136615,0.12807556668462028,0.2676258098014849,0.23108470179797955,0.2676258098014849,0.23484321590680085
1324,0.2,20,2,0.46163292558775415,0.2433767677262464,0.2697992037283832,0.24962420943154504,0.2804584501809938,0.26404196999297697
2474,0.2,20,2,0.3201195883188572,0.158222017750612,0.29962554559502325,0.2937812799239019,0.30917889274252797,0.30120095378113154
791,0.2,20,2,0.25814392549424425,0.12413160211119759,0.375,0.35637306450322775,0.375,0.35637306450322775
2084,0.2,20,2,0.3803772146663737,0.15939902409776216,0.3098172313235498,0.28828373087674336,0.32423499188498167,0.3025438200429874
2676,0.2,20,2,0.31099759941177363,0.14051691128946123,0.13871174211465487,0.09032996422651116,0.14937098856726544,0.10098921067912173
1592,0.2,20,2,0.9151437355669423,0.5090258871498207,0.20037697014642614,0.16808440849450162,0.206703972372983,0.18355753477459336
2837,0.2,20,2,0.2578537977584402,0.13063969884546842,0.2761491944923234,0.2712506419609724,0.2905669550537553,0.2894269166312256
1821,0.2,20,2,0.23225078451115536,0.10670823239978645,0.2194993507778925,0.2010707439080636,0.23391711133932439,0.22035291788342262
1489,0.2,20,2,0.4713359528904736,0.26404627932965213,0.32356778281088017,0.30358167325475144,0.33422702926349074,0.31385036977692643
2911,0.2,20,2,0.46872744239254127,0.2688244977279768,0.3147164581239264,0.31106666946162514,0.3297677590817114,0.32825928718461
275,0.2,20,2,0.791848384327215,0.4068917015820806,0.38384486685540925,0.37562319957983814,0.3882369213605837,0.3800152540850126
494,0.2,20,2,0.2154651633900259,0.10400011433917665,0.31937582947015797,0.29627004676864876,0.3279987569929064,0.3081520570971981
884,0.2,20,2,0.4578820625384355,0.2542094271952964,0.39762185769133335,0.39762185769133335,0.40687832561043497,0.40687832561043497
1453,0.2,20,2,0.37087705242978386,0.20052997150231242,0.05030996264517332,0.019850225307767498,0.06368695971628216,0.03375939156674975
1109,0.2,20,2,0.4187787342643543,0.21625032852704096,0.2434323040007603,0.24245368993727207,0.2540915504533709,0.2513116504080378
1793,0.2,20,2,0.32259462628209645,0.17871325058266896,0.23836901892463014,0.22235765369928293,0.2534203198824152,0.24555952327106373
2960,0.2,20,2,0.8940092750107617,0.5236651319665407,0.5,0.4515800174453371,0.5,0.4515800174453371
2685,0.2,20,2,0.5742722766004492,0.34179434559833316,0.0946515747139241,0.04073087790119097,0.09615572445591286,0.05085795516592815
2026,0.2,20,2,0.25079464563713294,0.14764750142689037,0.3291626281641145,0.31017536505697185,0.33982187461672514,0.3208346115095825
1120,0.2,20,2,0.2386320508693883,0.1184834194725563,0.2924292561307692,0.2752701573453271,0.2961877702395905,0.2838930848680755
1849,0.2,20,2,0.25269634703222205,0.12055535603919505,0.21715943888039646,0.19546570971349966,0.22091795298921776,0.20015464344707729
1418,0.2,20,2,0.33963879266167235,0.16213970235060937,0.2752326437059336,0.24029306032394643,0.2896504042673655,0.25471082088537833
2625,0.2,20,2,0.3391308033354221,0.18878656254668352,0.33440751502084826,0.3338897126401528,0.3532173300874546,0.35269952770675916
850,0.2,20,2,0.1575250952684557,0.07477734592513777,0.23486536965506088,0.22926489345208542,0.2462412264978004,0.24550516370875208
2547,0.2,20,2,0.31828739778422077,0.15780129298509166,0.2977626240782848,0.28551815396146685,0.3063855516010332,0.29414108148421525
1332,0.2,20,2,0.16350490041322352,0.06741692985689007,0.280363058375106,0.2675304118438376,0.2947808189365379,0.2845314790541618
1488,0.2,20,2,0.22232908538044047,0.10756344204890858,0.2878300640544189,0.26593016879416953,0.30224782461585076,0.2803339117686736
844,0.2,20,2,0.33885725229095265,0.19174497997907997,0.3375196464541628,0.32249775901678485,0.34817889290677345,0.3331570054693955
1030,0.2,20,2,0.3345892023844507,0.1628926246789622,0.15850172514566563,0.12069350455107591,0.16712465266841406,0.1351112651125078
2901,0.2,20,2,1.5729744442954414,0.8174203251311342,0.490091072222354,0.48682329955218473,0.4949554856362811,0.49168771296611186
1247,0.2,20,2,0.21585789969070998,0.09825962170495298,0.20360475408998102,0.18783160476543084,0.21802251465141292,0.20600787943568402
1817,0.2,20,2,0.4316106862543708,0.24212066856944844,0.3439500427880581,0.3213767904974447,0.3590013437458431,0.3442188804724297
2417,0.2,20,2,0.24670726285751496,0.1261365138446374,0.375,0.3623852577577773,0.375,0.3623852577577773
741,0.2,20,2,2.1385967097183984,1.1363525090968662,0.09127513687413583,0.03411811257801492,0.0864107234602087,0.037876626686836216
371,0.2,20,2,0.2930388520837843,0.15539071184483016,0.2903464901656836,0.27936453167128,0.29521090357961066,0.28798745919402835
113,0.2,20,2,0.1672808182922161,0.09176532633872199,0.2871715409304111,0.2682793464065257,0.2978307873830217,0.275180078750315
2669,0.2,20,2,0.6917351350454392,0.3705641427992975,0.26330144931741234,0.2488562958830959,0.2719243768401608,0.2623436368197715
693,0.2,20,2,0.2652243498345431,0.1192233902258156,0.311649863972942,0.3029589941205755,0.32027279149569043,0.31158192164332393
1950,0.2,20,2,0.27424528624191125,0.1273653139926279,0.2163616864400752,0.1960345405666694,0.22702093289268582,0.20293527291045876
2825,0.2,20,2,0.18559606974341164,0.10209169664270326,0.28041043193121823,0.2696728823973241,0.28903335945396663,0.2725009768813891
1158,0.2,20,2,0.4854906754259486,0.27082536161254656,0.3393762736501893,0.3126914510320286,0.3442406870641164,0.32519541862727197
367,0.2,20,2,0.39674915014645,0.20207944811353679,0.26535431891069694,0.25007245338329315,0.2724947050239772,0.26207725291050055
680,0.2,20,2,1.40826647057573,0.7811174170294984,0.4216573193641253,0.4105545567683348,0.4216573193641253,0.4143130708771561
69,0.2,20,2,0.20718672971931557,0.11208462169098403,0.248773661135669,0.2348905621620599,0.2631914216971009,0.2493083227234918
2525,0.2,20,2,0.710039137515314,0.39464585789438783,0.21348260157412657,0.15908312970073596,0.2229607370380113,0.1685612651646207
2581,0.2,20,2,1.3811121760093015,0.7533003389430251,0.45749781402950074,0.4457529082648936,0.45749781402950074,0.4501449627700681
2701,0.2,20,2,0.2091431881939278,0.10928688608292828,0.28996384337064407,0.2809903275625203,0.29372235747946535,0.2858873105203052
605,0.2,20,2,0.18457722067746185,0.09427743931657416,0.2517929627164794,0.24244218295368453,0.2662107232779113,0.2519955301011893
864,0.2,20,2,0.25504398052250504,0.12526102000482933,0.23513780608251156,0.22945448161927492,0.24955556664394346,0.24387224218070683
2209,0.2,20,2,0.21162403367504548,0.11086048266352727,0.31548634959458816,0.30621904282984386,0.31924486370340943,0.31050972612653854
513,0.2,20,2,0.2931978536278898,0.1368186990161127,0.19071206312555256,0.17421077452858433,0.199334990648301,0.1770388690126493
2414,0.2,20,2,0.312907004303517,0.13338611402251513,0.15997317370988254,0.146858128648128,0.1743909342713144,0.16127588920955988
1667,0.2,20,2,0.4582851707772394,0.2585215953663281,0.33543838362415956,0.3129825866740392,0.34030279703808675,0.32271141350189353
2648,0.2,20,2,0.6546670489460714,0.3843423876222526,0.18021573096835936,0.11663166952879878,0.18547839481916945,0.12565284748843014
2407,0.2,20,2,2.9785188338777666,1.4445689684240752,0.234641490767585,0.11074709465124098,0.24326441829033346,0.11368731957444309
628,0.2,20,2,0.6032497202594623,0.3285887666457673,0.19286705924786118,0.14689867469811768,0.20352630570047175,0.16131643525954953
1537,0.2,20,2,0.2998041312684218,0.12766871274667194,0.17118243594149107,0.15287079308722434,0.185600196502923,0.17076031959866395
1130,0.2,20,2,0.6323616515490947,0.3737051191049442,0.3771187840328196,0.3605972781024711,0.3815108385379941,0.3644949470540909
2445,0.2,20,2,0.48506389651309983,0.223341181816647,0.36371962140107783,0.35703166525883706,0.37234254892382623,0.36565459278158546
2216,0.2,20,2,0.6578937472346177,0.30576970172385576,0.1823046422353558,0.15702609577288495,0.19092756975810427,0.16657944292038973
101,0.2,20,2,0.20092265054331684,0.112450894856973,0.367090890886426,0.35961521181074674,0.3719553043003531,0.36447962522467386
1445,0.2,20,2,0.18797849417939255,0.10129990635330247,0.2508916181219865,0.23921175408982645,0.26530937868341836,0.25849392806518545
549,0.2,20,2,2.507783133928377,1.2156366082431567,0.1907562983954742,0.11365853116156743,0.19562071180940135,0.11048344703646258
415,0.2,20,2,0.2716117087001783,0.12497355437203442,0.228119049324925,0.22772071193037458,0.23563199372404642,0.23116591770466968
1365,0.2,20,2,0.1925416736416733,0.10107757713060157,0.2387104087890825,0.21584100634952538,0.24246892289790378,0.22288698518004
2873,0.2,20,2,0.3734917579697752,0.20393567703483562,0.35209952130405486,0.34453131348424365,0.3613559892231565,0.34876596035174245
1942,0.2,20,2,0.416378978242946,0.2316854204277377,0.3769361889919914,0.37086184200607086,0.38189903645391143,0.37322587174824473
746,0.2,20,2,0.2597127783338995,0.12493941420341738,0.2676591062381962,0.2560070329341571,0.2762820337609447,0.2588351274182221
1428,0.2,20,2,0.580882849589699,0.30665789041455205,0.41097309775182506,0.3876148845232955,0.42538314711900116,0.3976328793852971
429,0.2,20,2,1.1842788835194056,0.6611182087212016,0.4228674711562125,0.41471245369397675,0.4277318845701396,0.4195768671079039
2749,0.2,20,2,0.28294919521367096,0.13297375687002244,0.14548331712089252,0.11597153653292501,0.15410624464364098,0.13525371050828405
1159,0.2,20,2,1.056269603880882,0.5990048018784775,0.4822387606692291,0.47687237151600415,0.4822387606692291,0.47687237151600415
514,0.2,20,2,0.7139831986757225,0.40726672180395956,0.38844090511777457,0.38384881153074063,0.39283295962294906,0.3824460329972316
1001,0.2,20,2,0.1525210988883554,0.08118310767299222,0.34147298610917526,0.3113213254561843,0.3463373995231024,0.3080351702561157
2383,0.2,20,2,0.21244807595660908,0.10044390223233116,0.25843771707926355,0.23718850815147927,0.2690969635318741,0.2522398091092643
896,0.2,20,2,0.2383750659701972,0.1262258149108796,0.23666394635840687,0.2219429694327882,0.2452868738811553,0.2247710639168532
603,0.2,20,2,0.6346250927111722,0.3494730158393434,0.17864297776100094,0.15998754180989433,0.18240149186982224,0.17117733725156478
424,0.2,20,2,0.2655478042799498,0.1338694443976,0.22057875489582607,0.21145851779178576,0.23499651545725797,0.22209788628654395
606,0.2,20,2,0.2384691061469334,0.12020584108342469,0.19283165059372637,0.18559022875794604,0.203490897046337,0.19249096110173536
2970,0.2,20,2,0.21278509172852564,0.10445863896230383,0.2473649275013094,0.23347541711535463,0.26178268806274124,0.24789317767678648
178,0.2,20,2,1.2830587725394604,0.7544787251210461,0.5,0.462066390891867,0.5,0.462066390891867
2778,0.2,20,2,0.42470903704541607,0.23578763442061018,0.37334719354481943,0.3724173078872537,0.38400643999743,0.3805442711498213
1219,0.2,20,2,0.26692761100714435,0.13164852697565488,0.2491812836718127,0.2290133296421424,0.26359904423324454,0.23903903569839982
959,0.2,20,2,0.6792502306310262,0.3889785343749355,0.2531258011326637,0.23699665794031466,0.25506383894331797,0.23830115535461577
1684,0.2,20,2,0.21750739051528586,0.10378482601336515,0.2826348397778255,0.27431994871017984,0.29705260033925734,0.28434565476643725
559,0.2,20,2,0.19136540660642085,0.10944102177449712,0.30852078529888066,0.30319378631106014,0.3171437128216291,0.3118167138338086
2667,0.2,20,2,0.24294866133898987,0.11144959597396742,0.2080140873530508,0.19464152207561503,0.22243184791448267,0.21281779674586818
685,0.2,20,2,0.253898225711313,0.11337791617428433,0.20789448835747892,0.19950475110207555,0.2223122489189108,0.21387133696870042
1317,0.2,20,2,0.2405091370228534,0.10951256206260623,0.32840220092054234,0.30322275192238873,0.3321607150293636,0.3055709272070954
274,0.2,20,2,1.1092740852425216,0.6425688375262258,0.2706830434081343,0.2578147649507416,0.2755474568220614,0.25892066425584737
1165,0.2,20,2,0.2267874033654305,0.10551527903204815,0.21549079277281719,0.1970016451928833,0.22990855333424903,0.21141940575431514
973,0.2,20,2,0.45224539127669194,0.22952529078877576,0.32830387031138386,0.32293227554435056,0.3433551712691689,0.33574528091281003
2485,0.2,20,2,0.4484840483189653,0.23570230568612735,0.3195744524865719,0.3135484914804574,0.3239665069917464,0.3204391208503562
2198,0.2,20,2,0.2364561388190989,0.12234316274372481,0.186081373651036,0.17271531551368483,0.19470430117378443,0.18353969746759075
446,0.2,20,2,0.18264647321966876,0.10165422577184757,0.3692976527480872,0.36062535492436437,0.375,0.3663277021762772
2145,0.2,20,2,0.34090851133753614,0.18074751646473994,0.30623430552734254,0.2771073476807795,0.3066945486680561,0.2727031774075659
1742,0.2,20,2,0.3728804743866352,0.1929347541204267,0.2242361910478901,0.19957898654933556,0.23928749200567515,0.22278085612111634
1322,0.2,20,2,0.3511123064056225,0.19491415267468912,0.2956787499626946,0.28070751302673036,0.30493521788179623,0.29924329255223747
2783,0.2,20,2,0.1862182034589899,0.09274830482562772,0.27068598223943097,0.24632174110388094,0.27444449634825224,0.2452158417987751
659,0.2,20,2,0.29999269991687355,0.1491151926230472,0.19445120960818202,0.17439005082422143,0.20400455675568677,0.1852862612360794
1675,0.2,20,2,0.26331703799057893,0.1341641863634493,0.19980685900534315,0.1745605334530164,0.2084297865280916,0.1927368081232696
2162,0.2,20,2,1.8801975287652237,1.017240719239352,0.2222819181597689,0.19872590748790825,0.2315383860788705,0.21284678882093702
175,0.2,20,2,1.1063846485758335,0.6454006392206165,0.4281834034319977,0.38545058463983056,0.4281834034319977,0.38920909874865184
1254,0.2,20,2,0.6526213337012287,0.382655469743596,0.4317773895642392,0.377538878297324,0.44243663601684985,0.38819812474993465
447,0.2,20,2,0.28191827798608443,0.14846188228703855,0.2766692661190902,0.25637114503023384,0.29100743636322823,0.2658882292655633
1477,0.2,20,2,0.5695114901370985,0.3110877695062791,0.3664288481983192,0.35407900059765296,0.37661573574217716,0.3647980573293843
2055,0.2,20,2,0.3788864785952699,0.20109551597607297,0.18292584132795264,0.13935943909765053,0.19734360188938455,0.15377719965908243
2180,0.2,20,2,0.28511621156796507,0.14593937693067122,0.2551103239149535,0.22451602859346692,0.26466367106245825,0.2340693757409717
1216,0.2,20,2,0.4224460809453113,0.23596170343850645,0.16214435550876888,0.13910586601794211,0.17169770265627363,0.14996387366916047
1193,0.2,20,2,0.6367838115350677,0.33892941586002306,0.1372116707504923,0.11865322991605258,0.14676501789799704,0.13196509117237862
943,0.2,20,2,0.19714288050339962,0.10399819979063463,0.23199517355505417,0.21464134477565605,0.23575368766387544,0.214786857539678
1192,0.2,20,2,0.3406660054936188,0.16624102201002125,0.22381686213548863,0.20150958243646172,0.2382346226969205,0.2159273429978936
1215,0.2,20,2,0.43264848042570486,0.21707732242326883,0.10890862353750197,0.09161857929978291,0.12228562060861081,0.10499557637089175
1148,0.2,20,2,2.7861316755503647,1.387528699617758,0.1100241555720905,0.0485182218626354,0.11864708309483893,0.06200556279931097
1427,0.2,20,2,0.25386378586959235,0.12487012206974768,0.22448414555496754,0.19497068643384102,0.22448414555496754,0.20359361395658943
2079,0.2,20,2,0.9594624822081531,0.52971148768825,0.3392631864739274,0.29952653668451573,0.34992243292653796,0.31457783764230074
1748,0.2,20,2,0.19986555046233515,0.10683776508838114,0.3854044260988786,0.3665068827406603,0.3902688395128058,0.37137129615458747
558,0.2,20,2,0.25348857558472154,0.12516747657155586,0.2574230826999759,0.242425183938107,0.2660460102227243,0.24973785478589217
724,0.2,20,2,0.17068513129653132,0.08444809813181815,0.2709435102903768,0.2709435102903768,0.2853612708518087,0.2853612708518087
1145,0.2,20,2,0.24670729050362444,0.11415567334350187,0.25676234933150643,0.2362664154752198,0.26538527685425484,0.2491782598189033
831,0.2,20,2,0.23661684055994464,0.13242251677113343,0.2515814287851702,0.2345012822926986,0.26599918934660216,0.25267755696295185
2054,0.2,20,2,0.18864184131340003,0.07970856074366907,0.20357166419922126,0.17221004860307934,0.213125011346726,0.19038632327333252
2044,0.2,20,2,0.26052649297518865,0.1198859473635144,0.25702163411962253,0.2334750380187967,0.27143939468105444,0.25275721199415574
2222,0.2,20,2,0.23728202065925433,0.1320154554619464,0.3119148986057211,0.3005736882327046,0.326332659167153,0.31360816751913095
2418,0.2,20,2,0.41767532517949324,0.2299679142134429,0.29775230824116,0.26177227034358796,0.30841155469377063,0.2724315167961986
380,0.2,20,2,0.6923411767172876,0.3734497325541912,0.41409733258198644,0.3897249522301669,0.41409733258198644,0.393584837547468
1285,0.2,20,2,0.43885711995502086,0.19844115768509957,0.13492489096468846,0.09161356320885912,0.1450104073000666,0.10053357195079227
1288,0.2,20,2,0.23747927294830184,0.11564876577492986,0.23340572862717077,0.2293889413617565,0.2420286561499192,0.2347063256710893
2219,0.2,20,2,0.26045420945556275,0.1465026889450593,0.2639429218113283,0.24516207089037773,0.2725658493340767,0.24799016537444266
1746,0.2,20,2,0.18930291022122006,0.09582039651307293,0.2538336293454253,0.23291911350927136,0.2682513899068572,0.2424724606567761
80,0.2,20,2,0.12744608887441988,0.06201655574814217,0.2622158816068474,0.24849994209786463,0.2766336421682793,0.26291770265929654
1045,0.2,20,2,0.15855213115989925,0.07987803954126277,0.23366786656116845,0.22004771462136907,0.24808562712260035,0.23446547518280098
1236,0.2,20,2,0.2866241287673479,0.14702425722807055,0.23515082019812536,0.20942647723347863,0.23515082019812536,0.21804940475622703
1055,0.2,20,2,0.2747280672706289,0.14097114454672047,0.3784494226845724,0.3667761701704398,0.3833138360984995,0.3716405835843669
915,0.2,20,2,0.20738562680491848,0.10191936894781672,0.276956107548896,0.2556840287465276,0.2913738681103279,0.27010178930795953
414,0.2,20,2,0.3116993020133764,0.16612356592083208,0.22266691080093753,0.2121077034134631,0.23812531073313203,0.22506118815284054
2184,0.2,20,2,0.24109121661423205,0.12246639891712081,0.37141052371769073,0.3473523768915812,0.37141052371769073,0.35046785272834696
2109,0.2,20,2,0.7333671589767833,0.4438461622991288,0.43637763370143934,0.42665501973669856,0.4407696882066138,0.4273540730044332
24,0.2,20,2,0.336279557147708,0.18600919784703668,0.23984047263322256,0.20706224598714768,0.24986617868948,0.21269589753823065
967,0.2,20,2,0.32165192409458415,0.16956757074776915,0.21908459882001163,0.20145021532275492,0.23350235938144354,0.21586797588418682
1441,0.2,20,2,1.1843563507717938,0.6552442530284467,0.3993115417628024,0.38106842046976275,0.409970788215413,0.39752249996105676
2121,0.2,20,2,0.188709491901092,0.09901641846064158,0.3046851227668904,0.29462624168806084,0.3133080502896389,0.3032491692108093
1966,0.2,20,2,0.212817539055514,0.10855008854398047,0.37880599796218095,0.3684916718820012,0.3836704113761081,0.37593939194482073
2267,0.2,20,2,0.2068604593033003,0.10001579712396252,0.3541419340243713,0.32529636056565014,0.3649100304345611,0.33167240247066554
1618,0.2,20,2,0.29393043615348563,0.1437115613327884,0.20735230860787968,0.16562449507229593,0.21597523613062808,0.16845258955636086
2316,0.2,20,2,0.25467377348125037,0.1353477806899601,0.27718367414261297,0.261185627814584,0.2820480875565401,0.26556852458099434
841,0.2,20,2,0.37632267649911844,0.1861700065989933,0.2722030921305632,0.2438019872154592,0.2808260196533116,0.24609791251165075
34,0.2,20,2,0.20087471585114738,0.10906993046459688,0.2065536893344136,0.19874414925356088,0.21141810274834072,0.20803139603514773
729,0.2,20,2,0.268653083433736,0.1264041622012393,0.20044901594875053,0.18330718449068123,0.209071943471499,0.1893469006323723
2637,0.2,20,2,1.4744323840150404,0.8029168660715192,0.41613067743750104,0.33194187724052027,0.42099509085142817,0.3246696368580503
1692,0.2,20,2,0.22687487277178636,0.10908952234171465,0.25450217479907233,0.24168417184550664,0.2686659724516316,0.26071238291199306
614,0.2,20,2,0.2119050810511322,0.10767156201191683,0.22763833667674677,0.212894770750554,0.23626126419949517,0.22731253131198584
2888,0.2,20,2,1.5337331601815358,0.8216439225905514,0.355176151717981,0.3172016955220799,0.37022745267576607,0.33225299647986495
2537,0.2,20,2,0.3162284661137241,0.16709009622783877,0.2876833539019748,0.262302280041323,0.29254776731590193,0.2613718604165667
1765,0.2,20,2,0.33344065040892834,0.17327219135492614,0.28974361670919446,0.2659385234105947,0.30416137727062637,0.2803562839720266
725,0.2,20,2,0.4363579588214254,0.2567530449074122,0.22943388726985597,0.1993230005627657,0.23660907027317207,0.21605153071358654
1890,0.2,20,2,1.918948202237275,1.0055163106116365,0.20322682019541394,0.17357123506539393,0.20761887470058837,0.17473674265883887
1822,0.2,20,2,0.25733237299839057,0.11986258598237108,0.13453130772590113,0.10537843781406765,0.14315423524864956,0.12355471248432082
145,0.2,20,2,0.8452558519176171,0.5157942126733287,0.4884526952152771,0.47936677816900425,0.49331710862920425,0.4842311915829314
2700,0.2,20,2,0.3971420733105269,0.19523204369865155,0.20267711243583175,0.17710594733239804,0.2085216753811258,0.19250385742519682
2895,0.2,20,2,0.21595772288161735,0.10869664814879823,0.36521776587361465,0.34179734492528857,0.37384069339636306,0.34901749391452797
445,0.2,20,2,0.7454947965863671,0.4221740309204481,0.34620832180705624,0.33606729041380645,0.35546478972615786,0.3395289252942246
341,0.2,20,2,0.7292285622907543,0.38974141813282187,0.45618148044623535,0.4215216632050265,0.46057353495140985,0.425913717710201
652,0.2,20,2,0.3975694514982086,0.2003950035994959,0.2677692524909102,0.24754594803395424,0.2805571448496159,0.26848440900665566
1492,0.2,20,2,0.5946409981571568,0.324261586787553,0.38715897465842697,0.33150028554279376,0.39155102916360146,0.33150028554279376
352,0.2,20,2,1.1684486394926585,0.6459209444944498,0.4070757619725922,0.3819627741324454,0.4070757619725922,0.38635482863761983
290,0.2,20,2,0.2778282271321889,0.14059769421944157,0.27268994331564556,0.25392090453465666,0.28710770387707746,0.26833866509608856
2062,0.2,20,2,0.327543469449655,0.15770592128971753,0.27802068272319436,0.2659498044935604,0.29243844328462626,0.28036756505499233
2772,0.2,20,2,0.8236474018858003,0.4743774231845627,0.48019469484976124,0.44985983326890544,0.48458674935493573,0.45425188777407993
1846,0.2,20,2,0.21600168239556922,0.09972640725119032,0.334534589566314,0.29522146736749516,0.334534589566314,0.2914629532586739
9,0.2,20,2,2.9176945040523408,1.4591272466340899,0.12317068389612132,0.02683092376762547,0.13179361141886975,0.025835368328086347
1235,0.2,20,3,1.7892178299937203,0.9875112193755253,0.17787278434679898,0.1624384052416363,0.18825342312841326,0.17276151656909916
1648,0.2,20,3,0.1850860509376368,0.09635585595841177,0.2672831563118272,0.2572961064734566,0.2817009168732591,0.2717138670348885
1607,0.2,20,3,0.3506157731876366,0.18763114483399781,0.20992379792852,0.17943352053741185,0.2243415584899519,0.19272711023633105
1449,0.2,20,3,0.6585446763463235,0.36400639390882017,0.1188349409531405,0.031861304970549675,0.11976536057789681,0.037656138009233134
11,0.2,20,3,0.6022115107718973,0.34688064164256194,0.27256563354196345,0.25295261626146737,0.283224879994574,0.26414403190195135
1753,0.2,20,3,0.23224470122238577,0.11974955819359544,0.2919025779908424,0.27951331676692653,0.3005255055135908,0.2930558351663355
2042,0.2,20,3,0.2780638004077189,0.14972170614970165,0.37016670486130254,0.3512156237464955,0.375,0.35604891888519297
2939,0.2,20,3,0.3775235479067162,0.1671457468144223,0.2277047377273656,0.20727559728595346,0.23836398417997623,0.22169335784738536
1439,0.2,20,3,0.2987163255115704,0.1420960562351245,0.3390705204370943,0.31830318615335096,0.3476934479598427,0.3350413439905659
2114,0.2,20,3,0.31766656274781235,0.16526789264727412,0.09284717764493619,0.025158772244263425,0.10726493820636808,0.039576532805695314
1368,0.2,20,3,0.30031608822147343,0.1680558905480999,0.2941311296335387,0.28829133204638446,0.3091824305913238,0.30127612017403604
1005,0.2,20,3,0.29289928249052966,0.15138214140349687,0.250129582476053,0.23551760901567015,0.26237282584206767,0.24829302156955824
1713,0.2,20,3,1.225470560977064,0.6985163195138218,0.43820211228982786,0.42691180643874427,0.43820211228982786,0.42204739302481714
385,0.2,20,3,0.2860453258336292,0.1630784266499186,0.25960969459285954,0.2452348106562077,0.26916304174036426,0.25965257121763957
827,0.2,20,3,0.9207221292237762,0.5110272056442225,0.45598044760859535,0.424801281608723,0.45598044760859535,0.42919333611389743
2275,0.2,20,3,0.2491711004471142,0.11945196042045648,0.3060609416899427,0.2889395189932458,0.3060609416899427,0.29067030790337167
329,0.2,20,3,0.22512256538013262,0.12209602908049631,0.31562763459796117,0.3006189617459712,0.330045395159393,0.31264482357023793
15,0.2,20,3,1.6501112614384263,0.8872448440723392,0.2269863550071135,0.20612492822014125,0.23660483796940102,0.2238939797964245
230,0.2,20,3,1.1641261433715144,0.669317045694773,0.4358939763389097,0.4282169188129984,0.4358939763389097,0.42973630798067225
10,0.2,20,3,0.24219045889307417,0.11418790144716756,0.32248492431374015,0.29142240559456933,0.33110785183648855,0.29864255458380873
140,0.2,20,3,0.20935148383794078,0.11151297211410566,0.38702454475004094,0.3852847973283847,0.39564747227278935,0.38951567034595863
428,0.2,20,3,0.17996974851700723,0.0909008031959953,0.2936177628659067,0.2866396992736476,0.30275696584742134,0.29577890225516223
287,0.2,20,3,0.24367395844712433,0.11577778223046223,0.23290054584595804,0.21113193496942004,0.24731830640738992,0.22608186471872532
1127,0.2,20,3,2.4761074884753134,1.1853545970759158,0.22756708207171553,0.17924048147501115,0.23243149548564268,0.18849694939411277
2197,0.2,20,3,0.269538428454867,0.11545137415239883,0.2098453029788377,0.1775055960104295,0.21846823050158612,0.1898551252268729
2188,0.2,20,3,0.2918870909671766,0.15440612971261902,0.45532464829504765,0.42547382252078897,0.45532464829504765,0.42108176801561453
822,0.2,20,3,0.3219894819795996,0.15351940676331294,0.3144489720888694,0.3055142709038956,0.3144489720888694,0.3103786843178228
100,0.2,20,3,0.18204525071876346,0.08735506667233303,0.2961801118605765,0.2890851478275631,0.3048030393833249,0.2977080753503115
26,0.2,20,3,0.32993739222868573,0.16915574678042217,0.34189635807952,0.3217019034262538,0.349273273382844,0.3290788187295778
903,0.2,20,3,0.24781906213916588,0.12240197085572088,0.2643174020383518,0.24033913329609255,0.27294032956110026,0.24316722778015754
1803,0.2,20,3,0.3227481603223138,0.13975789096459368,0.37485967101924517,0.3466718746600227,0.37485967101924517,0.3385213060460269
2594,0.2,20,3,0.23889324912761026,0.11280595259023866,0.2226446920181072,0.20537389577680215,0.2226446920181072,0.21492724292430687
2397,0.2,20,3,0.3152540508290825,0.16057746854721383,0.30532370491291577,0.2867424253303378,0.3197414654743476,0.29857687924287724
16,0.2,20,3,0.23541229586046278,0.11510250667174858,0.27413741623329146,0.2685912818470176,0.27413741623329146,0.26797598597696787
2444,0.2,20,3,0.25197083221501376,0.12371583525664043,0.18321090225082431,0.1727889823444346,0.19762866281225616,0.1899119185310234
942,0.2,20,3,0.22921099638674902,0.12357016000351323,0.3074210456609637,0.29508434457813554,0.3160439731837121,0.30370727210088394
304,0.2,20,3,0.1860380622864817,0.07973999306880052,0.24322394830402772,0.240760100348616,0.2576417088654596,0.2551778609100479
1577,0.2,20,3,0.3579722041340151,0.2008509447085601,0.20874333996662353,0.17202512668050018,0.2231611005280554,0.19662977478578997
2134,0.2,20,3,0.9331358593606208,0.5281728311551797,0.5,0.4357416014759861,0.5,0.4357416014759861
2199,0.2,20,3,0.5094613328219554,0.2658610234235923,0.35307307190896514,0.337927814019379,0.36232953982806676,0.3428953651175455
256,0.2,20,3,0.24355636280180307,0.1232797092594122,0.3751278176230027,0.35916531819232356,0.3751278176230027,0.3510147495783278
2719,0.2,20,3,1.0534135858361309,0.5691487355532505,0.47913012689906764,0.41174702069811037,0.48399454031299477,0.4160792649241641
2463,0.2,20,3,0.2974260160576051,0.16908349796510377,0.24736642901555667,0.19154317975046525,0.25598935653830507,0.1943712742345302
2296,0.2,20,3,0.42141565120197705,0.20284137846260383,0.3296444600424981,0.32374095645656875,0.3484542751091044,0.3381587170180006
425,0.2,20,3,0.2525252664863894,0.12413149942500609,0.3058799026849322,0.285490475294505,0.3145028302076806,0.2941134028172534
2985,0.2,20,3,0.27436518392426434,0.13690763219491436,0.19572047796938435,0.17502494193136772,0.20434340549213278,0.1778530364154327
2195,0.2,20,3,0.2807549935622978,0.13154896229086935,0.308200219394607,0.296908721887929,0.308200219394607,0.2985097064152361
1847,0.2,20,3,0.3846190631962859,0.21066342306653263,0.296611817603771,0.28627528633428156,0.2979703206373232,0.28237112551702376
1629,0.2,20,3,0.43280800036158856,0.24284478041249316,0.2447978499417019,0.22535056111999135,0.2534207774644503,0.2388379020566669
1375,0.2,20,3,0.31153699159532605,0.16928038217119765,0.33558051771828057,0.33457921621072134,0.3404449311322077,0.34032206177725427
1790,0.2,20,3,0.31109922606371165,0.15614366832561602,0.13105869643627294,0.08392943157651217,0.1454764569977048,0.09834719213794405
1998,0.2,20,3,0.17952585396567008,0.10172819746625371,0.2875492677643635,0.27900578656384634,0.3005290019079246,0.2957440348162287
1352,0.2,20,3,0.38188863955282937,0.1745256152581596,0.2315064317357156,0.20694969582154515,0.24012935925846407,0.20977779030561017
2059,0.2,20,3,0.2205044501591921,0.10091326327646566,0.1975550979982384,0.15356629662493715,0.21197285855967032,0.17174257129519038
1738,0.2,20,3,0.5395302621380679,0.29196401157530844,0.2526881653736684,0.20476926618567537,0.25901516760022525,0.21109626841223222
161,0.2,20,3,0.2703418060386131,0.12356146156294812,0.2418134344634134,0.2258180436092014,0.24557194857223472,0.22471214430409558
2218,0.2,20,3,0.23272491929772327,0.11774592145861366,0.2799640872876479,0.27064388212413326,0.2943818478490797,0.2855938118734385
1870,0.2,20,3,0.28758892911041006,0.13485865512760845,0.19644347129433126,0.1845424754281124,0.20710271774694183,0.19959377638589743
1513,0.2,20,3,0.5392636609684144,0.29343436385931654,0.2508483953166219,0.2342526028916114,0.25214852893822304,0.2404171499271397
1125,0.2,20,3,0.363707389162963,0.19371497633393903,0.3294144702282856,0.3078711456470956,0.3438322307897176,0.31954503767461934
305,0.2,20,3,0.2566799141919636,0.13070069521286917,0.26662817022302154,0.2531530078057942,0.28104593078445345,0.2675707683672261
566,0.2,20,3,0.24488493172874015,0.13010610071342513,0.24457808959982952,0.21029545648508582,0.24833660370865082,0.20918955717998
2223,0.2,20,3,0.8812468310208175,0.4907183320196295,0.4706253590337918,0.4159675437492727,0.4750174135389663,0.4203595982544472
833,0.2,20,3,0.26305515001582486,0.1307034253301378,0.3143441057162536,0.30464263855773477,0.31920851913018067,0.3132655660804831
2977,0.2,20,3,0.27239311224888657,0.1516550149940475,0.2338570562021931,0.2253257670550046,0.24341040334969782,0.23974352761643647
2671,0.2,20,3,0.37497238706547226,0.18699516849411701,0.06935972904381305,0.017357423963190677,0.0751545620824965,0.023152257001874135
2301,0.2,20,3,0.22201596783183014,0.11552837935530705,0.27817129278218816,0.25756290445477953,0.29258905334362006,0.26642310291759197
2657,0.2,20,3,0.38569033703881633,0.21384269866820824,0.39731950108899006,0.38218702573709784,0.4161293161555964,0.40046467161583077
918,0.2,20,3,0.3048711898083986,0.1311266221712768,0.25622979736257756,0.23768428912691258,0.25622979736257756,0.243245347322758
928,0.2,20,3,0.16269234025726487,0.08300621724116894,0.3317979439194004,0.3192752270778799,0.3404208714421488,0.3278981546006283
1626,0.2,20,3,0.48736131644034647,0.29034961334184844,0.15784981636329132,0.10984035116322272,0.1632646705224987,0.11525520532243011
2847,0.2,20,3,0.23706708997338236,0.11322982180766178,0.24543982067628878,0.20880564854968986,0.2540627481990372,0.21163374303375482
2342,0.2,20,3,0.23132573579875113,0.10782049983902749,0.2161740196861044,0.1627534484064262,0.2305917802475363,0.1771712089678581
1522,0.2,20,3,0.31367235185785686,0.14449867097315866,0.2660347554996666,0.24911327231131566,0.27465768302241506,0.25633342130055514
1412,0.2,20,3,0.4112103454243806,0.1924196372709425,0.1618244643661666,0.1256996096506165,0.16872519670995595,0.14075091060840159
1679,0.2,20,3,2.0809774952948263,1.096902045137478,0.14913294426477544,0.12257126013242367,0.15658066432759493,0.13377749430406444
572,0.2,20,3,0.22405105863068187,0.1137485239292609,0.32190812203211117,0.31403014799922235,0.33053104955485957,0.3182623729989459
1401,0.2,20,3,1.0070149774434798,0.5669562485457238,0.3941385786503672,0.3824837904825427,0.3978970927591885,0.3911067180052911
2194,0.2,20,3,0.2012282295764728,0.09671189065430551,0.18274009901950322,0.16095891715471008,0.1971578595809351,0.1839996052388904
2720,0.2,20,3,0.21911164259768556,0.1035824270917445,0.30050966394463663,0.2628912545360937,0.31492742450606853,0.2817010696027
2068,0.2,20,3,0.6527964115474559,0.3635001482899658,0.34491516649312387,0.33604710361980017,0.34930722099829836,0.33950455408070107
2629,0.2,20,3,0.7896223334792069,0.45090372760640623,0.2916413252328055,0.282740598099831,0.30089779315190707,0.2940890488097843
2043,0.2,20,3,0.32152161242093913,0.1500850644806143,0.15695719784541018,0.14031704060695702,0.1655801253681586,0.143145135091022
2416,0.2,20,3,0.298102873840139,0.1409645024311693,0.24363282778059392,0.23314386640113055,0.2522557553033423,0.2509201241587412
1085,0.2,20,3,0.3353955934076868,0.14917371631495163,0.25614527750121024,0.2409028428986429,0.2705630380626421,0.26166242421778835
557,0.2,20,3,1.1108652894919202,0.6335559567705227,0.38106112481557397,0.32892739452405434,0.3925143375446926,0.340380607253173
834,0.2,20,3,0.2517283054880481,0.12272465178564164,0.30081390831330124,0.2653574402321335,0.30081390831330124,0.2615989261233122
906,0.2,20,3,0.6264169947534496,0.3628078173301002,0.31183615263946307,0.28192510184435676,0.3167005660533902,0.2867895152582839
694,0.2,20,3,0.1825857633753815,0.08443717608349598,0.3177670225063394,0.3051106488454863,0.3263899500290878,0.3137335763682347
472,0.2,20,3,0.7619336935746306,0.42275256911572673,0.1765568252465572,0.17001046480840448,0.18611017239406197,0.17469939854198213
2337,0.2,20,3,0.15587321925606618,0.0750318155190313,0.2014543226171746,0.17574938404927834,0.21100766976467936,0.18043831778285593
306,0.2,20,3,0.22570892080208024,0.12331055743402822,0.1969336405602275,0.1801355811533899,0.20179805397415465,0.1945533417148218
1720,0.2,20,3,0.23361899603919664,0.11027350058782591,0.3111095638987514,0.29700695007903744,0.3197324914214998,0.30562987760178584
2810,0.2,20,3,0.25087460048466187,0.1026565249282664,0.2907895486705796,0.27366042615963815,0.2907895486705796,0.27638518522238614
105,0.2,20,3,0.44822324948291353,0.21156356183974254,0.28078276751972275,0.22798207485048622,0.29520052808115466,0.24239983541191812
1433,0.2,20,3,2.573206281337906,1.25486359743511,0.16949939446680473,0.1500689503800502,0.17812232198955316,0.15869187790279862
2273,0.2,20,3,0.2623101063115797,0.138240251047236,0.27350190722932066,0.26406618943426813,0.2821248347520691,0.2760432613220633
2935,0.2,20,3,0.4760593473582241,0.2618902976154408,0.16605366822682438,0.15614914558452755,0.17467659574957284,0.16537513848455163
1421,0.2,20,3,0.49836330775788035,0.25417870018316646,0.1453678182720371,0.13444486492244062,0.1500567520056147,0.14399821206994537
1407,0.2,20,3,0.5864838845055406,0.3075551193772574,0.2587218277493491,0.24519474309410463,0.2630125110460438,0.2508882049243083
214,0.2,20,3,0.22820878815222068,0.10901780100671143,0.2586410983692413,0.2098025769865191,0.2730588589306732,0.224220337547951
2984,0.2,20,3,0.39013292151933937,0.19085416925686036,0.16726788346962285,0.12941831703567336,0.18168564403105475,0.14383607759710526
2534,0.2,20,3,0.1981430432927961,0.11286848811448524,0.28016734743508515,0.2660887893248964,0.28972069458258987,0.2848986043915027
288,0.2,20,3,0.45744441946943504,0.2237909431158208,0.29082963935053546,0.2798029876045841,0.3096394544171418,0.2946430556693794
2852,0.2,20,3,0.27468564554868274,0.13709280009167166,0.35243698728012685,0.3413742040822652,0.35243698728012685,0.3413742040822652
2804,0.2,20,3,0.4809289673331623,0.2743008805981323,0.2865086657997576,0.27662453457959396,0.2876281260703883,0.2835388278889081
388,0.2,20,3,0.42592065260213763,0.24011177149794755,0.318577919116047,0.2854930539928967,0.32720084663879545,0.2891917578225973
2102,0.2,20,3,0.2277999463286086,0.11743908554563731,0.3282877125136562,0.31882570192922927,0.34090978442226044,0.32758788852053244
2623,0.2,20,3,0.7202276656864988,0.42344966433716236,0.4655608925215168,0.4420438797708767,0.4655608925215168,0.4377931057265067
264,0.2,20,3,0.3177342245483761,0.152485853883642,0.2423291754869686,0.209747040641467,0.24719358890089577,0.22265888498515055
2365,0.2,20,3,0.2196680773077265,0.11970162091849514,0.34440849183870287,0.32438071598572327,0.3530314193614513,0.33792786720151957
1454,0.2,20,3,0.19481143144766855,0.09813853530920091,0.21828292532599974,0.20173352484486382,0.22894217177861037,0.20863425718865314
578,0.2,20,3,0.34778473658010783,0.17181304661773916,0.22967091990794564,0.21467397072107883,0.24408868046937754,0.22909173128251073
1625,0.2,20,3,1.625147393972984,0.9049962824069459,0.3562256371824898,0.3452252093692793,0.3552952175577334,0.33849995670583943
2950,0.2,20,3,0.16864657293051621,0.07765278811121554,0.3306963426619575,0.324183800528872,0.339319270184706,0.3328067280516205
1135,0.2,20,3,0.23950177455609067,0.11591631818715263,0.31089136997026284,0.28433706295512223,0.31575578338418997,0.2854429622602281
1517,0.2,20,3,0.1991541679346625,0.10526617543881625,0.18079089903380152,0.17451312953127265,0.18454941314262283,0.16761239718748336
866,0.2,20,3,0.22694997123039462,0.11998625807409599,0.23894040401135608,0.23894040401135608,0.253358164572788,0.253358164572788
199,0.2,20,3,1.186358331035629,0.6489308429063445,0.37367324013734227,0.3642498351264859,0.37367324013734227,0.3729097576043407
228,0.2,20,3,0.5327760211508735,0.29228305813702776,0.42466655405068954,0.39890269572767767,0.43392302196979116,0.4076269944589059
29,0.2,20,3,0.25273863802398516,0.13678937141415998,0.3317540440550548,0.30180065090537633,0.3403769715778032,0.3090207998946157
2998,0.2,20,3,0.2741174993912924,0.14161392228296465,0.3320957598023707,0.3217400310050041,0.3320957598023707,0.3208683891929453
1036,0.2,20,3,0.2471292671681566,0.11377976458107253,0.233298578047058,0.22239064907517828,0.2477163386084899,0.23082026456243476
2376,0.2,20,3,0.2424655968086813,0.12237666746014682,0.22419820238657473,0.18864778419110967,0.23861596294800663,0.20306554475254157
1486,0.2,20,3,0.16029776674958673,0.08488735961498203,0.29438150108151634,0.25646567201040116,0.30300442860426474,0.26508859953314956
1951,0.2,20,3,0.18283428006150484,0.08998163762658595,0.3026006414809253,0.29186899408245043,0.31325988793353593,0.3030604506555783
399,0.2,20,3,0.45933710732008826,0.25135393405590983,0.3548328415647027,0.29149252325611996,0.3596972549786298,0.2963569366700471
1743,0.2,20,3,1.926574028848728,0.9988373301371226,0.32115829843743704,0.3090588329448252,0.33041476635653866,0.31831530086392684
2384,0.2,20,3,0.19759783229659142,0.11133755508173349,0.32911580051937306,0.2972446252149987,0.33287431462819433,0.2961387259098929
622,0.2,20,3,0.2711960644411043,0.1386380603506638,0.34106361279290376,0.33044584404035904,0.3459280262068309,0.33531025745428616
2698,0.2,20,3,0.2532670760109001,0.1386169721879933,0.29578254409673016,0.2744440084250165,0.3064417905493408,0.2851032548776271
1004,0.2,20,3,0.4052520239815679,0.19712745998949366,0.298842751262703,0.27985447440481,0.30746567878545145,0.282682568888875
1555,0.2,20,3,1.0687845606602122,0.6030111448100745,0.45843127902793007,0.40185399675070127,0.45843127902793007,0.39380656582094486
2954,0.2,20,3,1.51049364666489,0.8077889612297714,0.39828403082344704,0.35271998465462545,0.40314844423737417,0.3484382740150177
2649,0.2,20,3,0.35945136250075166,0.1680386747665306,0.2861512133673978,0.24220110624882946,0.29950107341018856,0.2555509662916202
2263,0.2,20,3,0.16419766027902158,0.07256584753765591,0.24349348341082488,0.23212503224560918,0.25211641093357334,0.24546757543790904
2008,0.2,20,3,1.0718940825228136,0.6357482652259271,0.4390906584007841,0.4137007245676222,0.4390906584007841,0.4174592386764435
2049,0.2,20,3,0.24946327267112162,0.12526549468724907,0.375,0.35615281576355834,0.375,0.35615281576355834
1798,0.2,20,3,0.2444344540132773,0.14089240101379794,0.2597591716271719,0.2481652701803485,0.2741769321886038,0.2625830307417804
2261,0.2,20,3,0.37676245008201964,0.20272043387730412,0.33124025572610605,0.3019703342934118,0.3361046691400332,0.3010399146686555
2974,0.2,20,3,0.24014779231418817,0.12060050707060285,0.3537166171992073,0.3514751530615254,0.36216919738188674,0.35992773324420485
2945,0.2,20,3,0.9686257783094238,0.5515075046519785,0.3909077521264858,0.3674193894565345,0.3909077521264858,0.37556995807053023
2574,0.2,20,3,1.0063312553655464,0.5809375117036836,0.40784979445531566,0.39989988231591067,0.40784979445531566,0.39550782781073623
2878,0.2,20,3,0.4557815185676385,0.2572902632948974,0.35802750514292125,0.31958776245024456,0.3624195596480957,0.31818498391673555
1432,0.2,20,3,0.27435668137216956,0.13384903245504856,0.2964872345326684,0.27309109917315494,0.3013516479465955,0.2741969984782608
1223,0.2,20,3,2.1356411815871517,0.9759484248295277,0.17958188448176493,0.15316599090024338,0.18444629789569209,0.15320931830536202
1335,0.2,20,3,0.2220874932909521,0.11762661524930948,0.3096725712290856,0.2960151979732412,0.3145369846430127,0.29871402855725687
1376,0.2,20,3,0.34735194489612264,0.17592071773015303,0.28043825653709237,0.259251757839866,0.29485601709852427,0.2780615729064723
2333,0.2,20,3,0.352992067250745,0.1934989389364876,0.40269926896388664,0.39533952226995395,0.4177505699216717,0.410390823227739
747,0.2,20,3,0.7814816200963476,0.4117441823820007,0.3070064050734471,0.26503349242486673,0.31187081848737425,0.2742899603439683
1124,0.2,20,3,0.21019541995428356,0.11480074455098248,0.28337513724160784,0.2531776365884223,0.2940343836942184,0.2638368830410328
1544,0.2,20,3,0.1861650923595309,0.10763797158704577,0.26433603320463667,0.24727158062177207,0.2692004466185638,0.2483774799268779
2680,0.2,20,3,0.8850587015430473,0.5023690186493983,0.13168861967207682,0.11601868608782007,0.1402012033292585,0.1196668563310746
2654,0.2,20,3,0.3838657523113598,0.17371600988259353,0.2941190694811313,0.2552938460332555,0.3085368300425632,0.2697116065946874
168,0.2,20,3,0.35512037911358696,0.18355202511803118,0.2517404994212009,0.24528667708819,0.26129384656870563,0.24997561082176756
2245,0.2,20,3,0.32808688302030947,0.15466361809972773,0.24407192246417675,0.2216106658778934,0.25848968302560865,0.2360284264393253
2471,0.2,20,3,0.1689878692056164,0.07654719515142759,0.32929121276456647,0.2968276930107093,0.33791414028731487,0.30545062053345773
1697,0.2,20,3,0.17533758161498608,0.08052580518104768,0.3081130893060484,0.29053287688968465,0.31187160341486975,0.2948235601863794
2360,0.2,20,3,0.7724420353933015,0.43902538437882344,0.375,0.3324784639942951,0.375,0.3324784639942951
2171,0.2,20,3,0.4834447098037755,0.2928948209896827,0.20739184490956414,0.16746388751251473,0.21694519205706891,0.18188164807394663
245,0.2,20,3,0.18695292754627701,0.1023205269748384,0.24271213350325113,0.21371668523527143,0.2475765469171783,0.22813444579670333
2214,0.2,20,3,0.2084166950608733,0.10925242112166177,0.27777168560813353,0.27012999889746064,0.29218944616956544,0.2801557049537181
2252,0.2,20,3,0.24781965093209596,0.1341175406334298,0.3489917167159269,0.3429579100449644,0.3527130481064761,0.3451599301151677
1287,0.2,20,3,0.2850390227026416,0.12915840796442077,0.3457120296286502,0.3378234133240964,0.3505764430425774,0.34268782673802356
677,0.2,20,3,0.2324428438267095,0.1309252242227806,0.3223052843671005,0.29634646354947236,0.3223052843671005,0.2881958949354766
1562,0.2,20,3,0.7216423924727774,0.4030150844102284,0.43091453198369895,0.41348089920759507,0.43091453198369895,0.40861648579366794
762,0.2,20,3,0.2984138467634748,0.16053237637474282,0.3021543360326416,0.2818746550797982,0.31202457554076224,0.29174489458791886
835,0.2,20,3,0.2824146915466993,0.14698477278912944,0.27392953290413513,0.26240069866559296,0.288347293465567,0.28168287264095193
1091,0.2,20,3,2.139440684097352,1.1313271178957,0.21610798857816613,0.1948244046627239,0.2205000430833406,0.19661094824077122
2829,0.2,20,3,0.3075531674111485,0.15021606130113532,0.20939507006266528,0.19506020752216574,0.22381283062409715,0.21323648219241892
2874,0.2,20,3,0.7560986826164344,0.4409069333749259,0.24516837857404938,0.23891347294357934,0.24828385441081513,0.2468500347891536
716,0.2,20,3,0.2524833688332786,0.12000485062191486,0.33415020027330483,0.31243402650750346,0.34277312779605323,0.32105695403025186
466,0.2,20,3,0.40470493861741863,0.21946046991375015,0.20057414003413182,0.18215101502379194,0.21499190059556372,0.19656877558522384
2182,0.2,20,3,0.31636570400251346,0.1523022475498474,0.19616616778732998,0.19005559050243526,0.20571951493483473,0.20447335106386716
731,0.2,20,3,0.2690080868879028,0.14240405153123945,0.24090314821198078,0.2307005547891951,0.2553209087734127,0.245118315350627
2323,0.2,20,3,0.37264918267935565,0.18450612388355347,0.26628985000229766,0.25330610623949273,0.27625770850999215,0.26813837816111435
2717,0.2,20,3,0.317448862729807,0.15157998553438684,0.15240084263353582,0.13375431401915575,0.16102377015628425,0.1484011718974662
2876,0.2,20,3,2.098938417736362,1.1186146082616126,0.35153746936369223,0.33645632823082927,0.3665887703214773,0.35150762918861433
231,0.2,20,3,0.22103532337691673,0.11346484680173068,0.2776067865447912,0.25986481440729203,0.27835586680205177,0.25481906162586915
2411,0.2,20,3,0.16286854442638365,0.07683835740777077,0.20039661149050028,0.16817085248184066,0.20994995863800503,0.1863471271520938
223,0.2,20,3,0.6528812846018199,0.3425868827108284,0.2850408735943847,0.25054191588675656,0.287624180243277,0.2533131924159675
1690,0.2,20,3,0.24490806730038445,0.10520051110160182,0.3600786847044622,0.33843618249326024,0.3669536194368425,0.34531111722564056
1464,0.2,20,3,0.3358915535328459,0.1567658207858806,0.17160611596999564,0.1530632376538953,0.18022904349274405,0.15589133213796022
675,0.2,20,3,0.2062831677855802,0.0951829068703735,0.36868948705783017,0.3505727472754089,0.3773124145805786,0.356612368149265
1351,0.2,20,3,0.3588461353747889,0.19289087902135418,0.2522768871613066,0.23878580922146841,0.2618302343088113,0.243474742955046
642,0.2,20,3,0.21222960847834754,0.11812997309057618,0.2707090356699826,0.26411279191189446,0.28136828212259324,0.27853055247332636
1146,0.2,20,3,0.8669225058932645,0.4808193504669149,0.2862838207405924,0.26288279323287134,0.2906758752457669,0.2671645038724791
641,0.2,20,3,0.2884152643703687,0.13403111047400887,0.24322862884704027,0.21861922271105722,0.2480930422609674,0.23153106705474072
2978,0.2,20,3,0.5944640439621668,0.3495715928355853,0.3022304203193652,0.2832395529319128,0.3107617772526303,0.2864829471889424
2443,0.2,20,3,0.3833628139026743,0.20864262949762669,0.15742891890612687,0.09908148625395868,0.16698226605363162,0.10810266421359002
1380,0.2,20,3,0.33497131646514144,0.14190602607932915,0.2089730473336684,0.18971845221076356,0.21963229378627896,0.2036418902220598
2242,0.2,20,3,0.20508601644679886,0.10988046801984161,0.29842440728859326,0.2877666012466096,0.3070473348113417,0.29638952876935803
2122,0.2,20,3,0.22714318169250902,0.1031915840326339,0.3413855991185209,0.31792590737479204,0.3500085266412693,0.32654883489754044
935,0.2,20,3,0.3573105789623896,0.1881493167000961,0.2571585587719451,0.24741617913175867,0.271576319333377,0.2618339396931906
1170,0.2,20,3,0.20630242298277,0.08838223289093061,0.33715397844582434,0.3039889005026164,0.34577690596857275,0.3170038825305393
2211,0.2,20,3,0.40080013577912504,0.21530079364569263,0.24003613943249716,0.22081691953760652,0.25445389999392903,0.23952536339573308
2481,0.2,20,3,0.28604559616721165,0.13149556554335165,0.17043591093148092,0.15639109511254096,0.1741944250403022,0.16108002884611855
2833,0.2,20,3,0.32858575281563174,0.17778076068719567,0.33867911231765907,0.2862137215562311,0.3435435257315862,0.28668608046498373
672,0.2,20,3,0.18379788239503309,0.0863999077766833,0.2871640198965931,0.2702069058927827,0.30158178045802503,0.285156835642088
2861,0.2,20,3,0.2481156291558317,0.104174131869,0.3443404612167816,0.33770116244776277,0.35296338873953,0.3463240899705112
190,0.2,20,3,0.9115366587104273,0.53003971595993,0.3164891911390295,0.2774452538960944,0.32088124564420395,0.2855958225100902
1604,0.2,20,3,0.2648907351911047,0.12929839830263765,0.375,0.34260503881677057,0.375,0.34260503881677057
270,0.2,20,3,0.2508825412511455,0.12691904984358432,0.3127532606898322,0.30330097473530376,0.3127532606898322,0.30652731965625163
1391,0.2,20,3,0.6427990287918343,0.3825759439399554,0.4217394219725751,0.4009639180456252,0.42419707799688683,0.4092164071086204
720,0.2,20,3,0.7118654110054322,0.41094355279445594,0.3264903246904163,0.3222029410667663,0.3357467926095179,0.3314594089858679
211,0.2,20,3,0.19882833394429006,0.09556935338761886,0.36720919836634025,0.3462513093752244,0.36720919836634025,0.3369948414561228
1935,0.2,20,3,0.3514403554149389,0.18675815733772927,0.266809736668741,0.22985486975310904,0.28122749723017293,0.24685593696343328
2108,0.2,20,3,0.2829453078321499,0.15164652791578356,0.26152021241865697,0.24957389391204304,0.2721794588712675,0.2600759948007553
2924,0.2,20,3,0.3217461373602597,0.16233147089743763,0.11831014981375315,0.05568376040263173,0.12113824429781811,0.06430668792538013
2504,0.2,20,3,0.2393436965558614,0.12421369753260371,0.3207676593975367,0.3124634920434725,0.33518541995896856,0.3299773001465407
805,0.2,20,3,1.0569755283319593,0.6007139035388886,0.3798264053551559,0.3652673135350501,0.3842184598603304,0.3709080772503441
2100,0.2,20,3,0.5333528408794167,0.2901691737794728,0.37331597341030426,0.3629606251885605,0.38193890093305266,0.36719149820613445
1166,0.2,20,3,0.29441794001407096,0.16149454169813313,0.27422573668332606,0.2534521629615792,0.2886434972447579,0.26786992352301103
475,0.2,20,3,0.17360023774517766,0.07532525079030017,0.3159243313102265,0.3017036088455522,0.3196828454190478,0.3034664564277782
1925,0.2,20,3,0.27437604527623927,0.15580612842249433,0.2593790937824405,0.24927159569502647,0.269404799838698,0.25490524724610947
2922,0.2,20,3,0.24547404696775496,0.11881464589481582,0.20561932183863352,0.18734051431071613,0.22003708240006542,0.20175827487214804
1039,0.2,20,3,0.3890275258027941,0.2064129690183376,0.3115553403095881,0.29734544784251626,0.3201782678323365,0.31187673843999003
1747,0.2,20,3,0.36883480833915827,0.2207775121244304,0.15576787425916552,0.09146893571083785,0.16063228767309268,0.1043807800545214
2632,0.2,20,3,2.0571552151162,1.052983718242965,0.16947725580399206,0.10971342949587717,0.17000942499186547,0.10971342949587717
2836,0.2,20,3,0.3574779163403061,0.17362354396906385,0.12673768355392334,0.10187906724525492,0.14115544411535522,0.11629682780668679
1299,0.2,20,3,0.22777838096383085,0.1136477224142363,0.273983842588333,0.24992875936859088,0.273983842588333,0.24506434595466375
2287,0.2,20,3,0.2750217464927893,0.1347994754263462,0.3134592527788972,0.29587894331503173,0.3134592527788972,0.2910145299011046
1565,0.2,20,3,0.3004820687060311,0.1441719634767928,0.2541330996098806,0.24324489159365217,0.2624525854707169,0.24669996404056133
776,0.2,20,3,0.34388740755171804,0.16698655906458126,0.32929683810777993,0.3090019218495868,0.33466754658660625,0.30997485645676803
1430,0.2,20,3,0.29552661409011927,0.13593510978352724,0.3053213313237968,0.28796193852857793,0.3053213313237968,0.2922526218252726
1415,0.2,20,3,0.26534885723009677,0.11774144501082426,0.20970096455365111,0.20330631126718013,0.22411872511508302,0.2214825859374333
1206,0.2,20,3,0.6020944611005354,0.3353545687802197,0.4445566700228057,0.40545402775448164,0.4445566700228057,0.40984608225965613
888,0.2,20,3,0.16833623241087342,0.08684502904515327,0.24754719273462295,0.23483789319006082,0.25710053988212767,0.24775810817477473
297,0.2,20,3,0.32114134112543735,0.17804064285966087,0.24925635390113343,0.2400674026392741,0.25880970104863815,0.24475633637285168
336,0.2,20,3,0.41012232659649106,0.18949129778653576,0.3159754313141233,0.3062763760055932,0.32036748581929775,0.3177243190293966
382,0.2,20,3,0.18195679295405814,0.08463527953203932,0.16348840237756876,0.15339012905782048,0.17790616293900066,0.1715664037280737
2190,0.2,20,3,0.23635419157555376,0.10772433581454785,0.3283919251101207,0.32369176233918845,0.33215043921894205,0.32759413407077276
2247,0.2,20,3,0.21948498170470737,0.12186703537119392,0.250790786533111,0.2377550463951473,0.26145003298572156,0.24778075245140468
2453,0.2,20,3,0.1682981260912464,0.0838557192829145,0.3028606214906823,0.2956735417122973,0.31727838205211417,0.3093101672738222
882,0.2,20,3,0.18439248117248438,0.09365506153992062,0.21802813052708597,0.21180229350606133,0.2286873769796966,0.21890153811540844
1672,0.2,20,3,0.25506330940848027,0.11946927993303046,0.2191979338284566,0.19223760343970867,0.23361569438988844,0.21533633532725008
2976,0.2,20,3,0.44610044366866203,0.23443737013587773,0.3038267962157509,0.2831348835881236,0.3130832641348525,0.2968294427824232
1025,0.2,20,3,0.2282542108232168,0.1294251521215008,0.27420477542201893,0.27334601390387187,0.27906918883594606,0.2744519132089777
67,0.2,20,3,0.37389743786615,0.19238311097417476,0.30222952083818977,0.22761503021652302,0.31664728139962167,0.2415006215900815
1122,0.2,20,3,0.39434689755281643,0.19715160324333217,0.29433917748923083,0.2759731921076136,0.30359564540833245,0.2954165475705731
2675,0.2,20,3,0.2761900517828131,0.16295988650392756,0.29362253837908525,0.25974815061261386,0.304828772550726,0.26462738255769774
2529,0.2,20,3,0.2975188442414764,0.16261096991799495,0.27539829010206085,0.24699736269953165,0.28981605066349275,0.26141512326096356
2894,0.2,20,3,0.472260408390066,0.25239715014263875,0.3110759190052392,0.2997446948465946,0.3261524473740953,0.31526395098463045
1493,0.2,20,3,0.5384466522124234,0.3019525120303739,0.3761312882363411,0.3608662614042271,0.3809957016502683,0.36283728102148816
2164,0.2,20,3,0.25142560387141233,0.143539736846984,0.28065716741088403,0.2759450343650877,0.29021051455838875,0.28558653874782314
1830,0.2,20,3,0.5012552542817245,0.2360623773184026,0.3271251903226773,0.31972569696070924,0.338641470350658,0.3341931423155946
1390,0.2,20,3,1.4670658481901575,0.8004735322759561,0.376564478355648,0.3530540574063749,0.376564478355648,0.34546802256231995
430,0.2,20,3,0.2379387949011929,0.11202867689244692,0.1494971274092467,0.12194581563468382,0.1639148879706786,0.14498650371886415
596,0.2,20,3,0.25231188812337424,0.1288787474595507,0.3292703484207569,0.3172086196528331,0.3378932759435053,0.3258315471755815
2067,0.2,20,3,0.23946991447850433,0.1098691530532552,0.22154695082371506,0.18873966916677506,0.23110029797121978,0.19342860290035263
2839,0.2,20,3,0.2863593816497274,0.15948703010630208,0.31914399411854566,0.30903469110467,0.33356175467997756,0.3234524516661019
526,0.2,20,3,0.39217952497665043,0.15928697130527306,0.20806591292157522,0.19942830293117253,0.21761926006907995,0.20411723666475012
2910,0.2,20,3,0.26206831547977655,0.1452126089157981,0.2942040072872909,0.29372163464335116,0.3086217678487228,0.30813939520478306
2434,0.2,20,3,0.6509598607647604,0.36685968693008747,0.3925688473598862,0.3785070482825427,0.3925688473598862,0.3727122152438592
2391,0.2,20,3,0.9028796418277849,0.5146818060820882,0.2896395128617736,0.24760656081940302,0.3040572734232055,0.2664163758860094
2958,0.2,20,3,0.19590334049831315,0.09010659833674713,0.1977407386421815,0.17134178980477863,0.20636366616492993,0.1891180475623893
688,0.2,20,3,0.5622364874844504,0.27586178618582347,0.32616463725280176,0.31533032618017437,0.32616463725280176,0.3201947395941015
1162,0.2,20,3,0.24893197659386873,0.1369291622252956,0.21988355370613333,0.20832592095242544,0.23054280015874395,0.22274368151385734
2554,0.2,20,3,0.22457431938757408,0.11043141323613447,0.33013258365998605,0.3160077205567769,0.33875551118273445,0.3246306480795253
489,0.2,20,3,0.21767566169621666,0.10760304367785618,0.29983598033334863,0.29050352897814663,0.30845890785609703,0.29912645650089503
1864,0.2,20,3,0.2664244293710165,0.13028486492338973,0.2566310303964894,0.2544649990701441,0.2710487909579212,0.26888275963157593
1461,0.2,20,3,1.3683901680634851,0.7798631578410293,0.4070535489762884,0.35594100813076335,0.4070535489762884,0.3596995222395846
2151,0.2,20,3,0.3059023330047059,0.16333188350991815,0.2288562505056138,0.21935531587220164,0.2326147646144351,0.21785116613021285
1022,0.2,20,3,0.607696771747169,0.34142803938192123,0.4456497491339524,0.4198393613895121,0.4456497491339524,0.4223101939242867
1988,0.2,20,3,0.22864029063203453,0.10368031541623754,0.2734694095978826,0.2590780337488186,0.2878871701593145,0.2735509313448349
2152,0.2,20,3,0.2574041061721851,0.12616953219621163,0.3155747969254165,0.29532528207054837,0.32043921033934364,0.30447861230541057
2726,0.2,20,3,0.21275867794342676,0.10803057676518317,0.33233672057129315,0.31757619251345603,0.3360952346801145,0.3164702932083502
2350,0.2,20,3,0.21003788464319315,0.12084599540401464,0.22908488267107502,0.21307509851622009,0.23394929608500215,0.21590319300028504
1709,0.2,20,3,1.215265606074931,0.7023332386019916,0.5,0.41345858164622357,0.5,0.408004240079583
1993,0.2,20,3,0.2552046996720091,0.13493103419178384,0.2989914353243455,0.28473238258396777,0.3085447824718503,0.3023228955969645
1582,0.2,20,3,0.27111202713254784,0.12266227944015845,0.403114435501563,0.3508243047938988,0.403114435501563,0.35118631983708476
1097,0.2,20,3,0.245324121183379,0.13343414095572992,0.3663222994528565,0.3587268654358888,0.37008081356167777,0.36248537954471005
697,0.2,20,3,0.4008690944301602,0.1866211992946665,0.1739609890077793,0.0971010967043538,0.1883787495692112,0.11058843764102938
192,0.2,20,3,0.16667443099566154,0.08346867654950359,0.1597097368592853,0.13966692663616043,0.16457415027321246,0.1424950211202254
1009,0.2,20,3,0.3022330882757072,0.16341084736028627,0.31021527824653794,0.27539173093296304,0.3188382057692864,0.27821982541702805
990,0.2,20,3,0.5131424986645478,0.2523560158590126,0.2781876191276285,0.23492225461500815,0.28884686558023914,0.24558150106761878
1498,0.2,20,3,1.071005498034503,0.5834842374563933,0.4512041119067222,0.4456292784421046,0.4512041119067222,0.4433368549271291
851,0.2,20,3,0.2781323768440913,0.1347263356945741,0.22305124982332913,0.19433489991348074,0.23167417734607754,0.1971629943975457
2715,0.2,20,3,0.2826289019859857,0.1411694337793523,0.2676258098014849,0.23108470179797955,0.2676258098014849,0.23484321590680085
1324,0.2,20,3,0.4556352010655383,0.22823066025467087,0.3272637827641534,0.30708878846731524,0.33652025068325503,0.3201037704952382
2474,0.2,20,3,0.3244891028654858,0.151926024600179,0.2619088369062205,0.2560645712350992,0.2763265974676524,0.268348658506256
791,0.2,20,3,0.2135343634831455,0.1050376499306672,0.375,0.35637306450322775,0.375,0.35637306450322775
2084,0.2,20,3,0.3651797083048431,0.15720779155258147,0.33862841031195384,0.3170949098651474,0.3530461708733857,0.33135499903139143
2676,0.2,20,3,0.3174172205253907,0.13973562969719794,0.12752891174286612,0.07914713385472241,0.1381881581954767,0.08980638030733298
1592,0.2,20,3,0.9757563576767478,0.5603724155695072,0.3231043349497571,0.2908117732978326,0.3279687483636842,0.3048223107652946
2837,0.2,20,3,0.2026330229489771,0.1027332844297052,0.23456014137870002,0.22966158884734905,0.24897790194013192,0.24783786351760223
1821,0.2,20,3,0.21482692651503557,0.09407628651601217,0.25285783115723837,0.23442922428740945,0.2575021234349356,0.24393792997903385
1489,0.2,20,3,0.43896575985857955,0.22383130260814624,0.2888666635502698,0.26888055399414107,0.29952591000288037,0.27914925051631606
2911,0.2,20,3,0.4682148523793942,0.2509470712247612,0.3239873022644182,0.32033751360211693,0.33903860322220325,0.33753013132510185
275,0.2,20,3,0.7940701573521345,0.4316205556261269,0.44441776380719905,0.43619609653162794,0.4488098183123735,0.4405881510368024
494,0.2,20,3,0.18230296287219802,0.09264420983980998,0.33302035933219554,0.30991457663068633,0.341643286854944,0.3217965869592357
884,0.2,20,3,0.4574900578881054,0.2513797278830756,0.4411770606021327,0.4411770606021327,0.4513639481459906,0.4513639481459906
1453,0.2,20,3,0.33280340315809875,0.17363916096940954,0.1044274068247969,0.07396766948739109,0.10911634055837449,0.07918877240884209
1109,0.2,20,3,0.43104503241507924,0.22082968768160624,0.2012816020710314,0.2003029880075432,0.21194084852364203,0.20916094847830896
1793,0.2,20,3,0.3116467737807571,0.16283531465726586,0.20503842413274675,0.18902705890739954,0.21257345258339777,0.2047126559720463
2960,0.2,20,3,0.9345958735137955,0.5386831865898833,0.5,0.4515800174453371,0.5,0.4515800174453371
2685,0.2,20,3,0.5682007049022587,0.3304272050241819,0.1599403426758728,0.10601964586313965,0.16815164504138574,0.12285387575140103
2026,0.2,20,3,0.2759076347589036,0.14943315010547314,0.3314673436556095,0.3124800805484668,0.3413104546431957,0.32232319153605304
1120,0.2,20,3,0.2685255810815545,0.1415100280370861,0.2995762026487453,0.2824171038633032,0.30333471675756657,0.2910400313860516
1849,0.2,20,3,0.21520329213096276,0.09370582256884895,0.2121775764745285,0.1904838473076317,0.2159360905833498,0.19517278104120933
1418,0.2,20,3,0.4166981198016109,0.2148948317950019,0.27889774455025207,0.2439581611682649,0.29331550511168397,0.2583759217296968
2625,0.2,20,3,0.34747494633643494,0.19545817566118998,0.3938987040073354,0.39338090162663997,0.40895000496512046,0.40843220258442503
850,0.2,20,3,0.17171578518822264,0.084073644325778,0.22317309834383203,0.21757262214085657,0.2375908589052639,0.2368547961162156
2547,0.2,20,3,0.3438901987263369,0.16712706873774127,0.19711212638598835,0.1848676562691704,0.21152988694742023,0.19928541683060227
1332,0.2,20,3,0.18367915690750788,0.0763256688400931,0.2768936794232031,0.26406103289193467,0.291311439984635,0.2810621001022589
1488,0.2,20,3,0.26000531142108496,0.12936099709118487,0.3072144581024554,0.285314562842206,0.32163221866388725,0.2997183058167101
844,0.2,20,3,0.33161655721930305,0.17755672328808922,0.30310369630888245,0.2880818088715045,0.31752145687031436,0.3024995694329364
1030,0.2,20,3,0.3210714603772572,0.1628839263962418,0.15270075525566285,0.11489253466107313,0.16132368277841128,0.129310295222505
2901,0.2,20,3,1.61526174952729,0.8604624176112463,0.47806098420830745,0.4747932115381382,0.4829253976222346,0.4796576249520653
1247,0.2,20,3,0.28657513133966483,0.12873939446654714,0.21403464596979305,0.19826149664524287,0.22845240653122495,0.21643777131549605
1817,0.2,20,3,0.4496208183962833,0.26086722521847006,0.29631374636203145,0.2737404940714181,0.31025914801471066,0.2954766847412973
2417,0.2,20,3,0.20322230235527503,0.09201784565532385,0.3396870438005309,0.3270723015583082,0.3483099713232793,0.3356952290810566
741,0.2,20,3,2.249723514239022,1.1386735399032706,0.07161229427655089,0.01445526998042998,0.06674788086262375,0.018213784089251263
371,0.2,20,3,0.23273725566301956,0.11995362334521736,0.2791682839623526,0.268186325467949,0.2840326973762797,0.27680925299069736
113,0.2,20,3,0.17231038484767724,0.09908497644054283,0.2911285398927822,0.2722363453688968,0.3017877863453928,0.2791370777126861
2669,0.2,20,3,0.6810392272092911,0.35946247165650175,0.20157518061677548,0.18713002718245905,0.21369471572637344,0.20411397570598416
693,0.2,20,3,0.2752115461587619,0.12260252997698477,0.27504191770024794,0.26635104784788144,0.2836648452229964,0.2749739753706299
1950,0.2,20,3,0.2578336817403418,0.12517250941760777,0.1969430681877184,0.1766159223143126,0.20760231464032902,0.18351665465810196
2825,0.2,20,3,0.21812595948571048,0.11387223874785143,0.26706573112390736,0.25632818159001325,0.27568865864665576,0.2591562760740782
1158,0.2,20,3,0.5419478223470156,0.31668193838267555,0.27750124315903507,0.2508164205408744,0.2780334123469085,0.25898814391006403
367,0.2,20,3,0.4151903227555334,0.21813233071136884,0.27458104709632936,0.25929918156892556,0.28524029354894,0.2748228414354633
680,0.2,20,3,1.5354879374960384,0.8597547105059704,0.3693751260407935,0.35827236344500296,0.3751699590794769,0.3678257105925077
69,0.2,20,3,0.21974282333624584,0.11702677360920405,0.2584233514224423,0.2445402524488332,0.27284111198387423,0.2589580130102651
2525,0.2,20,3,0.7628446366630197,0.41330485536093375,0.16702165302698346,0.11262218115359285,0.17560125314461328,0.12120178127122266
2581,0.2,20,3,1.4901188708966788,0.8137467148458611,0.32231704594606403,0.3105721401814569,0.32718145935999116,0.3198286081005585
2701,0.2,20,3,0.18726937315046638,0.08258441849062524,0.27995809525552795,0.2709845794474042,0.2837166093643492,0.2758815624051891
605,0.2,20,3,0.19745210621818163,0.10654745863437078,0.26964476693775047,0.2602939871749556,0.2791981140852552,0.2649829209085332
864,0.2,20,3,0.2940549454457391,0.1493506839102935,0.20853468147705256,0.20285135701381593,0.22295244203848447,0.21726911757524783
2209,0.2,20,3,0.21454965194717132,0.10565743907635025,0.3100720532144799,0.3008047464497356,0.31383056732330117,0.3050954297464303
513,0.2,20,3,0.23193971889176734,0.10964173692423107,0.22051651883282308,0.20401523023585486,0.22913944635557154,0.20684332471991984
2414,0.2,20,3,0.3004849850644936,0.13413295530725877,0.1961357724668901,0.18302072740513556,0.21055353302832197,0.19743848796656743
1667,0.2,20,3,0.5021469885234925,0.27984636160741105,0.3526097111747779,0.33015391422465756,0.3548227359944072,0.337231352458214
2648,0.2,20,3,0.6926770057262982,0.38429541397249406,0.1965628471513327,0.13297878571177213,0.20032136126015399,0.14049581392941468
2407,0.2,20,3,2.767313383290047,1.398224514522453,0.2262636955338569,0.10236929941751287,0.2348866230566053,0.10530952434071492
628,0.2,20,3,0.6648128363188418,0.3706586402888048,0.19846793514878808,0.15249955059904458,0.19846793514878808,0.15625806470786585
1537,0.2,20,3,0.3052273577820969,0.1257114931443335,0.15161686731718207,0.13330522446291534,0.16603462787861398,0.15119475097435492
1130,0.2,20,3,0.594844012286342,0.33816039392855035,0.41489275800626413,0.3983712520759156,0.4199731288726158,0.4029572373887126
2445,0.2,20,3,0.527927018229517,0.24736039329501558,0.4015893253210215,0.3949013691787807,0.4108457932401231,0.40415783709788233
2216,0.2,20,3,0.6513184257951689,0.319491331558321,0.16527931032190118,0.14000076385943033,0.1796970708833331,0.15534894404561855
101,0.2,20,3,0.21905101695032375,0.1281647306938884,0.36017229019161945,0.3526966111159402,0.3650367036055466,0.3575610245298673
1445,0.2,20,3,0.22164037758417063,0.10632263272230431,0.2014345374204059,0.18975467338824584,0.21585229798183775,0.2090368473636048
549,0.2,20,3,2.677942574746498,1.3969627511407323,0.1322762678114923,0.055178500577585526,0.14089919533424072,0.05576193056130195
415,0.2,20,3,0.28613424923347386,0.1368301462355129,0.20165951487277978,0.20126117747822936,0.21121286202028455,0.20674678600090782
1365,0.2,20,3,0.20495841286079527,0.10163508497717456,0.23407618408478909,0.21120678164523196,0.23783469819361036,0.21825276047574657
2873,0.2,20,3,0.40711262679125054,0.2035729726578691,0.35894257370527677,0.35137436588546556,0.37195755573319966,0.35936752686178564
1942,0.2,20,3,0.3960256514712536,0.21718514217956061,0.3507582436216298,0.34468389663570925,0.3551502981268042,0.3464771334211375
746,0.2,20,3,0.17481564725612442,0.09224241389805055,0.2528056938582083,0.2411536205541692,0.26142862138095674,0.24398171503823418
1428,0.2,20,3,0.5697674833358056,0.30346184820650624,0.3775615447980551,0.35420333156952555,0.39197930535948694,0.3642290376257829
429,0.2,20,3,1.0250581955983826,0.5907754824508181,0.4258851255143517,0.41773010805211597,0.43484495531023154,0.4266899378479958
2749,0.2,20,3,0.28456020947323224,0.1338399367469085,0.1397123859563923,0.11020060536842478,0.14833531347914075,0.12948277934378383
1159,0.2,20,3,0.9860396628973568,0.5628098972829724,0.4822387606692291,0.47687237151600415,0.4822387606692291,0.47687237151600415
514,0.2,20,3,0.7338811224749661,0.40460756128148984,0.3660537876631495,0.36146169407611556,0.370445842168324,0.36005891554260655
1001,0.2,20,3,0.20417028200086756,0.11303831643402401,0.35048792068005513,0.32033626002706417,0.35535233409398226,0.3170501048269956
2383,0.2,20,3,0.20675538559507556,0.09528104211712904,0.24082832456003112,0.21957911563224683,0.2514875710126417,0.23463041659003187
896,0.2,20,3,0.24805890834544958,0.1310521883052428,0.26236497407913945,0.24764399715352078,0.2709879016018879,0.25047209163758577
603,0.2,20,3,0.6082234481492101,0.3448329797654363,0.1911099524638728,0.1724545165127662,0.19690478550255625,0.1856806308842988
424,0.2,20,3,0.23627404124155216,0.11924241006346645,0.22291500239725442,0.21379476529321412,0.2352460484825967,0.22234741931188268
606,0.2,20,3,0.1814896733419263,0.0900366772127563,0.20097383841683264,0.1937324165810523,0.21163308486944327,0.20063314892484163
2970,0.2,20,3,0.24825468492651157,0.12290301676283698,0.24821305601823335,0.23432354563227858,0.2626308165796652,0.24874130619371043
178,0.2,20,3,1.3600310433942864,0.7792076102618483,0.4772760895512476,0.43934248044311464,0.4830709225899311,0.44513731348179814
2778,0.2,20,3,0.38146634680196867,0.21319623496835483,0.37767781804595285,0.3767479323883871,0.385264265533475,0.3818020966858663
1219,0.2,20,3,0.23812082458833525,0.1218994893147799,0.2555144407692652,0.23534648673959493,0.26993220133069706,0.24537219279585235
959,0.2,20,3,0.7346678550318444,0.43322647627355493,0.19119203247199026,0.17506288927964123,0.19259481100549927,0.17583212741679707
1684,0.2,20,3,0.22449485524948684,0.12184618464331386,0.3655813584434224,0.3572664673757767,0.37420428596617084,0.36149734039335074
559,0.2,20,3,0.21947792436404895,0.12139778411758975,0.3358847893463981,0.3305577903585776,0.3407492027603253,0.33542220377250476
2667,0.2,20,3,0.2431989225143566,0.11113267147270786,0.22634786337441612,0.21297529809698035,0.240765623935848,0.2311515727672335
685,0.2,20,3,0.2490528893905829,0.1282436756504835,0.22949277703635795,0.22110303978095458,0.24391053759778983,0.23546962564757945
1317,0.2,20,3,0.2058074922787831,0.0887671519044193,0.3185895250527864,0.2934100760546328,0.3223480391616077,0.2957582513393395
274,0.2,20,3,1.023724079836711,0.5897539517264753,0.35159303968851663,0.33872476123112394,0.3666443406463017,0.35001754808008767
1165,0.2,20,3,0.2130797005185972,0.10354686036925417,0.2543320707010562,0.2358429231211223,0.268749831262488,0.25026068368255416
973,0.2,20,3,0.5102379065884964,0.276265028881685,0.28782035212036217,0.28244875735332886,0.3014059741762456,0.2937960838198867
2485,0.2,20,3,0.43656796370639916,0.23704185737229244,0.24082570287925803,0.23479974187314348,0.2500821707983596,0.2465547846569694
2198,0.2,20,3,0.23271506584829252,0.12314923874049957,0.17948525302935975,0.16611919489200858,0.18810818055210818,0.1769435768459145
446,0.2,20,3,0.22185437615577927,0.11516518859741937,0.32521064818005124,0.31653835035632844,0.33383357570279965,0.32516127787907684
2145,0.2,20,3,0.36059071213718025,0.19733049816573106,0.27022621276119063,0.24109925491462755,0.27398472687001196,0.23999335560952173
1742,0.2,20,3,0.383487033064665,0.18599977763547754,0.21275648656123597,0.18809928206268142,0.227807787519021,0.2113011516344622
1322,0.2,20,3,0.3619715076862596,0.17964548533930555,0.2874287294262608,0.27245749249029655,0.29605165694900926,0.2903597316194505
2783,0.2,20,3,0.20137158805627173,0.0982952891683854,0.27104774599953485,0.24668350486398483,0.2748062601083561,0.24557760555887898
659,0.2,20,3,0.2762195398117816,0.13301743204641117,0.20151930275373803,0.18145814396977744,0.21107264990124278,0.19235435438163542
1675,0.2,20,3,0.24217023489114384,0.11962961228508047,0.17264059061991835,0.1473942650675916,0.1812635181426668,0.1655705397378448
2162,0.2,20,3,1.882277859577812,0.9949811757436299,0.21872241518416707,0.19516640451230644,0.22797888310326866,0.20928728584533518
175,0.2,20,3,1.1402932775791155,0.6724811586558143,0.41039409557342565,0.36766127678125854,0.4161889286121091,0.37721462392876326
1254,0.2,20,3,0.6197883306658145,0.3506754520653173,0.5,0.4457614887330848,0.5,0.4457614887330848
447,0.2,20,3,0.24727062625620774,0.12794646163994747,0.2760259010516682,0.2557277799628118,0.2867798805614967,0.2616606734638318
1477,0.2,20,3,0.5113744600885115,0.2888780113932519,0.3687589050732958,0.3564090574726295,0.38381020603108085,0.371992527618288
2055,0.2,20,3,0.3883555725157233,0.22288812345322617,0.2575511743244561,0.213984772094154,0.2661741018472045,0.2226076996169024
2180,0.2,20,3,0.30320021534519104,0.1680372686288258,0.18534694990073522,0.15475265457924867,0.19490029704823997,0.16430600172675341
1216,0.2,20,3,0.4418107290849561,0.24274677766994898,0.18681101267417993,0.16377252318335317,0.1968965290095581,0.17516270002244494
1193,0.2,20,3,0.683975309451075,0.3801974424519593,0.05926665650001592,0.04070821566557621,0.05926665650001592,0.044466729774397494
943,0.2,20,3,0.2096104560085412,0.11190717714755645,0.2399264309526633,0.2225726021732652,0.24368494506148458,0.22271811493728713
1192,0.2,20,3,0.3203961075649781,0.14437886803221017,0.2230870971819599,0.200779817482933,0.23750485774339178,0.21519757804436487
1215,0.2,20,3,0.42152290063838155,0.19753741514428866,0.16682535377633076,0.14953530953861172,0.1812431143377627,0.16395307010004365
1148,0.2,20,3,2.790785984250413,1.4405921721307,0.10281093979503185,0.04130500608557675,0.11143386731778027,0.05479234702225231
1427,0.2,20,3,0.26530285958613403,0.12874453503892638,0.22448414555496754,0.19497068643384102,0.22448414555496754,0.20359361395658943
2079,0.2,20,3,1.0993967980318944,0.5998287888671351,0.3869327924153616,0.34719614262594994,0.3869327924153616,0.3515881971311244
1748,0.2,20,3,0.20086835899501373,0.1000291684699293,0.3935849986724467,0.37468745531422837,0.3935849986724467,0.37468745531422837
558,0.2,20,3,0.25638343404740804,0.12266814916984134,0.27171621503632654,0.2567183162744577,0.28033914255907494,0.2640309871222428
724,0.2,20,3,0.16809947716943602,0.08197654313331848,0.252830072425724,0.252830072425724,0.2672478329871559,0.2672478329871559
1145,0.2,20,3,0.20523575281221434,0.09512081235460676,0.25095163819768407,0.23045570434139742,0.25957456572043247,0.24336754868508093
831,0.2,20,3,0.20491755916374177,0.11198961223995958,0.2645393171917936,0.24745917069932197,0.2751985636444042,0.2618769312607539
2054,0.2,20,3,0.20249547966747747,0.09816830349979731,0.20181333994375375,0.17045172434761183,0.2113666870912585,0.188627999017865
2044,0.2,20,3,0.28294301450320863,0.13421549108015793,0.2903119517211104,0.2667653556202846,0.2989348792438588,0.2802526965569601
2222,0.2,20,3,0.2654603505994816,0.1412359272529593,0.3325492310636501,0.3212080206906336,0.346966991625082,0.33424249997705996
2418,0.2,20,3,0.3885952452409614,0.2145952434220728,0.28884544366265597,0.25286540576508393,0.30326320422408787,0.26728316632651583
380,0.2,20,3,0.7502190636148577,0.4273774952435056,0.41409733258198644,0.3897249522301669,0.41409733258198644,0.393584837547468
1285,0.2,20,3,0.4096711449638122,0.17563706107297067,0.19438057900827369,0.15106925125244436,0.20879833956970562,0.1643215042204313
1288,0.2,20,3,0.2638489859209384,0.14198431458594638,0.20580699593055604,0.20179020866514177,0.21442992345330447,0.20710759297447456
2219,0.2,20,3,0.2579332789297182,0.1425186378562618,0.23356484047765358,0.21478398955670303,0.24218776800040198,0.21761208404076796
1746,0.2,20,3,0.18481050946233174,0.09401558086262354,0.25729458113718545,0.2363800653010315,0.2717123416986173,0.2459334124485362
80,0.2,20,3,0.12459780458116511,0.06169352107121467,0.28937932134895994,0.2756633818399772,0.30379708191039184,0.2900811424014091
1045,0.2,20,3,0.2110910732424758,0.10751686332752712,0.22804297848153432,0.21442282654173495,0.24246073904296622,0.22884058710316685
1236,0.2,20,3,0.263354425242904,0.13566249346307244,0.23515082019812536,0.20942647723347863,0.23515082019812536,0.21804940475622703
1055,0.2,20,3,0.27971444076131513,0.12979145094171388,0.3831423102728809,0.37146905775874833,0.38800672368680805,0.37633347117267546
915,0.2,20,3,0.210795926896114,0.1187801335371439,0.3191796855465095,0.29790760674414113,0.3278026130692579,0.30653053426688953
414,0.2,20,3,0.3323752035739317,0.18018765179790633,0.21138172536886696,0.20082251798139253,0.2301915404354733,0.2171274178551818
2184,0.2,20,3,0.2349650353078781,0.12379319866780282,0.37141052371769073,0.3473523768915812,0.37141052371769073,0.35046785272834696
2109,0.2,20,3,0.801647154510337,0.49290176994763674,0.447464816372821,0.4377422024080802,0.447464816372821,0.4340492011706404
24,0.2,20,3,0.35441435605139227,0.1868483131213315,0.26641648165730664,0.23363825501123175,0.2764421877135641,0.23927190656231476
967,0.2,20,3,0.2865313587046568,0.12872238756522608,0.1987612620625252,0.1811268785652685,0.2131790226239571,0.1955446391267004
1441,0.2,20,3,1.053966216008583,0.581532180270918,0.36213455721827353,0.34389143592523386,0.3713910251373751,0.35894273688301886
2121,0.2,20,3,0.1705583911012568,0.08979294049944889,0.2567538089161129,0.2466949278372833,0.2711715694775448,0.2611126883987152
1966,0.2,20,3,0.21610590692354958,0.11316396842355217,0.38897688627022886,0.3786625601900491,0.38897688627022886,0.3812458668389415
2267,0.2,20,3,0.18673215479476124,0.08711194390565827,0.36525114866713954,0.3364055752084184,0.37387407618988794,0.34063644822599237
1618,0.2,20,3,0.3174941198846563,0.16774426700122616,0.18475984777666715,0.1430320342410834,0.19557761204049695,0.14805496546622973
2316,0.2,20,3,0.25199581979063107,0.12444055351441946,0.26881706509695963,0.25281901876893065,0.27368147851088676,0.257201915535341
841,0.2,20,3,0.3539533341288851,0.1753976038150048,0.2404481209625982,0.2120470160474942,0.2490710484853466,0.21434294134368576
34,0.2,20,3,0.309301731050154,0.15633320628735384,0.21842425737845544,0.21061471729760273,0.22328867079238257,0.21990196407918958
729,0.2,20,3,0.247357003587856,0.11940938173940577,0.21457228707577058,0.19743045561770128,0.22319521459851904,0.20347017175939236
2637,0.2,20,3,1.4431362972434185,0.8028345399070529,0.40525852933764567,0.3210697291406649,0.4101229427515728,0.3137974887581949
1692,0.2,20,3,0.23513356504893962,0.11478739453019912,0.1968878193458365,0.1840698163922708,0.2113055799072684,0.20335199036762983
614,0.2,20,3,0.2722447759550478,0.13685397017027986,0.2659015382915442,0.2511579723653514,0.27452446581429263,0.2655757329267833
2888,0.2,20,3,1.7212614276187672,0.906896842957755,0.3609723663573753,0.32299791016147417,0.37115925390123317,0.33318479770533205
2537,0.2,20,3,0.26676567023784303,0.13855376900552635,0.25667681969304623,0.23129574583239443,0.26529974721579463,0.23412384031645936
1765,0.2,20,3,0.3333153896652778,0.16419308001196192,0.303695157651094,0.27989006435249425,0.3181129182125259,0.29430782491392615
725,0.2,20,3,0.37904334184572097,0.2214783552927009,0.18953505531714243,0.15942416861005215,0.19439946873106956,0.17384192917148403
1890,0.2,20,3,2.054809773123423,1.1106317283362106,0.19010210015380508,0.16044651502378507,0.19449415465897957,0.16161202261723007
1822,0.2,20,3,0.27523258320929134,0.12560161892994776,0.13030505869425776,0.10115218878242428,0.1389279862170062,0.11932846345267745
145,0.2,20,3,0.8852091685312795,0.5083378990218436,0.4835295960602903,0.4744436790140174,0.4893244290989738,0.4802385120527009
2700,0.2,20,3,0.3403950182016457,0.16662090478528233,0.21075941660741812,0.18518825150398444,0.21562383002134525,0.19960601206541628
2895,0.2,20,3,0.1861467308951765,0.08501051976426567,0.34337219296757837,0.3199517720192523,0.3519951204903268,0.3271719210084917
445,0.2,20,3,0.9491840335520705,0.5238301714595911,0.3205109295337379,0.3103698981404881,0.3297673974528395,0.3138315330209063
341,0.2,20,3,0.7296862109621292,0.37794484106101567,0.49515349540263126,0.4604936781614224,0.49954554990780575,0.4648857326665969
652,0.2,20,3,0.41258444024934865,0.21712774200937524,0.29852185239545503,0.27829854793849906,0.3135731533532401,0.30150041751027984
1492,0.2,20,3,0.643183995193311,0.3704459992485029,0.3385295961399012,0.282870907024268,0.3390019550486538,0.2789512114278461
352,0.2,20,3,1.3173013800693978,0.7512411849636828,0.36966929301174123,0.3445563051715944,0.3754641260504247,0.3547431927154523
290,0.2,20,3,0.30222964672966685,0.14192975028920357,0.2112330935331055,0.1924640547521166,0.2256508540945374,0.2068818153135485
2062,0.2,20,3,0.3018105637479843,0.14194238552456012,0.2496303819594139,0.23755950372977996,0.2640481425208458,0.25197726429121187
2772,0.2,20,3,0.9328015036978243,0.49437036917493943,0.5,0.4696651384191442,0.5,0.4696651384191442
1846,0.2,20,3,0.23271783213072575,0.10420600537079683,0.334534589566314,0.29522146736749516,0.334534589566314,0.2914629532586739
9,0.2,20,3,2.7506939507890036,1.3233434540700806,0.1622054788788552,0.06586571875035935,0.16706989229278235,0.06111164920199895
1235,0.2,20,4,2.0377981752352374,1.0603280611606436,0.1844382998125197,0.169003920707357,0.1936947677316213,0.17820286117230721
1648,0.2,20,4,0.18009004660014663,0.09296164247928496,0.27628804923352535,0.2663009993951547,0.29070580979495725,0.2807187599565866
1607,0.2,20,4,0.3414160788110568,0.174883578661813,0.2762488430356067,0.24575856564449855,0.2906666035970386,0.25905215534341774
1449,0.2,20,4,0.635205312902007,0.36153529434963116,0.11378290826934342,0.026809272286752603,0.1282006688307753,0.04609144626211162
11,0.2,20,4,0.6459303620659526,0.3692913025351205,0.2927759702406653,0.27316295296016924,0.294376056797528,0.2752952087049053
1753,0.2,20,4,0.16409659549229927,0.08709886201894351,0.2822650515286853,0.26987579030476944,0.2908879790514337,0.2834183087041784
2042,0.2,20,4,0.26437265055642195,0.13457411670094932,0.375,0.35604891888519297,0.375,0.35604891888519297
2939,0.2,20,4,0.33146455243376577,0.15486947174561347,0.231965980578543,0.21153684013713087,0.2463837411399749,0.22971311480738404
1439,0.2,20,4,0.29662207209277286,0.15794206305221667,0.34284619268450944,0.3220788584007661,0.35146912020725785,0.33881701623798105
2114,0.2,20,4,0.295087446906006,0.14658299661700788,0.10996924496015612,0.04228083955948335,0.124387005521588,0.05669860012091524
1368,0.2,20,4,0.30621287836422467,0.1672402243524128,0.2964993355716663,0.29065953798451205,0.3071585820242769,0.2992522716069892
1005,0.2,20,4,0.2910827981120421,0.15043031375448973,0.2857246066730412,0.2711126332126584,0.2999465892332438,0.28586678496073437
1713,0.2,20,4,1.308009244977131,0.7471059367539222,0.43820211228982786,0.42691180643874427,0.43820211228982786,0.42204739302481714
385,0.2,20,4,0.2752463102863777,0.15142155105261232,0.23589093280235957,0.22151604886570772,0.2503086933637914,0.24079822284106672
827,0.2,20,4,0.8945556091714235,0.5087892185302351,0.45598044760859535,0.424801281608723,0.45598044760859535,0.42919333611389743
2275,0.2,20,4,0.22242112620720453,0.10312491511546139,0.3060609416899427,0.2889395189932458,0.3060609416899427,0.29067030790337167
329,0.2,20,4,0.18090130833606202,0.0945779475933895,0.31652602128589935,0.30151734843390937,0.3309437818473312,0.3135432102581761
15,0.2,20,4,1.7881939676961038,0.912539094603809,0.2541873314132318,0.23332590462625954,0.2601759156896716,0.24746505751669506
230,0.2,20,4,1.3555222978165562,0.7526139319580495,0.4358939763389097,0.4282169188129984,0.4358939763389097,0.42973630798067225
10,0.2,20,4,0.21383968729434547,0.10865018595085016,0.32249991081434864,0.2914373920951778,0.33112283833709705,0.2986575410844172
140,0.2,20,4,0.21159580092012367,0.11705751948061839,0.37558580926794627,0.37384606184629005,0.3873489102102818,0.38121710828345107
428,0.2,20,4,0.21392957171882626,0.11053260778971599,0.3096840943758213,0.3027060307835622,0.3183070218985697,0.3113289583063106
287,0.2,20,4,0.22568872969230494,0.11411923517144985,0.2371244663651994,0.2153558554886614,0.24942742671449103,0.22819098502582644
1127,0.2,20,4,2.4113807016683286,1.2135624582335987,0.22358705156443734,0.17526045096773296,0.2284514649783645,0.18451691888683458
2197,0.2,20,4,0.2661376224234589,0.12107762693701084,0.21027760211300306,0.17793789514459488,0.22469536267443496,0.19608225739972174
2188,0.2,20,4,0.38603363357911696,0.19913515657346467,0.4540844292896557,0.424233603515397,0.45532464829504765,0.42108176801561453
822,0.2,20,4,0.38226110105563404,0.19438261844988064,0.3144489720888694,0.3055142709038956,0.3144489720888694,0.3103786843178228
100,0.2,20,4,0.22278810227006782,0.10857898797633143,0.28140357435486246,0.27430861032184906,0.29002650187761086,0.28293153784459746
26,0.2,20,4,0.3237441774977484,0.18501491389834301,0.253881449825456,0.23368699517218983,0.2682992103868879,0.24810475573362173
903,0.2,20,4,0.22962976129966517,0.11074728717962633,0.2763659215299354,0.25238765278767616,0.28498884905268385,0.2552157472717411
1803,0.2,20,4,0.31016307955221567,0.13683369698329548,0.37485967101924517,0.3466718746600227,0.37485967101924517,0.3385213060460269
2594,0.2,20,4,0.2479252245130667,0.11655229394224235,0.2226446920181072,0.20537389577680215,0.2226446920181072,0.21492724292430687
2397,0.2,20,4,0.308585130651887,0.15163694175885864,0.30757798537256165,0.28899670578998365,0.3219957459339935,0.3008311597025231
16,0.2,20,4,0.22281006077536183,0.11475436664702766,0.27413741623329146,0.2685912818470176,0.27413741623329146,0.26797598597696787
2444,0.2,20,4,0.25490822518104844,0.1316440415476211,0.19466078973496542,0.1842388698285757,0.20907855029639727,0.2013618060151645
942,0.2,20,4,0.2757167982273568,0.1455986730682165,0.32310124442089544,0.3107645433380673,0.33172417194364384,0.3193874708608157
304,0.2,20,4,0.2179870836602264,0.10078630426142689,0.2608760252253155,0.2584121772699038,0.27146384194956824,0.2689999939941565
1577,0.2,20,4,0.34121702277878413,0.1893907766335782,0.24876524317015852,0.21204702988403518,0.2573881706929069,0.2308568449506415
2134,0.2,20,4,0.8992190683082917,0.5206234844482533,0.5,0.4357416014759861,0.5,0.4357416014759861
2199,0.2,20,4,0.5410534761958576,0.2646342825311665,0.2854395917437273,0.27029433385414114,0.29609883819633787,0.2766646634858166
256,0.2,20,4,0.22021914912651686,0.11015237830157557,0.3751278176230027,0.35916531819232356,0.3751278176230027,0.3510147495783278
2719,0.2,20,4,1.1269899621276567,0.6229987417685497,0.4654456680204708,0.39806256181951355,0.47031008143439795,0.40239480604556727
2463,0.2,20,4,0.2949415473531384,0.1507412542095536,0.21695462603291188,0.16113137676782047,0.22557755355566028,0.16395947125188542
2296,0.2,20,4,0.4331863883753454,0.1929986735298687,0.3422132153012078,0.33630971171527846,0.3584900724242471,0.34819451433314325
425,0.2,20,4,0.21457792901273862,0.10355060329196153,0.2752553109432996,0.2548658835528724,0.28670565251476726,0.26631622512434006
2985,0.2,20,4,0.2596919319469721,0.12120126930781254,0.21495094905716144,0.1942554130191448,0.22357387657990987,0.1970835075032098
2195,0.2,20,4,0.25249338401313265,0.12273345051396276,0.308200219394607,0.296908721887929,0.308200219394607,0.2985097064152361
1847,0.2,20,4,0.36817123493682846,0.20343334309726777,0.2846835451277844,0.27434701385829496,0.2846835451277844,0.26908435000748493
1629,0.2,20,4,0.39087545293506315,0.20863277682831544,0.29907009649592325,0.2796228076742127,0.3097293429485339,0.29514646754075047
1375,0.2,20,4,0.29051298418613103,0.1363564884360706,0.3387563387779383,0.3377550372703791,0.34362075219186544,0.343497882836912
1790,0.2,20,4,0.28536253984352106,0.1356985634070371,0.14223632065393027,0.0951070557941695,0.15665408121536215,0.10952481635560138
1998,0.2,20,4,0.24625496541469621,0.1241936300625585,0.30147783123035743,0.29293435002984025,0.312137077682968,0.3073521105912721
1352,0.2,20,4,0.38857456754409503,0.19366749114761297,0.2615497188013034,0.23699298288713294,0.27017264632405186,0.23982107737119795
2059,0.2,20,4,0.17608643438653437,0.08151239464815789,0.18640916516497402,0.14242036379167278,0.20082692572640595,0.160596638461926
1738,0.2,20,4,0.5504769032113799,0.30734407677358494,0.22395887434623263,0.1760399751582396,0.23351222149373738,0.18559332230574435
161,0.2,20,4,0.2971127811314151,0.14004773393801076,0.243507861680892,0.22751247082668,0.2472663757897133,0.22640657152157417
2218,0.2,20,4,0.20452902725772956,0.10587274980400285,0.27544707059089757,0.26612686542738295,0.2895049235101436,0.2807168875345024
1870,0.2,20,4,0.2825417025628825,0.1376377840822075,0.2555041361661312,0.24360314029991234,0.26992189672756306,0.26241295536651865
1513,0.2,20,4,0.5393634092208728,0.28704449391713804,0.23488665351566446,0.21829086109065396,0.2493044140770963,0.23757303506601296
1125,0.2,20,4,0.383548328857936,0.19889211077753416,0.3362905160673607,0.3147471914861707,0.34494405942612694,0.3206568663110287
305,0.2,20,4,0.30237345413756944,0.1619668800447416,0.27373116490640714,0.2602560024891798,0.28814892546783905,0.2746737630506117
566,0.2,20,4,0.23360577514057076,0.12093045138265748,0.2588813543446511,0.2245987212299074,0.2626398684534724,0.22349282192480158
2223,0.2,20,4,0.8847009873047147,0.5043284982311214,0.5,0.44534218471548087,0.5,0.44534218471548087
833,0.2,20,4,0.2963278709855576,0.1454497508383057,0.3032254829200255,0.29352401576150666,0.30808989633395256,0.302146943284255
2977,0.2,20,4,0.3366404569040092,0.19143665483281846,0.2889875959379118,0.2804563067907233,0.29478242897659523,0.2911155532433339
2671,0.2,20,4,0.3423845998557583,0.16427303442098515,0.12372075277090433,0.07171844769028196,0.1333392357331919,0.08133693065256953
2301,0.2,20,4,0.20850139065999854,0.10957046045388912,0.3150928084322031,0.2944844201047945,0.3237157359549515,0.2975497855289234
2657,0.2,20,4,0.34333699981090954,0.18528716366592565,0.38737547533441746,0.37224299998252525,0.4024267762922025,0.3867621317524369
918,0.2,20,4,0.3664991858072653,0.16853495237366412,0.25622979736257756,0.23768428912691258,0.25622979736257756,0.243245347322758
928,0.2,20,4,0.15074885041678376,0.07511119857432416,0.3131522250577692,0.30062950821624873,0.3220052039835541,0.30948248714203364
1626,0.2,20,4,0.4492102118557805,0.2574412296477825,0.2502372002576453,0.20222773505757669,0.2502372002576453,0.20222773505757669
2847,0.2,20,4,0.18562308228135097,0.08772201722285201,0.24147083622541865,0.20483666409881973,0.25009376374816705,0.2076647585828847
2342,0.2,20,4,0.22235455049963174,0.10451759017364289,0.24357288520232934,0.19015231392265114,0.25799064576376124,0.20457007448408304
1522,0.2,20,4,0.3248526012889298,0.15108405823224857,0.27770819792669854,0.2607867147383476,0.286331125449447,0.2680068637275871
1412,0.2,20,4,0.4038430971424176,0.20610670330803657,0.16215806805615807,0.12603321334060796,0.16419438698602026,0.1362201008844659
1679,0.2,20,4,2.359680386363665,1.1929856969263137,0.1549024739659255,0.12834078983357372,0.15976688737985262,0.13696371735632212
572,0.2,20,4,0.22428338276666787,0.10858002577282434,0.2821200790273756,0.2742421049944868,0.29653783958880753,0.28426916303289385
1401,0.2,20,4,0.8984417183429506,0.5119499701979446,0.41422312894550783,0.40256834077768333,0.41422312894550783,0.40743275419161046
2194,0.2,20,4,0.18974766499607462,0.09149323074795804,0.18817100647643176,0.16638982461163862,0.20258876703786363,0.18943051269581893
2720,0.2,20,4,0.21737835320148516,0.09901174757383187,0.2893722143760721,0.25175380496752914,0.303789974937504,0.2705636200341355
2068,0.2,20,4,0.5978700224496947,0.31053286612466063,0.354425447971007,0.3455573850976833,0.3588175024761815,0.3490148355585842
2629,0.2,20,4,0.7822268522347217,0.45374810688995154,0.22173283746583144,0.21283211033285696,0.2367841384236165,0.22997539408149373
2043,0.2,20,4,0.2674421980152635,0.12292129416409497,0.13712632866081365,0.12048617142236048,0.14574925618356208,0.12331426590642547
2416,0.2,20,4,0.2976249102620945,0.13494206364349254,0.21488756083535887,0.2043985994558955,0.22351048835810727,0.22217485721350616
1085,0.2,20,4,0.3387556985524161,0.15073840565093927,0.2668786088262726,0.25163617422370527,0.28129636938770447,0.2723957555428507
557,0.2,20,4,1.1050767083730948,0.63640140989418,0.3845271321437463,0.33239340185222666,0.3937836000628479,0.3416498697713283
834,0.2,20,4,0.24533173181442497,0.11931825060791851,0.30081390831330124,0.2653574402321335,0.30081390831330124,0.2615989261233122
906,0.2,20,4,0.6857807227721765,0.37691895300917194,0.3520491563840744,0.3221381055889681,0.35691356979800154,0.32700251900289523
694,0.2,20,4,0.2099403005593158,0.09388707432642855,0.31766647061098624,0.3050100969501331,0.32628939813373464,0.3136330244728815
472,0.2,20,4,0.6855645805887126,0.3825076435728149,0.19654623292075452,0.1899998724826018,0.1990902998084596,0.18767952595637977
2337,0.2,20,4,0.14996259250660499,0.062395550737848214,0.20589407060773307,0.1801891320398368,0.21544741775523782,0.1848780657734144
306,0.2,20,4,0.21302980317302353,0.12033905265576958,0.2148878944008898,0.1980898349940522,0.21975230781481694,0.2125075955554841
1720,0.2,20,4,0.20478348565943963,0.08861280145342657,0.3280980410315984,0.31399542721188445,0.3367209685543468,0.32261835473463285
2810,0.2,20,4,0.28464192469442984,0.12743903242683155,0.2907895486705796,0.27366042615963815,0.2907895486705796,0.27638518522238614
105,0.2,20,4,0.4759900972930857,0.21032046320923592,0.2873128802820157,0.23451218761277914,0.29951515933282635,0.24671446666358982
1433,0.2,20,4,2.7135387033672287,1.2841447111068978,0.13825097229260974,0.1188205282058552,0.14687389981535817,0.12744345572860363
2273,0.2,20,4,0.19895932666623242,0.09873749411787913,0.2726398991689082,0.26320418137385565,0.28126282669165664,0.2751812532616508
2935,0.2,20,4,0.4984344093191709,0.24602108084810176,0.13119883900080634,0.12129431635850951,0.14185808545341694,0.13255662818839573
1421,0.2,20,4,0.5080945917508172,0.263735329595643,0.12378190769314795,0.11285895434355148,0.13297084333571313,0.1269123034000438
1407,0.2,20,4,0.6256755807879582,0.33708544757690645,0.23598276142179575,0.22245567676655129,0.2460084674780532,0.23388416135631773
214,0.2,20,4,0.24909593403221325,0.1190182935525684,0.2598059726417943,0.21096745125907207,0.2742237332032262,0.22538521182050397
2984,0.2,20,4,0.4188089281185529,0.22351185704085316,0.11692044135309665,0.07907087491914716,0.13133820191452852,0.09348863548057904
2534,0.2,20,4,0.190690633859404,0.10874010755652197,0.29214022644349796,0.2780616683333092,0.3016935735910027,0.29687148339991554
288,0.2,20,4,0.44323969914986366,0.22081394956546027,0.28675779137313473,0.27573113962718343,0.29678349742939214,0.2817870986816297
2852,0.2,20,4,0.24141636383382467,0.11331661556901029,0.3435605705627952,0.3324977873649336,0.34863392639632507,0.33757114319846343
2804,0.2,20,4,0.4732244707419245,0.26756854535978963,0.2798928060157554,0.27000867479559176,0.28365132012457667,0.2795620219430965
388,0.2,20,4,0.4156490825283866,0.2227960766707519,0.35881419230813144,0.32572932718498115,0.3732319528695633,0.33522286405336515
2102,0.2,20,4,0.26673311525477916,0.13784337022160226,0.3367815996608575,0.3273195890764306,0.345404527183606,0.332082631281878
2623,0.2,20,4,0.8000833774844025,0.4623628779535592,0.4655608925215168,0.4420438797708767,0.4655608925215168,0.4377931057265067
264,0.2,20,4,0.3037307644228992,0.1464811073457069,0.2521665877021312,0.2195844528566296,0.2570310011160583,0.2324962972003131
2365,0.2,20,4,0.20831059138301392,0.0980295123062842,0.30648871177523257,0.28646093592225297,0.315111639297981,0.3000080871380493
1454,0.2,20,4,0.220605762746412,0.11177088639167852,0.19892129023563015,0.18237188975449423,0.20958053668824078,0.18927262209828355
578,0.2,20,4,0.29778095323410353,0.15947993341076566,0.21743307101459908,0.20243612182773227,0.23185083157603098,0.21685388238916417
1625,0.2,20,4,1.5673452913216597,0.891236102117654,0.38705372240483593,0.37605329459162545,0.3861233027800796,0.3693280419281857
2950,0.2,20,4,0.19968912636971275,0.09634081217968077,0.3453735979887726,0.3388610558556871,0.3514739322537762,0.3449613901206907
1135,0.2,20,4,0.19107012030690648,0.09013044726894946,0.31942968458521986,0.29287537757007925,0.31942968458521986,0.289116863461258
1517,0.2,20,4,0.25330157937045283,0.1226313868378671,0.20103727008744443,0.19475950058491556,0.20479578419626573,0.18785876824112627
866,0.2,20,4,0.25816063917941506,0.12743172421614368,0.2295003865408196,0.2295003865408196,0.24391814710225151,0.24391814710225151
199,0.2,20,4,1.0880467746054696,0.6178178126888426,0.37367324013734227,0.3642498351264859,0.37367324013734227,0.3729097576043407
228,0.2,20,4,0.497362720856832,0.281359679250373,0.3949343018076532,0.36917044348464134,0.4094609036710357,0.38316487616015044
29,0.2,20,4,0.2014670151766591,0.10318706462976103,0.3205841515541006,0.2906307584044221,0.329207079076849,0.2978509073936615
2998,0.2,20,4,0.28285039895234415,0.14359749571715916,0.3320957598023707,0.3217400310050041,0.3320957598023707,0.3208683891929453
1036,0.2,20,4,0.282379765780543,0.14627977345228116,0.24820061710397656,0.23729268813209684,0.26261837766540846,0.24572230361935332
2376,0.2,20,4,0.24179148346365356,0.1060361121768936,0.20849014138368727,0.1729397231882222,0.22290790194511917,0.1873574837496541
1486,0.2,20,4,0.22531992115634408,0.11347167278283511,0.318515770730087,0.28059994165897184,0.3271386982528354,0.28922286918172024
1951,0.2,20,4,0.16404787224057696,0.07985430649891434,0.332759626582619,0.3220279791841441,0.34321450925398816,0.33301507197603053
399,0.2,20,4,0.49210930512885176,0.28125788016248227,0.3007285901616113,0.23738827185302858,0.3113878366142219,0.2480475183056392
1743,0.2,20,4,1.7577444156469098,0.9699315399049278,0.28960442173309586,0.27750495624048405,0.2988608896521975,0.28676142415958567
2384,0.2,20,4,0.20953386382785272,0.10795318198215618,0.31541140119476196,0.28354022589038763,0.31916991530358324,0.2824343265852818
622,0.2,20,4,0.19038607219853096,0.09925365556190821,0.35335102328034745,0.34273325452780273,0.36197395080309586,0.35135618205055114
2698,0.2,20,4,0.2896844345745457,0.1647197553126945,0.29205066881530306,0.2707121331435894,0.30610384010955877,0.2847653044378451
1004,0.2,20,4,0.3438268689128743,0.16318738938424193,0.26495453542701086,0.24596625856911786,0.2735774629497593,0.24879435305318287
1555,0.2,20,4,1.132523753503648,0.6411997050687746,0.45843127902793007,0.40185399675070127,0.45843127902793007,0.39380656582094486
2954,0.2,20,4,1.47654266851745,0.7960640982601667,0.37831319602240854,0.33274914985358695,0.38317760943633566,0.3284674392139792
2649,0.2,20,4,0.4113250138431462,0.1977367447292817,0.27016435443155373,0.2262142473129854,0.28458211499298564,0.2406320078744173
2263,0.2,20,4,0.20348655410244643,0.091098014696067,0.2256636509900194,0.2142951998248037,0.23428657851276785,0.22763774301710354
2008,0.2,20,4,1.0929626194837894,0.6363639207436336,0.4390906584007841,0.4137007245676222,0.4390906584007841,0.4174592386764435
2049,0.2,20,4,0.2169306594246466,0.10722261793083021,0.375,0.35615281576355834,0.375,0.35615281576355834
1798,0.2,20,4,0.2432183906311868,0.1324644258631468,0.2840804343588845,0.27248653291206115,0.29849819492031643,0.28690429347349306
2261,0.2,20,4,0.3725167705154276,0.18297413495390677,0.3366126559312683,0.3073427344985741,0.34147706934519545,0.30641231487381776
2974,0.2,20,4,0.2340941150540417,0.10956411695614918,0.37333575304834066,0.37109428891065876,0.375,0.3727585358623181
2945,0.2,20,4,0.9295236193043586,0.5359325233990193,0.34575431905812215,0.32226595638817085,0.35154915209680565,0.33621135804085006
2574,0.2,20,4,1.0860712885680124,0.5998411996493583,0.40784979445531566,0.39989988231591067,0.40784979445531566,0.39550782781073623
2878,0.2,20,4,0.4343921186593789,0.24131775356261428,0.3697520809653846,0.3313123382727079,0.374144135470559,0.3299095597391989
1432,0.2,20,4,0.2873856195030588,0.140900878978978,0.2801417741067563,0.2567456387472428,0.2850061875206834,0.25785153805234867
1223,0.2,20,4,2.058570455985525,1.0694452238373537,0.1817102856004043,0.15529439201888276,0.18657469901433144,0.15533771942400137
1335,0.2,20,4,0.2718235528611025,0.15531370591410548,0.31475595156416786,0.3010985783083235,0.319620364978095,0.30379740889233914
1376,0.2,20,4,0.35526814786032507,0.17124697133287936,0.1907035210393619,0.1695170223421355,0.2051212816007938,0.18832683740874184
2333,0.2,20,4,0.3245260583641855,0.17399632048577193,0.38982112670556734,0.38246138001163466,0.4048724276633524,0.3975126809694197
747,0.2,20,4,0.8705053243730277,0.4767605454316967,0.2734641888885533,0.2314912762399729,0.2883569549481339,0.25077609680472795
1124,0.2,20,4,0.2061862965856907,0.10178812696848683,0.23521012460418111,0.20501262395099554,0.249627885165613,0.2194303845124274
1544,0.2,20,4,0.263795871663764,0.1364309971630276,0.261313547796816,0.24424909521395138,0.2661779612107431,0.2453549945190572
2680,0.2,20,4,0.9533994764497816,0.516986895498514,0.24240691343541726,0.2267369798511605,0.24709584716899485,0.22656150017081095
2654,0.2,20,4,0.43210460452510424,0.20768964604782553,0.3196537211327206,0.2808284976848448,0.3340714816941525,0.2952462582462767
168,0.2,20,4,0.37519228622416256,0.1999169801019277,0.2786337408513193,0.27217991851830836,0.28818708799882403,0.27686885225188596
2245,0.2,20,4,0.3483284970401966,0.16561444620782334,0.29100547767601825,0.2685442210897349,0.30542323823745016,0.2829619816511668
2471,0.2,20,4,0.16375004924120048,0.08288832685157727,0.30963086397970946,0.2771673442258523,0.31825379150245786,0.2857902717486007
1697,0.2,20,4,0.16937786499395172,0.0813571918811407,0.306061226699454,0.28848101428309025,0.31144893104024873,0.2944008878117584
2360,0.2,20,4,0.8177298588341504,0.4536002869632887,0.40624518851385244,0.36372365250814753,0.4091715641171253,0.3666500281114204
2171,0.2,20,4,0.459388508995527,0.259243119716476,0.2921916948632988,0.2522637374662494,0.2921916948632988,0.25712815088017654
245,0.2,20,4,0.2068032384405486,0.10364438420100755,0.23803203200617193,0.20903658373819223,0.24289644542009908,0.22345434429962413
2214,0.2,20,4,0.2140715088272033,0.11471965087294347,0.2720792061892758,0.2644375194786029,0.2864969667507077,0.27446322553486036
2252,0.2,20,4,0.27397242375084174,0.13841986042421,0.3440453255642586,0.3380115188932961,0.3489097389781858,0.3413566209868774
1287,0.2,20,4,0.21813292619648852,0.10587693893384216,0.3601757656426391,0.35228714933808525,0.3601757656426391,0.35228714933808525
677,0.2,20,4,0.20841799008922154,0.10141255767065854,0.3223052843671005,0.29634646354947236,0.3223052843671005,0.2881958949354766
1562,0.2,20,4,0.6529094832503444,0.37382500032332305,0.43091453198369895,0.41348089920759507,0.43091453198369895,0.40861648579366794
762,0.2,20,4,0.32197837509187394,0.1713720511330444,0.24959705937665613,0.22931737842381275,0.26401481993808806,0.24373513898524468
835,0.2,20,4,0.31023548328484185,0.16470405765612475,0.3036769008673972,0.292148066628855,0.31384461895065,0.307180198126035
1091,0.2,20,4,1.8272649587928165,1.013893766240221,0.23708637213186862,0.2158027882164264,0.23708637213186862,0.21319727728929924
2829,0.2,20,4,0.28305308687140696,0.13765903026345142,0.24200759837770774,0.2276727358372082,0.25622078538486703,0.2456444369531888
2874,0.2,20,4,0.8165630203925148,0.45992411783009984,0.30059559154290516,0.2943406859124351,0.3098520594620067,0.30841823984034517
716,0.2,20,4,0.2862564675714963,0.13820311853328407,0.375,0.35328382623419863,0.375,0.35328382623419863
466,0.2,20,4,0.4179323768096284,0.23833220715642872,0.16239377427789042,0.14397064926755054,0.1724792906132686,0.15405616560292873
2182,0.2,20,4,0.3122652914948834,0.15142135458713604,0.2065429745718299,0.20043239728693518,0.2209607351332618,0.2197145712622942
731,0.2,20,4,0.2584668052805918,0.13541272125105372,0.3038488051011528,0.29364621167836713,0.3124717326239012,0.30226913920111553
2323,0.2,20,4,0.39963680959860914,0.21536208783673913,0.28257860500521287,0.26959486124240795,0.29619710318517956,0.28807777283630176
2717,0.2,20,4,0.30280868003718786,0.1486148732570386,0.1388683940668346,0.12022186545245453,0.14749132158958303,0.134868723330765
2876,0.2,20,4,1.7488890698522486,0.9636178564957003,0.354713868338477,0.33963272720561405,0.36537311479108764,0.3502919736582247
231,0.2,20,4,0.25994831343376973,0.1235684682057374,0.27835586680205177,0.2606138946645526,0.27835586680205177,0.25481906162586915
2411,0.2,20,4,0.17538517128573386,0.08523886773671215,0.17899107329435285,0.14676531428569323,0.18986799278011468,0.16626516129420346
223,0.2,20,4,0.6336824950466878,0.3371974147387405,0.28926325366981576,0.25476429596218764,0.2918465603187081,0.2575355724913986
1690,0.2,20,4,0.29347667656467435,0.12576612225155948,0.375,0.35335749778879805,0.375,0.35335749778879805
1464,0.2,20,4,0.3339517350707559,0.16190364301932075,0.1951554554255034,0.17661257710940304,0.2037783829482518,0.17944067159346797
675,0.2,20,4,0.19694398165098234,0.09372860036327979,0.3679602980245174,0.3498435582420961,0.37658322554726587,0.35588317911595224
1351,0.2,20,4,0.3623734932269215,0.19966537249714192,0.27596807816589625,0.2624770002260581,0.2831811677656297,0.2648256764118644
642,0.2,20,4,0.20537449101676247,0.10495095025766514,0.222021133073988,0.21542488931589987,0.2364388936354199,0.23360116398615305
1146,0.2,20,4,0.9682616522614801,0.5348639527371544,0.3159088935252525,0.2925078660175314,0.32030094803042697,0.2967895766571392
641,0.2,20,4,0.3273137194815827,0.15795300944223298,0.2434197318012406,0.21881032566525754,0.24828414521516773,0.23172217000894105
2978,0.2,20,4,0.5904287098093517,0.35195642707082053,0.24007897605268186,0.22108810866522946,0.2588887911192882,0.23460996105560028
2443,0.2,20,4,0.34801917511985553,0.19702263268141665,0.1270085638844507,0.06866113123228251,0.14142632444588257,0.08254672260584098
1380,0.2,20,4,0.32076110791913287,0.13258754297053044,0.22160088608336093,0.2023462909604561,0.2322601325359715,0.21626972897175234
2242,0.2,20,4,0.2376656268196922,0.1332152451644758,0.3236616597318136,0.3130038536898299,0.3285260731457408,0.3178682671037571
2122,0.2,20,4,0.1945412591955155,0.09314677159466242,0.3608022264591693,0.33734253471544046,0.3678957431476595,0.34443605140393063
935,0.2,20,4,0.36320470599633276,0.1798221010337685,0.29170187751717297,0.28195949787698654,0.3087029447274972,0.2989605650873108
1170,0.2,20,4,0.18125594928006952,0.07760865765019749,0.3401854349819812,0.3070203570387733,0.34880836250472963,0.3200353390666962
2211,0.2,20,4,0.3923624613990082,0.19266921203464854,0.24802265088023434,0.2288034309853437,0.2586818973328449,0.24375336073464896
2481,0.2,20,4,0.3144539137246946,0.13756457188781301,0.16651036838815203,0.15246555256921207,0.1702688824969733,0.15715448630278966
2833,0.2,20,4,0.3841375749135915,0.20362181176697847,0.35228857984616646,0.2998231890847385,0.36294782629877703,0.30609038103217456
672,0.2,20,4,0.23846245898678284,0.11029975786925779,0.2920020556172439,0.27504494161343346,0.3064198161786758,0.28999487136273877
2861,0.2,20,4,0.24064691549512934,0.09841047449880741,0.36106089665881097,0.35442159788979216,0.3696838241815594,0.36304452541254056
190,0.2,20,4,0.9789333982631353,0.5525512175606895,0.3183956471423768,0.2793517098994417,0.3227877016475512,0.28750227851343746
1604,0.2,20,4,0.2387290081172064,0.11262400626603021,0.375,0.34260503881677057,0.375,0.34260503881677057
270,0.2,20,4,0.23846459562664676,0.11680228990242132,0.3127532606898322,0.30330097473530376,0.3127532606898322,0.30652731965625163
1391,0.2,20,4,0.7163156487150328,0.4111892642784133,0.42419707799688683,0.40342157406993695,0.42419707799688683,0.4092164071086204
720,0.2,20,4,0.6657935613252868,0.36865062681608574,0.19964785004068417,0.19536046641703417,0.21406561060211607,0.20977822697846607
211,0.2,20,4,0.34129657238789574,0.16382912404212815,0.36720919836634025,0.3462513093752244,0.36720919836634025,0.3369948414561228
1935,0.2,20,4,0.34674923424233073,0.17739929242373664,0.27545605581177296,0.23850118889614097,0.28987381637320486,0.2555022561064652
2108,0.2,20,4,0.303482336605476,0.14830827785444295,0.2653889069134575,0.2534425884068436,0.276048153366068,0.2639446892955558
2924,0.2,20,4,0.323165859712792,0.15641626976271092,0.11390933500165762,0.0512829455905362,0.11972460847525512,0.06289305210281715
2504,0.2,20,4,0.22932653080013765,0.10481717355731557,0.3155008909289298,0.3071967235748656,0.3241238184516782,0.31891569863925034
805,0.2,20,4,1.020228335447197,0.5854813992640572,0.38995050877734305,0.37539141695723727,0.38995050877734305,0.37664012616735676
2100,0.2,20,4,0.5466468530398172,0.30946258619960926,0.32863044018854987,0.3182750919668061,0.33467006106240593,0.3199226583354877
1166,0.2,20,4,0.2951820609499617,0.1602414325120136,0.32415618687452696,0.3033826131527801,0.3290206002884541,0.3082470265667072
475,0.2,20,4,0.2905147138404255,0.11934829992339577,0.33133876667686885,0.3171180442121945,0.3350972807856901,0.31888089179442053
1925,0.2,20,4,0.2751798725996578,0.14275376071047663,0.3016832961218241,0.29157579803441,0.31170900217808156,0.29720944958549306
2922,0.2,20,4,0.2952407657079875,0.15268323873914247,0.21516982156742448,0.1968910140395071,0.22958758212885638,0.211308774600939
1039,0.2,20,4,0.3854966309596375,0.2039119945237637,0.30408559468979063,0.2898757022227188,0.3162094600744546,0.30790793068210814
1747,0.2,20,4,0.37589872165142385,0.20913859787414246,0.1841709416143775,0.11987200306604982,0.1948301880669881,0.1385786804484168
2632,0.2,20,4,2.4584870226760014,1.295616197196715,0.15413594666280003,0.09437212035468515,0.15466811585067344,0.09437212035468515
2836,0.2,20,4,0.3451248964407128,0.1873397461567933,0.15555271341176113,0.1306940971030927,0.169970473973193,0.14511185766452459
1299,0.2,20,4,0.24895176751600848,0.13127885407069834,0.273983842588333,0.24992875936859088,0.273983842588333,0.24506434595466375
2287,0.2,20,4,0.2981454920449396,0.14650018371314497,0.3134592527788972,0.29587894331503173,0.3134592527788972,0.2910145299011046
1565,0.2,20,4,0.3082948025033781,0.1511510500440633,0.25477673964117764,0.2438885316249492,0.2643300867886824,0.24857746535852682
776,0.2,20,4,0.3619220589813537,0.17861003824678684,0.3126277345326163,0.29233281827442315,0.3182446612065885,0.2935519710767503
1430,0.2,20,4,0.3125297732260222,0.16008686359666507,0.3053213313237968,0.28796193852857793,0.3053213313237968,0.2922526218252726
1415,0.2,20,4,0.2524086178054372,0.11135429251593627,0.20700334086265942,0.20060868757618844,0.22142110142409133,0.21878496224644162
1206,0.2,20,4,0.5456549430317135,0.3097546804922657,0.4445566700228057,0.40545402775448164,0.4445566700228057,0.40984608225965613
888,0.2,20,4,0.2698137484168764,0.11730193936148514,0.20429286157321686,0.19158356202865473,0.21871062213464876,0.20936819042729582
297,0.2,20,4,0.30638094726815013,0.15605535774839044,0.2626934949067661,0.25350454364490677,0.2722468420542708,0.2581934773784843
336,0.2,20,4,0.41064427724871727,0.21092925511446958,0.2312792734191978,0.2215802181106677,0.23644056606152808,0.23379739927162688
382,0.2,20,4,0.1901179517475509,0.09759426408030396,0.1878442525325688,0.17774597921282054,0.20226201309400074,0.19592225388307377
2190,0.2,20,4,0.17271655449624923,0.09254735607353805,0.3384662735173779,0.33376611074644563,0.34222478762619923,0.33766848247802994
2247,0.2,20,4,0.23800241730594632,0.12926424773491801,0.25986083951667577,0.24682509937871208,0.27052008596928634,0.25685080543496946
2453,0.2,20,4,0.23009622285974768,0.11258503099673356,0.35352695103051096,0.34633987125212595,0.3621498785532594,0.35418166377496746
882,0.2,20,4,0.21004965743665827,0.12650344399046382,0.2785362076815757,0.2723103706605511,0.28340062109550285,0.2736147822312147
1672,0.2,20,4,0.2130546160367919,0.08967039246846552,0.2139411582763872,0.18698082788763928,0.22460040472899778,0.20632104566635942
2976,0.2,20,4,0.4818906827854058,0.24620639157269567,0.2676344045576816,0.24694249193005427,0.2768908724767832,0.26063705112435387
1025,0.2,20,4,0.26291423301615,0.1363724998290905,0.28051235085422177,0.2796535893360747,0.2853767642681489,0.28075948864118055
67,0.2,20,4,0.3866663165528497,0.2191793426043266,0.2635296570052499,0.18891516638358313,0.2779474175666818,0.20280075775714163
1122,0.2,20,4,0.371871279084081,0.2059768653914775,0.24359838954097301,0.22523240415935578,0.2566133715688959,0.24843427373113658
2675,0.2,20,4,0.2491549115795753,0.14501688446594807,0.3069414639794345,0.2730670762129631,0.31473225299663443,0.2745308630036062
2529,0.2,20,4,0.30392937976962847,0.16015143536327728,0.2960680285939279,0.2676671011913987,0.3104857891553598,0.2820848617528306
2894,0.2,20,4,0.4487963825490214,0.22913698033281668,0.3649560181461204,0.3536247939874758,0.3693480726512948,0.3584595762618299
1493,0.2,20,4,0.4763790798159152,0.27230388585262016,0.376492132412815,0.361227105580701,0.39154343337060005,0.3733850127418199
2164,0.2,20,4,0.23368927555369476,0.13498557388123444,0.29582601874431363,0.2911138856985173,0.30537936589181836,0.30075539008125274
1830,0.2,20,4,0.48278959119816245,0.23544367478521563,0.3304908984418132,0.32309140507984513,0.3406777859856711,0.3362294579506077
1390,0.2,20,4,1.6038941131936144,0.8879344485490404,0.376564478355648,0.3530540574063749,0.376564478355648,0.34546802256231995
430,0.2,20,4,0.2994771988562881,0.1470180610039558,0.1256403138572224,0.09808900208265953,0.1400580744186543,0.12112969016683986
596,0.2,20,4,0.29503929522066114,0.1360034811575545,0.31275231344601157,0.30069058467808774,0.32137524096875997,0.30931351220083614
2067,0.2,20,4,0.25361452229466797,0.10369075901782218,0.23363370740395167,0.20082642574701168,0.2475286042057343,0.20985690913486715
2839,0.2,20,4,0.25007691659248266,0.1360343002743796,0.28581977571535333,0.2757104727014777,0.2946498091638567,0.28454050614998105
526,0.2,20,4,0.3848837687158464,0.14113901228884282,0.21558713883999486,0.20694952884959217,0.22514048598749958,0.21163846258316976
2910,0.2,20,4,0.24621543502863608,0.1289837323713311,0.21129264006098913,0.2108102674170494,0.22571040062242104,0.2252280279784813
2434,0.2,20,4,0.6238316070889492,0.3768932918604273,0.3925688473598862,0.3785070482825427,0.3925688473598862,0.3727122152438592
2391,0.2,20,4,0.8644832031998367,0.47976865526879875,0.3416713842121936,0.29963843216982305,0.35092785213129524,0.31328695459409917
2958,0.2,20,4,0.2102755094487748,0.09850693285475708,0.20966029763113642,0.18326134879373354,0.21828322515388485,0.20103760655134423
688,0.2,20,4,0.576353439394929,0.29602419917421086,0.3340679061863281,0.3232335951137007,0.3366512128352205,0.3306813151765202
1162,0.2,20,4,0.26860334057744906,0.15028254402031344,0.23788661070841777,0.22632897795470988,0.2485458571610284,0.24074673851614178
2554,0.2,20,4,0.3161102742522372,0.13931950435835808,0.3316974224806311,0.31757255937742196,0.3403203500033795,0.32619548690017036
489,0.2,20,4,0.23360478598196688,0.11363894396787003,0.35143319108896687,0.34210073973376487,0.356297604502894,0.346965153147692
1864,0.2,20,4,0.27171639158118144,0.1444184664702551,0.24479352887747008,0.24262749755112478,0.2592112894389019,0.25704525811255663
1461,0.2,20,4,1.228974912458953,0.707581617939905,0.39648717580357135,0.34537463495804627,0.40228200884225485,0.35492798210555104
2151,0.2,20,4,0.28978940509119927,0.14639778914859727,0.19503559543431764,0.18553466080090547,0.20365852295706607,0.18889492447284384
1022,0.2,20,4,0.6162546644198864,0.34483901546692286,0.4456497491339524,0.4198393613895121,0.4456497491339524,0.4223101939242867
1988,0.2,20,4,0.25628122794650343,0.1273591951676653,0.2838001279912449,0.2694087521421809,0.2982178885526768,0.2838816497381972
2152,0.2,20,4,0.29897700391166016,0.13434899219837457,0.3246924037312735,0.30444288887640536,0.32547559298750334,0.30951499495357027
2726,0.2,20,4,0.2599893418952706,0.11456771658822336,0.3272403078465417,0.31247977978870456,0.330998821955363,0.3113738804835987
2350,0.2,20,4,0.21861201344952005,0.11290794226124448,0.2412296684821214,0.22521988432726647,0.24609408189604853,0.22804797881133143
1709,0.2,20,4,1.5089300693138608,0.8230262501374656,0.3640278928652254,0.277486474511449,0.36889230627915254,0.27689654635873556
1993,0.2,20,4,0.294760330312266,0.16669922255013592,0.3057490064371527,0.29148995369677494,0.3135300028338299,0.30730811595894414
1582,0.2,20,4,0.2965638675286411,0.1310959747122771,0.403114435501563,0.3508243047938988,0.403114435501563,0.35118631983708476
1097,0.2,20,4,0.19051646226909458,0.10890908004128175,0.29506919413205607,0.28747376011508835,0.30369212165480447,0.29609668763783675
697,0.2,20,4,0.42471815518503164,0.20670943550107707,0.11940446444467495,0.04254457214124946,0.13006371089728555,0.05227339896910374
192,0.2,20,4,0.16790699078540555,0.08141218841886078,0.1705373978215719,0.15049458759844703,0.17540181123549906,0.153322682082512
1009,0.2,20,4,0.322122457298751,0.17432418868058125,0.314154734458849,0.2793311871452741,0.31901914787277613,0.2784007675205178
990,0.2,20,4,0.5241267062106517,0.2788451683605116,0.30136308480149326,0.2580977202888729,0.30998601232424167,0.2667206478116213
1498,0.2,20,4,0.9942742345369926,0.5620004905765539,0.4512041119067222,0.4456292784421046,0.4512041119067222,0.4433368549271291
851,0.2,20,4,0.35112593035942796,0.1891762446199917,0.2803326012679689,0.2516162513581205,0.2889555287907173,0.25444434584218545
2715,0.2,20,4,0.2547795331840576,0.123487475439174,0.2676258098014849,0.23108470179797955,0.2676258098014849,0.23484321590680085
1324,0.2,20,4,0.44286129281573927,0.2139847247465049,0.32291777323963095,0.3027427789427928,0.33217424115873256,0.31575776097071573
2474,0.2,20,4,0.30378028966678766,0.14580304882342793,0.28513613837238433,0.279291872701263,0.29468948551988905,0.2867115465584926
791,0.2,20,4,0.22718785995766247,0.12509969639691712,0.36900951341987537,0.3503825779231031,0.37276802752869664,0.3541410920319244
2084,0.2,20,4,0.36203882608839805,0.1450146730878316,0.3059191615305587,0.28438566108375224,0.32033692209199055,0.2986457502499963
2676,0.2,20,4,0.3222879272858486,0.14282023007012995,0.1350971981907755,0.0867154203026318,0.14951495875220738,0.10113318086406367
1592,0.2,20,4,0.8873656609863861,0.5065754383161354,0.2421601616638402,0.20986760001191568,0.24708438535688804,0.2239379477584984
2837,0.2,20,4,0.2413677726925982,0.12839409517082415,0.26704625529024467,0.2621477027588937,0.2785490950767473,0.2774090566542176
1821,0.2,20,4,0.22464810655822276,0.10701754810525059,0.22186451852420996,0.20343591165438105,0.23628227908564184,0.22271808562974008
1489,0.2,20,4,0.43588260579633104,0.22843477429412806,0.2780342719490271,0.25804816239289835,0.2886935184016377,0.2683168589150734
2911,0.2,20,4,0.4802008017869196,0.25404585019106396,0.38359219220198426,0.379942403539683,0.3986434931597693,0.3971350212626679
275,0.2,20,4,0.7847219290086183,0.40818647127627466,0.4214597105583468,0.4132380432827757,0.42585176506352124,0.4176300977879501
494,0.2,20,4,0.22969860698364442,0.10853218476677319,0.30923061395734563,0.28612483125583643,0.3236483745187775,0.3038016746230692
884,0.2,20,4,0.4929834541897935,0.2757759726944043,0.44573916523300106,0.44573916523300106,0.455926052776859,0.455926052776859
1453,0.2,20,4,0.3913054164382246,0.20815690788078703,0.0695362626073871,0.03907652526998128,0.07748110842471012,0.04755354027517771
1109,0.2,20,4,0.4598328455765309,0.23971041112947739,0.22125310329982711,0.2202744892363389,0.23191234975243774,0.22913244970710467
1793,0.2,20,4,0.3061559510174433,0.15499581576729118,0.1705288873469352,0.15451752212158798,0.1861965069364624,0.17833571032511092
2960,0.2,20,4,0.8654091061612261,0.486084030871655,0.4717416131031051,0.4233216305484422,0.4761336676082796,0.4277136850536167
2685,0.2,20,4,0.49313946276545917,0.2879808474091576,0.12647411355913996,0.07255341674640682,0.12740453318389627,0.08210676389391156
2026,0.2,20,4,0.22809244318250665,0.13424768102639545,0.3332649395169887,0.31427767640984605,0.34392418596959934,0.3249369228624567
1120,0.2,20,4,0.2516742176285191,0.13217486071257117,0.28573061770996,0.2685715189245179,0.2894891318187813,0.2771944464472663
1849,0.2,20,4,0.38109164741142953,0.1474902493929047,0.19903094847232372,0.17733721930542692,0.20278946258114502,0.18202615303900455
1418,0.2,20,4,0.3528002907355828,0.18279548060316186,0.2768666577785619,0.24192707439657474,0.2912844183399938,0.25634483495800664
2625,0.2,20,4,0.30974850582556057,0.15763052270904623,0.3110758729127902,0.3105580705320948,0.32807694012311445,0.327559137742419
850,0.2,20,4,0.1896423552338295,0.08823305243300807,0.23313562062820048,0.22753514442522502,0.24755338118963235,0.24681731840058405
2547,0.2,20,4,0.3108367582326299,0.14734618725011042,0.2785426444385589,0.26629817432174097,0.2871655719613073,0.27492110184448937
1332,0.2,20,4,0.21222678321728464,0.09768425870436262,0.3106334355592267,0.29780078902795826,0.3192563630819751,0.309007023199599
1488,0.2,20,4,0.2681882285485515,0.13415591182182682,0.2726988782386752,0.25079898297842584,0.28711663880010707,0.26520272595292993
844,0.2,20,4,0.35669079393338526,0.20138317684584806,0.32966237808169385,0.3146404906443159,0.3422277261089694,0.3272058386715914
1030,0.2,20,4,0.3424159966029093,0.1829019301204772,0.1332609290408847,0.095452708446295,0.14188385656363314,0.10987046900772687
2901,0.2,20,4,1.3955631958091803,0.7964516346955549,0.49595658574103696,0.4926888130708677,0.5,0.49673222732983074
1247,0.2,20,4,0.2037263280816286,0.09038558735672107,0.18628081417301878,0.1705076648484686,0.20069857473445069,0.18868393951872178
1817,0.2,20,4,0.4398376367942246,0.21847733664272942,0.32160972695012413,0.2990364746595108,0.34041954201673047,0.3256370787433171
2417,0.2,20,4,0.2466472182530434,0.13095341097942054,0.35319101118787183,0.34057626894564913,0.36181393871062023,0.34919919646839753
741,0.2,20,4,3.055126178780607,1.5387595499512168,0.04142849549770313,-0.015728528798417775,0.03280556797495471,-0.015728528798417775
371,0.2,20,4,0.2762966919968903,0.13630505192939196,0.2731468906135346,0.262164932119131,0.27801130402746166,0.27078785964187935
113,0.2,20,4,0.17062402131706358,0.09946962207572896,0.28538499215588164,0.26649279763199624,0.2960442386084922,0.27339352997578553
2669,0.2,20,4,0.6593117391545629,0.35793194002792966,0.23575436255601984,0.2213092091217034,0.23898070747696773,0.22939996745657845
693,0.2,20,4,0.26883278898634144,0.11572286289836381,0.33519912832310733,0.32650825847074083,0.3438220558458558,0.3351311859934893
1950,0.2,20,4,0.2660357969382903,0.119379970763448,0.2033812227913147,0.18305407691790893,0.21404046924392534,0.18995480926169828
2825,0.2,20,4,0.1937398244671422,0.10226657834228049,0.28222359817250503,0.2714860486386109,0.29084652569525343,0.2743141431226759
1158,0.2,20,4,0.495226648945705,0.2935755732091045,0.3514541595195823,0.3247693369014216,0.35631857293350944,0.337273304496665
367,0.2,20,4,0.39010384767241485,0.21669242107552322,0.31799769010094703,0.30271582457354324,0.32286210351487415,0.3124446514013975
680,0.2,20,4,1.3922530694914412,0.7516070689678885,0.4216573193641253,0.4105545567683348,0.4216573193641253,0.4143130708771561
69,0.2,20,4,0.23573896000102929,0.12617144669824826,0.23416129823116738,0.22027819925755826,0.24857905879259928,0.23469595981899016
2525,0.2,20,4,0.7232164534945174,0.4063393904930629,0.2690476018249561,0.21464812995156546,0.283465362386388,0.22906589051299736
2581,0.2,20,4,1.3138612360471598,0.743568281042258,0.45749781402950074,0.4457529082648936,0.45749781402950074,0.4501449627700681
2701,0.2,20,4,0.1887267249503195,0.08371957306339252,0.2897426217556921,0.2807691059475683,0.2935011358645134,0.2856660889053532
605,0.2,20,4,0.21654562999369792,0.11055115698123344,0.25232752026966304,0.24297674050686818,0.26519956004249734,0.25098436686577535
864,0.2,20,4,0.28358945510375627,0.13974281713700948,0.19796394936401085,0.19228062490077422,0.21238170992544275,0.20669838546220612
2209,0.2,20,4,0.21044170568634885,0.10160681264859805,0.3197061899694365,0.3104388832046922,0.3234647040782578,0.3147295665013869
513,0.2,20,4,0.2603059389893973,0.12052287513850991,0.2039655752671765,0.18746428667020829,0.21258850278992497,0.19029238115427327
2414,0.2,20,4,0.3208565657154015,0.14679798267555869,0.20953571777302185,0.1964206727112673,0.22395347833445373,0.2108384332726992
1667,0.2,20,4,0.46543985020843587,0.27364682111832445,0.35600791842495794,0.3335521214748376,0.3563513044249631,0.3387599208887699
2648,0.2,20,4,0.6452770466733543,0.3717640211675883,0.1680619982756787,0.10447793683611811,0.17872124472828926,0.11889569739754997
2407,0.2,20,4,2.7913693507307857,1.3970255527034063,0.2600816879923286,0.1361872918759846,0.26494610140625574,0.13536900269036536
628,0.2,20,4,0.5983607427555871,0.3302616674851903,0.15711040083101582,0.11114201628127232,0.16776964728362642,0.1255597768427042
1537,0.2,20,4,0.333277208003308,0.1444382016011297,0.21077198437898081,0.19246034152471408,0.22518974494041274,0.2103498680361537
1130,0.2,20,4,0.6023281002134958,0.33213384272605534,0.4314561119763962,0.4149346060460477,0.43385658169792746,0.41684069021402426
2445,0.2,20,4,0.49628285213719514,0.22918692712550096,0.41106701047683175,0.404379054334591,0.42032347839593337,0.4136355222536926
2216,0.2,20,4,0.6406881956362313,0.3242009429166284,0.17023869000908615,0.1449601435466153,0.18465645057051805,0.16030832373280351
101,0.2,20,4,0.2544851334647183,0.14164058699688534,0.3475965185524664,0.3401208394767872,0.35246093196639355,0.3449852528907143
1445,0.2,20,4,0.20779574719098098,0.10835617705519339,0.21387258754722055,0.20219272351506049,0.2282903481086524,0.22147489749041946
549,0.2,20,4,2.559888395979497,1.2462320849871915,0.18416968155045138,0.10707191431654461,0.1890340949643785,0.10389683019143973
415,0.2,20,4,0.2672711828062333,0.12046553652424954,0.19001792263603523,0.1896195852414848,0.19957126978354,0.19510519376416327
1365,0.2,20,4,0.2167692359978719,0.11091995788031864,0.21929611850659197,0.19642671606703485,0.22305463261541325,0.20347269489754946
2873,0.2,20,4,0.42781269777765574,0.2274099723081771,0.31236210137784043,0.3047938935580292,0.3253770834057633,0.3127870545343493
1942,0.2,20,4,0.38598276548867155,0.21015230262905435,0.3205686459331518,0.3144942989472313,0.3356199468909368,0.3269467821852701
746,0.2,20,4,0.2038739699177284,0.10318942039823796,0.21494720304715387,0.20329512974311478,0.22357013056990233,0.20612322422717977
1428,0.2,20,4,0.5406627906605983,0.28178527910420675,0.36995264068593836,0.3465944274574088,0.38061188713854893,0.3528616194048449
429,0.2,20,4,1.0772483387652376,0.6305789542048255,0.32860672351461534,0.3204517060523796,0.33440155655329884,0.3262465390910631
2749,0.2,20,4,0.2937021888597173,0.13181278945906588,0.1111317724317183,0.0816199918437508,0.11975469995446675,0.10090216581910984
1159,0.2,20,4,0.9607918202777521,0.5537120126032987,0.4822387606692291,0.47687237151600415,0.4822387606692291,0.47687237151600415
514,0.2,20,4,0.7417304519952683,0.4189428129593578,0.3794198690530303,0.3748277754659964,0.3838119235582048,0.3734249969324874
1001,0.2,20,4,0.1573703619341827,0.08471110788570843,0.32000207199334785,0.2898504113403569,0.32486648540727503,0.28656425614028835
2383,0.2,20,4,0.23537820278436009,0.10935847418041365,0.21645565381547538,0.1952064448876911,0.22711490026808595,0.21025774584547613
896,0.2,20,4,0.22474971188705686,0.1242895418395139,0.2864632375761938,0.27174226065057516,0.29474037831774336,0.2742245683534412
603,0.2,20,4,0.5590688810810998,0.3059539607921326,0.16683479799018802,0.1481793620390814,0.16776521761494434,0.15654106299668688
424,0.2,20,4,0.2321998787321473,0.111553886205667,0.23402415964193046,0.22490392253789016,0.2426470871646789,0.22974845799396487
606,0.2,20,4,0.20762727710869583,0.11064806425913329,0.19667515466134805,0.18943373282556772,0.20733440111395868,0.19633446516935704
2970,0.2,20,4,0.22963908587819024,0.11341304112138686,0.2306294550243932,0.21673994463843843,0.24504721558582507,0.2311577051998703
178,0.2,20,4,1.378735199701326,0.7810138976582256,0.5,0.462066390891867,0.5,0.462066390891867
2778,0.2,20,4,0.36266773386173295,0.17664860533337381,0.35930495811637986,0.35837507245881406,0.3709408324270288,0.3674786635794201
1219,0.2,20,4,0.2675567597798474,0.13186726407951196,0.26640113859511183,0.24623318456544155,0.2808188991565437,0.25625889062169893
959,0.2,20,4,0.8661710909528471,0.48252874231451626,0.2463661569760911,0.23023701378374206,0.26141745793387616,0.24465477434517396
1684,0.2,20,4,0.21566786492282564,0.10887951747106972,0.3592445084870059,0.35092961741936024,0.36786743600975436,0.35516049043693426
559,0.2,20,4,0.2016564163743354,0.10389552202571092,0.3280120909337869,0.3226850919459664,0.3328765043477141,0.3275495053598936
2667,0.2,20,4,0.27703974956142846,0.14220583439562584,0.22761756666517372,0.21424500138773794,0.2403693460054772,0.23075529483686272
685,0.2,20,4,0.21848878508801983,0.10599047438163765,0.2115626910642321,0.20317295380882872,0.22598045162566396,0.21753953967545359
1317,0.2,20,4,0.23506657466009873,0.11742166756191302,0.3333240771352662,0.3081446281371126,0.33708259124408746,0.31049280342181923
274,0.2,20,4,1.0041742570324088,0.587736341688369,0.28492291543999204,0.27205463698259935,0.29558216189260267,0.27895536932638865
1165,0.2,20,4,0.19217917271179236,0.09129135060960698,0.25826415411143705,0.23977500653150316,0.2726819146728689,0.25419276709293503
973,0.2,20,4,0.45956699476492757,0.23854966789566837,0.2948406280594471,0.2894690332924138,0.30808318116095007,0.3004732908045912
2485,0.2,20,4,0.4353700901142046,0.23973877491637852,0.27345345010914063,0.26742748910302605,0.2827099180282422,0.279182531886852
2198,0.2,20,4,0.21153711992058022,0.1037197355582655,0.16921589962543399,0.1558498414880828,0.17783882714818242,0.16667422344198873
446,0.2,20,4,0.2298920498221528,0.11678836048570783,0.3601504155967309,0.3514781177730081,0.365014829010658,0.3563425311869352
2145,0.2,20,4,0.3905750138334037,0.2164357892649597,0.3057246915574966,0.27659773371093355,0.3066945486680561,0.2727031774075659
1742,0.2,20,4,0.3915583162499544,0.19916911607094326,0.20785777357669516,0.1832005690781406,0.2229090745344802,0.2064024386499214
1322,0.2,20,4,0.3465181314734178,0.17258006567007333,0.2533352999325931,0.23836406299662888,0.26516975384513264,0.2594778285155739
2783,0.2,20,4,0.19088360988567069,0.09545857928736871,0.26382058107176865,0.23945633993621862,0.2675790951805899,0.23835044063111277
659,0.2,20,4,0.28671657746403145,0.12934119057407678,0.1846042539769434,0.16454309519298282,0.19415760112444816,0.1754393056048408
1675,0.2,20,4,0.2523635532159824,0.12387513977834878,0.18245455164542274,0.15720822609309598,0.19107747916817117,0.17538450076334916
2162,0.2,20,4,1.9594411853454266,1.0380202002696475,0.2373469065856807,0.21379089591382006,0.2466033745047823,0.22791177724684883
175,0.2,20,4,1.2753894273821944,0.7523853317651451,0.4244251173901056,0.38169229859793846,0.4281834034319977,0.38920909874865184
1254,0.2,20,4,0.7455227601908588,0.43304387537212274,0.5,0.4457614887330848,0.5,0.4457614887330848
447,0.2,20,4,0.25770698426697136,0.13512835871956833,0.2536773631180485,0.2333792420291921,0.26230029064079696,0.23718108354313205
1477,0.2,20,4,0.5185267729443909,0.2567618585600058,0.38275642003111854,0.3704065724304523,0.3929433075749765,0.3811256291621836
2055,0.2,20,4,0.35692557852662293,0.1842769223230591,0.3050353248959554,0.2614689226656533,0.3194530854573873,0.2758866832270852
2180,0.2,20,4,0.27499739839961196,0.14683579634626293,0.17746373594808343,0.14686944062659688,0.19188149650951533,0.16128720118802878
1216,0.2,20,4,0.4387482440985841,0.240740554693431,0.183922937836624,0.16088444834579724,0.19458218428923463,0.17284835530212148
1193,0.2,20,4,0.6695564586633568,0.3692249571252033,0.16406499339660063,0.14550655256216094,0.17472423984921126,0.15992431312359284
943,0.2,20,4,0.17243780434436382,0.09242141062097112,0.24057440323135065,0.22322057445195254,0.24669596980397984,0.2257291396797824
1192,0.2,20,4,0.31213647608888007,0.13927721145271182,0.20224543970017167,0.17993816000114476,0.21666320026160354,0.19435592056257664
1215,0.2,20,4,0.4376597126674395,0.21589155787819153,0.18890276840437614,0.1716127241666571,0.20332052896580805,0.186030484728089
1148,0.2,20,4,2.970416536476582,1.4882434213553024,0.09952343921831378,0.03801750550885868,0.09841753991320792,0.04177601961767997
1427,0.2,20,4,0.28475152678377985,0.14685291341259438,0.2118862311285278,0.18237277200740126,0.2156447452373491,0.194754213638971
2079,0.2,20,4,1.0735676463357067,0.5879926959006431,0.3869327924153616,0.34719614262594994,0.3869327924153616,0.3515881971311244
1748,0.2,20,4,0.2251670760480532,0.11816168916044872,0.3837131031020661,0.3648155597438478,0.38857751651599326,0.36967997315777495
558,0.2,20,4,0.28620733215453015,0.13644455554664786,0.2798107618982652,0.26481286313639635,0.2884336894210136,0.2721255339841815
724,0.2,20,4,0.19114576922637483,0.10616846068641678,0.2640237401142178,0.2640237401142178,0.2784415006756497,0.2784415006756497
1145,0.2,20,4,0.22174817037903316,0.09794181836177103,0.23233578205254835,0.2118398481962617,0.24095870957529675,0.2247516925399452
831,0.2,20,4,0.25657232844144234,0.1318976353265275,0.25818241294797184,0.24110226645550023,0.2693287391805389,0.2560071067968886
2054,0.2,20,4,0.21769961855630957,0.10600725342443702,0.19479671304977955,0.16343509745363763,0.2043500601972843,0.1816113721238908
2044,0.2,20,4,0.25550783723396825,0.11931749642983644,0.28998680888430745,0.2664402127834816,0.29860973640705585,0.27992755372015715
2222,0.2,20,4,0.2411437916218542,0.12573424316393564,0.3257089115656893,0.3143677011926728,0.3401266721271212,0.3274021804790992
2418,0.2,20,4,0.45364198574332204,0.2620205645823949,0.28250329814931585,0.24652326025174381,0.29692105871074775,0.2609410208131757
380,0.2,20,4,0.7349192586883598,0.3941980772967805,0.41409733258198644,0.3897249522301669,0.41409733258198644,0.393584837547468
1285,0.2,20,4,0.3788586538085122,0.16517121502001542,0.18372590837391503,0.1404145806180857,0.19814366893534696,0.15366683358607264
1288,0.2,20,4,0.23575415385803128,0.1281468530582597,0.22969984216085657,0.2256830548954423,0.238322769683605,0.2310004392047751
2219,0.2,20,4,0.24399040914965045,0.13371716509553536,0.19847810641692964,0.1796972554959791,0.20710103393967805,0.18252534998004402
1746,0.2,20,4,0.23812132221497898,0.12024316993428176,0.2848176134531844,0.26390309761703046,0.2892343634386023,0.26345543418852124
80,0.2,20,4,0.16387038378449123,0.0795573838215677,0.32706296232346604,0.3133470228144833,0.33568588984621445,0.3219699503372317
1045,0.2,20,4,0.17678215003956538,0.09224246885920548,0.24340627347798188,0.2297861215381825,0.2520292010007303,0.2384090490609309
1236,0.2,20,4,0.29800943012381,0.15741569862857238,0.23515082019812536,0.20942647723347863,0.23515082019812536,0.21804940475622703
1055,0.2,20,4,0.31296276324292316,0.14963663773895208,0.3933982765706061,0.3817250240564735,0.3933982765706061,0.3817250240564735
915,0.2,20,4,0.20903972894304942,0.11666021352110025,0.3136818099787795,0.2924097311764111,0.3280995705402114,0.306827491737843
414,0.2,20,4,0.3358743631412179,0.18691681085390088,0.28407537319821574,0.2735161658107413,0.2991266741560008,0.2860625515757093
2184,0.2,20,4,0.2665444976916093,0.13981159188253492,0.36583594109260187,0.34177779426649235,0.36959445520142314,0.3486517842120794
2109,0.2,20,4,0.768956186353727,0.48571109189740214,0.447464816372821,0.4377422024080802,0.447464816372821,0.4340492011706404
24,0.2,20,4,0.3204834185506217,0.16648928735148996,0.24901260041322643,0.21623437376715154,0.2590383064694839,0.22186802531823455
967,0.2,20,4,0.29816461771710695,0.15492634298855026,0.203484279734522,0.18584989623726528,0.2179020402959539,0.20026765679869718
1441,0.2,20,4,1.0769507208032545,0.6077028057214512,0.3821339104363262,0.36389078914328654,0.3913903783554278,0.37894209010107155
2121,0.2,20,4,0.2564847359590692,0.13368282704779236,0.2452666788991723,0.23520779782034273,0.2596844394606042,0.24962555838177464
1966,0.2,20,4,0.23574425173230978,0.12693573876206765,0.38897688627022886,0.3786625601900491,0.38897688627022886,0.3812458668389415
2267,0.2,20,4,0.2198358312870945,0.10786146823695805,0.3476109431831829,0.3187653697244618,0.3562338707059313,0.32299624274203576
1618,0.2,20,4,0.2943016926802859,0.15423812016266455,0.22070882868325659,0.17898101514767284,0.229331756206005,0.18180910963173777
2316,0.2,20,4,0.22841833818214333,0.11794414542039931,0.2567980852962827,0.24080003896825372,0.2654210128190311,0.24894144984348532
841,0.2,20,4,0.4225996627497077,0.21247902392474222,0.20854917582877858,0.18014807091367457,0.21717210335152698,0.18244399620986612
34,0.2,20,4,0.2255811084072252,0.12652884790366065,0.21382205907470136,0.20601251899384865,0.2186864724886285,0.2152997657754355
729,0.2,20,4,0.2421341066376613,0.11613092531352681,0.21039577356467454,0.19325394210660524,0.219018701087423,0.1992936582482963
2637,0.2,20,4,1.3728202862653418,0.7676197805816802,0.4134727069371242,0.3292839067401434,0.4183371203510513,0.3220116663576734
1692,0.2,20,4,0.2017494559254856,0.09791053086429644,0.24090182998773024,0.22808382703416455,0.25045517713523496,0.2425015875955964
614,0.2,20,4,0.2231147432984617,0.1050681087913609,0.2722719396761058,0.257528373749913,0.2808948671988542,0.2719461343113449
2888,0.2,20,4,1.5865492550839366,0.8531624103204893,0.39402441645355435,0.35604996025765323,0.40421130399741234,0.3662368478015112
2537,0.2,20,4,0.29601191086916384,0.1548141112840067,0.2651077653007212,0.23972669144006942,0.2737306928234696,0.24255478592413435
1765,0.2,20,4,0.2956710211659266,0.1495288442651135,0.2633316889149222,0.23952659561632245,0.2777494494763541,0.25394435617775435
725,0.2,20,4,0.3333801243955938,0.19496128035497493,0.19852714812463768,0.1684162614175474,0.2091863945772483,0.18862885501766277
1890,0.2,20,4,2.094772794108095,1.1132132858128923,0.21782726720195267,0.18817168207193266,0.22275149089500051,0.189869358853251
1822,0.2,20,4,0.2892002900911715,0.12240022689964995,0.11679381882787385,0.08764094891604036,0.12541674635062228,0.10581722358629353
145,0.2,20,4,0.7804573950630116,0.4804023244294208,0.5,0.4909140829537271,0.5,0.4909140829537271
2700,0.2,20,4,0.3451672250504206,0.1692206719383983,0.1846630998705417,0.15909193476710798,0.19027167086771765,0.1742538529117887
2895,0.2,20,4,0.2369328782457549,0.12264474274168496,0.3487697281216886,0.3253493071733625,0.357392655644437,0.3325694561626019
445,0.2,20,4,0.8896027617133246,0.46680988990219835,0.37628969820809244,0.36614866681484265,0.38115411162201956,0.36521824719008633
341,0.2,20,4,0.6712433414723606,0.3485098457173525,0.5,0.46534018275879113,0.5,0.46534018275879113
652,0.2,20,4,0.39192416860313073,0.19993238408230427,0.2823033040942001,0.26207999963724415,0.2973546050519852,0.28528186920902493
1492,0.2,20,4,0.662678007538389,0.3604802157232728,0.347000295505305,0.29134160638967177,0.3487611252218602,0.2887103816010525
352,0.2,20,4,1.190320578969853,0.6528853062069656,0.4070757619725922,0.3819627741324454,0.4070757619725922,0.38635482863761983
290,0.2,20,4,0.2975807523790445,0.1396232827176514,0.25493528104755603,0.23616624226656713,0.26935304160898793,0.25058400282799903
2062,0.2,20,4,0.301902608726578,0.13177611547045004,0.25280081661124054,0.2407299383816066,0.26721857717267244,0.2551476989430385
2772,0.2,20,4,0.848638091299443,0.4718145558054006,0.5,0.4696651384191442,0.5,0.4696651384191442
1846,0.2,20,4,0.22029084565117069,0.09310241397372078,0.33344673274639436,0.29413361054757553,0.334534589566314,0.2914629532586739
9,0.2,20,4,2.388396368882952,1.2490973935820295,0.15943578239386405,0.0630960222653682,0.1643001958077912,0.0583419527170078
