noise_level,noise_percent,replicate,feature_index,feature_name,signed_mean_delta_z,mean_abs_delta_z,median_abs_delta_z,rms_delta_z,p95_abs_delta_z,fraction_abs_delta_z_gt_1,fraction_abs_delta_z_gt_2
0.0,0,0,0,story_1_mean,0.0,0.0,0.0,0.0,0.0,0.0,0.0
0.0,0,0,1,story_1_std,0.0,0.0,0.0,0.0,0.0,0.0,0.0
0.0,0,0,2,story_1_max_abs,0.0,0.0,0.0,0.0,0.0,0.0,0.0
0.0,0,0,3,story_1_rms,0.0,0.0,0.0,0.0,0.0,0.0,0.0
0.0,0,0,4,story_1_peak_to_peak,0.0,0.0,0.0,0.0,0.0,0.0,0.0
0.0,0,0,5,story_1_crest_factor,0.0,0.0,0.0,0.0,0.0,0.0,0.0
0.0,0,0,6,story_2_mean,0.0,0.0,0.0,0.0,0.0,0.0,0.0
0.0,0,0,7,story_2_std,0.0,0.0,0.0,0.0,0.0,0.0,0.0
0.0,0,0,8,story_2_max_abs,0.0,0.0,0.0,0.0,0.0,0.0,0.0
0.0,0,0,9,story_2_rms,0.0,0.0,0.0,0.0,0.0,0.0,0.0
0.0,0,0,10,story_2_peak_to_peak,0.0,0.0,0.0,0.0,0.0,0.0,0.0
0.0,0,0,11,story_2_crest_factor,0.0,0.0,0.0,0.0,0.0,0.0,0.0
0.0,0,0,12,story_3_mean,0.0,0.0,0.0,0.0,0.0,0.0,0.0
0.0,0,0,13,story_3_std,0.0,0.0,0.0,0.0,0.0,0.0,0.0
0.0,0,0,14,story_3_max_abs,0.0,0.0,0.0,0.0,0.0,0.0,0.0
0.0,0,0,15,story_3_rms,0.0,0.0,0.0,0.0,0.0,0.0,0.0
0.0,0,0,16,story_3_peak_to_peak,0.0,0.0,0.0,0.0,0.0,0.0,0.0
0.0,0,0,17,story_3_crest_factor,0.0,0.0,0.0,0.0,0.0,0.0,0.0
0.0,0,0,18,story_4_mean,0.0,0.0,0.0,0.0,0.0,0.0,0.0
0.0,0,0,19,story_4_std,0.0,0.0,0.0,0.0,0.0,0.0,0.0
0.0,0,0,20,story_4_max_abs,0.0,0.0,0.0,0.0,0.0,0.0,0.0
0.0,0,0,21,story_4_rms,0.0,0.0,0.0,0.0,0.0,0.0,0.0
0.0,0,0,22,story_4_peak_to_peak,0.0,0.0,0.0,0.0,0.0,0.0,0.0
0.0,0,0,23,story_4_crest_factor,0.0,0.0,0.0,0.0,0.0,0.0,0.0
0.0,0,0,24,ground_max_abs,0.0,0.0,0.0,0.0,0.0,0.0,0.0
0.0,0,0,25,ground_rms,0.0,0.0,0.0,0.0,0.0,0.0,0.0
0.0,0,0,26,story_1_max_ground_amplification,0.0,0.0,0.0,0.0,0.0,0.0,0.0
0.0,0,0,27,story_1_rms_ground_amplification,0.0,0.0,0.0,0.0,0.0,0.0,0.0
0.0,0,0,28,story_2_max_ground_amplification,0.0,0.0,0.0,0.0,0.0,0.0,0.0
0.0,0,0,29,story_2_rms_ground_amplification,0.0,0.0,0.0,0.0,0.0,0.0,0.0
0.0,0,0,30,story_3_max_ground_amplification,0.0,0.0,0.0,0.0,0.0,0.0,0.0
0.0,0,0,31,story_3_rms_ground_amplification,0.0,0.0,0.0,0.0,0.0,0.0,0.0
0.0,0,0,32,story_4_max_ground_amplification,0.0,0.0,0.0,0.0,0.0,0.0,0.0
0.0,0,0,33,story_4_rms_ground_amplification,0.0,0.0,0.0,0.0,0.0,0.0,0.0
0.0,0,0,34,story_1_relative_to_lower_max_abs,0.0,0.0,0.0,0.0,0.0,0.0,0.0
0.0,0,0,35,story_1_relative_to_lower_rms,0.0,0.0,0.0,0.0,0.0,0.0,0.0
0.0,0,0,36,story_2_relative_to_lower_max_abs,0.0,0.0,0.0,0.0,0.0,0.0,0.0
0.0,0,0,37,story_2_relative_to_lower_rms,0.0,0.0,0.0,0.0,0.0,0.0,0.0
0.0,0,0,38,story_3_relative_to_lower_max_abs,0.0,0.0,0.0,0.0,0.0,0.0,0.0
0.0,0,0,39,story_3_relative_to_lower_rms,0.0,0.0,0.0,0.0,0.0,0.0,0.0
0.0,0,0,40,story_4_relative_to_lower_max_abs,0.0,0.0,0.0,0.0,0.0,0.0,0.0
0.0,0,0,41,story_4_relative_to_lower_rms,0.0,0.0,0.0,0.0,0.0,0.0,0.0
0.0,0,0,42,story_2_to_story_1_max_abs_ratio,0.0,0.0,0.0,0.0,0.0,0.0,0.0
0.0,0,0,43,story_2_to_story_1_rms_ratio,0.0,0.0,0.0,0.0,0.0,0.0,0.0
0.0,0,0,44,story_3_to_story_2_max_abs_ratio,0.0,0.0,0.0,0.0,0.0,0.0,0.0
0.0,0,0,45,story_3_to_story_2_rms_ratio,0.0,0.0,0.0,0.0,0.0,0.0,0.0
0.0,0,0,46,story_4_to_story_3_max_abs_ratio,0.0,0.0,0.0,0.0,0.0,0.0,0.0
0.0,0,0,47,story_4_to_story_3_rms_ratio,0.0,0.0,0.0,0.0,0.0,0.0,0.0
0.0,0,0,48,story_1_max_abs_spatial_fraction,0.0,0.0,0.0,0.0,0.0,0.0,0.0
0.0,0,0,49,story_1_rms_spatial_fraction,0.0,0.0,0.0,0.0,0.0,0.0,0.0
0.0,0,0,50,story_2_max_abs_spatial_fraction,0.0,0.0,0.0,0.0,0.0,0.0,0.0
0.0,0,0,51,story_2_rms_spatial_fraction,0.0,0.0,0.0,0.0,0.0,0.0,0.0
0.0,0,0,52,story_3_max_abs_spatial_fraction,0.0,0.0,0.0,0.0,0.0,0.0,0.0
0.0,0,0,53,story_3_rms_spatial_fraction,0.0,0.0,0.0,0.0,0.0,0.0,0.0
0.0,0,0,54,story_4_max_abs_spatial_fraction,0.0,0.0,0.0,0.0,0.0,0.0,0.0
0.0,0,0,55,story_4_rms_spatial_fraction,0.0,0.0,0.0,0.0,0.0,0.0,0.0
0.0,0,0,56,ground_dominant_frequency,0.0,0.0,0.0,0.0,0.0,0.0,0.0
0.0,0,0,57,ground_spectral_centroid,0.0,0.0,0.0,0.0,0.0,0.0,0.0
0.0,0,0,58,ground_band_energy,0.0,0.0,0.0,0.0,0.0,0.0,0.0
0.0,0,0,59,story_1_dominant_frequency,0.0,0.0,0.0,0.0,0.0,0.0,0.0
0.0,0,0,60,story_1_spectral_centroid,0.0,0.0,0.0,0.0,0.0,0.0,0.0
0.0,0,0,61,story_1_band_energy,0.0,0.0,0.0,0.0,0.0,0.0,0.0
0.0,0,0,62,story_2_dominant_frequency,0.0,0.0,0.0,0.0,0.0,0.0,0.0
0.0,0,0,63,story_2_spectral_centroid,0.0,0.0,0.0,0.0,0.0,0.0,0.0
0.0,0,0,64,story_2_band_energy,0.0,0.0,0.0,0.0,0.0,0.0,0.0
0.0,0,0,65,story_3_dominant_frequency,0.0,0.0,0.0,0.0,0.0,0.0,0.0
0.0,0,0,66,story_3_spectral_centroid,0.0,0.0,0.0,0.0,0.0,0.0,0.0
0.0,0,0,67,story_3_band_energy,0.0,0.0,0.0,0.0,0.0,0.0,0.0
0.0,0,0,68,story_4_dominant_frequency,0.0,0.0,0.0,0.0,0.0,0.0,0.0
0.0,0,0,69,story_4_spectral_centroid,0.0,0.0,0.0,0.0,0.0,0.0,0.0
0.0,0,0,70,story_4_band_energy,0.0,0.0,0.0,0.0,0.0,0.0,0.0
0.0,0,0,71,story_1_ground_correlation,0.0,0.0,0.0,0.0,0.0,0.0,0.0
0.0,0,0,72,story_2_ground_correlation,0.0,0.0,0.0,0.0,0.0,0.0,0.0
0.0,0,0,73,story_3_ground_correlation,0.0,0.0,0.0,0.0,0.0,0.0,0.0
0.0,0,0,74,story_4_ground_correlation,0.0,0.0,0.0,0.0,0.0,0.0,0.0
0.0,0,0,75,story_2_story_1_correlation,0.0,0.0,0.0,0.0,0.0,0.0,0.0
0.0,0,0,76,story_3_story_2_correlation,0.0,0.0,0.0,0.0,0.0,0.0,0.0
0.0,0,0,77,story_4_story_3_correlation,0.0,0.0,0.0,0.0,0.0,0.0,0.0
0.05,5,0,0,story_1_mean,-0.001870670028144329,0.11915974570774061,0.045433738290979804,0.25778746187651613,0.49711051872854106,0.011111111111111112,0.0022222222222222222
0.05,5,0,1,story_1_std,0.009313358961020075,0.0094054735416673,0.0023122938931527284,0.019536425209668584,0.04440607464873624,0.0,0.0
0.05,5,0,2,story_1_max_abs,0.11573795751639623,0.12500538059556804,0.028856658126755058,0.2925201982290532,0.6867380284044575,0.022222222222222223,0.0022222222222222222
0.05,5,0,3,story_1_rms,0.00931879917352563,0.009410445222607425,0.0022885323007148183,0.01954402240667635,0.04450380899511367,0.0,0.0
0.05,5,0,4,story_1_peak_to_peak,0.1161644312054692,0.11833025514302963,0.028666041513973776,0.270464413843204,0.6380215146705742,0.022222222222222223,0.0
0.05,5,0,5,story_1_crest_factor,0.1571026924479094,0.19744675938989165,0.09821197857937955,0.30998055632570687,0.7736138932148257,0.008888888888888889,0.0
0.05,5,0,6,story_2_mean,-0.001858344530190568,0.06972039907818675,0.02483830288320267,0.14820367328565465,0.3372920276622829,0.0,0.0
0.05,5,0,7,story_2_std,0.0018167993115954654,0.0019025914982177682,0.0010373251481369436,0.0033318775299496545,0.007301565371406192,0.0,0.0
0.05,5,0,8,story_2_max_abs,0.042119313297129334,0.0437073205595996,0.01242345997123518,0.09456059501677357,0.21846652030464112,0.0,0.0
0.05,5,0,9,story_2_rms,0.0018161297633195346,0.001903095464323971,0.001034298892303713,0.0033322918911221685,0.007315567334947793,0.0,0.0
0.05,5,0,10,story_2_peak_to_peak,0.038878828173435784,0.03920693407216367,0.012110672083842882,0.08101378340733233,0.19287875072090005,0.0,0.0
0.05,5,0,11,story_2_crest_factor,0.07214859461091075,0.08783959091681301,0.08242764529516107,0.10637775183034139,0.1937962059485113,0.0,0.0
0.05,5,0,12,story_3_mean,0.0034962546818394637,0.04468655857298208,0.02016816934206856,0.09153955393888175,0.1664919146389925,0.0,0.0
0.05,5,0,13,story_3_std,0.0009444875316317635,0.0010923993531747954,0.0005577230564344376,0.002195163053509946,0.004125078516336591,0.0,0.0
0.05,5,0,14,story_3_max_abs,0.025740401689968412,0.026301143238998147,0.008632724457602855,0.055506760923752514,0.12298228714244655,0.0,0.0
0.05,5,0,15,story_3_rms,0.0009447670650998025,0.0010933088930002593,0.0005604868084370523,0.0021954750470486906,0.004131130463618887,0.0,0.0
0.05,5,0,16,story_3_peak_to_peak,0.023769876701060098,0.02394688808857923,0.008971798623550018,0.0473509135277605,0.1088917764257918,0.0,0.0
0.05,5,0,17,story_3_crest_factor,0.0716800910283444,0.09081417065177684,0.080199460705279,0.1117438088226741,0.19288435240319915,0.0,0.0
0.05,5,0,18,story_4_mean,-0.0004032561164610899,0.03972700489058814,0.013735946016239182,0.09373063088206188,0.1730034401686447,0.0,0.0
0.05,5,0,19,story_4_std,0.0005173013619283504,0.0006587361213870474,0.000283330964646646,0.001303961889252127,0.0029310425748070323,0.0,0.0
0.05,5,0,20,story_4_max_abs,0.02208325300286882,0.022298006732300212,0.006525296648876397,0.049611474681209376,0.09443582871446976,0.0,0.0
0.05,5,0,21,story_4_rms,0.0005173233777821494,0.0006588861330367816,0.00028400572327426035,0.0013039890455935255,0.002945913070761179,0.0,0.0
0.05,5,0,22,story_4_peak_to_peak,0.019701593293395225,0.01973388708989681,0.00661593182538432,0.04229129668477853,0.07873920064159962,0.0,0.0
0.05,5,0,23,story_4_crest_factor,0.15206338934880184,0.1597266530026961,0.14439787151726202,0.18934219495063626,0.3466871219389206,0.0,0.0
0.05,5,0,24,ground_max_abs,0.0,0.0,0.0,0.0,0.0,0.0,0.0
0.05,5,0,25,ground_rms,0.0,0.0,0.0,0.0,0.0,0.0,0.0
0.05,5,0,26,story_1_max_ground_amplification,0.13613105870738862,0.14811573020230162,0.03963755390623913,0.31438841171757054,0.8609440681124509,0.03111111111111111,0.0
0.05,5,0,27,story_1_rms_ground_amplification,0.010184296341340425,0.010286052530411927,0.0025339874485379903,0.02010425322293789,0.05155362340016132,0.0,0.0
0.05,5,0,28,story_2_max_ground_amplification,0.042879525140302806,0.04444296648455185,0.015626019497557597,0.08819642167988455,0.21546159026572775,0.0,0.0
0.05,5,0,29,story_2_rms_ground_amplification,0.0018588318972467218,0.0019374070265922355,0.0011418653116862876,0.0031359540964849093,0.0068658854838961015,0.0,0.0
0.05,5,0,30,story_3_max_ground_amplification,0.02606846219201663,0.026707493515221753,0.009520231592440857,0.0526306632471017,0.12727711687471335,0.0,0.0
0.05,5,0,31,story_3_rms_ground_amplification,0.0009378575609792682,0.0010776780344455088,0.0006484234459121648,0.0018821508744261096,0.003795582708121451,0.0,0.0
0.05,5,0,32,story_4_max_ground_amplification,0.02242126494293979,0.022645394270074233,0.007550142163607998,0.04640512677778876,0.1063988163521869,0.0,0.0
0.05,5,0,33,story_4_rms_ground_amplification,0.0005327329432295765,0.000659469371312275,0.0003169078116787576,0.0011911905326137384,0.002886176078963289,0.0,0.0
0.05,5,0,34,story_1_relative_to_lower_max_abs,0.12598043758269917,0.1343773720542405,0.03650170000654041,0.30366254526819847,0.6996670300856739,0.022222222222222223,0.0
0.05,5,0,35,story_1_relative_to_lower_rms,0.011621726575699973,0.011621726575699973,0.005648968215304482,0.02048286147716082,0.04365028991918288,0.0,0.0
0.05,5,0,36,story_2_relative_to_lower_max_abs,0.12492994888576417,0.12551236686990352,0.03665596295972576,0.25976875116910564,0.6227913950662685,0.022222222222222223,0.0
0.05,5,0,37,story_2_relative_to_lower_rms,0.009523434771203093,0.00952947429188179,0.0035792910400211874,0.017839362849661016,0.041263051360413715,0.0,0.0
0.05,5,0,38,story_3_relative_to_lower_max_abs,0.16045506881236846,0.16158401746056128,0.04288075070730406,0.3460121763949866,0.8272722113798432,0.035555555555555556,0.0022222222222222222
0.05,5,0,39,story_3_relative_to_lower_rms,0.013328661085723092,0.013357980022484443,0.0032333034441491887,0.02779851175911494,0.058317861640085025,0.0,0.0
0.05,5,0,40,story_4_relative_to_lower_max_abs,0.2504473419571511,0.25304389628824797,0.06550591373472728,0.5578391630533774,1.352199949892591,0.06888888888888889,0.02666666666666667
0.05,5,0,41,story_4_relative_to_lower_rms,0.0321902454563745,0.03219322425112582,0.0073255317174645024,0.06395963369193831,0.14405641175581338,0.0,0.0
0.05,5,0,42,story_2_to_story_1_max_abs_ratio,-0.07151481459863751,0.1038207467342737,0.03266087467357487,0.20868795086150593,0.5678992686697926,0.006666666666666667,0.0
0.05,5,0,43,story_2_to_story_1_rms_ratio,-0.013593663512163347,0.015820237470595102,0.0025967372100828847,0.040156908938962226,0.09758122456414715,0.0,0.0
0.05,5,0,44,story_3_to_story_2_max_abs_ratio,-0.02826591031571312,0.06594146745858956,0.04852469328317354,0.09004200467109069,0.18341990982704143,0.0,0.0
0.05,5,0,45,story_3_to_story_2_rms_ratio,-0.005909947855531309,0.00872587260809133,0.005341928741258519,0.012496952567192497,0.029114241838325543,0.0,0.0
0.05,5,0,46,story_4_to_story_3_max_abs_ratio,-0.027179860680005427,0.07019337742137384,0.048813733863198275,0.0977898625355932,0.20159127934214915,0.0,0.0
0.05,5,0,47,story_4_to_story_3_rms_ratio,-0.00755887671996156,0.008350305174404039,0.0027096543882797483,0.016499013929384097,0.03880894096151618,0.0,0.0
0.05,5,0,48,story_1_max_abs_spatial_fraction,0.01911299267472825,0.056565402972934935,0.04524989612921641,0.07347483563967601,0.15378555716886044,0.0,0.0
0.05,5,0,49,story_1_rms_spatial_fraction,0.0025727177064285606,0.005116244437634328,0.0036879072846454216,0.00703639090150078,0.01535621849530395,0.0,0.0
0.05,5,0,50,story_2_max_abs_spatial_fraction,0.03159404197258918,0.0896109199146951,0.07177772040935926,0.1136185809350222,0.22199365238397664,0.0,0.0
0.05,5,0,51,story_2_rms_spatial_fraction,0.004856737639800826,0.007790666884103006,0.006756367857377434,0.009721573755088723,0.019772050445593495,0.0,0.0
0.05,5,0,52,story_3_max_abs_spatial_fraction,-0.004312577575491275,0.04542020184813457,0.034820880065469004,0.058493570906250285,0.11244090705521827,0.0,0.0
0.05,5,0,53,story_3_rms_spatial_fraction,-0.00022380729022554254,0.004722665318365693,0.0040844159148885435,0.0059672007328675745,0.011988132960345056,0.0,0.0
0.05,5,0,54,story_4_max_abs_spatial_fraction,-0.058214580970640466,0.10358706813079394,0.0865940783212201,0.1293014181190996,0.25659547083687184,0.0,0.0
0.05,5,0,55,story_4_rms_spatial_fraction,-0.01145077328404338,0.01199883368935873,0.010552998155086632,0.014377681486986338,0.02693012521260085,0.0,0.0
0.05,5,0,56,ground_dominant_frequency,0.0,0.0,0.0,0.0,0.0,0.0,0.0
0.05,5,0,57,ground_spectral_centroid,0.0,0.0,0.0,0.0,0.0,0.0,0.0
0.05,5,0,58,ground_band_energy,0.0,0.0,0.0,0.0,0.0,0.0,0.0
0.05,5,0,59,story_1_dominant_frequency,-0.0004967354355626403,0.0009934708711252778,0.0,0.016661013011265415,0.0,0.0,0.0
0.05,5,0,60,story_1_spectral_centroid,0.293697440759047,0.29408579173161215,0.1143257853686741,0.48946531777093666,1.2087411605015086,0.08222222222222222,0.0044444444444444444
0.05,5,0,61,story_1_band_energy,0.0011575673767358402,0.002851261482153798,0.0003803139188790259,0.010435705944904306,0.012655048053454684,0.0,0.0
0.05,5,0,62,story_2_dominant_frequency,0.0,0.0,0.0,0.0,0.0,0.0,0.0
0.05,5,0,63,story_2_spectral_centroid,0.1462810053181323,0.14690956366440808,0.1136527372026346,0.18645441350267422,0.3733317318151636,0.0,0.0
0.05,5,0,64,story_2_band_energy,6.184157971462707e-05,0.0008569136504566341,4.936275967800791e-05,0.0036741572759355183,0.003789520267776685,0.0,0.0
0.05,5,0,65,story_3_dominant_frequency,-0.0002532176886603994,0.0002532176886603994,0.0,0.00537155834304457,0.0,0.0,0.0
0.05,5,0,66,story_3_spectral_centroid,0.10061245682398126,0.10198034880166347,0.08881242283027901,0.12181992966633798,0.23225401995134182,0.0,0.0
0.05,5,0,67,story_3_band_energy,0.00025741506908623244,0.0007235623076582555,2.323679589116831e-05,0.0031763600295120873,0.0025285719369887885,0.0,0.0
0.05,5,0,68,story_4_dominant_frequency,0.0,0.0,0.0,0.0,0.0,0.0,0.0
0.05,5,0,69,story_4_spectral_centroid,0.08135776252967485,0.08171281801897354,0.0677413414652579,0.10210339260814874,0.2117430479201437,0.0,0.0
0.05,5,0,70,story_4_band_energy,5.142735777635784e-05,0.0004569020345971335,2.5734041640888093e-05,0.0016414713271864323,0.0022641427044585672,0.0,0.0
0.05,5,0,71,story_1_ground_correlation,-0.00612026011316881,0.010365253377784841,0.0056217103571057775,0.015704855780255426,0.03715902840876768,0.0,0.0
0.05,5,0,72,story_2_ground_correlation,-0.0010776020980900712,0.0034399341343495267,0.002932296506427598,0.004086753405142659,0.008162764847178369,0.0,0.0
0.05,5,0,73,story_3_ground_correlation,0.002236257116810264,0.002868280550079281,0.0019045343475283922,0.004037298171993788,0.009061902110086804,0.0,0.0
0.05,5,0,74,story_4_ground_correlation,0.00046803521211129885,0.0008934392208273112,0.0008859304520803593,0.0010285409028598282,0.0017974760159111954,0.0,0.0
0.05,5,0,75,story_2_story_1_correlation,-0.013423142820887038,0.015561339173629164,0.009562532265297883,0.023660570983792564,0.06059573096258454,0.0,0.0
0.05,5,0,76,story_3_story_2_correlation,-0.002898755757909649,0.0059951416260302995,0.00543235591751181,0.0069692696216209415,0.012540058355878311,0.0,0.0
0.05,5,0,77,story_4_story_3_correlation,-0.026180864150506654,0.026180864150506654,0.017246546333084645,0.03215906432267086,0.06601121704817292,0.0,0.0
0.05,5,1,0,story_1_mean,-0.0023097100520941835,0.12576433799217648,0.04854273984891588,0.30569015918568976,0.5131345678850285,0.015555555555555555,0.006666666666666667
0.05,5,1,1,story_1_std,0.009388301917382564,0.009472077587151566,0.002223602953067774,0.02007088896009155,0.04573217025839618,0.0,0.0
0.05,5,1,2,story_1_max_abs,0.11223369308444806,0.12099246940323384,0.027266355540032636,0.27362650300203256,0.6163211697667924,0.022222222222222223,0.0
0.05,5,1,3,story_1_rms,0.00939075385865788,0.009474722585690761,0.002222365692608141,0.02008322192902488,0.04567301013374368,0.0,0.0
0.05,5,1,4,story_1_peak_to_peak,0.11277585238718153,0.1142661093565555,0.027631321731594043,0.25368407071841237,0.5780891516228841,0.02,0.0
0.05,5,1,5,story_1_crest_factor,0.15560309302532863,0.1926666153899981,0.09203668365897047,0.3016522070902383,0.7475196365104152,0.008888888888888889,0.0
0.05,5,1,6,story_2_mean,0.012199927734861895,0.06840661033704705,0.02745321780458502,0.16045107192887992,0.24786017865804225,0.0044444444444444444,0.0
0.05,5,1,7,story_2_std,0.0017092960006189302,0.0017766061270606526,0.0009852544567451188,0.0034540883031054037,0.005594389408524049,0.0,0.0
0.05,5,1,8,story_2_max_abs,0.041164493688192305,0.04267712930782398,0.013203293436241218,0.09214065890624693,0.2310533967775108,0.0,0.0
0.05,5,1,9,story_2_rms,0.0017097059617206664,0.0017778331634780255,0.0009928111980213711,0.0034587759099950132,0.005592917043169812,0.0,0.0
0.05,5,1,10,story_2_peak_to_peak,0.03861877270531323,0.03897320165535259,0.012955486905808958,0.08210059522399137,0.18931611918768057,0.0,0.0
0.05,5,1,11,story_2_crest_factor,0.07192598965831687,0.08882633878297988,0.08068289259137315,0.10822760008804864,0.20180630059821442,0.0,0.0
0.05,5,1,12,story_3_mean,-0.0022494529812640577,0.04989139631087326,0.019514482846933315,0.10876121787504683,0.2327291609592241,0.0,0.0
0.05,5,1,13,story_3_std,0.0009504910740312304,0.0011052838956726982,0.0005080495687401471,0.0021849371868826045,0.004106283770267209,0.0,0.0
0.05,5,1,14,story_3_max_abs,0.02627420008535167,0.026632661679065736,0.009269562399815266,0.05498564603748217,0.12752196086395565,0.0,0.0
0.05,5,1,15,story_3_rms,0.0009510650361942045,0.0011053545159172783,0.0005100770662298359,0.002182451355038412,0.004070855765199238,0.0,0.0
0.05,5,1,16,story_3_peak_to_peak,0.023613457824359686,0.02367682261409905,0.009085972487203609,0.04691899049836664,0.11017641743682362,0.0,0.0
0.05,5,1,17,story_3_crest_factor,0.07792276645816854,0.09382408638516507,0.08666395665749678,0.11253865680773842,0.20300318391889902,0.0,0.0
0.05,5,1,18,story_4_mean,-0.0021800849400908564,0.03695494078718811,0.014656422992627038,0.07315257055339326,0.17555182724594276,0.0,0.0
0.05,5,1,19,story_4_std,0.0005136449724600706,0.0006630368120699206,0.00028019171036952953,0.0013035977826872792,0.002944447096902379,0.0,0.0
0.05,5,1,20,story_4_max_abs,0.020709759313176326,0.021047454694459802,0.006614891185612901,0.04268410924376355,0.0946510644145941,0.0,0.0
0.05,5,1,21,story_4_rms,0.0005144160917791109,0.0006634819437917783,0.0002815143197375129,0.0013046642075045477,0.0029645006235630043,0.0,0.0
0.05,5,1,22,story_4_peak_to_peak,0.018712745274342295,0.018775514022272878,0.007003928468460184,0.037327892772252555,0.0814723929907688,0.0,0.0
0.05,5,1,23,story_4_crest_factor,0.14586040979218787,0.15582107287589925,0.14782331000800158,0.18268285676294319,0.32645298542942663,0.0,0.0
0.05,5,1,24,ground_max_abs,0.0,0.0,0.0,0.0,0.0,0.0,0.0
0.05,5,1,25,ground_rms,0.0,0.0,0.0,0.0,0.0,0.0,0.0
0.05,5,1,26,story_1_max_ground_amplification,0.13123907510908875,0.14254762887686703,0.03553792662530769,0.30122827540230857,0.7945727569038954,0.03111111111111111,0.0
0.05,5,1,27,story_1_rms_ground_amplification,0.010223894417581618,0.010324872743198151,0.0027389685791833446,0.02017911301527389,0.05296128199707688,0.0,0.0
0.05,5,1,28,story_2_max_ground_amplification,0.04186778407623578,0.043414424847203176,0.01517665352667294,0.08592777418429953,0.21894779818853144,0.0,0.0
0.05,5,1,29,story_2_rms_ground_amplification,0.0017335649171770198,0.0018065808504382475,0.001126109151977793,0.003175524937687888,0.005845214043027924,0.0,0.0
0.05,5,1,30,story_3_max_ground_amplification,0.026675972773024578,0.027139454151829372,0.010329462242047907,0.05211332840329514,0.13483131725649783,0.0,0.0
0.05,5,1,31,story_3_rms_ground_amplification,0.0009300026349885001,0.0010789423124846187,0.000641579372281035,0.0018454909447692784,0.004026807989464339,0.0,0.0
0.05,5,1,32,story_4_max_ground_amplification,0.020869576802537246,0.021192084172175288,0.00766296895874542,0.04010523947977553,0.1099574987587399,0.0,0.0
0.05,5,1,33,story_4_rms_ground_amplification,0.0005141690338993163,0.000667155445388534,0.00032460843092126015,0.0012096832021694561,0.0024660280455279324,0.0,0.0
0.05,5,1,34,story_1_relative_to_lower_max_abs,0.12263166144035265,0.12986167861539397,0.035203422677262994,0.28411741676682445,0.6395597607786665,0.024444444444444446,0.0
0.05,5,1,35,story_1_relative_to_lower_rms,0.011833594612354767,0.011833594612354767,0.005652064217367683,0.02085032150640947,0.04403266171132173,0.0,0.0
0.05,5,1,36,story_2_relative_to_lower_max_abs,0.12310383676322996,0.1240471229211516,0.03774851470232135,0.2666437959531624,0.6232796570401595,0.017777777777777778,0.0022222222222222222
0.05,5,1,37,story_2_relative_to_lower_rms,0.009185071912866929,0.009195424341047797,0.0033891917690797033,0.017477556344121983,0.036684750753974,0.0,0.0
0.05,5,1,38,story_3_relative_to_lower_max_abs,0.1559195494044733,0.15736371536151583,0.04273453024963367,0.33332786506471856,0.8232657407167613,0.042222222222222223,0.0
0.05,5,1,39,story_3_relative_to_lower_rms,0.013548045759760603,0.01357168340083342,0.0035625630144606856,0.027273774400196685,0.05827707385089657,0.0,0.0
0.05,5,1,40,story_4_relative_to_lower_max_abs,0.25538069116843093,0.25827176631737736,0.0638163365660876,0.5723107614369678,1.30996214764238,0.06888888888888889,0.03333333333333333
0.05,5,1,41,story_4_relative_to_lower_rms,0.032242567419436576,0.03224984971611718,0.00767679067666502,0.06473862560182683,0.15676677273942824,0.0,0.0
0.05,5,1,42,story_2_to_story_1_max_abs_ratio,-0.07068698789083613,0.10751825857910637,0.036197783644957356,0.20983874310807474,0.6058159913574002,0.0,0.0
0.05,5,1,43,story_2_to_story_1_rms_ratio,-0.013801658431542312,0.01583981064957943,0.002584137854879105,0.03987758966760457,0.11227196600957604,0.0,0.0
0.05,5,1,44,story_3_to_story_2_max_abs_ratio,-0.02338113537165785,0.06410405969639733,0.04941506254067797,0.08483224166905662,0.17421380934475014,0.0,0.0
0.05,5,1,45,story_3_to_story_2_rms_ratio,-0.005385155975635652,0.008001276450808623,0.004985516802396693,0.011403418650188202,0.025969638388766703,0.0,0.0
0.05,5,1,46,story_4_to_story_3_max_abs_ratio,-0.03895997179526863,0.07553069934178681,0.05561481720032929,0.10749701445680565,0.23823188277556964,0.0,0.0
0.05,5,1,47,story_4_to_story_3_rms_ratio,-0.00773254560009127,0.008601000370476775,0.0027537114788262476,0.017639305716983945,0.04001749083353803,0.0,0.0
0.05,5,1,48,story_1_max_abs_spatial_fraction,0.017701323295480822,0.05568305422046344,0.04173355997657745,0.0723934834419175,0.1510465231928761,0.0,0.0
0.05,5,1,49,story_1_rms_spatial_fraction,0.002640485782656478,0.005011658038297592,0.0034195668421239445,0.006929681324316276,0.01593394043933467,0.0,0.0
0.05,5,1,50,story_2_max_abs_spatial_fraction,0.032577113513082505,0.08961609032063576,0.07213873371695353,0.11437947291590597,0.23722652571560815,0.0,0.0
0.05,5,1,51,story_2_rms_spatial_fraction,0.004446670663232597,0.007378284247347222,0.006574702494105185,0.009091906031485564,0.017301503232659794,0.0,0.0
0.05,5,1,52,story_3_max_abs_spatial_fraction,0.0006302149145846823,0.0456522254892159,0.03908749517813718,0.056864444111053104,0.10869077396586098,0.0,0.0
0.05,5,1,53,story_3_rms_spatial_fraction,-0.00013128795255375729,0.0045459211077981876,0.0038017796587023955,0.005844054873060498,0.011985594808876154,0.0,0.0
0.05,5,1,54,story_4_max_abs_spatial_fraction,-0.06440800527359619,0.10085043703208407,0.0776718105265019,0.12914934492821684,0.26295531229309876,0.0,0.0
0.05,5,1,55,story_4_rms_spatial_fraction,-0.01135759869942911,0.01184224948488249,0.010618967807996545,0.014359909264720552,0.02700717174371395,0.0,0.0
0.05,5,1,56,ground_dominant_frequency,0.0,0.0,0.0,0.0,0.0,0.0,0.0
0.05,5,1,57,ground_spectral_centroid,0.0,0.0,0.0,0.0,0.0,0.0,0.0
0.05,5,1,58,ground_band_energy,0.0,0.0,0.0,0.0,0.0,0.0,0.0
0.05,5,1,59,story_1_dominant_frequency,0.0,0.0,0.0,0.0,0.0,0.0,0.0
0.05,5,1,60,story_1_spectral_centroid,0.28932320915647175,0.29077821623227673,0.10522036345717023,0.4809073640670394,1.162244380883101,0.07555555555555556,0.0022222222222222222
0.05,5,1,61,story_1_band_energy,0.0015481675900739492,0.0022460703783953513,0.00033525835615525894,0.008601794266645334,0.008209803595632045,0.0,0.0
0.05,5,1,62,story_2_dominant_frequency,-0.0016293188795783902,0.0016293188795783902,0.0,0.03456307285395443,0.0,0.0,0.0
0.05,5,1,63,story_2_spectral_centroid,0.14800648521888543,0.14837399181150918,0.11545809348506188,0.18633298844958424,0.3803758039729605,0.0,0.0
0.05,5,1,64,story_2_band_energy,6.621089177034041e-05,0.000969268855008462,4.452426611295294e-05,0.004541674317136693,0.0034266998652857862,0.0,0.0
0.05,5,1,65,story_3_dominant_frequency,0.0,0.0,0.0,0.0,0.0,0.0,0.0
0.05,5,1,66,story_3_spectral_centroid,0.10071648082376858,0.10148449470075813,0.09144946472830442,0.12045758480806627,0.22733550348780757,0.0,0.0
0.05,5,1,67,story_3_band_energy,0.0002348966543333897,0.000756899205118389,2.3544877664653522e-05,0.0033928599812355275,0.0034889079237477865,0.0,0.0
0.05,5,1,68,story_4_dominant_frequency,0.0002514180336248582,0.0002514180336248582,0.0,0.0053333818946617395,0.0,0.0,0.0
0.05,5,1,69,story_4_spectral_centroid,0.08308592013919917,0.08350085330330927,0.07026564400056422,0.1036391487293337,0.20611582725969907,0.0,0.0
0.05,5,1,70,story_4_band_energy,6.590588778071752e-05,0.00042935068785168826,2.5704935755541796e-05,0.001593683407893044,0.0019436900690237128,0.0,0.0
0.05,5,1,71,story_1_ground_correlation,-0.006276073132348755,0.010342302936605109,0.005762082907132764,0.015426069526039544,0.0370040261727187,0.0,0.0
0.05,5,1,72,story_2_ground_correlation,-0.0008565070184412411,0.003330133894436522,0.002959447771634759,0.0038561425686878563,0.006916871326362259,0.0,0.0
0.05,5,1,73,story_3_ground_correlation,0.0022447690590408484,0.0028027834019860856,0.001868822097427066,0.004064184678082133,0.009273470663938741,0.0,0.0
0.05,5,1,74,story_4_ground_correlation,0.0004883902006191889,0.0008665439544143774,0.0008601835315481822,0.0010004272644368835,0.0017264580722505054,0.0,0.0
0.05,5,1,75,story_2_story_1_correlation,-0.012855054367023099,0.015188895778882374,0.009291913550959739,0.023112283460631298,0.059423808214276,0.0,0.0
0.05,5,1,76,story_3_story_2_correlation,-0.0032359316615269366,0.006158693324069241,0.0055537646799213415,0.007054695864106782,0.01224742447338786,0.0,0.0
0.05,5,1,77,story_4_story_3_correlation,-0.026131851500012796,0.026131851500012796,0.016897146710837366,0.03237558443781469,0.06950963170193752,0.0,0.0
0.05,5,2,0,story_1_mean,-0.01021272583229965,0.12329244165394307,0.047945927123395155,0.2674741022241398,0.47020955606860315,0.022222222222222223,0.0
0.05,5,2,1,story_1_std,0.009453523426723056,0.009546098849056424,0.0023467992686790765,0.020988105031628363,0.04634129589775665,0.0,0.0
0.05,5,2,2,story_1_max_abs,0.11652807714363961,0.12427912554220225,0.029033251967321864,0.28256104192288056,0.6300934391422041,0.017777777777777778,0.0022222222222222222
0.05,5,2,3,story_1_rms,0.00945416768158244,0.009546486652815748,0.002356274035113743,0.020996834945378733,0.04615207061771622,0.0,0.0
0.05,5,2,4,story_1_peak_to_peak,0.11543703711913982,0.1167164130502765,0.029083337604809967,0.26129722931935906,0.5650022154446255,0.017777777777777778,0.0
0.05,5,2,5,story_1_crest_factor,0.16639095197667544,0.20053927440409453,0.10142640820421078,0.3155546506024739,0.7473025463036093,0.015555555555555555,0.0
0.05,5,2,6,story_2_mean,0.013485614073885635,0.06497599267383894,0.022479569792651477,0.1549946203395914,0.2917814697237071,0.0022222222222222222,0.0
0.05,5,2,7,story_2_std,0.0020771459253222453,0.002103362467615815,0.000995577999612461,0.003980759810149822,0.008618458123435152,0.0,0.0
0.05,5,2,8,story_2_max_abs,0.04204114898003357,0.04339952036138796,0.013158411020216459,0.09099339933114284,0.207994940291177,0.0,0.0
0.05,5,2,9,story_2_rms,0.002076484490211227,0.0021031688062396413,0.0009927712532064963,0.003978912791658414,0.008636886126125367,0.0,0.0
0.05,5,2,10,story_2_peak_to_peak,0.03939052575749248,0.039691320203540596,0.013269279030245258,0.0812866260525191,0.1960591526791699,0.0,0.0
0.05,5,2,11,story_2_crest_factor,0.07380592878114858,0.09111382876855671,0.08452384464343587,0.10991223945870353,0.190889703595088,0.0,0.0
0.05,5,2,12,story_3_mean,0.005264154443472697,0.04408852967875589,0.01998958645538363,0.0823467886606077,0.1814081542668719,0.0,0.0
0.05,5,2,13,story_3_std,0.0008558656272679735,0.0009779933766027472,0.0005487965283616956,0.0018293760747253496,0.003263469794642291,0.0,0.0
0.05,5,2,14,story_3_max_abs,0.02608294638539849,0.026435565563437322,0.008649171262601176,0.05483795544760216,0.12070246025567215,0.0,0.0
0.05,5,2,15,story_3_rms,0.0008564349278329842,0.0009781166175182117,0.000544746350573864,0.0018296589456947513,0.0032657257103989577,0.0,0.0
0.05,5,2,16,story_3_peak_to_peak,0.023625339499205426,0.023719697012449477,0.00890007855544349,0.0462692078196464,0.10158717530982629,0.0,0.0
0.05,5,2,17,story_3_crest_factor,0.07910006603351973,0.09372840581056686,0.08369331433768232,0.11252255671026752,0.19881612262520645,0.0,0.0
0.05,5,2,18,story_4_mean,-0.008957655778194771,0.03889117786188968,0.015522679121482218,0.08162688070895477,0.16096310322698204,0.0,0.0
0.05,5,2,19,story_4_std,0.0005640992505373951,0.0007367644046055238,0.0002759321533700631,0.0016288013765696373,0.002903219257375393,0.0,0.0
0.05,5,2,20,story_4_max_abs,0.020439175521108383,0.02084530688205437,0.006414371354060108,0.04437901166475268,0.09693770031396973,0.0,0.0
0.05,5,2,21,story_4_rms,0.0005638320644714476,0.0007359264282134658,0.00027844413947497387,0.0016271232636588934,0.0029037432901409008,0.0,0.0
0.05,5,2,22,story_4_peak_to_peak,0.018346430527040002,0.018464853024794975,0.0057663082940459754,0.03819820347978107,0.08791085993828561,0.0,0.0
0.05,5,2,23,story_4_crest_factor,0.13626003775517076,0.15071208170272254,0.14110203502633645,0.17847000240882777,0.31489470169705747,0.0,0.0
0.05,5,2,24,ground_max_abs,0.0,0.0,0.0,0.0,0.0,0.0,0.0
0.05,5,2,25,ground_rms,0.0,0.0,0.0,0.0,0.0,0.0,0.0
0.05,5,2,26,story_1_max_ground_amplification,0.13609299685668927,0.14659355187721562,0.04104407278123942,0.30690854553410063,0.8213194329832372,0.03333333333333333,0.0
0.05,5,2,27,story_1_rms_ground_amplification,0.010273952027604859,0.010383899125035718,0.002809786962485525,0.020758570800017116,0.05393972226602336,0.0,0.0
0.05,5,2,28,story_2_max_ground_amplification,0.04272328562769281,0.0443451774222156,0.014944389439844054,0.08681232140735408,0.24423585802936312,0.0,0.0
0.05,5,2,29,story_2_rms_ground_amplification,0.0021103214715537983,0.002135425218433206,0.0011607329054539287,0.003730048123583936,0.00867808747444127,0.0,0.0
0.05,5,2,30,story_3_max_ground_amplification,0.02677441299718733,0.027153332291977878,0.009915257106820865,0.05323115494995115,0.13126614053313976,0.0,0.0
0.05,5,2,31,story_3_rms_ground_amplification,0.0008719453684614351,0.0010091478825468552,0.0006308228676052401,0.0016931148872638849,0.00372697647835402,0.0,0.0
0.05,5,2,32,story_4_max_ground_amplification,0.02044608825974061,0.020923744507287047,0.007366784373984556,0.041189570951283866,0.11396669321619812,0.0,0.0
0.05,5,2,33,story_4_rms_ground_amplification,0.000560818497138461,0.0007317338218866461,0.0003232304643529819,0.0015134256940686917,0.002588331817855331,0.0,0.0
0.05,5,2,34,story_1_relative_to_lower_max_abs,0.12516655388138334,0.13325279631528367,0.03203590972398779,0.3036217378617152,0.7055870793072597,0.02666666666666667,0.0022222222222222222
0.05,5,2,35,story_1_relative_to_lower_rms,0.011736210338570172,0.011736540237348615,0.005342697164573905,0.02146710822544802,0.04300020574558633,0.0,0.0
0.05,5,2,36,story_2_relative_to_lower_max_abs,0.12379195838562876,0.12442314923500113,0.039223742924746945,0.2585247576102218,0.5972009301463083,0.013333333333333334,0.0
0.05,5,2,37,story_2_relative_to_lower_rms,0.009897865765743927,0.00990178552348004,0.0033953498800329777,0.01862941039055563,0.04198402626916061,0.0,0.0
0.05,5,2,38,story_3_relative_to_lower_max_abs,0.14963352621947554,0.15094806496188218,0.045836479599440316,0.3164536617307714,0.7163567876739557,0.03333333333333333,0.0
0.05,5,2,39,story_3_relative_to_lower_rms,0.012494695042467224,0.012527161260874041,0.003501071861904171,0.02454931194113959,0.05565431113067566,0.0,0.0
0.05,5,2,40,story_4_relative_to_lower_max_abs,0.25335979237908635,0.25591078551187396,0.06375929906746056,0.5795058597328216,1.1537279921627277,0.06222222222222222,0.028888888888888888
0.05,5,2,41,story_4_relative_to_lower_rms,0.03306630955437505,0.03308263032998375,0.007613505530159728,0.06745702097216653,0.16526895144495257,0.0,0.0
0.05,5,2,42,story_2_to_story_1_max_abs_ratio,-0.07290853964312041,0.10504650391483192,0.031560398914337894,0.21221108841568034,0.5650706687397931,0.0022222222222222222,0.0
0.05,5,2,43,story_2_to_story_1_rms_ratio,-0.013424562161785154,0.015626287879441505,0.0025753890532505255,0.03963224441579543,0.10056198407256092,0.0,0.0
0.05,5,2,44,story_3_to_story_2_max_abs_ratio,-0.026028844829686437,0.0672740528582176,0.05434338871746379,0.09290068717692603,0.18051745223880455,0.0,0.0
0.05,5,2,45,story_3_to_story_2_rms_ratio,-0.005775940995570011,0.00830655098223108,0.0052593608071776835,0.012271000792540704,0.030201514190554075,0.0,0.0
0.05,5,2,46,story_4_to_story_3_max_abs_ratio,-0.04346161463599583,0.0733161415161767,0.052377610418734316,0.10274068155172011,0.20517522189211762,0.0,0.0
0.05,5,2,47,story_4_to_story_3_rms_ratio,-0.00807787724890744,0.00896208181966925,0.0028644369780111423,0.017842818849361272,0.04603987451772299,0.0,0.0
0.05,5,2,48,story_1_max_abs_spatial_fraction,0.02200203138546836,0.05635827586611994,0.04392820887842486,0.07344647974898896,0.15782140155059127,0.0,0.0
0.05,5,2,49,story_1_rms_spatial_fraction,0.002524263306299006,0.005138277557564859,0.003837817637432704,0.006988813726259383,0.015987420889337287,0.0,0.0
0.05,5,2,50,story_2_max_abs_spatial_fraction,0.03450324413649078,0.09193673535029943,0.07871196736093813,0.11636261854413744,0.220206934069397,0.0,0.0
0.05,5,2,51,story_2_rms_spatial_fraction,0.005213771448107079,0.007293198312580794,0.006104649942909262,0.00924285222391198,0.018459794976867786,0.0,0.0
0.05,5,2,52,story_3_max_abs_spatial_fraction,0.00022780333223157756,0.047346019150555634,0.039359692315839856,0.059030645783240486,0.11653124717252175,0.0,0.0
0.05,5,2,53,story_3_rms_spatial_fraction,-0.00015381261580468133,0.004922590497219513,0.00427888484587755,0.006006795822979956,0.011396197301672548,0.0,0.0
0.05,5,2,54,story_4_max_abs_spatial_fraction,-0.07422640922014867,0.1062622200305173,0.08587725585560033,0.13504395286544202,0.27209736604752544,0.0,0.0
0.05,5,2,55,story_4_rms_spatial_fraction,-0.01186091563041089,0.012384015754829095,0.011260836704300769,0.014870032796952863,0.027171852478489425,0.0,0.0
0.05,5,2,56,ground_dominant_frequency,0.0,0.0,0.0,0.0,0.0,0.0,0.0
0.05,5,2,57,ground_spectral_centroid,0.0,0.0,0.0,0.0,0.0,0.0,0.0
0.05,5,2,58,ground_band_energy,0.0,0.0,0.0,0.0,0.0,0.0,0.0
0.05,5,2,59,story_1_dominant_frequency,-0.0007451031533439591,0.0007451031533439591,0.0,0.015806024772389803,0.0,0.0,0.0
0.05,5,2,60,story_1_spectral_centroid,0.28997930798629445,0.29091206949407994,0.10881611345046349,0.48674988948610776,1.2172057700045567,0.07333333333333333,0.0044444444444444444
0.05,5,2,61,story_1_band_energy,0.0017074260662765367,0.0030628467129475796,0.0003557700396592898,0.013310783748255848,0.009163985148075272,0.0,0.0
0.05,5,2,62,story_2_dominant_frequency,0.0,0.0,0.0,0.0,0.0,0.0,0.0
0.05,5,2,63,story_2_spectral_centroid,0.14779342102955847,0.14825546886520316,0.11561769059602997,0.18838031711579262,0.3759495873564678,0.0,0.0
0.05,5,2,64,story_2_band_energy,0.0005929995588319394,0.0009133688521924476,4.458960585052806e-05,0.003871086385137478,0.004644356776651046,0.0,0.0
0.05,5,2,65,story_3_dominant_frequency,0.0,0.0,0.0,0.0,0.0,0.0,0.0
0.05,5,2,66,story_3_spectral_centroid,0.10195074932440382,0.10219004554685608,0.0890804553525193,0.12166496223512502,0.23499114672422688,0.0,0.0
0.05,5,2,67,story_3_band_energy,4.494880410141645e-05,0.000605801226877812,2.2920349926607693e-05,0.0027672726545376588,0.002653966489334216,0.0,0.0
0.05,5,2,68,story_4_dominant_frequency,0.0002514180336248571,0.0002514180336248571,0.0,0.005333381894661715,0.0,0.0,0.0
0.05,5,2,69,story_4_spectral_centroid,0.08426269692096254,0.08454296228594876,0.06915680782293888,0.10612729381185529,0.22662636718187726,0.0,0.0
0.05,5,2,70,story_4_band_energy,0.00019632204418621623,0.0005837394729013073,3.00880787635358e-05,0.0023294256329636086,0.0028253072270500667,0.0,0.0
0.05,5,2,71,story_1_ground_correlation,-0.0059951970711071886,0.01039881743377501,0.006117953027940022,0.0155738492329067,0.03639493392642097,0.0,0.0
0.05,5,2,72,story_2_ground_correlation,-0.0011364162627044928,0.0035583377500567944,0.003072913960651012,0.004196056591409945,0.007968959212754442,0.0,0.0
0.05,5,2,73,story_3_ground_correlation,0.002296394446193701,0.00293681107213381,0.0018176611234780437,0.004314889285777697,0.009495259183860977,0.0,0.0
0.05,5,2,74,story_4_ground_correlation,0.0004940353772779532,0.0009231084743261317,0.0008855947292390075,0.0010513054366004318,0.00178340683266141,0.0,0.0
0.05,5,2,75,story_2_story_1_correlation,-0.013443429009706744,0.015982667977326923,0.010281634739400643,0.024041701418248837,0.0623973849509848,0.0,0.0
0.05,5,2,76,story_3_story_2_correlation,-0.0027480653386242914,0.006137025863407229,0.005381608871090038,0.007206175953501702,0.013131616860833618,0.0,0.0
0.05,5,2,77,story_4_story_3_correlation,-0.027061841840127776,0.027061841840127776,0.017040352536315685,0.03386689008784636,0.07069475251574363,0.0,0.0
0.05,5,3,0,story_1_mean,0.0017641332190267078,0.1253760597878792,0.04684331821548676,0.2834749200479503,0.5002069477814257,0.017777777777777778,0.0022222222222222222
0.05,5,3,1,story_1_std,0.009597009695447278,0.009691811036775522,0.002193033137517967,0.02064376303600497,0.05248675302717303,0.0,0.0
0.05,5,3,2,story_1_max_abs,0.11119924488784415,0.11909650916288181,0.02863997020127955,0.26676938216855156,0.6222554402375653,0.022222222222222223,0.0
0.05,5,3,3,story_1_rms,0.009601737819479943,0.009696619796349415,0.0021778198832141573,0.020650161685426563,0.05260558642001637,0.0,0.0
0.05,5,3,4,story_1_peak_to_peak,0.11224581705469482,0.11423464872982392,0.027097535316377576,0.2531686945281353,0.5852902484043403,0.02,0.0
0.05,5,3,5,story_1_crest_factor,0.15564865721853766,0.19238933589414384,0.09276412371796125,0.3044910946348221,0.7292321136508975,0.013333333333333334,0.0
0.05,5,3,6,story_2_mean,-0.00867648133084597,0.05827236644746915,0.027295647344554537,0.10420320706468879,0.23298896083615311,0.0,0.0
0.05,5,3,7,story_2_std,0.0018348323936573814,0.0018661854792785821,0.001003661549768998,0.0033568438999164894,0.00644449879123529,0.0,0.0
0.05,5,3,8,story_2_max_abs,0.042219161839009416,0.04368381544025907,0.01313147387219072,0.09442278724401812,0.22345758988960537,0.0,0.0
0.05,5,3,9,story_2_rms,0.001834277528795168,0.0018656045679059147,0.0009980406531970218,0.0033553841475053676,0.006442651707650514,0.0,0.0
0.05,5,3,10,story_2_peak_to_peak,0.03865220387716615,0.03891441732157748,0.012729751840967795,0.08058600999069494,0.19332535683941934,0.0,0.0
0.05,5,3,11,story_2_crest_factor,0.07275737603074185,0.08875362016633163,0.08055106936581136,0.10721738574310154,0.20552255492347812,0.0,0.0
0.05,5,3,12,story_3_mean,-0.0036929258182242957,0.0423078824190822,0.018110572401316312,0.09084539039436615,0.17636107543883817,0.0,0.0
0.05,5,3,13,story_3_std,0.000865389093405803,0.0010436387366971934,0.0005080759698143504,0.0020580624213898196,0.0046440317478490005,0.0,0.0
0.05,5,3,14,story_3_max_abs,0.025378293376776554,0.025800883007533887,0.008262423910006313,0.05390332996968444,0.1194666820987142,0.0,0.0
0.05,5,3,15,story_3_rms,0.0008647554395220763,0.0010437316865143551,0.0005089257932083659,0.00205768326600005,0.00464135627608183,0.0,0.0
0.05,5,3,16,story_3_peak_to_peak,0.023145970800484108,0.023246097663373995,0.008853458545260602,0.04749185622287333,0.10180615501086987,0.0,0.0
0.05,5,3,17,story_3_crest_factor,0.07739639118825638,0.09162571206230757,0.08033410640906749,0.11334558833854859,0.21487857644741873,0.0,0.0
0.05,5,3,18,story_4_mean,-0.005455524707060119,0.04079770625379692,0.014489371156568216,0.09213688254832272,0.16260893336387067,0.0,0.0
0.05,5,3,19,story_4_std,0.0005258292298319835,0.0006925422427708075,0.00028511856144578505,0.001583080138960883,0.002505421482081017,0.0,0.0
0.05,5,3,20,story_4_max_abs,0.020799114962132194,0.021288718335270632,0.006185678750172582,0.04491999817324463,0.10582641930869037,0.0,0.0
0.05,5,3,21,story_4_rms,0.0005254885037805358,0.0006920004623411882,0.00028338900309182036,0.0015826022870216205,0.0025172108687766446,0.0,0.0
0.05,5,3,22,story_4_peak_to_peak,0.018752091788188225,0.01890870313447921,0.006517134997617602,0.03816235162376804,0.08528454524841793,0.0,0.0
0.05,5,3,23,story_4_crest_factor,0.14002636848183742,0.15610501534699836,0.1446016768756705,0.1855253603556178,0.337303945376982,0.0,0.0
0.05,5,3,24,ground_max_abs,0.0,0.0,0.0,0.0,0.0,0.0,0.0
0.05,5,3,25,ground_rms,0.0,0.0,0.0,0.0,0.0,0.0,0.0
0.05,5,3,26,story_1_max_ground_amplification,0.12963604169689844,0.13990037842130282,0.03878805574439464,0.2905665632312727,0.8220555382636718,0.03111111111111111,0.0
0.05,5,3,27,story_1_rms_ground_amplification,0.010393599811333228,0.010514684684306464,0.0026909456954701027,0.020588646820059963,0.05579839261905471,0.0,0.0
0.05,5,3,28,story_2_max_ground_amplification,0.04330077120676582,0.044788090345347406,0.01442435572640292,0.08995884990297535,0.24837510119823997,0.0,0.0
0.05,5,3,29,story_2_rms_ground_amplification,0.001817096981909682,0.0018551990156173968,0.0011674588306272045,0.0029939366527289906,0.006138297660401311,0.0,0.0
0.05,5,3,30,story_3_max_ground_amplification,0.02548861978148208,0.02590065093316303,0.010337677115784259,0.049413707500208896,0.12517874048448296,0.0,0.0
0.05,5,3,31,story_3_rms_ground_amplification,0.0008746117608751053,0.0010528227656672782,0.0006350286982634731,0.0018527128836973842,0.004087227405855268,0.0,0.0
0.05,5,3,32,story_4_max_ground_amplification,0.020912886018718754,0.02146264175306831,0.0071762951094607825,0.04132437081976455,0.10097488652971169,0.0,0.0
0.05,5,3,33,story_4_rms_ground_amplification,0.0005379246933476389,0.0006913792683888835,0.0003152317728402043,0.0014038157443353697,0.0029846600539665683,0.0,0.0
0.05,5,3,34,story_1_relative_to_lower_max_abs,0.12334460741616335,0.1292120140224279,0.03304885439470681,0.28265635524946275,0.6503999198776504,0.02666666666666667,0.0
0.05,5,3,35,story_1_relative_to_lower_rms,0.011929526522375887,0.011929526522375887,0.005514166193051366,0.021312626617072894,0.04674809241970871,0.0,0.0
0.05,5,3,36,story_2_relative_to_lower_max_abs,0.12403362004573912,0.12442870533634974,0.038961519371782466,0.267847311153105,0.5712801454879859,0.017777777777777778,0.0
0.05,5,3,37,story_2_relative_to_lower_rms,0.009296794400613121,0.009308071550245354,0.003585727675633744,0.017577506720315505,0.038096542746676294,0.0,0.0
0.05,5,3,38,story_3_relative_to_lower_max_abs,0.15803117497625133,0.1590247058926691,0.04386962270543289,0.3519548348000489,0.6843273386966323,0.035555555555555556,0.0044444444444444444
0.05,5,3,39,story_3_relative_to_lower_rms,0.013057461715011879,0.013084605310264326,0.003597847612637918,0.026167569593645607,0.059470230234354375,0.0,0.0
0.05,5,3,40,story_4_relative_to_lower_max_abs,0.26185438356190494,0.266042313152032,0.06389709535297614,0.5883801958188756,1.3896504541703911,0.08,0.028888888888888888
0.05,5,3,41,story_4_relative_to_lower_rms,0.03288953227357896,0.032919089178754954,0.007051476118062728,0.06762939826867793,0.1673283904616899,0.0,0.0
0.05,5,3,42,story_2_to_story_1_max_abs_ratio,-0.06814320848715431,0.10270496751305844,0.03601787249223516,0.20880972632656014,0.5195968576671584,0.0044444444444444444,0.0
0.05,5,3,43,story_2_to_story_1_rms_ratio,-0.013581847212795388,0.01579129821862241,0.0026124843180544755,0.03939168436929827,0.11006655102461099,0.0,0.0
0.05,5,3,44,story_3_to_story_2_max_abs_ratio,-0.026505821394811807,0.06535321147549726,0.04782157235980742,0.08900078571449284,0.19107145949152454,0.0,0.0
0.05,5,3,45,story_3_to_story_2_rms_ratio,-0.005774662115370841,0.008411556870963151,0.005292787841297417,0.012214565151599188,0.027723282082934772,0.0,0.0
0.05,5,3,46,story_4_to_story_3_max_abs_ratio,-0.039832842988371135,0.07480849016680462,0.052846412667714185,0.10490762506812217,0.2120928589003506,0.0,0.0
0.05,5,3,47,story_4_to_story_3_rms_ratio,-0.008246220997952068,0.009137661508289346,0.0029776237791629915,0.01924218020356318,0.043699067336750164,0.0,0.0
0.05,5,3,48,story_1_max_abs_spatial_fraction,0.01813104591080268,0.054827759885834916,0.04465117848756339,0.07092597987546921,0.15011072230574188,0.0,0.0
0.05,5,3,49,story_1_rms_spatial_fraction,0.002598353401595057,0.00519656407564294,0.003821361206011946,0.006978874035573612,0.015728205668339837,0.0,0.0
0.05,5,3,50,story_2_max_abs_spatial_fraction,0.03675021806707261,0.09126722148064385,0.07279748537704794,0.11691444249166047,0.24662865639909523,0.0,0.0
0.05,5,3,51,story_2_rms_spatial_fraction,0.004932324698718324,0.007466622084856211,0.005576460308036071,0.009589971866872842,0.019586645394624198,0.0,0.0
0.05,5,3,52,story_3_max_abs_spatial_fraction,-0.0011096293533066656,0.046305413211689656,0.035032364672723415,0.0603895581256186,0.12341034967561557,0.0,0.0
0.05,5,3,53,story_3_rms_spatial_fraction,-0.0001548969308429104,0.004823854750945975,0.003919658407587379,0.006116172476651305,0.01210302414916137,0.0,0.0
0.05,5,3,54,story_4_max_abs_spatial_fraction,-0.06578254521509798,0.09799499076373214,0.07664692890801136,0.1267527588039374,0.25442979185284786,0.0,0.0
0.05,5,3,55,story_4_rms_spatial_fraction,-0.011737589064054857,0.012234563537009203,0.010797650130575313,0.014448333648565828,0.025550543171246987,0.0,0.0
0.05,5,3,56,ground_dominant_frequency,0.0,0.0,0.0,0.0,0.0,0.0,0.0
0.05,5,3,57,ground_spectral_centroid,0.0,0.0,0.0,0.0,0.0,0.0,0.0
0.05,5,3,58,ground_band_energy,0.0,0.0,0.0,0.0,0.0,0.0,0.0
0.05,5,3,59,story_1_dominant_frequency,-0.0007451031533439601,0.0012418385889065976,0.0,0.01747421786569319,0.0,0.0,0.0
0.05,5,3,60,story_1_spectral_centroid,0.2938420457395731,0.29509947416339866,0.11666455540829049,0.4924792572163658,1.2258124412709586,0.08,0.0022222222222222222
0.05,5,3,61,story_1_band_energy,0.0019149187983792497,0.002792702179584405,0.00032760972387919544,0.009767440277375023,0.014331513302116593,0.0,0.0
0.05,5,3,62,story_2_dominant_frequency,-0.0002327598399397702,0.0002327598399397702,0.0,0.004937581836279206,0.0,0.0,0.0
0.05,5,3,63,story_2_spectral_centroid,0.14724654105217774,0.14833807352448072,0.11054221383633674,0.18952739360695126,0.3898596712605354,0.0,0.0
0.05,5,3,64,story_2_band_energy,0.00019609627669081277,0.00076263826182836,4.7913882162020475e-05,0.002917370840649246,0.0036869528966266747,0.0,0.0
0.05,5,3,65,story_3_dominant_frequency,0.0,0.0,0.0,0.0,0.0,0.0,0.0
0.05,5,3,66,story_3_spectral_centroid,0.10147778099375024,0.10196566912341767,0.09080736452491481,0.12171529950110445,0.23962231854278027,0.0,0.0
0.05,5,3,67,story_3_band_energy,0.00012217715381016874,0.0007356249267308066,2.27918184434789e-05,0.003141629161371876,0.003371873690740289,0.0,0.0
0.05,5,3,68,story_4_dominant_frequency,0.0,0.0,0.0,0.0,0.0,0.0,0.0
0.05,5,3,69,story_4_spectral_centroid,0.07970591556110784,0.08034142034705903,0.06397753444821536,0.10130372406502568,0.21475716947781698,0.0,0.0
0.05,5,3,70,story_4_band_energy,0.00015770221190549398,0.0005576708934978876,3.3992245415946255e-05,0.0023856427345850424,0.002829102309695177,0.0,0.0
0.05,5,3,71,story_1_ground_correlation,-0.006139625245047841,0.010337327273557415,0.005776351127430877,0.015611377112540018,0.037230124747299344,0.0,0.0
0.05,5,3,72,story_2_ground_correlation,-0.0009168161321745078,0.003324635489178811,0.002798320913207978,0.00400028084273709,0.007698046716600278,0.0,0.0
0.05,5,3,73,story_3_ground_correlation,0.002401231188769796,0.0029670945441255124,0.0019284007398158876,0.0044597533678305944,0.009608580533283059,0.0,0.0
0.05,5,3,74,story_4_ground_correlation,0.0005212248477939936,0.0009348693187030196,0.0009414711516534203,0.00107691337306767,0.001807394146645012,0.0,0.0
0.05,5,3,75,story_2_story_1_correlation,-0.013109706975983203,0.015390036575464507,0.009801145221066798,0.02315879967601006,0.060862208699705565,0.0,0.0
0.05,5,3,76,story_3_story_2_correlation,-0.002903290639823825,0.006354198537742059,0.005607274124369255,0.0073736545666581894,0.013391009824364102,0.0,0.0
0.05,5,3,77,story_4_story_3_correlation,-0.02736219818916474,0.02736219818916474,0.016765561772089987,0.03526868105539949,0.07563930365519705,0.0,0.0
0.05,5,4,0,story_1_mean,0.0007241574573189761,0.12257589120714774,0.048388175238964715,0.2930639675034639,0.4550454214317268,0.015555555555555555,0.0044444444444444444
0.05,5,4,1,story_1_std,0.00933276155474947,0.009433031291649487,0.0020467487357104207,0.02063185654647195,0.047343898645611074,0.0,0.0
0.05,5,4,2,story_1_max_abs,0.10818845324644412,0.1175887416730212,0.026221958589452865,0.2751895527501134,0.6373250960844837,0.02,0.0
0.05,5,4,3,story_1_rms,0.00933996865767749,0.009440067795991021,0.0020468628685585623,0.020645812926228406,0.04749771735862263,0.0,0.0
0.05,5,4,4,story_1_peak_to_peak,0.10959777694731945,0.11187963473649086,0.025211864165579793,0.2542109108010009,0.5901774303734665,0.017777777777777778,0.0
0.05,5,4,5,story_1_crest_factor,0.1431665622363084,0.18385858876969524,0.10141086015027154,0.2843647129167123,0.6932741091606038,0.006666666666666667,0.0
0.05,5,4,6,story_2_mean,0.009466607178154413,0.06338472426397991,0.025893893614124447,0.13233110548620808,0.2605952984241126,0.0022222222222222222,0.0
0.05,5,4,7,story_2_std,0.0019258303706220163,0.001959077312635869,0.0009783475854005024,0.0038540574876606026,0.007690411918584358,0.0,0.0
0.05,5,4,8,story_2_max_abs,0.04190482188804155,0.043537393865788546,0.014013777752600036,0.09101432668762481,0.21419020874275,0.0,0.0
0.05,5,4,9,story_2_rms,0.0019265167044587594,0.001959543521470918,0.0009900480388933433,0.003856072487616963,0.00767822932768329,0.0,0.0
0.05,5,4,10,story_2_peak_to_peak,0.03862765155291458,0.03903996142277104,0.012464354123014785,0.07889690690915042,0.1854613880395458,0.0,0.0
0.05,5,4,11,story_2_crest_factor,0.07427031464363594,0.09214750149762131,0.08575933710083045,0.11086917983773624,0.21233746788780788,0.0,0.0
0.05,5,4,12,story_3_mean,-0.00040270021898220946,0.04155200258308297,0.018372629841598306,0.08251514059113388,0.15383354708604377,0.0,0.0
0.05,5,4,13,story_3_std,0.000886274004695933,0.0010126762770288717,0.0005176368337542574,0.0019412117757421146,0.0034503906598903175,0.0,0.0
0.05,5,4,14,story_3_max_abs,0.027501711640195076,0.02818253610961606,0.009478708887724636,0.06084676214749371,0.13405461789305262,0.0,0.0
0.05,5,4,15,story_3_rms,0.0008865711670923767,0.0010129287000928203,0.0005160033970139301,0.00194216821762614,0.0034103228728964547,0.0,0.0
0.05,5,4,16,story_3_peak_to_peak,0.025031993664368306,0.025242640216317544,0.009203911407099637,0.05254382294033163,0.11622211279758989,0.0,0.0
0.05,5,4,17,story_3_crest_factor,0.07575282613822765,0.09781831696085641,0.0861909523787604,0.1186440891883414,0.22323829333517886,0.0,0.0
0.05,5,4,18,story_4_mean,-0.002800030333038649,0.042068988543801866,0.015657461312901202,0.10385650094268041,0.15055302205244644,0.0022222222222222222,0.0
0.05,5,4,19,story_4_std,0.00045686077648930494,0.0006944133857440954,0.0002900371090011658,0.0014326131282689787,0.0028044160079011794,0.0,0.0
0.05,5,4,20,story_4_max_abs,0.020164172817523498,0.02047649053648206,0.006138396694598243,0.04531302524135774,0.09484389351374074,0.0,0.0
0.05,5,4,21,story_4_rms,0.00045701406995062564,0.000694270696943122,0.00029437134562030427,0.0014346421951487605,0.002804387302928109,0.0,0.0
0.05,5,4,22,story_4_peak_to_peak,0.01801696405274908,0.018078531914574075,0.006264958522855829,0.037369781053826844,0.08438578866829276,0.0,0.0
0.05,5,4,23,story_4_crest_factor,0.13767571370222653,0.14892592721844167,0.13531485124196785,0.17905972086354008,0.32756669044500386,0.0,0.0
0.05,5,4,24,ground_max_abs,0.0,0.0,0.0,0.0,0.0,0.0,0.0
0.05,5,4,25,ground_rms,0.0,0.0,0.0,0.0,0.0,0.0,0.0
0.05,5,4,26,story_1_max_ground_amplification,0.12642217044748622,0.13889077730514496,0.037850689821839756,0.2972405562426175,0.7745724910848554,0.028888888888888888,0.0
0.05,5,4,27,story_1_rms_ground_amplification,0.010249750182870145,0.010350330340050446,0.0024066735944841128,0.020881345316114394,0.05135976627699346,0.0,0.0
0.05,5,4,28,story_2_max_ground_amplification,0.043086196764511316,0.04470024420454353,0.01633196407431974,0.08655790061208947,0.22844738051668503,0.0,0.0
0.05,5,4,29,story_2_rms_ground_amplification,0.0019795535036643964,0.0020116653418915205,0.0010530239276005764,0.0036775070020011913,0.007439110114292055,0.0,0.0
0.05,5,4,30,story_3_max_ground_amplification,0.027222180428125735,0.02786695447250547,0.010165575324708515,0.053923766994670344,0.13658287929000454,0.0,0.0
0.05,5,4,31,story_3_rms_ground_amplification,0.0008712020072916761,0.0010111329154597086,0.0006082429367814681,0.0017470040348160035,0.0036890318316992275,0.0,0.0
0.05,5,4,32,story_4_max_ground_amplification,0.020194143906187626,0.02055559408248156,0.007521934005854348,0.04151407169344128,0.11233585511464836,0.0,0.0
0.05,5,4,33,story_4_rms_ground_amplification,0.00044161806745374903,0.0006869388955885293,0.00033148925771349434,0.0012849825382748334,0.0028426341609121436,0.0,0.0
0.05,5,4,34,story_1_relative_to_lower_max_abs,0.1237434045679953,0.1313913715584544,0.031111727462647076,0.292721227501958,0.6818879353448892,0.024444444444444446,0.0022222222222222222
0.05,5,4,35,story_1_relative_to_lower_rms,0.0116212427555893,0.0116212427555893,0.005404011544394054,0.02098370380380165,0.04532174948960841,0.0,0.0
0.05,5,4,36,story_2_relative_to_lower_max_abs,0.12612773742882044,0.12677143755798043,0.0432326738051627,0.2631417469869083,0.5840649921464893,0.02,0.0
0.05,5,4,37,story_2_relative_to_lower_rms,0.009752750578765634,0.00975361784173509,0.0033912791396783007,0.018727886522887163,0.040287040662690586,0.0,0.0
0.05,5,4,38,story_3_relative_to_lower_max_abs,0.16377963842731677,0.16461202356133584,0.04726155391142056,0.35238690431201536,0.8603055452268227,0.035555555555555556,0.0044444444444444444
0.05,5,4,39,story_3_relative_to_lower_rms,0.012941265354287225,0.012983087120887301,0.0035438253721043977,0.025848933106224724,0.05734291700323152,0.0,0.0
0.05,5,4,40,story_4_relative_to_lower_max_abs,0.25054497412251947,0.2541169099093355,0.06237208729226966,0.5523755281448254,1.3202672206922332,0.07333333333333333,0.02666666666666667
0.05,5,4,41,story_4_relative_to_lower_rms,0.03219706166805158,0.03222366097064923,0.00678559846161477,0.06514560212841111,0.14448577115465502,0.0,0.0
0.05,5,4,42,story_2_to_story_1_max_abs_ratio,-0.06188377754214143,0.09875568433395968,0.036059482421951915,0.19143523652672817,0.5190030214251672,0.0,0.0
0.05,5,4,43,story_2_to_story_1_rms_ratio,-0.013414605956179703,0.01563059551822449,0.002277690555812556,0.03968594387203491,0.12187136386756996,0.0,0.0
0.05,5,4,44,story_3_to_story_2_max_abs_ratio,-0.02559025592644769,0.06652059730744819,0.05227421822186509,0.08967098787857453,0.17839590092270802,0.0,0.0
0.05,5,4,45,story_3_to_story_2_rms_ratio,-0.005517499925154114,0.00826746792888516,0.005191720085640771,0.012124479698143979,0.02785438484939819,0.0,0.0
0.05,5,4,46,story_4_to_story_3_max_abs_ratio,-0.04036696525927391,0.08081211323837108,0.05917380200905059,0.10994482346720914,0.2298920867965264,0.0,0.0
0.05,5,4,47,story_4_to_story_3_rms_ratio,-0.008619869084983144,0.009445058517570663,0.0028742342085534833,0.020440612076864376,0.041088712297562155,0.0,0.0
0.05,5,4,48,story_1_max_abs_spatial_fraction,0.014755215878446172,0.054656400703294465,0.04055663981442299,0.07072809354961059,0.15043062547329547,0.0,0.0
0.05,5,4,49,story_1_rms_spatial_fraction,0.0025347142074122445,0.005007805095506117,0.003529268551577442,0.006942230725484548,0.01590686206508705,0.0,0.0
0.05,5,4,50,story_2_max_abs_spatial_fraction,0.03927383285745975,0.09246766345306837,0.073159330915923,0.11893948516085263,0.237985564240618,0.0,0.0
0.05,5,4,51,story_2_rms_spatial_fraction,0.0049810147857622415,0.0074217072691097966,0.006144503068392808,0.009316136697166027,0.01922036267915432,0.0,0.0
0.05,5,4,52,story_3_max_abs_spatial_fraction,0.0031320072303393153,0.047221963071727956,0.04094518276702948,0.059268651404496865,0.11642063826266935,0.0,0.0
0.05,5,4,53,story_3_rms_spatial_fraction,-2.0175979608860195e-05,0.005074281007639121,0.004242039515286822,0.006368904043451224,0.012374185363024759,0.0,0.0
0.05,5,4,54,story_4_max_abs_spatial_fraction,-0.06798088066840027,0.10581580715546243,0.08520281678526509,0.13691203649857966,0.2826812553420175,0.0,0.0
0.05,5,4,55,story_4_rms_spatial_fraction,-0.011899484310872656,0.012249037914956445,0.011013329457191077,0.014492130073923614,0.027295439983663544,0.0,0.0
0.05,5,4,56,ground_dominant_frequency,0.0,0.0,0.0,0.0,0.0,0.0,0.0
0.05,5,4,57,ground_spectral_centroid,0.0,0.0,0.0,0.0,0.0,0.0,0.0
0.05,5,4,58,ground_band_energy,0.0,0.0,0.0,0.0,0.0,0.0,0.0
0.05,5,4,59,story_1_dominant_frequency,-0.0004967354355626403,0.0009934708711252778,0.0,0.016661013011265415,0.0,0.0,0.0
0.05,5,4,60,story_1_spectral_centroid,0.2870250082807076,0.2880665262414067,0.10936224755973384,0.484261714917062,1.211705126575815,0.08444444444444445,0.0022222222222222222
0.05,5,4,61,story_1_band_energy,0.0015670202725138502,0.0028778885208721483,0.0003265946037669435,0.012603596580514347,0.011863212969442965,0.0,0.0
0.05,5,4,62,story_2_dominant_frequency,0.0,0.0,0.0,0.0,0.0,0.0,0.0
0.05,5,4,63,story_2_spectral_centroid,0.1489293605180296,0.14945318149237488,0.12388116611394798,0.18785626276235173,0.3852241055943934,0.0,0.0
0.05,5,4,64,story_2_band_energy,0.00034520641689267,0.0011064243057397254,4.906489870403005e-05,0.004478084209865438,0.005514988431727522,0.0,0.0
0.05,5,4,65,story_3_dominant_frequency,0.0,0.0,0.0,0.0,0.0,0.0,0.0
0.05,5,4,66,story_3_spectral_centroid,0.10209463684400988,0.10289330465115952,0.0903246079470498,0.12232336713133993,0.2349795113876649,0.0,0.0
0.05,5,4,67,story_3_band_energy,0.0001381317850971684,0.0005987268876748834,2.1797150690328967e-05,0.002356509470063177,0.0029485035348477354,0.0,0.0
0.05,5,4,68,story_4_dominant_frequency,0.0002514180336248582,0.0002514180336248582,0.0,0.0053333818946617395,0.0,0.0,0.0
0.05,5,4,69,story_4_spectral_centroid,0.08179389171360206,0.082311950979855,0.07055276798749952,0.10219907573558729,0.2057261293678836,0.0,0.0
0.05,5,4,70,story_4_band_energy,4.0759309780897895e-05,0.0005312475105419998,3.410698074256027e-05,0.0020860196157596756,0.002097781505699491,0.0,0.0
0.05,5,4,71,story_1_ground_correlation,-0.005956998460380394,0.010508897133534407,0.006103685256321058,0.015488700687657106,0.03617319004563619,0.0,0.0
0.05,5,4,72,story_2_ground_correlation,-0.0011187966885241008,0.003414891109572435,0.0029248643056829886,0.00407281413065535,0.0073979561452803275,0.0,0.0
0.05,5,4,73,story_3_ground_correlation,0.0022413348320907468,0.002862047781100246,0.0019356902922461438,0.004013524788502874,0.009157523462874803,0.0,0.0
0.05,5,4,74,story_4_ground_correlation,0.00042759470624170796,0.0008839345303903641,0.0008387174079883869,0.0010342873455233782,0.0018119681762832657,0.0,0.0
0.05,5,4,75,story_2_story_1_correlation,-0.013316189895344038,0.015518897909950513,0.009774320952139932,0.023678458258764547,0.05866471922384711,0.0,0.0
0.05,5,4,76,story_3_story_2_correlation,-0.003043658848125877,0.0064537062091821855,0.005678449141104474,0.007281292448090546,0.012746263597175534,0.0,0.0
0.05,5,4,77,story_4_story_3_correlation,-0.026653767817548867,0.02669898605657888,0.01695822587617047,0.033159910509782016,0.06919900267938633,0.0,0.0
0.1,10,0,0,story_1_mean,-0.02825532119364208,0.25505264352098794,0.10320491666151936,0.5234963497092427,1.146298644492866,0.057777777777777775,0.017777777777777778
0.1,10,0,1,story_1_std,0.03660172453983527,0.03662920823515045,0.007910950049568835,0.07740121486873636,0.18028478302916964,0.0,0.0
0.1,10,0,2,story_1_max_abs,0.26997697137811566,0.2790938162048048,0.0628201843945474,0.6453593942998225,1.3747338129429034,0.07777777777777778,0.03333333333333333
0.1,10,0,3,story_1_rms,0.036613085675643746,0.03664051773573604,0.007909533354488952,0.0774383874385371,0.1802575943175408,0.0,0.0
0.1,10,0,4,story_1_peak_to_peak,0.2656060864741275,0.2671634667685855,0.07154766189853345,0.5953168588071059,1.279077640524737,0.06888888888888889,0.03111111111111111
0.1,10,0,5,story_1_crest_factor,0.3187956853585222,0.3719684892835119,0.18855457914141505,0.5843193471177943,1.427662991617833,0.10444444444444445,0.011111111111111112
0.1,10,0,6,story_2_mean,-0.00934464402740122,0.1468982734371447,0.059085165333612286,0.3111408848674968,0.6735892333406515,0.022222222222222223,0.0
0.1,10,0,7,story_2_std,0.007136701384210793,0.007136701384210793,0.004208162470634195,0.011870738684311804,0.0253972636286626,0.0,0.0
0.1,10,0,8,story_2_max_abs,0.10114168254829135,0.10230136271401566,0.029093621648848208,0.21874004720716267,0.5144037812428384,0.013333333333333334,0.0
0.1,10,0,9,story_2_rms,0.007137244019091501,0.007137244019091501,0.004200897019572179,0.011869686270732824,0.025343292981259744,0.0,0.0
0.1,10,0,10,story_2_peak_to_peak,0.09329273532585855,0.09350430200350318,0.028804465642167786,0.196165017760077,0.44229822755668446,0.006666666666666667,0.0
0.1,10,0,11,story_2_crest_factor,0.1637765890657445,0.1862001968774147,0.17396808115167436,0.21998011654894928,0.3930676250749794,0.0,0.0
0.1,10,0,12,story_3_mean,-0.006901486726998668,0.09318314150129131,0.036983209866767036,0.2357655050479478,0.3144697092321963,0.011111111111111112,0.0044444444444444444
0.1,10,0,13,story_3_std,0.003300567133029594,0.003329933546970475,0.0020558224857515008,0.005160442395864972,0.011248952720276395,0.0,0.0
0.1,10,0,14,story_3_max_abs,0.0636428013087389,0.06397923066504324,0.02059363590376611,0.1340591910376701,0.2811014264261482,0.0,0.0
0.1,10,0,15,story_3_rms,0.0033022026741377233,0.0033319464912086316,0.0020617104737857116,0.005165367569796465,0.011250773380431366,0.0,0.0
0.1,10,0,16,story_3_peak_to_peak,0.05894487488480302,0.05903583330543276,0.021429028937035095,0.12220401290040589,0.23937430650785205,0.0,0.0
0.1,10,0,17,story_3_crest_factor,0.1683054309770717,0.19504828929876905,0.18071468142369274,0.22804023363951922,0.3897828834277963,0.0022222222222222222,0.0
0.1,10,0,18,story_4_mean,-0.004308255140457408,0.07546179267166776,0.028710849916652063,0.17062710563080666,0.2895921853211748,0.008888888888888889,0.0
0.1,10,0,19,story_4_std,0.0020173345439008184,0.002075380174135469,0.0008748527678863014,0.004299178006668286,0.008104919151053828,0.0,0.0
0.1,10,0,20,story_4_max_abs,0.05117786917214517,0.051391586236632876,0.018183792710717094,0.10870422808506225,0.22502251620293248,0.0,0.0
0.1,10,0,21,story_4_rms,0.00201802774497047,0.0020757891916089433,0.0008741820055686396,0.004301543611823139,0.008129480911209885,0.0,0.0
0.1,10,0,22,story_4_peak_to_peak,0.046092910794350385,0.04612962675320287,0.016702140733219663,0.09537961176310117,0.2030583761754162,0.0,0.0
0.1,10,0,23,story_4_crest_factor,0.3661362379690109,0.37379347444054367,0.36014497339043816,0.42710297370972566,0.7304000386328642,0.006666666666666667,0.0
0.1,10,0,24,ground_max_abs,0.0,0.0,0.0,0.0,0.0,0.0,0.0
0.1,10,0,25,ground_rms,0.0,0.0,0.0,0.0,0.0,0.0,0.0
0.1,10,0,26,story_1_max_ground_amplification,0.3140358386283137,0.326570512513189,0.07962487710575068,0.6880030488688381,2.051895539040079,0.09777777777777778,0.05555555555555555
0.1,10,0,27,story_1_rms_ground_amplification,0.039960783176345084,0.039987422825453235,0.009016206077223218,0.07844209313121035,0.1871896719631888,0.0,0.0
0.1,10,0,28,story_2_max_ground_amplification,0.10302985792906345,0.10431420769350855,0.03519190947332988,0.20454283586318012,0.580387277837516,0.0022222222222222222,0.0
0.1,10,0,29,story_2_rms_ground_amplification,0.007206449662868062,0.007206449662868062,0.004527056713625422,0.010892960239042382,0.02643334881528423,0.0,0.0
0.1,10,0,30,story_3_max_ground_amplification,0.063533379276273,0.06388091223514682,0.023395897634683957,0.12198101435621705,0.3188082732832383,0.0,0.0
0.1,10,0,31,story_3_rms_ground_amplification,0.0033585667210720184,0.0033854660444497192,0.002299124628580904,0.00482585900426086,0.010379817111881006,0.0,0.0
0.1,10,0,32,story_4_max_ground_amplification,0.05113530579345791,0.05137906473698642,0.019846569167290835,0.0975778391413126,0.24393835257604432,0.0,0.0
0.1,10,0,33,story_4_rms_ground_amplification,0.0020468146601791905,0.0020972470725560168,0.001047705888239755,0.003819929533289172,0.007768425259314621,0.0,0.0
0.1,10,0,34,story_1_relative_to_lower_max_abs,0.2978820391144095,0.306553469959958,0.07807042656469432,0.6830390118251535,1.4483837965450248,0.08,0.042222222222222223
0.1,10,0,35,story_1_relative_to_lower_rms,0.04561380614321297,0.04561380614321297,0.021625681258378278,0.0798092085095968,0.16773331806328015,0.0,0.0
0.1,10,0,36,story_2_relative_to_lower_max_abs,0.28448235080029965,0.2845869146059514,0.09002117216273181,0.5849398174180401,1.3621920648988277,0.07111111111111111,0.028888888888888888
0.1,10,0,37,story_2_relative_to_lower_rms,0.037147111930779596,0.037147111930779596,0.012789559679492812,0.06906817412576644,0.15553115820187952,0.0,0.0
0.1,10,0,38,story_3_relative_to_lower_max_abs,0.3575012510619623,0.35776488417252156,0.11173916285607775,0.7246339049659011,1.6809675843593574,0.10222222222222223,0.042222222222222223
0.1,10,0,39,story_3_relative_to_lower_rms,0.05051133828007025,0.05051205203307143,0.012680452395608461,0.09753885410123522,0.22797774839944232,0.0,0.0
0.1,10,0,40,story_4_relative_to_lower_max_abs,0.5716760228404028,0.5731043180052954,0.15479806748782596,1.2120774742368992,2.840214777553581,0.16,0.08
0.1,10,0,41,story_4_relative_to_lower_rms,0.1229090976664269,0.1229090976664269,0.0275574710051638,0.24862735317142104,0.5875204153122395,0.013333333333333334,0.0
0.1,10,0,42,story_2_to_story_1_max_abs_ratio,-0.12724042360142987,0.18786781483771145,0.061976913160744614,0.3696299174251062,1.0419478167136471,0.05555555555555555,0.0
0.1,10,0,43,story_2_to_story_1_rms_ratio,-0.047303487182978596,0.05442532491057945,0.009170395019199206,0.13154024320259744,0.3890083072904815,0.0,0.0
0.1,10,0,44,story_3_to_story_2_max_abs_ratio,-0.05891448805547239,0.12331733572604363,0.09590708102944684,0.1626817333899277,0.31253446081652575,0.0,0.0
0.1,10,0,45,story_3_to_story_2_rms_ratio,-0.021241592312132886,0.02939408787585275,0.018428224094081007,0.04128232423465826,0.0934842942345068,0.0,0.0
0.1,10,0,46,story_4_to_story_3_max_abs_ratio,-0.07886968248628787,0.1324429401113619,0.09574558158249308,0.19192434457641736,0.3795035826984818,0.0022222222222222222,0.0
0.1,10,0,47,story_4_to_story_3_rms_ratio,-0.03141118188858291,0.03234457040476876,0.007130866172375757,0.06599611704526287,0.15874307408697633,0.0,0.0
0.1,10,0,48,story_1_max_abs_spatial_fraction,0.03900324011939031,0.1077176698189384,0.08172759016925013,0.1437756066506817,0.30656130641976115,0.0,0.0
0.1,10,0,49,story_1_rms_spatial_fraction,0.009941142807691308,0.01861003888885857,0.01241636712683358,0.025272042675724794,0.05825839487080352,0.0,0.0
0.1,10,0,50,story_2_max_abs_spatial_fraction,0.08021490049924873,0.17184932432100283,0.15667598476471073,0.210355905364929,0.38190452740576897,0.0,0.0
0.1,10,0,51,story_2_rms_spatial_fraction,0.018172397196397353,0.02337715861014106,0.017272603104381792,0.030172987522678132,0.059585698431437496,0.0,0.0
0.1,10,0,52,story_3_max_abs_spatial_fraction,-0.003746002864817536,0.08582357285099367,0.07356973042769147,0.10726757534529299,0.20744566117480415,0.0,0.0
0.1,10,0,53,story_3_rms_spatial_fraction,-0.00025409511693385184,0.017115373237892133,0.015380682996829636,0.021037836085650557,0.040146616587996536,0.0,0.0
0.1,10,0,54,story_4_max_abs_spatial_fraction,-0.14017028321094177,0.2075838034937567,0.16788014019341796,0.26594045963782664,0.5344182330349391,0.0,0.0
0.1,10,0,55,story_4_rms_spatial_fraction,-0.04481784168836833,0.04485660808475397,0.04029331708415193,0.05106487516400492,0.09088559324235432,0.0,0.0
0.1,10,0,56,ground_dominant_frequency,0.0,0.0,0.0,0.0,0.0,0.0,0.0
0.1,10,0,57,ground_spectral_centroid,0.0,0.0,0.0,0.0,0.0,0.0,0.0
0.1,10,0,58,ground_band_energy,0.0,0.0,0.0,0.0,0.0,0.0,0.0
0.1,10,0,59,story_1_dominant_frequency,-0.0014902063066879192,0.0019869417422505565,0.0,0.023562230563406155,0.0,0.0,0.0
0.1,10,0,60,story_1_spectral_centroid,0.7159184200219869,0.7159616998565869,0.39773215160659614,1.0442762209543255,2.442614927627697,0.27555555555555555,0.09333333333333334
0.1,10,0,61,story_1_band_energy,0.005724529929712481,0.007557503295073489,0.0006846870922979974,0.028562410500092415,0.03315488526450976,0.0,0.0
0.1,10,0,62,story_2_dominant_frequency,-0.0002327598399397702,0.0002327598399397702,0.0,0.004937581836279206,0.0,0.0,0.0
0.1,10,0,63,story_2_spectral_centroid,0.4472351452626841,0.4472351452626841,0.40026245511825087,0.5184586082547833,0.941987081150498,0.03111111111111111,0.0
0.1,10,0,64,story_2_band_energy,0.0006096558139996086,0.0018237459642282596,9.240664515105021e-05,0.007039961628034463,0.007648637463045887,0.0,0.0
0.1,10,0,65,story_3_dominant_frequency,-0.0002532176886603994,0.0002532176886603994,0.0,0.00537155834304457,0.0,0.0,0.0
0.1,10,0,66,story_3_spectral_centroid,0.33426527700772557,0.33426527700772557,0.31531937140868416,0.36566291419291336,0.6212660865582665,0.0,0.0
0.1,10,0,67,story_3_band_energy,-0.0001282404416231676,0.0012514632397628035,5.299009229435012e-05,0.005432742927023847,0.005208577758916683,0.0,0.0
0.1,10,0,68,story_4_dominant_frequency,0.0002514180336248571,0.0002514180336248571,0.0,0.005333381894661715,0.0,0.0,0.0
0.1,10,0,69,story_4_spectral_centroid,0.2840460104150216,0.2840460104150216,0.24455772066155457,0.31969929129079017,0.5947402055616208,0.0,0.0
0.1,10,0,70,story_4_band_energy,0.00023645936284794842,0.0011416838625875252,6.400362676740377e-05,0.005385602437642121,0.004850043246401964,0.0,0.0
0.1,10,0,71,story_1_ground_correlation,-0.024066141043961216,0.0384005316695972,0.02411114973521506,0.054778300552715965,0.1186379189377186,0.0,0.0
0.1,10,0,72,story_2_ground_correlation,-0.004249550478093241,0.012200267000714944,0.010961125940701439,0.013523692551068178,0.022708531759771108,0.0,0.0
0.1,10,0,73,story_3_ground_correlation,0.008928647775185143,0.011134332684604608,0.006862825571769158,0.015100161668807642,0.032528389882205515,0.0,0.0
0.1,10,0,74,story_4_ground_correlation,0.001899244710408323,0.00343428773695747,0.0034646600890821974,0.003688116773986174,0.005604232046837739,0.0,0.0
0.1,10,0,75,story_2_story_1_correlation,-0.049004446451168734,0.05599691617879364,0.03662713526931577,0.08301671767626266,0.21387038291567384,0.0,0.0
0.1,10,0,76,story_3_story_2_correlation,-0.011353398548703165,0.02265003617216931,0.0209544921004344,0.025479921593703058,0.042939185187018905,0.0,0.0
0.1,10,0,77,story_4_story_3_correlation,-0.10645838138921304,0.10645838138921304,0.06804262206643902,0.1299963064125345,0.27363852958991747,0.0,0.0
0.1,10,1,0,story_1_mean,0.01682931701474768,0.24308897685877398,0.10382573642727616,0.5262545585238703,0.975174236460216,0.04666666666666667,0.013333333333333334
0.1,10,1,1,story_1_std,0.03719807508776493,0.037212060262170034,0.007872638102266807,0.07761971993513118,0.19124948051942664,0.0,0.0
0.1,10,1,2,story_1_max_abs,0.26121443747876893,0.2730728313765746,0.068070774157077,0.6123512485395125,1.4253552136686976,0.08,0.02666666666666667
0.1,10,1,3,story_1_rms,0.03721504773813289,0.037228928300455995,0.007872862027881348,0.0776509865455176,0.1912443781165455,0.0,0.0
0.1,10,1,4,story_1_peak_to_peak,0.26509386503540056,0.2665727898055702,0.06809465099304396,0.5825419151765101,1.3681131921688094,0.06888888888888889,0.02666666666666667
0.1,10,1,5,story_1_crest_factor,0.32100631915761935,0.37988027724209694,0.21225211933755783,0.5677732660329071,1.4050994794028946,0.10666666666666667,0.0
0.1,10,1,6,story_2_mean,0.02689474932462144,0.1471861600869666,0.05521738866077318,0.3414490613555386,0.6183443360355201,0.02666666666666667,0.006666666666666667
0.1,10,1,7,story_2_std,0.007481759685163314,0.007481759685163314,0.003927619078695776,0.013058467447243089,0.02598523424079625,0.0,0.0
0.1,10,1,8,story_2_max_abs,0.09890376952134665,0.10136887534286251,0.03358885503367784,0.2118114606797013,0.4546518409625352,0.006666666666666667,0.0
0.1,10,1,9,story_2_rms,0.007485001541820629,0.007485001541820629,0.003928031738627785,0.013060413122059291,0.02597133277592235,0.0,0.0
0.1,10,1,10,story_2_peak_to_peak,0.09126593942134854,0.09166608576746256,0.03138350172153633,0.19082040037421938,0.41189614188315066,0.0044444444444444444,0.0
0.1,10,1,11,story_2_crest_factor,0.1581784752841308,0.19138359804514374,0.18238833736106663,0.2219877675090521,0.3807192147354146,0.0,0.0
0.1,10,1,12,story_3_mean,-0.007046210505617374,0.0920470478742205,0.038063458597397695,0.19486648380598853,0.38402250657077597,0.008888888888888889,0.0
0.1,10,1,13,story_3_std,0.0034756621755414373,0.00348765970386242,0.0021940804764889895,0.005973474176085727,0.011380159736149708,0.0,0.0
0.1,10,1,14,story_3_max_abs,0.0595619360710181,0.059750219681287416,0.01948057512329061,0.1234873252301426,0.2805620807196622,0.0,0.0
0.1,10,1,15,story_3_rms,0.0034783057609600477,0.003490197532249161,0.002202579113754225,0.005977044700808189,0.011416545188297567,0.0,0.0
0.1,10,1,16,story_3_peak_to_peak,0.055307169373958624,0.055387603278341795,0.020872825159665993,0.11040974708074314,0.24833111695129673,0.0,0.0
0.1,10,1,17,story_3_crest_factor,0.158593786074668,0.18557328263800646,0.17041522980392493,0.217202741391151,0.3730192140433306,0.0,0.0
0.1,10,1,18,story_4_mean,0.014285124484583859,0.08064875008231558,0.03396135563015873,0.18602923711505565,0.32852337951387667,0.008888888888888889,0.0
0.1,10,1,19,story_4_std,0.0019714500563064604,0.002024747163231715,0.0009219492348249618,0.0038617979878188343,0.009019280662280341,0.0,0.0
0.1,10,1,20,story_4_max_abs,0.04942787281703402,0.04959963856588644,0.015955824285669485,0.10471823449766939,0.24916522134178962,0.0,0.0
0.1,10,1,21,story_4_rms,0.001972912562968976,0.002026124820988769,0.0009234051448164776,0.0038677054258762986,0.009009021810158424,0.0,0.0
0.1,10,1,22,story_4_peak_to_peak,0.04575941784856326,0.045768531573128254,0.015924996098568955,0.09393957361447115,0.21304429737252883,0.0,0.0
0.1,10,1,23,story_4_crest_factor,0.33677828200497373,0.3456871896593836,0.3359291315822095,0.3983344008363049,0.6796342723802355,0.0,0.0
0.1,10,1,24,ground_max_abs,0.0,0.0,0.0,0.0,0.0,0.0,0.0
0.1,10,1,25,ground_rms,0.0,0.0,0.0,0.0,0.0,0.0,0.0
0.1,10,1,26,story_1_max_ground_amplification,0.30802662675564024,0.3230808761686927,0.09127418814310106,0.6676860274464173,1.831025488917245,0.09555555555555556,0.044444444444444446
0.1,10,1,27,story_1_rms_ground_amplification,0.040805535169398326,0.04081759836398323,0.009629388219532463,0.07986881555458648,0.20799496450866914,0.0,0.0
0.1,10,1,28,story_2_max_ground_amplification,0.10091237976176837,0.10341592515081112,0.035357569874835904,0.19922491269889978,0.575198224070475,0.0,0.0
0.1,10,1,29,story_2_rms_ground_amplification,0.007552130676496384,0.007552130676496384,0.004661338222234847,0.01194036046646456,0.028656518753219725,0.0,0.0
0.1,10,1,30,story_3_max_ground_amplification,0.05955082829913269,0.059792006301492874,0.02225233561136982,0.11152841146939439,0.28933653249418917,0.0,0.0
0.1,10,1,31,story_3_rms_ground_amplification,0.0035662786158978713,0.0035755845923455287,0.002316521028195592,0.0054307519655311465,0.012493459205516585,0.0,0.0
0.1,10,1,32,story_4_max_ground_amplification,0.04956482806085756,0.04980117494053542,0.01735194164106322,0.0961793262205893,0.2605959381122935,0.0,0.0
0.1,10,1,33,story_4_rms_ground_amplification,0.0020411025480937626,0.0020840473402317923,0.0010449333134486599,0.003725797885395981,0.008266669836536648,0.0,0.0
0.1,10,1,34,story_1_relative_to_lower_max_abs,0.2820493908463215,0.2897096893273978,0.08071115823989317,0.6364881508663223,1.50369258080498,0.08,0.028888888888888888
0.1,10,1,35,story_1_relative_to_lower_rms,0.04631294766855771,0.04631294766855771,0.02139384018588921,0.0801993930371884,0.1773382002848542,0.0,0.0
0.1,10,1,36,story_2_relative_to_lower_max_abs,0.2960395315579395,0.29633219588211096,0.0905765432471827,0.633381333233209,1.3414994662874253,0.07555555555555556,0.035555555555555556
0.1,10,1,37,story_2_relative_to_lower_rms,0.037117539841752964,0.037117539841752964,0.013348604655093396,0.07017020458748412,0.14777953309229372,0.0,0.0
0.1,10,1,38,story_3_relative_to_lower_max_abs,0.36886270911194585,0.3697903108367518,0.10892283870377187,0.7961670215925588,1.6636586595653924,0.09777777777777778,0.04
0.1,10,1,39,story_3_relative_to_lower_rms,0.05057152171757334,0.05057152171757334,0.013408997905219383,0.09891134620615337,0.21716781671112198,0.0,0.0
0.1,10,1,40,story_4_relative_to_lower_max_abs,0.5823480289841195,0.5853876664124221,0.15858429623193243,1.2204990618436173,3.184571467286793,0.1622222222222222,0.08222222222222222
0.1,10,1,41,story_4_relative_to_lower_rms,0.12207074033598,0.12207074033598,0.02723376832096317,0.24284857109885738,0.5908348315463006,0.013333333333333334,0.0
0.1,10,1,42,story_2_to_story_1_max_abs_ratio,-0.12700594697545448,0.1856589182796952,0.06904221955401725,0.3580933802289685,0.9949267335989189,0.051111111111111114,0.0
0.1,10,1,43,story_2_to_story_1_rms_ratio,-0.04816773312756226,0.05561156831978126,0.00930372254125465,0.13471503585812336,0.4042837858332989,0.0,0.0
0.1,10,1,44,story_3_to_story_2_max_abs_ratio,-0.061550147413492025,0.12625537778614276,0.10072898499273725,0.16480763854937278,0.33725216526825885,0.0,0.0
0.1,10,1,45,story_3_to_story_2_rms_ratio,-0.021895225623559986,0.02979978668414666,0.018601127353123754,0.04258748249070188,0.09573166906277977,0.0,0.0
0.1,10,1,46,story_4_to_story_3_max_abs_ratio,-0.08020984478707277,0.12827678462243203,0.09793018739398224,0.17862228045866566,0.37339048768757593,0.0,0.0
0.1,10,1,47,story_4_to_story_3_rms_ratio,-0.030698472479813884,0.03139122601907569,0.007558876646465982,0.06381518466259968,0.15524606443583996,0.0,0.0
0.1,10,1,48,story_1_max_abs_spatial_fraction,0.04475009688280543,0.10794040802608644,0.08286899299094283,0.14207062829320719,0.3107760606597907,0.0,0.0
0.1,10,1,49,story_1_rms_spatial_fraction,0.010041719861255204,0.018780491838809414,0.013102843800296462,0.025642451006084973,0.06182998497255621,0.0,0.0
0.1,10,1,50,story_2_max_abs_spatial_fraction,0.08324829211129259,0.18134731710283095,0.15895823169197548,0.22397619625982737,0.42804104116683495,0.0,0.0
0.1,10,1,51,story_2_rms_spatial_fraction,0.018913413196675253,0.023488157531158634,0.016242593624309146,0.030948822503262443,0.06143418015011339,0.0,0.0
0.1,10,1,52,story_3_max_abs_spatial_fraction,-0.006234993998205401,0.0877039623817022,0.07726178297324596,0.11002626128561742,0.22194226223751617,0.0,0.0
0.1,10,1,53,story_3_rms_spatial_fraction,-0.00038888837340670117,0.01693015545337477,0.014031610135491005,0.020797867975831837,0.039590161330590824,0.0,0.0
0.1,10,1,54,story_4_max_abs_spatial_fraction,-0.15038211181752037,0.2046200361802786,0.16543384044429,0.2597315642188624,0.520442708378766,0.0,0.0
0.1,10,1,55,story_4_rms_spatial_fraction,-0.045619320846879585,0.045647517369770074,0.04172579579349289,0.051474854137533166,0.09241210786327843,0.0,0.0
0.1,10,1,56,ground_dominant_frequency,0.0,0.0,0.0,0.0,0.0,0.0,0.0
0.1,10,1,57,ground_spectral_centroid,0.0,0.0,0.0,0.0,0.0,0.0,0.0
0.1,10,1,58,ground_band_energy,0.0,0.0,0.0,0.0,0.0,0.0,0.0
0.1,10,1,59,story_1_dominant_frequency,0.0002483677177813188,0.0002483677177813188,0.0,0.005268674924129915,0.0,0.0,0.0
0.1,10,1,60,story_1_spectral_centroid,0.7180800545420094,0.7181864445335461,0.38090037334742644,1.0363571413800587,2.390633309142329,0.26666666666666666,0.09333333333333334
0.1,10,1,61,story_1_band_energy,0.006261694761031048,0.006809871086933299,0.0007541697340178743,0.024432997072583954,0.033362852810378804,0.0,0.0
0.1,10,1,62,story_2_dominant_frequency,0.0002327598399397702,0.0002327598399397702,0.0,0.004937581836279206,0.0,0.0,0.0
0.1,10,1,63,story_2_spectral_centroid,0.45112268863355864,0.45112268863355864,0.40750683108128605,0.521439990046158,0.9320290708629276,0.035555555555555556,0.0
0.1,10,1,64,story_2_band_energy,0.0013227377011995757,0.001975271685268664,9.262840642666439e-05,0.008022861683850524,0.00881666111565205,0.0,0.0
0.1,10,1,65,story_3_dominant_frequency,0.0,0.0,0.0,0.0,0.0,0.0,0.0
0.1,10,1,66,story_3_spectral_centroid,0.33756039827480355,0.33756039827480355,0.31450501475474,0.36769991955284603,0.6195608406245653,0.0,0.0
0.1,10,1,67,story_3_band_energy,0.0004986310461015345,0.001261758426172701,5.275017453594266e-05,0.0054817630374041915,0.004607484021318602,0.0,0.0
0.1,10,1,68,story_4_dominant_frequency,0.0,0.0,0.0,0.0,0.0,0.0,0.0
0.1,10,1,69,story_4_spectral_centroid,0.2853606284109972,0.2853606284109972,0.2480042939011423,0.3202214861537499,0.5916040874798165,0.0,0.0
0.1,10,1,70,story_4_band_energy,6.967948390362567e-05,0.0009315066400387478,5.7362146726664575e-05,0.004260632280541088,0.004134237671854961,0.0,0.0
0.1,10,1,71,story_1_ground_correlation,-0.024108587928064924,0.03863629720095398,0.02298516214080302,0.0549929003589584,0.1295126494553429,0.0,0.0
0.1,10,1,72,story_2_ground_correlation,-0.003946500732877967,0.012680783253678388,0.011640416324200698,0.014081903540165048,0.02480133856200757,0.0,0.0
0.1,10,1,73,story_3_ground_correlation,0.008763704725799942,0.010905139304520143,0.006682432726476716,0.014895057398176863,0.03265153674834486,0.0,0.0
0.1,10,1,74,story_4_ground_correlation,0.0019255256210617396,0.0033945594034377013,0.003457048431670995,0.003648567887519288,0.005572689821052951,0.0,0.0
0.1,10,1,75,story_2_story_1_correlation,-0.048761404667089135,0.05617271966722853,0.037289765874588515,0.08314237491424087,0.22002201431869897,0.0,0.0
0.1,10,1,76,story_3_story_2_correlation,-0.011837830553228535,0.022592389684629018,0.020608831947846972,0.02560060829383126,0.04380081285649893,0.0,0.0
0.1,10,1,77,story_4_story_3_correlation,-0.1049721166387827,0.1049721166387827,0.0676185901294915,0.12771465937221965,0.26468470189674526,0.0,0.0
0.1,10,2,0,story_1_mean,-0.006075018552549205,0.24813232449778197,0.10984279909126496,0.5172166076796196,1.0581495305056063,0.05555555555555555,0.015555555555555555
0.1,10,2,1,story_1_std,0.03655106969444164,0.036556564720996346,0.00843143224624384,0.07724835095217451,0.17685554546782348,0.0,0.0
0.1,10,2,2,story_1_max_abs,0.2534259386005839,0.2649131814825526,0.05727404863656055,0.6083532297028951,1.443330974426821,0.07777777777777778,0.03333333333333333
0.1,10,2,3,story_1_rms,0.036553134822093214,0.03655875551897631,0.008405153736362764,0.07724486893725403,0.1770729054363293,0.0,0.0
0.1,10,2,4,story_1_peak_to_peak,0.2566552826181301,0.2581636975191734,0.06667230558151407,0.5832609866373356,1.3428022357023026,0.07111111111111111,0.028888888888888888
0.1,10,2,5,story_1_crest_factor,0.2891007678373528,0.352964667247752,0.19140922725649057,0.53372986730229,1.3048415102920239,0.09111111111111111,0.0022222222222222222
0.1,10,2,6,story_2_mean,-0.005497527259056429,0.12844288936255582,0.057430899424402625,0.2835444020265523,0.513354401727602,0.015555555555555555,0.0044444444444444444
0.1,10,2,7,story_2_std,0.007264564992538549,0.007264564992538549,0.004092589901787346,0.011990102686013627,0.024129626990389393,0.0,0.0
0.1,10,2,8,story_2_max_abs,0.09785574952215519,0.09896065264188739,0.03231437703640899,0.20821900612268252,0.5087479790326008,0.0044444444444444444,0.0
0.1,10,2,9,story_2_rms,0.007265589220021841,0.007265589220021841,0.004105951829850093,0.011994752326456288,0.02413832227630507,0.0,0.0
0.1,10,2,10,story_2_peak_to_peak,0.09062566556679523,0.09085202660030078,0.03036214207715936,0.18964197525251453,0.4334243869801883,0.0022222222222222222,0.0
0.1,10,2,11,story_2_crest_factor,0.1608361835841448,0.18571899929348223,0.17200105875397576,0.2177818267993623,0.37452447351845775,0.0,0.0
0.1,10,2,12,story_3_mean,-0.007339656226813054,0.10126439029174569,0.03700455008729635,0.25123426396894544,0.47014916251861993,0.011111111111111112,0.0022222222222222222
0.1,10,2,13,story_3_std,0.0035045811332907995,0.0035226250139365907,0.002143803983849147,0.006173045800528189,0.011951121274258042,0.0,0.0
0.1,10,2,14,story_3_max_abs,0.061353631487932755,0.06160277602274013,0.020696992194446776,0.1261681170406413,0.29103916638217875,0.0,0.0
0.1,10,2,15,story_3_rms,0.0035064578812497465,0.003524478806607166,0.0021474242250266043,0.006178242162758313,0.011953807345395303,0.0,0.0
0.1,10,2,16,story_3_peak_to_peak,0.05604184774601241,0.05611081972271327,0.02121714588472765,0.10966610681769226,0.26143916258550526,0.0,0.0
0.1,10,2,17,story_3_crest_factor,0.1710528172269689,0.19641374941178688,0.18084368800365863,0.22564614769978555,0.39109881892696724,0.0,0.0
0.1,10,2,18,story_4_mean,-0.00012999620202361475,0.07604895715038816,0.02996934759761211,0.1509744957875952,0.32435621256029307,0.0,0.0
0.1,10,2,19,story_4_std,0.002036384071805616,0.002209731734722323,0.0009985612836963076,0.004607946107016899,0.009175238218399771,0.0,0.0
0.1,10,2,20,story_4_max_abs,0.048794125278704505,0.048864495890470046,0.01613019563851343,0.10202992749214568,0.23550535154307112,0.0,0.0
0.1,10,2,21,story_4_rms,0.002036809369645879,0.002210889497983533,0.0009904086738648996,0.004610687928712719,0.00918896771650737,0.0,0.0
0.1,10,2,22,story_4_peak_to_peak,0.044717703760735035,0.04472676949917602,0.016257754022242853,0.0905728453445036,0.21599476331990383,0.0,0.0
0.1,10,2,23,story_4_crest_factor,0.3397266257083336,0.3446067456082676,0.3344175990823951,0.3989263024979175,0.7036725226051713,0.0044444444444444444,0.0
0.1,10,2,24,ground_max_abs,0.0,0.0,0.0,0.0,0.0,0.0,0.0
0.1,10,2,25,ground_rms,0.0,0.0,0.0,0.0,0.0,0.0,0.0
0.1,10,2,26,story_1_max_ground_amplification,0.2953725754545066,0.3112261326799982,0.08048998527438192,0.6557644832738656,1.9159355765870694,0.09111111111111111,0.044444444444444446
0.1,10,2,27,story_1_rms_ground_amplification,0.039735170995401144,0.039741361583678095,0.010020089365502022,0.07739675795174657,0.21016677720121807,0.0,0.0
0.1,10,2,28,story_2_max_ground_amplification,0.09945250134823008,0.10095985436497111,0.035491812242846435,0.19709847151002338,0.5628431941632835,0.0,0.0
0.1,10,2,29,story_2_rms_ground_amplification,0.007405655694683542,0.007405655694683542,0.004670555612935919,0.011386518061083926,0.027123764811839392,0.0,0.0
0.1,10,2,30,story_3_max_ground_amplification,0.062182253431599895,0.06243396626957121,0.02359993521945085,0.11960018866091188,0.32964697670837156,0.0,0.0
0.1,10,2,31,story_3_rms_ground_amplification,0.0035121256802525293,0.0035265987120004076,0.002244860774527602,0.005358810385643213,0.011131605976503142,0.0,0.0
0.1,10,2,32,story_4_max_ground_amplification,0.04931042025677946,0.04940544657151476,0.01825733700594394,0.0960465294451777,0.24253828190871984,0.0,0.0
0.1,10,2,33,story_4_rms_ground_amplification,0.0020627806257652024,0.0022059270996158875,0.001157966211652,0.00403685347100717,0.009010689766969759,0.0,0.0
0.1,10,2,34,story_1_relative_to_lower_max_abs,0.28388154759192363,0.29168775006130454,0.07015930156070022,0.6490131637525349,1.5180851438151892,0.08444444444444445,0.035555555555555556
0.1,10,2,35,story_1_relative_to_lower_rms,0.045211659131729795,0.045211659131729795,0.020860809511649037,0.07900903358990938,0.16978372012903103,0.0,0.0
0.1,10,2,36,story_2_relative_to_lower_max_abs,0.2805402595575037,0.2806658312776712,0.09778096371035003,0.5647419853858201,1.3152863583938006,0.07333333333333333,0.02666666666666667
0.1,10,2,37,story_2_relative_to_lower_rms,0.03728307925785647,0.03728307925785647,0.013677305759677415,0.06844031613347647,0.15859731858171758,0.0,0.0
0.1,10,2,38,story_3_relative_to_lower_max_abs,0.36219956657777036,0.3626262599780705,0.11041396361251138,0.7521358672845861,1.7133121386831387,0.10444444444444445,0.04
0.1,10,2,39,story_3_relative_to_lower_rms,0.05123351524844432,0.05123351524844432,0.01268501581582777,0.10108787209077828,0.22419181087713044,0.0,0.0
0.1,10,2,40,story_4_relative_to_lower_max_abs,0.5942689826206495,0.5954443704536387,0.16072545141211683,1.3031135966577327,2.8455959211047013,0.15555555555555556,0.08222222222222222
0.1,10,2,41,story_4_relative_to_lower_rms,0.1225532119403853,0.1225532119403853,0.026134476920249283,0.24462423888494367,0.6169105450098483,0.02,0.0
0.1,10,2,42,story_2_to_story_1_max_abs_ratio,-0.11580510749471307,0.18751803362222186,0.07076612249665998,0.3493072068815332,0.9923617585229472,0.04666666666666667,0.0
0.1,10,2,43,story_2_to_story_1_rms_ratio,-0.04712269980105104,0.054462430295701914,0.008731225173565067,0.1342110682880264,0.3912383795073329,0.0,0.0
0.1,10,2,44,story_3_to_story_2_max_abs_ratio,-0.055627767570127086,0.12009271925384103,0.09600399133989211,0.16352356973686438,0.34893547896278243,0.0,0.0
0.1,10,2,45,story_3_to_story_2_rms_ratio,-0.022416414105220727,0.030272408048596187,0.017539375569706955,0.0428885177984301,0.09567223073875013,0.0,0.0
0.1,10,2,46,story_4_to_story_3_max_abs_ratio,-0.09129595727892334,0.14015239748730443,0.10578797252188901,0.19033049134786498,0.3742711314354796,0.0,0.0
0.1,10,2,47,story_4_to_story_3_rms_ratio,-0.030756368623239768,0.03162364290089951,0.00812261457550363,0.06519229046028775,0.15666083256816812,0.0,0.0
0.1,10,2,48,story_1_max_abs_spatial_fraction,0.03139031699924358,0.1103486941696146,0.08954598127312828,0.14192492381561886,0.28996527567743013,0.0,0.0
0.1,10,2,49,story_1_rms_spatial_fraction,0.009756782080861478,0.01845758481957647,0.012925548601031712,0.025110242862704066,0.0618140702061561,0.0,0.0
0.1,10,2,50,story_2_max_abs_spatial_fraction,0.08888769150945838,0.17210453721415087,0.14190754474616138,0.21521589721569204,0.4099770889856202,0.0,0.0
0.1,10,2,51,story_2_rms_spatial_fraction,0.019285920734213036,0.024411454285000328,0.016647621149212637,0.031506187935772374,0.06035531169244371,0.0,0.0
0.1,10,2,52,story_3_max_abs_spatial_fraction,0.00479447344936343,0.08875503038619956,0.07785597919940104,0.10851836947119867,0.20422077230528246,0.0,0.0
0.1,10,2,53,story_3_rms_spatial_fraction,-0.00043834641472903935,0.016671610092561844,0.014206236523338502,0.02058373207551119,0.03970535878716225,0.0,0.0
0.1,10,2,54,story_4_max_abs_spatial_fraction,-0.1458401971913871,0.20386233584251529,0.17041625091924642,0.25798762925721613,0.5105879944889364,0.0,0.0
0.1,10,2,55,story_4_rms_spatial_fraction,-0.04520442286720677,0.045226605093560475,0.04120091138289158,0.05169052835831571,0.0938269677027478,0.0,0.0
0.1,10,2,56,ground_dominant_frequency,0.0,0.0,0.0,0.0,0.0,0.0,0.0
0.1,10,2,57,ground_spectral_centroid,0.0,0.0,0.0,0.0,0.0,0.0,0.0
0.1,10,2,58,ground_band_energy,0.0,0.0,0.0,0.0,0.0,0.0,0.0
0.1,10,2,59,story_1_dominant_frequency,0.0,0.0,0.0,0.0,0.0,0.0,0.0
0.1,10,2,60,story_1_spectral_centroid,0.7141103520656042,0.7142599120715356,0.3717423285384266,1.0363209599220877,2.3409095233680515,0.2733333333333333,0.09555555555555556
0.1,10,2,61,story_1_band_energy,0.006333616434885911,0.0069540397786245125,0.0007619079331639697,0.028825763046847502,0.024906992392735545,0.0,0.0
0.1,10,2,62,story_2_dominant_frequency,-0.0018620787195181604,0.0018620787195181604,0.0,0.034913975990965504,0.0,0.0,0.0
0.1,10,2,63,story_2_spectral_centroid,0.45396146674054777,0.45396146674054777,0.39907139810807934,0.5237118005825949,0.9246916891095628,0.02666666666666667,0.0
0.1,10,2,64,story_2_band_energy,0.0006276894491408925,0.0017946775923710018,0.00010256236527154093,0.007386776933647553,0.007019129674414175,0.0,0.0
0.1,10,2,65,story_3_dominant_frequency,0.0,0.0,0.0,0.0,0.0,0.0,0.0
0.1,10,2,66,story_3_spectral_centroid,0.33591102847531923,0.33591102847531923,0.3115468674358878,0.3667947253003322,0.6228891528515587,0.0,0.0
0.1,10,2,67,story_3_band_energy,0.0005393221665403676,0.0014068050383492946,5.16913467736851e-05,0.006394342721781422,0.005540137811851289,0.0,0.0
0.1,10,2,68,story_4_dominant_frequency,0.0005028360672497152,0.0005028360672497152,0.0,0.00754254100874573,0.0,0.0,0.0
0.1,10,2,69,story_4_spectral_centroid,0.28235294331528127,0.28235294331528127,0.25142570618019766,0.3176790813482131,0.5939755214225307,0.0,0.0
0.1,10,2,70,story_4_band_energy,0.0002375313429561224,0.0012876026623462424,6.429248654155035e-05,0.007108993649492365,0.004022724498545265,0.0,0.0
0.1,10,2,71,story_1_ground_correlation,-0.02356154950163359,0.03823915813918846,0.023612916254744154,0.054207113025561734,0.12729818266748405,0.0,0.0
0.1,10,2,72,story_2_ground_correlation,-0.0038072729455784693,0.01292881311208299,0.011700422829919519,0.014191681995621739,0.023649303031922416,0.0,0.0
0.1,10,2,73,story_3_ground_correlation,0.008848222432128705,0.011052255428366027,0.007018219032329288,0.01471802094166916,0.031361363980314826,0.0,0.0
0.1,10,2,74,story_4_ground_correlation,0.0017917404248176817,0.0033731377609128583,0.0033289990944405483,0.0036400272716618116,0.005691576397832958,0.0,0.0
0.1,10,2,75,story_2_story_1_correlation,-0.0487014943492068,0.056924356225999465,0.03756313265213802,0.08363977675344876,0.21986458968609152,0.0,0.0
0.1,10,2,76,story_3_story_2_correlation,-0.011652757780135808,0.022704964222740705,0.020732963058929757,0.02585809184047419,0.04467263367804116,0.0,0.0
0.1,10,2,77,story_4_story_3_correlation,-0.10577512637739782,0.10577512637739782,0.06782670555348175,0.12854349414618177,0.26081535966953506,0.0,0.0
0.1,10,3,0,story_1_mean,0.03288163780852417,0.23699672762381307,0.11043917345570531,0.5064059873939293,0.8425330288776242,0.042222222222222223,0.013333333333333334
0.1,10,3,1,story_1_std,0.03600373890177864,0.03604022003702827,0.008486238160348589,0.07502788693116408,0.19782124735069953,0.0,0.0
0.1,10,3,2,story_1_max_abs,0.2656404271934044,0.2766785357613329,0.06375719951183983,0.635230667370483,1.447344056963072,0.07555555555555556,0.035555555555555556
0.1,10,3,3,story_1_rms,0.036010522109634485,0.03604676903570903,0.008471171987583096,0.07504634639047493,0.19771319407920543,0.0,0.0
0.1,10,3,4,story_1_peak_to_peak,0.2655763657847527,0.2666364725640617,0.07051998207721986,0.5924517931195624,1.3306658755513556,0.06888888888888889,0.02666666666666667
0.1,10,3,5,story_1_crest_factor,0.3198180705710792,0.38257799603971804,0.20675763880134082,0.5741985120620281,1.4063118471787064,0.10888888888888888,0.0
0.1,10,3,6,story_2_mean,-0.011119734054622696,0.13690484412579335,0.05413157759962188,0.3352910635958968,0.4852062915743856,0.015555555555555555,0.0044444444444444444
0.1,10,3,7,story_2_std,0.007465750631149412,0.0074685789097782875,0.004079249302221629,0.013025414006270936,0.02549129843631321,0.0,0.0
0.1,10,3,8,story_2_max_abs,0.0969299198695701,0.09863423512417208,0.02966157533923739,0.20933842225931623,0.4877600678673982,0.008888888888888889,0.0
0.1,10,3,9,story_2_rms,0.0074677657478007045,0.007470617923122141,0.004079500914325841,0.01302004045075793,0.025424723699241068,0.0,0.0
0.1,10,3,10,story_2_peak_to_peak,0.09039042692327529,0.09070033977597461,0.029738870262464415,0.189206428010961,0.4038813529555342,0.0044444444444444444,0.0
0.1,10,3,11,story_2_crest_factor,0.15711698563124174,0.18359747920021544,0.16334730578344628,0.22227454406901478,0.41232249713295677,0.0,0.0
0.1,10,3,12,story_3_mean,-0.0029588165804903905,0.09485118500855005,0.040393559859140754,0.21012797863893443,0.35816116948657933,0.006666666666666667,0.0
0.1,10,3,13,story_3_std,0.0033364399554952403,0.003352523665045374,0.0020354358534404294,0.005310079577526115,0.011267385086646615,0.0,0.0
0.1,10,3,14,story_3_max_abs,0.05891699952604993,0.05932440536218585,0.022479216638868066,0.11846769888676337,0.27770400175712634,0.0,0.0
0.1,10,3,15,story_3_rms,0.0033364446349381416,0.0033525845981868044,0.002031627142570897,0.005310709744779189,0.011199151634674212,0.0,0.0
0.1,10,3,16,story_3_peak_to_peak,0.054449437605978215,0.054567096379236284,0.02247863824527188,0.10689725718570622,0.21091579687346126,0.0,0.0
0.1,10,3,17,story_3_crest_factor,0.17114754784107636,0.20274216602982348,0.18848812613366372,0.23466095951883462,0.40048101267800207,0.0,0.0
0.1,10,3,18,story_4_mean,-0.013010682151086108,0.074652310185454,0.03036342413553917,0.16310250360689896,0.2930656852596913,0.0044444444444444444,0.0
0.1,10,3,19,story_4_std,0.00212256083729624,0.0021646096522184707,0.000988135871793818,0.0040470208646420916,0.009532587990943309,0.0,0.0
0.1,10,3,20,story_4_max_abs,0.05041318952697226,0.05069569555135048,0.016634796173773544,0.10838049952852791,0.2387297632536106,0.0,0.0
0.1,10,3,21,story_4_rms,0.0021239794203054235,0.0021661280698238045,0.00098816731626304,0.004050729108209551,0.00953481292392279,0.0,0.0
0.1,10,3,22,story_4_peak_to_peak,0.0459609823364216,0.046000799072283625,0.01569616978936224,0.09489743784854306,0.20285272929780593,0.0,0.0
0.1,10,3,23,story_4_crest_factor,0.3449873509276631,0.35766153722102495,0.34007991795288484,0.4092511359039438,0.686646778396941,0.0022222222222222222,0.0
0.1,10,3,24,ground_max_abs,0.0,0.0,0.0,0.0,0.0,0.0,0.0
0.1,10,3,25,ground_rms,0.0,0.0,0.0,0.0,0.0,0.0,0.0
0.1,10,3,26,story_1_max_ground_amplification,0.3109450738256529,0.325710711741325,0.08588834282825136,0.6786854823252981,1.8522402177650399,0.09555555555555556,0.044444444444444446
0.1,10,3,27,story_1_rms_ground_amplification,0.039483617366117246,0.03951867861490422,0.00938174153586371,0.07666678284636702,0.20146720921327568,0.0,0.0
0.1,10,3,28,story_2_max_ground_amplification,0.10001827848530576,0.10183920086554328,0.03396611105322936,0.1983219209578929,0.5073354962856775,0.0022222222222222222,0.0
0.1,10,3,29,story_2_rms_ground_amplification,0.0074683252776136895,0.00747435761479345,0.0046899382370088945,0.01158230242867549,0.026958856260035552,0.0,0.0
0.1,10,3,30,story_3_max_ground_amplification,0.059413057646013526,0.05982146759105389,0.02457699890335323,0.10930359561012874,0.2920514686777068,0.0,0.0
0.1,10,3,31,story_3_rms_ground_amplification,0.0033690442130489993,0.003391485316646209,0.002276777600221197,0.004875549508768804,0.010649811056505821,0.0,0.0
0.1,10,3,32,story_4_max_ground_amplification,0.050611173651063254,0.050953233244385804,0.01798344680464181,0.09851011919146056,0.2491055049340872,0.0,0.0
0.1,10,3,33,story_4_rms_ground_amplification,0.0021287965509183605,0.0021726654939711694,0.0010743378049084967,0.0037138577685646933,0.009076656744247362,0.0,0.0
0.1,10,3,34,story_1_relative_to_lower_max_abs,0.2822491965786548,0.293371481331735,0.07165127141446417,0.6591241377025002,1.4247277300756114,0.07555555555555556,0.03777777777777778
0.1,10,3,35,story_1_relative_to_lower_rms,0.045312802123490085,0.045312802123490085,0.021510317636425108,0.07749628130487633,0.1750342411901038,0.0,0.0
0.1,10,3,36,story_2_relative_to_lower_max_abs,0.29377844333034747,0.29386759577006455,0.10129736079917864,0.6007337486418478,1.3484509430551188,0.07777777777777778,0.02666666666666667
0.1,10,3,37,story_2_relative_to_lower_rms,0.03778890970484732,0.03778890970484732,0.013327903592723341,0.0714306197175747,0.15354744508052498,0.0,0.0
0.1,10,3,38,story_3_relative_to_lower_max_abs,0.36402809052337154,0.3647991380544728,0.1061539465392004,0.7856089521150209,1.6228176327117125,0.09111111111111111,0.044444444444444446
0.1,10,3,39,story_3_relative_to_lower_rms,0.049992966290026336,0.049992966290026336,0.013103653469835844,0.0955568264498909,0.2382172304724875,0.0,0.0
0.1,10,3,40,story_4_relative_to_lower_max_abs,0.5853108105801532,0.5887461955600677,0.15496631518967063,1.2666553615866687,3.0024959195996725,0.15555555555555556,0.08222222222222222
0.1,10,3,41,story_4_relative_to_lower_rms,0.12359547026024116,0.12359547026024116,0.02778066305614197,0.24911336219875038,0.5814612704875957,0.02,0.0
0.1,10,3,42,story_2_to_story_1_max_abs_ratio,-0.12950056986231073,0.19181957239160952,0.06309856463441924,0.3673056515540587,1.0025396377727758,0.051111111111111114,0.0
0.1,10,3,43,story_2_to_story_1_rms_ratio,-0.04704094842636214,0.05435585318639335,0.009082214541086684,0.13350794656150283,0.41295693646988,0.0,0.0
0.1,10,3,44,story_3_to_story_2_max_abs_ratio,-0.05573805380482878,0.13013363712458534,0.10314098850311507,0.17147100514724964,0.3667433382335481,0.0,0.0
0.1,10,3,45,story_3_to_story_2_rms_ratio,-0.021947973553637583,0.029850673568749094,0.01894829907345419,0.04189173876982004,0.0903849726826032,0.0,0.0
0.1,10,3,46,story_4_to_story_3_max_abs_ratio,-0.0906784101785917,0.14261416658122117,0.10087901739165311,0.20012812281042894,0.42557640145324843,0.0,0.0
0.1,10,3,47,story_4_to_story_3_rms_ratio,-0.03172009014228436,0.032688213422970326,0.007438169288925709,0.07090907684106228,0.15684676500659178,0.0,0.0
0.1,10,3,48,story_1_max_abs_spatial_fraction,0.0419724732851779,0.11206321317688943,0.08874291729696106,0.14524799484476447,0.3016067638985139,0.0,0.0
0.1,10,3,49,story_1_rms_spatial_fraction,0.00966859667926076,0.018299535335239123,0.01263035389484636,0.02505493026259568,0.06150823238571689,0.0,0.0
0.1,10,3,50,story_2_max_abs_spatial_fraction,0.0770323638434013,0.17601530604198118,0.1453840329512528,0.22429156316261276,0.42700414570021866,0.0,0.0
0.1,10,3,51,story_2_rms_spatial_fraction,0.01899475868555091,0.023853155741326466,0.018368722464635247,0.030909807553633865,0.059342742992510245,0.0,0.0
0.1,10,3,52,story_3_max_abs_spatial_fraction,-0.0007967898878194359,0.09406985202621747,0.08305297181016053,0.116902389987947,0.22498308925532992,0.0,0.0
0.1,10,3,53,story_3_rms_spatial_fraction,-0.00031247490461800456,0.01674540300640377,0.015007526324786274,0.02111694274689476,0.041589570613686094,0.0,0.0
0.1,10,3,54,story_4_max_abs_spatial_fraction,-0.14869130665509722,0.20352357926014464,0.16256670031482184,0.2574775735371697,0.5104286681550428,0.0,0.0
0.1,10,3,55,story_4_rms_spatial_fraction,-0.04491187244355168,0.045101622351252084,0.04150058518723611,0.05168408883651342,0.09512702679382508,0.0,0.0
0.1,10,3,56,ground_dominant_frequency,0.0,0.0,0.0,0.0,0.0,0.0,0.0
0.1,10,3,57,ground_spectral_centroid,0.0,0.0,0.0,0.0,0.0,0.0,0.0
0.1,10,3,58,ground_band_energy,0.0,0.0,0.0,0.0,0.0,0.0,0.0
0.1,10,3,59,story_1_dominant_frequency,-0.0002483677177813199,0.0002483677177813199,0.0,0.0052686749241299385,0.0,0.0,0.0
0.1,10,3,60,story_1_spectral_centroid,0.7197842531402266,0.7197842531402266,0.37154950988402935,1.0413527462859036,2.4114340655135846,0.2644444444444444,0.09555555555555556
0.1,10,3,61,story_1_band_energy,0.004866219009008436,0.005716251633309534,0.0007618729320226457,0.020245383982043064,0.028837998018821212,0.0,0.0
0.1,10,3,62,story_2_dominant_frequency,-0.0016293188795783902,0.0016293188795783902,0.0,0.03456307285395443,0.0,0.0,0.0
0.1,10,3,63,story_2_spectral_centroid,0.44926116180414005,0.4492892222987968,0.41269783264471427,0.5215658113831025,0.9681855319063009,0.028888888888888888,0.0
0.1,10,3,64,story_2_band_energy,0.00136507542410092,0.0018755102963154949,0.0001014972124425108,0.009334688678551913,0.006998462361386665,0.0,0.0
0.1,10,3,65,story_3_dominant_frequency,-0.0002532176886603994,0.0002532176886603994,0.0,0.00537155834304457,0.0,0.0,0.0
0.1,10,3,66,story_3_spectral_centroid,0.335391413139068,0.335391413139068,0.31190318804307715,0.36749636581280987,0.6534663363723824,0.0,0.0
0.1,10,3,67,story_3_band_energy,3.1145809000319916e-06,0.0011069825493797102,5.161084155584911e-05,0.004537114562527693,0.0047422380591210424,0.0,0.0
0.1,10,3,68,story_4_dominant_frequency,0.0,0.0,0.0,0.0,0.0,0.0,0.0
0.1,10,3,69,story_4_spectral_centroid,0.2813012796198168,0.2813012796198168,0.24515071486549217,0.3159234102206379,0.5768095034150452,0.0,0.0
0.1,10,3,70,story_4_band_energy,0.0002637667468702265,0.0008818673539778654,5.845865470263839e-05,0.003041150699160948,0.005069776547692834,0.0,0.0
0.1,10,3,71,story_1_ground_correlation,-0.02443122918505621,0.03802950746035839,0.02362047359711804,0.05326382570240517,0.12037920110665422,0.0,0.0
0.1,10,3,72,story_2_ground_correlation,-0.0041867018935943315,0.012666333684653006,0.01143442892181457,0.01401907652236745,0.023349270670820276,0.0,0.0
0.1,10,3,73,story_3_ground_correlation,0.008643391502876699,0.01085253834592754,0.006658462528474514,0.014547602506935505,0.033602281328375234,0.0,0.0
0.1,10,3,74,story_4_ground_correlation,0.0019297174411454575,0.003416292966387145,0.0034453868165459796,0.003651622764019594,0.005425004585924333,0.0,0.0
0.1,10,3,75,story_2_story_1_correlation,-0.049166113575346955,0.056003310568735115,0.037288704073623606,0.08204602343590027,0.21002727543795813,0.0,0.0
0.1,10,3,76,story_3_story_2_correlation,-0.011610129934272233,0.022517274421872766,0.02072499326577768,0.025566790914212007,0.0447643935445841,0.0,0.0
0.1,10,3,77,story_4_story_3_correlation,-0.10402268936620915,0.10402268936620915,0.06732902602898949,0.12463621154874494,0.2589130627957334,0.0,0.0
0.1,10,4,0,story_1_mean,-0.006546109298442033,0.25390582490819774,0.10965861430793931,0.5481333502896526,1.0560568650489286,0.05555555555555555,0.015555555555555555
0.1,10,4,1,story_1_std,0.036139415558700747,0.036152318517716255,0.007954964426466862,0.07659623484748236,0.19522518895171811,0.0,0.0
0.1,10,4,2,story_1_max_abs,0.258152372539314,0.2683787857733616,0.061533952166526386,0.6140570284841175,1.3008933298756415,0.08,0.03333333333333333
0.1,10,4,3,story_1_rms,0.03615134424750408,0.03616405000678294,0.00797541425722777,0.07662148239067698,0.195305384430014,0.0,0.0
0.1,10,4,4,story_1_peak_to_peak,0.2585352393696196,0.25960805642696355,0.06569305581586357,0.5734063566852852,1.1992263907017469,0.07777777777777778,0.028888888888888888
0.1,10,4,5,story_1_crest_factor,0.3093566133809701,0.3735096625133952,0.19959957932617425,0.5683417535089371,1.3581736614300106,0.10666666666666667,0.0022222222222222222
0.1,10,4,6,story_2_mean,-0.012269238264175827,0.1393884390041555,0.05426267377839582,0.2811217967639549,0.6552856912239832,0.02,0.0022222222222222222
0.1,10,4,7,story_2_std,0.0075849168503367495,0.0075849168503367495,0.004148246518269786,0.012927202615713843,0.027700915197484334,0.0,0.0
0.1,10,4,8,story_2_max_abs,0.10081463571295782,0.1024840493868783,0.03122087150848479,0.21889400872960416,0.4718177060736222,0.011111111111111112,0.0
0.1,10,4,9,story_2_rms,0.007588012768060425,0.007588012768060425,0.004139350839032722,0.012932539591978941,0.027732313891270573,0.0,0.0
0.1,10,4,10,story_2_peak_to_peak,0.09337540638341724,0.09368700856418478,0.029096126534092562,0.19920303074810178,0.4301888806444721,0.006666666666666667,0.0
0.1,10,4,11,story_2_crest_factor,0.1645365417618116,0.18869669757846208,0.17346905106057853,0.22336495722580096,0.3905299049660818,0.0,0.0
0.1,10,4,12,story_3_mean,0.0011493455675616272,0.10016094186281743,0.03557543596286045,0.22970524881007898,0.42340902310296025,0.015555555555555555,0.0
0.1,10,4,13,story_3_std,0.0036040252900295814,0.0036493438013313574,0.0020415712893419504,0.006612834876385675,0.01264572921237193,0.0,0.0
0.1,10,4,14,story_3_max_abs,0.06216260604051449,0.06245547307362382,0.020951763741536726,0.1300869071497731,0.2769186764467418,0.0,0.0
0.1,10,4,15,story_3_rms,0.0036048596422929777,0.0036501086427163073,0.0020425672126347053,0.006615158291566204,0.012657667059824863,0.0,0.0
0.1,10,4,16,story_3_peak_to_peak,0.056464603751769336,0.05655230539025939,0.01983667351470171,0.11337416301032632,0.2366899751217,0.0,0.0
0.1,10,4,17,story_3_crest_factor,0.16235238768826363,0.1883741770099295,0.1829137124879277,0.2136351994765409,0.35503029546801196,0.0,0.0
0.1,10,4,18,story_4_mean,-0.004335584418804899,0.0763791193331624,0.03287587085443916,0.17184027912011335,0.29919156793754814,0.0044444444444444444,0.0
0.1,10,4,19,story_4_std,0.002206327802360671,0.002264900144546395,0.0009973474102837946,0.00453345724862327,0.00841217515002747,0.0,0.0
0.1,10,4,20,story_4_max_abs,0.04731751969076532,0.04741848296616698,0.016540723070614313,0.09744000275000297,0.20989037317289314,0.0,0.0
0.1,10,4,21,story_4_rms,0.002207673320528866,0.002265866763330801,0.0009955126463177773,0.004535627172891563,0.008415729095109632,0.0,0.0
0.1,10,4,22,story_4_peak_to_peak,0.0438925033306171,0.04389460610750633,0.016119680958343416,0.08748262673156836,0.1910557882827763,0.0,0.0
0.1,10,4,23,story_4_crest_factor,0.3408039564446724,0.3466434089447663,0.33267367122371644,0.4003524497412139,0.6919022083729405,0.006666666666666667,0.0
0.1,10,4,24,ground_max_abs,0.0,0.0,0.0,0.0,0.0,0.0,0.0
0.1,10,4,25,ground_rms,0.0,0.0,0.0,0.0,0.0,0.0,0.0
0.1,10,4,26,story_1_max_ground_amplification,0.30363437041144997,0.3170818076263744,0.08456464071831572,0.6736718436495965,1.846154303959994,0.09333333333333334,0.04
0.1,10,4,27,story_1_rms_ground_amplification,0.039273457199041344,0.03928882959758572,0.009234237228993192,0.07704960513263459,0.2021977056864041,0.0,0.0
0.1,10,4,28,story_2_max_ground_amplification,0.10221763468975777,0.10410510606510207,0.035350111929538505,0.20211447001832009,0.5719810864891287,0.0,0.0
0.1,10,4,29,story_2_rms_ground_amplification,0.007689153037012261,0.007689153037012261,0.004456625803479494,0.011967140818057657,0.02870050121464326,0.0,0.0
0.1,10,4,30,story_3_max_ground_amplification,0.06261606974352558,0.06294150349095094,0.02271374160195105,0.11976802602730996,0.3209472750911451,0.0,0.0
0.1,10,4,31,story_3_rms_ground_amplification,0.003598223701164126,0.0036419598319647477,0.0022461897163605165,0.005850788740843922,0.013874028261147815,0.0,0.0
0.1,10,4,32,story_4_max_ground_amplification,0.047885585007381576,0.048029079752507926,0.0181466203052896,0.08967714146493758,0.2398664766331428,0.0,0.0
0.1,10,4,33,story_4_rms_ground_amplification,0.002184851872777697,0.002259578223220392,0.001099658012607077,0.004084325903078966,0.009315624644098196,0.0,0.0
0.1,10,4,34,story_1_relative_to_lower_max_abs,0.280681321833361,0.28883622318328284,0.07361056441160896,0.639145689473636,1.390225441053406,0.08222222222222222,0.03333333333333333
0.1,10,4,35,story_1_relative_to_lower_rms,0.04549217885172896,0.04549217885172896,0.021739698690181455,0.0786372439416055,0.179556955945211,0.0,0.0
0.1,10,4,36,story_2_relative_to_lower_max_abs,0.2901280761842433,0.29037793793272026,0.09446011487867788,0.5885767854329687,1.3407224042822512,0.07777777777777778,0.03111111111111111
0.1,10,4,37,story_2_relative_to_lower_rms,0.03771311476902415,0.03771311476902415,0.013211285287142435,0.07029318104310509,0.15911795665018394,0.0,0.0
0.1,10,4,38,story_3_relative_to_lower_max_abs,0.3597741799327711,0.36020128706348903,0.104583092567127,0.7528561101723332,1.6431490474627608,0.09555555555555556,0.044444444444444446
0.1,10,4,39,story_3_relative_to_lower_rms,0.05046888059483531,0.05046888059483531,0.013083843642670543,0.1001719703768,0.2137740247674362,0.0,0.0
0.1,10,4,40,story_4_relative_to_lower_max_abs,0.578029409822842,0.5809063399618137,0.16227016366275288,1.2371955919855187,2.6171365416114676,0.16444444444444445,0.07777777777777778
0.1,10,4,41,story_4_relative_to_lower_rms,0.12202413081343565,0.12202413081343565,0.02618092202005447,0.2429802500456193,0.5663752021025408,0.015555555555555555,0.0
0.1,10,4,42,story_2_to_story_1_max_abs_ratio,-0.12073663067819498,0.18664938276662496,0.06341399275133677,0.3600403529141632,0.9989636438129381,0.051111111111111114,0.0
0.1,10,4,43,story_2_to_story_1_rms_ratio,-0.04744468382946272,0.054581092733087595,0.00848485304514987,0.13694744580275084,0.39638646600135163,0.0,0.0
0.1,10,4,44,story_3_to_story_2_max_abs_ratio,-0.06424195867828512,0.12247443089232223,0.0925466589205097,0.16276007795214145,0.3401815669556469,0.0,0.0
0.1,10,4,45,story_3_to_story_2_rms_ratio,-0.021262482501444115,0.02876323764405147,0.01794306796168841,0.041024254505762255,0.09495859379907914,0.0,0.0
0.1,10,4,46,story_4_to_story_3_max_abs_ratio,-0.08212961154766231,0.1396058950200594,0.10597860703925094,0.19058157734697923,0.379624965263136,0.0022222222222222222,0.0
0.1,10,4,47,story_4_to_story_3_rms_ratio,-0.03115993886619909,0.032152302512234845,0.007380919157316675,0.0679875418972471,0.15633997709467518,0.0,0.0
0.1,10,4,48,story_1_max_abs_spatial_fraction,0.038721365701372745,0.10589726567630704,0.07694228248565999,0.1402556823605938,0.29339701580264765,0.0,0.0
0.1,10,4,49,story_1_rms_spatial_fraction,0.009541076036528203,0.018374787518269924,0.012869423141654221,0.02538034228190579,0.05987795467472022,0.0,0.0
0.1,10,4,50,story_2_max_abs_spatial_fraction,0.08986980833845708,0.17588438831076672,0.14711190536142937,0.22009643395737338,0.44592817720407996,0.0,0.0
0.1,10,4,51,story_2_rms_spatial_fraction,0.018823943975525524,0.023488593196528885,0.019635602978312648,0.029767850868472768,0.05905439084528413,0.0,0.0
0.1,10,4,52,story_3_max_abs_spatial_fraction,-0.0018529330020985667,0.08387106747796438,0.07157828378523587,0.103242825885871,0.20038927778455673,0.0,0.0
0.1,10,4,53,story_3_rms_spatial_fraction,-0.000364182555007592,0.01701581621143905,0.014774413293343083,0.02107652997731588,0.04099580091092396,0.0,0.0
0.1,10,4,54,story_4_max_abs_spatial_fraction,-0.15066334115125685,0.2137492336806077,0.1725777327228299,0.273227952731644,0.5567099540828159,0.0,0.0
0.1,10,4,55,story_4_rms_spatial_fraction,-0.044295233072007126,0.04435957639044366,0.03958836594663419,0.051520451219575096,0.0928191925153295,0.0,0.0
0.1,10,4,56,ground_dominant_frequency,0.0,0.0,0.0,0.0,0.0,0.0,0.0
0.1,10,4,57,ground_spectral_centroid,0.0,0.0,0.0,0.0,0.0,0.0,0.0
0.1,10,4,58,ground_band_energy,0.0,0.0,0.0,0.0,0.0,0.0,0.0
0.1,10,4,59,story_1_dominant_frequency,-0.0017385740244692382,0.0017385740244692382,0.0,0.02296562156064921,0.0,0.0,0.0
0.1,10,4,60,story_1_spectral_centroid,0.7194181117506889,0.7194181117506889,0.40156487811488306,1.0384327457714961,2.4682361352251836,0.27111111111111114,0.08888888888888889
0.1,10,4,61,story_1_band_energy,0.005816516926546154,0.0073847346620663085,0.0007546617380894815,0.028784849801493186,0.0327091022280413,0.0,0.0
0.1,10,4,62,story_2_dominant_frequency,-0.0016293188795783902,0.0016293188795783902,0.0,0.03456307285395443,0.0,0.0,0.0
0.1,10,4,63,story_2_spectral_centroid,0.45342654592564285,0.45343814804178056,0.4163402335400481,0.5235932467056432,0.9587002345105082,0.028888888888888888,0.0
0.1,10,4,64,story_2_band_energy,0.0012581625482676326,0.001904718702811777,9.857916007091703e-05,0.007341639681074631,0.008789581384644569,0.0,0.0
0.1,10,4,65,story_3_dominant_frequency,0.0,0.0,0.0,0.0,0.0,0.0,0.0
0.1,10,4,66,story_3_spectral_centroid,0.3375587329724558,0.3375587329724558,0.3133751924505415,0.3697181847627201,0.6236187161413632,0.0,0.0
0.1,10,4,67,story_3_band_energy,0.0008334710350776203,0.001556023850648992,5.32005729213112e-05,0.00694061275400192,0.005545907703598168,0.0,0.0
0.1,10,4,68,story_4_dominant_frequency,0.0,0.0,0.0,0.0,0.0,0.0,0.0
0.1,10,4,69,story_4_spectral_centroid,0.2834157450736721,0.2834157450736721,0.2466855293714253,0.3196088436535287,0.5883999811142326,0.0,0.0
0.1,10,4,70,story_4_band_energy,0.0005022810253267257,0.0010373761853602502,6.228588316858682e-05,0.004545174423647926,0.004617509570586699,0.0,0.0
0.1,10,4,71,story_1_ground_correlation,-0.02433453572459595,0.038996999527684616,0.022763911999068312,0.055716019067197003,0.1258701809893947,0.0,0.0
0.1,10,4,72,story_2_ground_correlation,-0.003833305151114373,0.012906922121388114,0.011608889306845161,0.014219096046775924,0.02406816448255942,0.0,0.0
0.1,10,4,73,story_3_ground_correlation,0.00855733124159402,0.010692968446402603,0.006937237189376614,0.014326664979646153,0.030570944680852995,0.0,0.0
0.1,10,4,74,story_4_ground_correlation,0.0019756345354098857,0.0034482011682541967,0.0034016002646641954,0.003696604198603157,0.0055229367764406696,0.0,0.0
0.1,10,4,75,story_2_story_1_correlation,-0.04799511165520243,0.05559450654418716,0.036257563698313275,0.08197525841805915,0.2197139899328664,0.0,0.0
0.1,10,4,76,story_3_story_2_correlation,-0.012260907597403102,0.022314555793074852,0.020713463948503506,0.025531399543420544,0.04520490648634917,0.0,0.0
0.1,10,4,77,story_4_story_3_correlation,-0.10286272950870293,0.10286272950870293,0.06766251745524357,0.12318820471177622,0.24804088257649184,0.0,0.0
0.2,20,0,0,story_1_mean,-0.02040235813618451,0.5038465818239866,0.18500478846947596,1.0881940723099843,2.3880365853215713,0.12222222222222222,0.06222222222222222
0.2,20,0,1,story_1_std,0.13687130697541428,0.13687130697541428,0.03051071808639931,0.2855870354397243,0.6711743226697582,0.024444444444444446,0.0
0.2,20,0,2,story_1_max_abs,0.6007279711099012,0.6150865365295387,0.15971251778553786,1.3699545296581557,3.1194939175226892,0.1622222222222222,0.08888888888888889
0.2,20,0,3,story_1_rms,0.13692414735219655,0.13692414735219655,0.03050899361803182,0.2856933979946775,0.6719750698580268,0.024444444444444446,0.0
0.2,20,0,4,story_1_peak_to_peak,0.6031999389032031,0.603649697570217,0.17413353779380086,1.297875899816475,2.8826107554217897,0.1688888888888889,0.08
0.2,20,0,5,story_1_crest_factor,0.5435774776083906,0.6371894321224592,0.37861999170907057,0.9174455854253456,2.1047635314014674,0.2222222222222222,0.07111111111111111
0.2,20,0,6,story_2_mean,-0.00960289972893806,0.275018757802712,0.10781495636074906,0.5910355348225776,1.1297301183209354,0.057777777777777775,0.017777777777777778
0.2,20,0,7,story_2_std,0.02890185926187191,0.02890185926187191,0.015857345774026615,0.0472348034485474,0.09816993343522164,0.0,0.0
0.2,20,0,8,story_2_max_abs,0.22851280116542366,0.2300791001323263,0.07419051894027917,0.46969151689769423,1.1219736388415058,0.057777777777777775,0.013333333333333334
0.2,20,0,9,story_2_rms,0.02891056847874937,0.02891056847874937,0.015845963810736347,0.04725002435473412,0.09830781483778821,0.0,0.0
0.2,20,0,10,story_2_peak_to_peak,0.21290853294155032,0.21298381761048482,0.06987356672485595,0.4265893593787395,1.0284166966003627,0.05333333333333334,0.0022222222222222222
0.2,20,0,11,story_2_crest_factor,0.3023026437010806,0.35755047245615856,0.3526873102963588,0.4225577496999034,0.7535946159228102,0.0044444444444444444,0.0
0.2,20,0,12,story_3_mean,-0.007657115018349383,0.19654353029615293,0.07437292618988728,0.5149707517139127,0.7394494157254217,0.03111111111111111,0.011111111111111112
0.2,20,0,13,story_3_std,0.014486174266940061,0.014486174266940061,0.008595867013292716,0.0241319365701855,0.05243713929583576,0.0,0.0
0.2,20,0,14,story_3_max_abs,0.14478472755935817,0.14485979806216492,0.05180486916141472,0.29095199632708163,0.6380868635973806,0.02666666666666667,0.0
0.2,20,0,15,story_3_rms,0.014494754527182449,0.014494754527182449,0.008591246117516778,0.02415468761637992,0.05254939854473861,0.0,0.0
0.2,20,0,16,story_3_peak_to_peak,0.13365242572856698,0.13366014129770817,0.050199727811481146,0.2626247743760777,0.5784791073249863,0.02,0.0
0.2,20,0,17,story_3_crest_factor,0.34596280251173994,0.39848040246097566,0.38807909566217696,0.4503972487979748,0.7504473223771568,0.008888888888888889,0.0
0.2,20,0,18,story_4_mean,-0.0024070463828443885,0.15801857254021767,0.05942948891494802,0.3745091944655236,0.6303637277530841,0.028888888888888888,0.008888888888888889
0.2,20,0,19,story_4_std,0.00851912397245412,0.00851912397245412,0.004140579117509851,0.015954080527916234,0.030568460597007623,0.0,0.0
0.2,20,0,20,story_4_max_abs,0.11909365956984924,0.11911939344166159,0.038437802824809866,0.2504727249825872,0.5541880662883103,0.017777777777777778,0.0
0.2,20,0,21,story_4_rms,0.008521013864914384,0.008521013864914384,0.004158394257524432,0.015943135318078977,0.030615922503162977,0.0,0.0
0.2,20,0,22,story_4_peak_to_peak,0.10896811168488793,0.10896811168488793,0.03785799114369523,0.22126774581750627,0.511494629236809,0.011111111111111112,0.0
0.2,20,0,23,story_4_crest_factor,0.787997233857232,0.7923655668130398,0.7712031856107364,0.8948434182792183,1.5575691888971839,0.3022222222222222,0.0044444444444444444
0.2,20,0,24,ground_max_abs,0.0,0.0,0.0,0.0,0.0,0.0,0.0
0.2,20,0,25,ground_rms,0.0,0.0,0.0,0.0,0.0,0.0,0.0
0.2,20,0,26,story_1_max_ground_amplification,0.7062384235270857,0.7226368447863197,0.20555626484137396,1.4764839621672547,4.037340043917139,0.19111111111111112,0.1
0.2,20,0,27,story_1_rms_ground_amplification,0.14950862440873816,0.14950862440873816,0.03456679248375784,0.28976120720874654,0.7888681472461676,0.024444444444444446,0.0
0.2,20,0,28,story_2_max_ground_amplification,0.23360002057387183,0.23538725402378705,0.08022188397206262,0.44794005627424505,1.290665394581113,0.06888888888888889,0.0044444444444444444
0.2,20,0,29,story_2_rms_ground_amplification,0.029100064970780302,0.029100064970780302,0.018743099947623482,0.04271068386277447,0.1115147064940692,0.0,0.0
0.2,20,0,30,story_3_max_ground_amplification,0.14481608850071306,0.14492093612271176,0.05410051510250341,0.2676244039987949,0.7741534057472695,0.015555555555555555,0.0
0.2,20,0,31,story_3_rms_ground_amplification,0.014570817532034892,0.014570817532034892,0.009090105550962346,0.021899945390832436,0.05192636156530412,0.0,0.0
0.2,20,0,32,story_4_max_ground_amplification,0.12035454257414296,0.1203914854756755,0.043903083240472984,0.23115365808629787,0.6215647684251481,0.008888888888888889,0.0
0.2,20,0,33,story_4_rms_ground_amplification,0.008558047175260612,0.008558047175260612,0.004196278463767696,0.014286062088159688,0.03159105631620864,0.0,0.0
0.2,20,0,34,story_1_relative_to_lower_max_abs,0.6675445200709977,0.6745901188465792,0.18943386318763922,1.4370447660058354,3.2548156131039816,0.18444444444444444,0.09111111111111111
0.2,20,0,35,story_1_relative_to_lower_rms,0.1692794827529895,0.1692794827529895,0.07906096768247586,0.29541684068869634,0.6714311686679151,0.024444444444444446,0.0
0.2,20,0,36,story_2_relative_to_lower_max_abs,0.6607338514790824,0.6607338514790824,0.2369476729015982,1.3087560775100928,2.893014987992383,0.1688888888888889,0.08222222222222222
0.2,20,0,37,story_2_relative_to_lower_rms,0.13863327482360066,0.13863327482360066,0.05154505838869256,0.2538665901098773,0.5831463106705719,0.017777777777777778,0.0
0.2,20,0,38,story_3_relative_to_lower_max_abs,0.836709523905815,0.8367993007767071,0.2773450479115806,1.6732019933691393,3.7873932446455956,0.2088888888888889,0.1111111111111111
0.2,20,0,39,story_3_relative_to_lower_rms,0.1889561235370397,0.1889561235370397,0.04930582043077866,0.3705574146372828,0.8830307135321707,0.042222222222222223,0.0
0.2,20,0,40,story_4_relative_to_lower_max_abs,1.3047227057373245,1.3055845042571665,0.38429863650039975,2.6804653901010487,6.09009800468933,0.28,0.17333333333333334
0.2,20,0,41,story_4_relative_to_lower_rms,0.4143004595109979,0.4143004595109979,0.10023230545611185,0.8192163427229632,1.9073972675364368,0.12222222222222222,0.04888888888888889
0.2,20,0,42,story_2_to_story_1_max_abs_ratio,-0.20151774880780354,0.31070882811992545,0.12423632256885983,0.5597844975010489,1.495146638394659,0.09333333333333334,0.011111111111111112
0.2,20,0,43,story_2_to_story_1_rms_ratio,-0.13004916197969782,0.15716320603010142,0.034129728826998704,0.35289477820086645,1.072773880344146,0.05555555555555555,0.0
0.2,20,0,44,story_3_to_story_2_max_abs_ratio,-0.1148396414924674,0.24554565842166928,0.2024490904724226,0.31498574955836894,0.6380700115603029,0.0022222222222222222,0.0
0.2,20,0,45,story_3_to_story_2_rms_ratio,-0.07942873666824926,0.106046414970927,0.0666600410743041,0.14595064432777888,0.3205192743495026,0.0,0.0
0.2,20,0,46,story_4_to_story_3_max_abs_ratio,-0.1994562085176604,0.26917217898842855,0.19093715625325125,0.37390383336987093,0.7900548811597682,0.017777777777777778,0.0
0.2,20,0,47,story_4_to_story_3_rms_ratio,-0.10686074264380811,0.10748887719691015,0.023621750844395148,0.21597477576802204,0.5114480016013664,0.006666666666666667,0.0
0.2,20,0,48,story_1_max_abs_spatial_fraction,0.07964276745689651,0.21205469390160742,0.16855897726587327,0.27229702740243444,0.5741001735067588,0.0,0.0
0.2,20,0,49,story_1_rms_spatial_fraction,0.03415141090032126,0.06579210773299199,0.04648509758259066,0.08714177449263467,0.2074586038297703,0.0,0.0
0.2,20,0,50,story_2_max_abs_spatial_fraction,0.17939117700623264,0.33554626942382254,0.3045401324244159,0.4118445249878537,0.7682410920042767,0.011111111111111112,0.0
0.2,20,0,51,story_2_rms_spatial_fraction,0.07351777102370291,0.08347724577714707,0.0572040212722517,0.11031584504039951,0.21138401081194874,0.0,0.0
0.2,20,0,52,story_3_max_abs_spatial_fraction,0.005381308365593161,0.17799268390329778,0.15534721321689118,0.21871174833298807,0.4090537451443303,0.0,0.0
0.2,20,0,53,story_3_rms_spatial_fraction,-0.0010303343319293405,0.05913926868166112,0.04842100849492151,0.0719683591239182,0.13234628793433842,0.0,0.0
0.2,20,0,54,story_4_max_abs_spatial_fraction,-0.32089821172461325,0.4160806132073372,0.35808975653780484,0.5093085874013136,0.9395600457181221,0.03777777777777778,0.0
0.2,20,0,55,story_4_rms_spatial_fraction,-0.1658581058217307,0.1658581058217307,0.1435379822984594,0.18403479680895563,0.3248417279746782,0.0,0.0
0.2,20,0,56,ground_dominant_frequency,0.0,0.0,0.0,0.0,0.0,0.0,0.0
0.2,20,0,57,ground_spectral_centroid,0.0,0.0,0.0,0.0,0.0,0.0,0.0
0.2,20,0,58,ground_band_energy,0.0,0.0,0.0,0.0,0.0,0.0,0.0
0.2,20,0,59,story_1_dominant_frequency,-0.0012418385889065994,0.0017385740244692369,0.0,0.022965621560649206,0.0,0.0,0.0
0.2,20,0,60,story_1_spectral_centroid,1.4575046209277678,1.4575046209277678,1.022945233091471,1.852666698150461,3.695317849383396,0.5044444444444445,0.2911111111111111
0.2,20,0,61,story_1_band_energy,0.027335052610207414,0.02772567632796688,0.0021542071329845253,0.10468039354588364,0.11318712295083355,0.0,0.0
0.2,20,0,62,story_2_dominant_frequency,-0.00046551967987954135,0.0009310393597590798,0.0,0.009875163672558402,0.0,0.0,0.0
0.2,20,0,63,story_2_spectral_centroid,1.1040783275186428,1.1040783275186428,1.0789965428044588,1.2003489789463004,1.9127333740837649,0.5688888888888889,0.03111111111111111
0.2,20,0,64,story_2_band_energy,0.003532957178804066,0.004554095440069172,0.0002808683259155467,0.018322854698313008,0.020113762383467498,0.0,0.0
0.2,20,0,65,story_3_dominant_frequency,-0.0002532176886603988,0.0002532176886603988,0.0,0.005371558343044558,0.0,0.0,0.0
0.2,20,0,66,story_3_spectral_centroid,0.9018191835009112,0.9018191835009112,0.8553814354995545,0.9386374843847218,1.3994693430027958,0.3111111111111111,0.0
0.2,20,0,67,story_3_band_energy,0.0030740003893431527,0.0034135579355668634,0.0001346544998830585,0.0164354042438661,0.014141574653893828,0.0,0.0
0.2,20,0,68,story_4_dominant_frequency,0.0,0.0,0.0,0.0,0.0,0.0,0.0
0.2,20,0,69,story_4_spectral_centroid,0.8005027595370742,0.8005027595370742,0.7445744777038309,0.8492185634669179,1.370035050112625,0.19555555555555557,0.0
0.2,20,0,70,story_4_band_energy,0.0015377703722752798,0.0026816701754113176,0.00013965515600310912,0.01190375162635819,0.010045469942572592,0.0,0.0
0.2,20,0,71,story_1_ground_correlation,-0.08862554602826027,0.12891113183240027,0.08686808588023337,0.17190989251975983,0.3733203356894276,0.0,0.0
0.2,20,0,72,story_2_ground_correlation,-0.015342712370575278,0.046932770853596,0.04363199302462441,0.05035028659863158,0.07826147925840736,0.0,0.0
0.2,20,0,73,story_3_ground_correlation,0.0316940990804419,0.040267535101257405,0.02545093930208932,0.05035188510600006,0.10662408255447349,0.0,0.0
0.2,20,0,74,story_4_ground_correlation,0.007613830640446848,0.013365649550301784,0.013263183344374463,0.013920661019213819,0.019488472365655284,0.0,0.0
0.2,20,0,75,story_2_story_1_correlation,-0.16079681809512733,0.18304729562953603,0.13820214609446446,0.24846562838873384,0.6212640191049381,0.0,0.0
0.2,20,0,76,story_3_story_2_correlation,-0.04473837967439795,0.08107504510437312,0.0776975410868273,0.0912156950760642,0.15419752848300317,0.0,0.0
0.2,20,0,77,story_4_story_3_correlation,-0.3882062803582064,0.3882062803582064,0.264894603609169,0.44802145174433455,0.8579834798755752,0.015555555555555555,0.0
0.2,20,1,0,story_1_mean,-0.005648043520308599,0.4829309330370366,0.18941079261754534,1.0047124214909413,1.8925938776064346,0.11555555555555555,0.04888888888888889
0.2,20,1,1,story_1_std,0.13521499529875067,0.13521499529875067,0.02910539272398193,0.27835590486570977,0.6782921435419085,0.024444444444444446,0.0
0.2,20,1,2,story_1_max_abs,0.612837104313984,0.626450665731799,0.14052941277510997,1.3752259538833342,3.2213647652333894,0.16444444444444445,0.08666666666666667
0.2,20,1,3,story_1_rms,0.13524400503551468,0.13524400503551468,0.02914874960759126,0.278436142322255,0.6782409084241645,0.024444444444444446,0.0
0.2,20,1,4,story_1_peak_to_peak,0.6067072402343158,0.6075029793145205,0.1681852942442782,1.295615072974574,2.9896423497007105,0.15333333333333332,0.08222222222222222
0.2,20,1,5,story_1_crest_factor,0.569923758218726,0.686416564805887,0.4075871113371202,0.9897390456103078,2.1597848712163947,0.24,0.06888888888888889
0.2,20,1,6,story_2_mean,-0.001157201811389839,0.2590321341073369,0.10613924763795052,0.5408748946422547,0.9462786905821848,0.04666666666666667,0.024444444444444446
0.2,20,1,7,story_2_std,0.02919637983670335,0.02919637983670335,0.015834671782498463,0.04857348931421337,0.10556352815915133,0.0,0.0
0.2,20,1,8,story_2_max_abs,0.2236727771651493,0.22502177105096455,0.0692947103030299,0.4615443829179118,1.075730858996204,0.05555555555555555,0.008888888888888889
0.2,20,1,9,story_2_rms,0.02920324682435736,0.02920324682435736,0.01585827657865828,0.04857577356309237,0.10555091917518358,0.0,0.0
0.2,20,1,10,story_2_peak_to_peak,0.2072056691276224,0.20746212503841144,0.07031407708646492,0.41510708915376326,0.9114537266678499,0.042222222222222223,0.0044444444444444444
0.2,20,1,11,story_2_crest_factor,0.28285846863098524,0.34412507791847374,0.32079650972699425,0.4049790247477367,0.6978711287070499,0.0022222222222222222,0.0
0.2,20,1,12,story_3_mean,0.01869915183002059,0.19124263063005606,0.07423385558365302,0.42025010150429354,0.7685808506874677,0.035555555555555556,0.008888888888888889
0.2,20,1,13,story_3_std,0.013716855166375653,0.013716855166375653,0.008204012098558897,0.02155026817096889,0.04360607422596932,0.0,0.0
0.2,20,1,14,story_3_max_abs,0.14194555589323746,0.14209545384363859,0.05153458726542966,0.2838271381387264,0.6499180735540182,0.028888888888888888,0.0
0.2,20,1,15,story_3_rms,0.013719623192776103,0.013719623192776103,0.008207249907505515,0.021545777327203034,0.04364228069924299,0.0,0.0
0.2,20,1,16,story_3_peak_to_peak,0.1303054556985922,0.1303054556985922,0.050381176439397345,0.25301468479346223,0.5952966652398445,0.02,0.0
0.2,20,1,17,story_3_crest_factor,0.3432522950859574,0.40830210633850184,0.40250391609818914,0.4571846584326769,0.7793209743819209,0.011111111111111112,0.0
0.2,20,1,18,story_4_mean,-0.025443483161592218,0.16010747133936673,0.06585701235682079,0.34897386195674884,0.5784289911425778,0.02666666666666667,0.006666666666666667
0.2,20,1,19,story_4_std,0.008791082470881235,0.008791082470881235,0.0040688668853618385,0.01705005556237764,0.036340733666277214,0.0,0.0
0.2,20,1,20,story_4_max_abs,0.11898047607455987,0.11907341014107696,0.03994688230004604,0.2501148610596021,0.543186170504462,0.008888888888888889,0.0
0.2,20,1,21,story_4_rms,0.008793334015989005,0.008793334015989005,0.004068247048242483,0.01705181875441617,0.03635924271026366,0.0,0.0
0.2,20,1,22,story_4_peak_to_peak,0.1089904548355786,0.1089904548355786,0.03948672855372566,0.2236985856365876,0.4835746124598606,0.008888888888888889,0.0
0.2,20,1,23,story_4_crest_factor,0.7783438241035846,0.786133515653174,0.7408819844364898,0.8852393491849655,1.4906430056238706,0.2777777777777778,0.006666666666666667
0.2,20,1,24,ground_max_abs,0.0,0.0,0.0,0.0,0.0,0.0,0.0
0.2,20,1,25,ground_rms,0.0,0.0,0.0,0.0,0.0,0.0,0.0
0.2,20,1,26,story_1_max_ground_amplification,0.7201831115321504,0.7389150373623931,0.2032572971472615,1.4908966984258305,4.269884233883164,0.19777777777777777,0.10888888888888888
0.2,20,1,27,story_1_rms_ground_amplification,0.1477121888721877,0.1477121888721877,0.03543703006342923,0.28368383104061234,0.8111937811836205,0.02,0.0
0.2,20,1,28,story_2_max_ground_amplification,0.22633017161191113,0.22766953468843557,0.07741330350188899,0.4244230347225489,1.2453046954649003,0.06888888888888889,0.0022222222222222222
0.2,20,1,29,story_2_rms_ground_amplification,0.029347583579729553,0.029347583579729553,0.01890774774474773,0.04390465409259766,0.10985041097907326,0.0,0.0
0.2,20,1,30,story_3_max_ground_amplification,0.14266227344762536,0.14282167348353286,0.05681393501893378,0.26116032813530904,0.7085336564398381,0.013333333333333334,0.0
0.2,20,1,31,story_3_rms_ground_amplification,0.014050515825718913,0.014050515825718913,0.009059797143773276,0.020219062758118564,0.04481889259585478,0.0,0.0
0.2,20,1,32,story_4_max_ground_amplification,0.11936246226228465,0.11947655213245147,0.045120306031371515,0.227452592443198,0.6177024835335714,0.006666666666666667,0.0
0.2,20,1,33,story_4_rms_ground_amplification,0.008811946256424782,0.008811946256424782,0.004119913177426026,0.01518366631613971,0.03459725953239224,0.0,0.0
0.2,20,1,34,story_1_relative_to_lower_max_abs,0.6801549359188129,0.6873489200332619,0.19269204061832312,1.4560880548266446,3.301787952422554,0.18666666666666668,0.09333333333333334
0.2,20,1,35,story_1_relative_to_lower_rms,0.16811902449481161,0.16811902449481161,0.0776921119561982,0.289964108997313,0.6768838993005459,0.028888888888888888,0.0
0.2,20,1,36,story_2_relative_to_lower_max_abs,0.6599802097608457,0.6599802097608457,0.24154325837238777,1.2898533480365477,2.791970245308058,0.16666666666666666,0.07777777777777778
0.2,20,1,37,story_2_relative_to_lower_rms,0.1392924801198381,0.1392924801198381,0.04991025816867727,0.25901709237812154,0.5930986403771364,0.017777777777777778,0.0
0.2,20,1,38,story_3_relative_to_lower_max_abs,0.8065646750562093,0.8065646750562093,0.2613716941767035,1.6015599303252543,3.5295730714278823,0.20444444444444446,0.11333333333333333
0.2,20,1,39,story_3_relative_to_lower_rms,0.18484801267890683,0.18484801267890683,0.049720232525385294,0.35613284477738616,0.8545805552800001,0.04,0.0
0.2,20,1,40,story_4_relative_to_lower_max_abs,1.3255611553628914,1.326871987606767,0.3820407298472096,2.759448375778569,5.941440882642996,0.27111111111111114,0.17555555555555555
0.2,20,1,41,story_4_relative_to_lower_rms,0.4175963634373212,0.4175963634373212,0.10036363610313717,0.8342622067667435,1.8735891184652265,0.11777777777777777,0.04888888888888889
0.2,20,1,42,story_2_to_story_1_max_abs_ratio,-0.21960632511282963,0.328052534467239,0.133834396191862,0.594053294265839,1.5980817473696496,0.10444444444444445,0.015555555555555555
0.2,20,1,43,story_2_to_story_1_rms_ratio,-0.12915852731546226,0.1569134835163571,0.032464678170978714,0.3520783148487093,1.0474038102579657,0.05555555555555555,0.0
0.2,20,1,44,story_3_to_story_2_max_abs_ratio,-0.09684358972211622,0.2338312283676891,0.1859175672639072,0.29803068909943387,0.5752006637572816,0.0,0.0
0.2,20,1,45,story_3_to_story_2_rms_ratio,-0.08042294927083926,0.10675982386843902,0.0655526124131979,0.1483998251784218,0.3169828387503636,0.0,0.0
0.2,20,1,46,story_4_to_story_3_max_abs_ratio,-0.20850662308282988,0.2802967559517119,0.20011194198911986,0.3844776090061355,0.8273632322229102,0.02666666666666667,0.0
0.2,20,1,47,story_4_to_story_3_rms_ratio,-0.10729073877480608,0.10801736178133887,0.02271281238944709,0.21660516718886752,0.5145175336578801,0.006666666666666667,0.0
0.2,20,1,48,story_1_max_abs_spatial_fraction,0.08666899297720368,0.22404492949147722,0.17772495577191402,0.28813725548400937,0.5815083538448835,0.0,0.0
0.2,20,1,49,story_1_rms_spatial_fraction,0.03355753447489129,0.0661455613667209,0.04743441008506423,0.08714781426535256,0.2043380044018373,0.0,0.0
0.2,20,1,50,story_2_max_abs_spatial_fraction,0.15672850181922135,0.3143139789904199,0.2766993735903829,0.3860938902567244,0.740293552214841,0.008888888888888889,0.0
0.2,20,1,51,story_2_rms_spatial_fraction,0.07509213936370984,0.08357887590930052,0.05558907867258366,0.11087446453036062,0.21091937043099956,0.0,0.0
0.2,20,1,52,story_3_max_abs_spatial_fraction,0.008890609629862704,0.18205037595293747,0.16874693222417092,0.21966017230727353,0.40798855670468415,0.0,0.0
0.2,20,1,53,story_3_rms_spatial_fraction,-0.0010577497467988595,0.05976888158338399,0.05322374670778018,0.07266843008964766,0.13374693006218244,0.0,0.0
0.2,20,1,54,story_4_max_abs_spatial_fraction,-0.32285433494474863,0.41001786613346697,0.3554572301901435,0.5131800767347667,0.9776837308715055,0.04666666666666667,0.0
0.2,20,1,55,story_4_rms_spatial_fraction,-0.1660237652126852,0.1660237652126852,0.1452180066695815,0.18360473528726276,0.3232711953350821,0.0,0.0
0.2,20,1,56,ground_dominant_frequency,0.0,0.0,0.0,0.0,0.0,0.0,0.0
0.2,20,1,57,ground_spectral_centroid,0.0,0.0,0.0,0.0,0.0,0.0,0.0
0.2,20,1,58,ground_band_energy,0.0,0.0,0.0,0.0,0.0,0.0,0.0
0.2,20,1,59,story_1_dominant_frequency,-0.0017385740244692382,0.0017385740244692382,0.0,0.02296562156064921,0.0,0.0,0.0
0.2,20,1,60,story_1_spectral_centroid,1.4629722831205692,1.4629722831205692,1.0767597924885846,1.8586040141215705,3.7594324326816504,0.5022222222222222,0.29555555555555557
0.2,20,1,61,story_1_band_energy,0.022756980642378587,0.02330594398531644,0.002236230359034375,0.07484610939248788,0.12448330632963542,0.0,0.0
0.2,20,1,62,story_2_dominant_frequency,-0.0016293188795783902,0.0020948385594579304,0.0,0.035261387293861114,0.0,0.0,0.0
0.2,20,1,63,story_2_spectral_centroid,1.0962806742107767,1.0962806742107767,1.0711263658176904,1.1932259982914424,1.8127521852572739,0.5511111111111111,0.03111111111111111
0.2,20,1,64,story_2_band_energy,0.004444059384084856,0.00556870377591767,0.000345244251450702,0.022818728480765958,0.0256837429628969,0.0,0.0
0.2,20,1,65,story_3_dominant_frequency,-0.0005064353773207988,0.0005064353773207988,0.0,0.007596530659811982,0.0,0.0,0.0
0.2,20,1,66,story_3_spectral_centroid,0.898880049014451,0.898880049014451,0.8709196487693763,0.9344993712184096,1.3778588222711,0.30666666666666664,0.0
0.2,20,1,67,story_3_band_energy,0.0016134098475347784,0.0027316653611068366,0.0001492863581191501,0.010593690049604622,0.013080789292874054,0.0,0.0
0.2,20,1,68,story_4_dominant_frequency,0.0002514180336248571,0.0002514180336248571,0.0,0.005333381894661715,0.0,0.0,0.0
0.2,20,1,69,story_4_spectral_centroid,0.8007467662575108,0.8007467662575108,0.7260566131551748,0.8474078415463565,1.3689731752803918,0.19777777777777777,0.0
0.2,20,1,70,story_4_band_energy,0.0020595823194986423,0.00273095514142455,0.00014177999433315726,0.01602810150251338,0.009108129420063516,0.0,0.0
0.2,20,1,71,story_1_ground_correlation,-0.08891812257657705,0.12830579962752064,0.08694036964155688,0.1701792435911588,0.36789387242137983,0.0,0.0
0.2,20,1,72,story_2_ground_correlation,-0.014983337065813049,0.04618826164028148,0.044251584498309175,0.04951004545762414,0.07516969667387541,0.0,0.0
0.2,20,1,73,story_3_ground_correlation,0.031866920495796515,0.040341284940268396,0.025691996572308726,0.05093881233687028,0.10923426050197574,0.0,0.0
0.2,20,1,74,story_4_ground_correlation,0.007695440220234559,0.013489029791979098,0.013546836977186966,0.014034624586226249,0.0192783678194214,0.0,0.0
0.2,20,1,75,story_2_story_1_correlation,-0.16045418233940736,0.18048818837756433,0.12778913987867194,0.24493761768373562,0.6338793651479389,0.0,0.0
0.2,20,1,76,story_3_story_2_correlation,-0.044445449481844784,0.08101600244197509,0.07714598899274408,0.09055617302203406,0.1511835441272207,0.0,0.0
0.2,20,1,77,story_4_story_3_correlation,-0.3894753284447741,0.3894753284447741,0.2655290886570988,0.4521552194439042,0.8813130626887862,0.015555555555555555,0.0
0.2,20,2,0,story_1_mean,-0.09550962820045703,0.48924923956883243,0.19413124287743655,1.103371723885522,1.9568782406416492,0.13111111111111112,0.04888888888888889
0.2,20,2,1,story_1_std,0.1367421966855336,0.1367421966855336,0.02809585833537298,0.28618970905542535,0.6672742942025911,0.02666666666666667,0.0
0.2,20,2,2,story_1_max_abs,0.609010196930837,0.6184295107999707,0.15081504699029608,1.347651363510477,2.9885520340331313,0.1622222222222222,0.08666666666666667
0.2,20,2,3,story_1_rms,0.13680016852947466,0.13680016852947466,0.02812023558910199,0.2863335344664041,0.6677758217466424,0.02666666666666667,0.0
0.2,20,2,4,story_1_peak_to_peak,0.6092459562705921,0.6098311513160461,0.17624364241244728,1.2887062377242262,2.81591448284782,0.16444444444444445,0.08666666666666667
0.2,20,2,5,story_1_crest_factor,0.5809028619865921,0.6637206872886837,0.4201124391609551,0.9437869767353377,2.2087312759152096,0.22666666666666666,0.07111111111111111
0.2,20,2,6,story_2_mean,-0.0020992519420663927,0.27271779927687984,0.11672248773448526,0.5624366827750961,1.1780317360017603,0.06666666666666667,0.015555555555555555
0.2,20,2,7,story_2_std,0.029208448453211813,0.029208448453211813,0.015191881375017004,0.04905410958906057,0.10425186395959067,0.0,0.0
0.2,20,2,8,story_2_max_abs,0.2308098714222334,0.2321305026112439,0.07092023030145446,0.4675013902365832,1.0873091108449882,0.06,0.011111111111111112
0.2,20,2,9,story_2_rms,0.029219054065973752,0.029219054065973752,0.015202674719166389,0.04906540190345085,0.10422513500422018,0.0,0.0
0.2,20,2,10,story_2_peak_to_peak,0.21358804219587638,0.21381194886249477,0.0711953344200459,0.4222534199547235,0.986253200989413,0.04888888888888889,0.011111111111111112
0.2,20,2,11,story_2_crest_factor,0.31428668611692034,0.3633988735346961,0.3460197772940139,0.4312784805068714,0.7696090317963111,0.0044444444444444444,0.0
0.2,20,2,12,story_3_mean,-5.8673401211468933e-05,0.1833793961566488,0.07479271971079457,0.39340025643434134,0.7376178975378794,0.03333333333333333,0.006666666666666667
0.2,20,2,13,story_3_std,0.014382684392093935,0.014382684392093935,0.008092907768947645,0.023296456334144115,0.05277292410228662,0.0,0.0
0.2,20,2,14,story_3_max_abs,0.14494993895064814,0.14499719513627424,0.04787058659816386,0.3042382321938397,0.5739674142281161,0.028888888888888888,0.0
0.2,20,2,15,story_3_rms,0.014387697416903206,0.014387697416903206,0.008117798938621676,0.023296747005672067,0.052798606051291365,0.0,0.0
0.2,20,2,16,story_3_peak_to_peak,0.13298376022577205,0.13298376022577205,0.05001237201662968,0.26903618907265586,0.5195265643623708,0.02,0.0
0.2,20,2,17,story_3_crest_factor,0.33052474914605634,0.3775326162492555,0.3719610280138175,0.4227387856120905,0.6811262333141933,0.0044444444444444444,0.0
0.2,20,2,18,story_4_mean,0.01777869316081892,0.15642547055289696,0.061110007295260546,0.349537834113363,0.5952212822115459,0.024444444444444446,0.006666666666666667
0.2,20,2,19,story_4_std,0.00818006603767128,0.00818006603767128,0.003964725494528245,0.014959367028049007,0.029472126663525153,0.0,0.0
0.2,20,2,20,story_4_max_abs,0.11328719800453489,0.11336284751619906,0.03755328751593852,0.2367303839215409,0.5160452296434438,0.017777777777777778,0.0
0.2,20,2,21,story_4_rms,0.0081813560568158,0.0081813560568158,0.003970648046006244,0.01496119078972833,0.029422695965241885,0.0,0.0
0.2,20,2,22,story_4_peak_to_peak,0.10350109148596172,0.10350109148596172,0.03491007952711494,0.2103152333490886,0.47626255550880464,0.008888888888888889,0.0
0.2,20,2,23,story_4_crest_factor,0.745146847478179,0.7504048990891858,0.7240206239851594,0.8492698173787689,1.4173536833563787,0.2644444444444444,0.006666666666666667
0.2,20,2,24,ground_max_abs,0.0,0.0,0.0,0.0,0.0,0.0,0.0
0.2,20,2,25,ground_rms,0.0,0.0,0.0,0.0,0.0,0.0,0.0
0.2,20,2,26,story_1_max_ground_amplification,0.7198988447221703,0.7323972533153293,0.2099055758360378,1.4746427635853934,4.506711519105926,0.18888888888888888,0.1111111111111111
0.2,20,2,27,story_1_rms_ground_amplification,0.14917242695301905,0.14917242695301905,0.03254652540134195,0.2884740548254784,0.8295406881809384,0.024444444444444446,0.0
0.2,20,2,28,story_2_max_ground_amplification,0.236016025275831,0.23738724575784848,0.08400825611491805,0.4433718632123021,1.1663718494625148,0.07111111111111111,0.0022222222222222222
0.2,20,2,29,story_2_rms_ground_amplification,0.029508548581712847,0.029508548581712847,0.018380889541715184,0.04484518075574611,0.11948025866943038,0.0,0.0
0.2,20,2,30,story_3_max_ground_amplification,0.14475610333979275,0.1447924722044273,0.052871466634233186,0.27371496605461865,0.7249664273500326,0.013333333333333334,0.0
0.2,20,2,31,story_3_rms_ground_amplification,0.014538095159149143,0.014538095159149143,0.009027688908158998,0.021477567195649912,0.052535080688131765,0.0,0.0
0.2,20,2,32,story_4_max_ground_amplification,0.11451028727834862,0.11460081266037728,0.04266489467429958,0.21790568024714918,0.5965527905226533,0.0022222222222222222,0.0
0.2,20,2,33,story_4_rms_ground_amplification,0.008341454858670688,0.008341454858670688,0.004107283213161391,0.01375588523606993,0.031147432245997583,0.0,0.0
0.2,20,2,34,story_1_relative_to_lower_max_abs,0.6721385535922129,0.6776740993704268,0.2001563725555035,1.4203821025093204,3.2143129511554456,0.18222222222222223,0.08888888888888889
0.2,20,2,35,story_1_relative_to_lower_rms,0.1691475233502243,0.1691475233502243,0.07909345437759593,0.2956717319801959,0.6593908372707586,0.02666666666666667,0.0
0.2,20,2,36,story_2_relative_to_lower_max_abs,0.6598779374360955,0.6598779374360955,0.2356874429178347,1.3119211698324689,2.9666944759871567,0.17555555555555555,0.08
0.2,20,2,37,story_2_relative_to_lower_rms,0.13946226412258975,0.13946226412258975,0.0512706219476822,0.25731579132015914,0.5995638344638361,0.017777777777777778,0.0
0.2,20,2,38,story_3_relative_to_lower_max_abs,0.8204887341728333,0.8205308758127997,0.247431764901416,1.7336942753168654,3.687839116077457,0.21333333333333335,0.1111111111111111
0.2,20,2,39,story_3_relative_to_lower_rms,0.18665829081454344,0.18665829081454344,0.04802415554711585,0.36308403957525714,0.8525861289790143,0.04,0.0
0.2,20,2,40,story_4_relative_to_lower_max_abs,1.3184026685648729,1.3198495881813348,0.3928980336720714,2.6697882165648994,6.569543240990686,0.28444444444444444,0.18
0.2,20,2,41,story_4_relative_to_lower_rms,0.4117005227068539,0.4117005227068539,0.10021383471527716,0.8157854760919891,1.8541873612005366,0.12222222222222222,0.04888888888888889
0.2,20,2,42,story_2_to_story_1_max_abs_ratio,-0.20800483193283317,0.30842828979169673,0.113018725236918,0.5700564648679928,1.5228920347145536,0.10444444444444445,0.015555555555555555
0.2,20,2,43,story_2_to_story_1_rms_ratio,-0.1305469565497427,0.15722678209903823,0.033775462871696464,0.35319563196855364,1.0539648702525775,0.05555555555555555,0.0
0.2,20,2,44,story_3_to_story_2_max_abs_ratio,-0.13268035503565928,0.24349274872555454,0.18807081465158043,0.31861227768173106,0.6259632260634086,0.0022222222222222222,0.0
0.2,20,2,45,story_3_to_story_2_rms_ratio,-0.07777561864658586,0.10524101842172791,0.0659201037795287,0.14452532258235515,0.3168898471390136,0.0,0.0
0.2,20,2,46,story_4_to_story_3_max_abs_ratio,-0.20849883356538162,0.266279643183214,0.2014007131918561,0.3569679667017964,0.7615033867785197,0.015555555555555555,0.0
0.2,20,2,47,story_4_to_story_3_rms_ratio,-0.1084822650617404,0.10887678426315582,0.023877138857175184,0.21642386739596192,0.5157735291326221,0.0044444444444444444,0.0
0.2,20,2,48,story_1_max_abs_spatial_fraction,0.0971954299133756,0.21352877141960588,0.16756653760256413,0.2719524231104311,0.5697241635486218,0.0,0.0
0.2,20,2,49,story_1_rms_spatial_fraction,0.03426774216413886,0.06627539915498318,0.04781331648086043,0.08762860138101024,0.20376746516102723,0.0,0.0
0.2,20,2,50,story_2_max_abs_spatial_fraction,0.1966650554371228,0.3370866829327509,0.2878760883010465,0.4223364207925619,0.8224204468932473,0.013333333333333334,0.0
0.2,20,2,51,story_2_rms_spatial_fraction,0.07232959195199071,0.08171891941913752,0.05633207672123468,0.10856754905692502,0.2085526141192132,0.0,0.0
0.2,20,2,52,story_3_max_abs_spatial_fraction,-0.003835900427456652,0.16719315509037946,0.15326947016476494,0.20464404893075058,0.39755201569720255,0.0,0.0
0.2,20,2,53,story_3_rms_spatial_fraction,0.00012820848077743936,0.05958171421357886,0.049179703854264026,0.07265341878607125,0.13566302042439318,0.0,0.0
0.2,20,2,54,story_4_max_abs_spatial_fraction,-0.3559168411735765,0.4321752716426205,0.36020960305778793,0.537376458705077,1.038879054358186,0.06222222222222222,0.0
0.2,20,2,55,story_4_rms_spatial_fraction,-0.1671714391604641,0.1671714391604641,0.14771940512999676,0.18526812897464565,0.3222835448885944,0.0,0.0
0.2,20,2,56,ground_dominant_frequency,0.0,0.0,0.0,0.0,0.0,0.0,0.0
0.2,20,2,57,ground_spectral_centroid,0.0,0.0,0.0,0.0,0.0,0.0,0.0
0.2,20,2,58,ground_band_energy,0.0,0.0,0.0,0.0,0.0,0.0,0.0
0.2,20,2,59,story_1_dominant_frequency,-0.0014902063066879185,0.0014902063066879185,0.0,0.018251225314314296,0.0,0.0,0.0
0.2,20,2,60,story_1_spectral_centroid,1.4572045257625177,1.4572045257625177,1.0292263435386768,1.8560373687704927,3.744928212426812,0.5066666666666667,0.29555555555555557
0.2,20,2,61,story_1_band_energy,0.0262857471336414,0.026661109382517954,0.002050408386539377,0.09506738103891149,0.15569522113983683,0.0,0.0
0.2,20,2,62,story_2_dominant_frequency,-0.0018620787195181604,0.0018620787195181604,0.0,0.03950065469023364,0.0,0.0,0.0
0.2,20,2,63,story_2_spectral_centroid,1.1014182984390724,1.1014182984390724,1.1022516111701828,1.1933516667753719,1.8709104999474675,0.5577777777777778,0.024444444444444446
0.2,20,2,64,story_2_band_energy,0.004639808024744857,0.005218638654745361,0.0003013855630362868,0.02046502046730317,0.02292387005888725,0.0,0.0
0.2,20,2,65,story_3_dominant_frequency,0.0,0.0,0.0,0.0,0.0,0.0,0.0
0.2,20,2,66,story_3_spectral_centroid,0.9026670207864121,0.9026670207864121,0.8679156664440324,0.9398861331060626,1.3921337157097373,0.31555555555555553,0.0
0.2,20,2,67,story_3_band_energy,0.0026647103365215414,0.003214465280692028,0.00013460324896062207,0.014032718730483326,0.017048448160588238,0.0,0.0
0.2,20,2,68,story_4_dominant_frequency,0.0005028360672497152,0.0005028360672497152,0.0,0.00754254100874573,0.0,0.0,0.0
0.2,20,2,69,story_4_spectral_centroid,0.792937624988541,0.792937624988541,0.738788009069242,0.8419137076073974,1.3750389531854548,0.19333333333333333,0.0
0.2,20,2,70,story_4_band_energy,0.001055406927288098,0.002458387163711025,0.00016932634423150986,0.010747909322319109,0.008724117290266762,0.0,0.0
0.2,20,2,71,story_1_ground_correlation,-0.08846829721231117,0.1293642768447549,0.08962684471286822,0.17299980627076506,0.3697659747347575,0.0,0.0
0.2,20,2,72,story_2_ground_correlation,-0.015842664971257695,0.046830896990387894,0.044150160840663866,0.05033622953612622,0.07833052337668231,0.0,0.0
0.2,20,2,73,story_3_ground_correlation,0.03175784909346221,0.040376983695996196,0.026024867068379223,0.05091178509906686,0.10446249015585396,0.0,0.0
0.2,20,2,74,story_4_ground_correlation,0.007546203487032285,0.013416211171520977,0.012984704407687595,0.013953622792789638,0.019817071848568516,0.0,0.0
0.2,20,2,75,story_2_story_1_correlation,-0.1611014518030635,0.18271867357462956,0.13505394741587984,0.24761415966169636,0.6378601431400427,0.0,0.0
0.2,20,2,76,story_3_story_2_correlation,-0.04393432978084453,0.08034755501839842,0.07667810736097345,0.09044243066424297,0.15385203387505514,0.0,0.0
0.2,20,2,77,story_4_story_3_correlation,-0.3887452354275494,0.3887452354275494,0.26473631030746725,0.44992050359309527,0.85943388811687,0.022222222222222223,0.0
0.2,20,3,0,story_1_mean,0.02106394371478952,0.48946567271702396,0.1997318483771487,1.0308319181023384,1.8361095919240413,0.1288888888888889,0.042222222222222223
0.2,20,3,1,story_1_std,0.13424391873672326,0.13424391873672326,0.030112019181369923,0.2783971311871167,0.6591248642526275,0.02,0.0
0.2,20,3,2,story_1_max_abs,0.618954723570604,0.6306088002678125,0.14459177277295915,1.3895886358289842,3.1492766010186153,0.16444444444444445,0.09777777777777778
0.2,20,3,3,story_1_rms,0.13429983634984663,0.13429983634984663,0.030172172099407098,0.2785155764675872,0.6589535004107081,0.02,0.0
0.2,20,3,4,story_1_peak_to_peak,0.6138912569998619,0.6151490055120662,0.16334507539270715,1.3132996457354527,2.980756174716793,0.1622222222222222,0.08
0.2,20,3,5,story_1_crest_factor,0.5742788578044709,0.6743314375763181,0.40242585978048717,0.976304957181226,2.1841634139425956,0.2222222222222222,0.08888888888888889
0.2,20,3,6,story_2_mean,-0.01600127629691911,0.2539185071786729,0.1140405909785829,0.523808946644988,0.98426742509652,0.051111111111111114,0.017777777777777778
0.2,20,3,7,story_2_std,0.02915526469073151,0.02915526469073151,0.015578923340320662,0.04729613920293941,0.11697309461686492,0.0,0.0
0.2,20,3,8,story_2_max_abs,0.2317991799321947,0.23300666117771698,0.07252534472771253,0.4778136000513804,1.2793533942199595,0.06444444444444444,0.011111111111111112
0.2,20,3,9,story_2_rms,0.029160953798944768,0.029160953798944768,0.015610100291577722,0.047289876842406924,0.11693677883351586,0.0,0.0
0.2,20,3,10,story_2_peak_to_peak,0.21290185975111608,0.2130662389476997,0.06856112074165555,0.4315928967277445,1.0732617539842473,0.05555555555555555,0.0044444444444444444
0.2,20,3,11,story_2_crest_factor,0.30911468649518536,0.36117524056963435,0.3189614526096515,0.4298654758712662,0.7754719436434508,0.0044444444444444444,0.0
0.2,20,3,12,story_3_mean,-0.006364405717088533,0.19290598427455583,0.07892583289492516,0.3841312907132536,0.7281289887750579,0.042222222222222223,0.0044444444444444444
0.2,20,3,13,story_3_std,0.013724881038827543,0.013724881038827543,0.008393787880242011,0.022049039849593922,0.04419280560082878,0.0,0.0
0.2,20,3,14,story_3_max_abs,0.13970660820891875,0.1400176043750249,0.04818107926192283,0.28134326313313324,0.6221349841389183,0.024444444444444446,0.0
0.2,20,3,15,story_3_rms,0.013730179796119192,0.013730179796119192,0.008401524383570348,0.02205056915552401,0.044242491942749096,0.0,0.0
0.2,20,3,16,story_3_peak_to_peak,0.12939121199324913,0.12940932752043355,0.04949915220395461,0.2527376682085646,0.5566731054184869,0.02,0.0
0.2,20,3,17,story_3_crest_factor,0.3132614480896406,0.3914312869144654,0.38060114525824285,0.4434533446470325,0.6998924832730549,0.006666666666666667,0.0
0.2,20,3,18,story_4_mean,-0.006192727881740042,0.16759062964116417,0.06559051482145797,0.3644922196570167,0.6602405105141487,0.024444444444444446,0.008888888888888889
0.2,20,3,19,story_4_std,0.008019290713173668,0.008019290713173668,0.003844604771920194,0.014207143338315341,0.030717684678117512,0.0,0.0
0.2,20,3,20,story_4_max_abs,0.1134660555425135,0.11351989180276986,0.037069541591462106,0.23016403037728073,0.5869323153246219,0.011111111111111112,0.0
0.2,20,3,21,story_4_rms,0.008020961677679826,0.008020961677679826,0.0038485775707892914,0.014202962108380242,0.030826423434581446,0.0,0.0
0.2,20,3,22,story_4_peak_to_peak,0.1041548712563257,0.1041548712563257,0.036388432506385605,0.20637197214220115,0.5182766427673688,0.006666666666666667,0.0
0.2,20,3,23,story_4_crest_factor,0.7541232633125128,0.7593251290872666,0.7423757857072109,0.8543605317079472,1.4331087486566643,0.2822222222222222,0.0
0.2,20,3,24,ground_max_abs,0.0,0.0,0.0,0.0,0.0,0.0,0.0
0.2,20,3,25,ground_rms,0.0,0.0,0.0,0.0,0.0,0.0,0.0
0.2,20,3,26,story_1_max_ground_amplification,0.7244145361333943,0.7395944985585278,0.20248859091601956,1.5008147215870653,4.124238332773042,0.18222222222222223,0.10888888888888888
0.2,20,3,27,story_1_rms_ground_amplification,0.1465227648579191,0.1465227648579191,0.034449769345596,0.28000327576627937,0.7672866389562705,0.015555555555555555,0.0
0.2,20,3,28,story_2_max_ground_amplification,0.2371279483742491,0.23837451899816406,0.08494350415497892,0.45455788365923233,1.201900720196313,0.07555555555555556,0.0044444444444444444
0.2,20,3,29,story_2_rms_ground_amplification,0.02957026455151625,0.02957026455151625,0.018811766723754356,0.04416926522050514,0.11536221641135092,0.0,0.0
0.2,20,3,30,story_3_max_ground_amplification,0.1405097838266811,0.14084388688647315,0.051587852783975215,0.26037801866864074,0.6897076431058614,0.011111111111111112,0.0
0.2,20,3,31,story_3_rms_ground_amplification,0.013940380783200888,0.013940380783200888,0.008765726065289293,0.020204547792616653,0.050692994540297354,0.0,0.0
0.2,20,3,32,story_4_max_ground_amplification,0.11528282491716096,0.1153521006505806,0.04168841990878494,0.21580833898680113,0.6030278030328842,0.0,0.0
0.2,20,3,33,story_4_rms_ground_amplification,0.008119907915535775,0.008119907915535775,0.0039500988886491655,0.013052671136311537,0.03155193384451482,0.0,0.0
0.2,20,3,34,story_1_relative_to_lower_max_abs,0.6676653701741048,0.6741583349751394,0.17614207772374763,1.4550429893852377,3.184661624402575,0.17555555555555555,0.10444444444444445
0.2,20,3,35,story_1_relative_to_lower_rms,0.16667263786971778,0.16667263786971778,0.07713545138413944,0.289570612768381,0.6629026322862738,0.022222222222222223,0.0
0.2,20,3,36,story_2_relative_to_lower_max_abs,0.6650910409580973,0.6650910409580973,0.23494391368338083,1.3126192339747724,3.1058754246036973,0.16666666666666666,0.08666666666666667
0.2,20,3,37,story_2_relative_to_lower_rms,0.1399395263661029,0.1399395263661029,0.051697418673656154,0.25731412277862803,0.5912767987066277,0.015555555555555555,0.0
0.2,20,3,38,story_3_relative_to_lower_max_abs,0.812048435164704,0.8120818958928405,0.2601372072291758,1.6482393904103139,3.9128231127618047,0.20222222222222222,0.1111111111111111
0.2,20,3,39,story_3_relative_to_lower_rms,0.18513560211454028,0.18513560211454028,0.04843435211633386,0.3615022399038307,0.8251786398883233,0.035555555555555556,0.0
0.2,20,3,40,story_4_relative_to_lower_max_abs,1.3107810501570352,1.3109618315858058,0.37713077593296046,2.688372600962075,5.985000276449397,0.28888888888888886,0.1711111111111111
0.2,20,3,41,story_4_relative_to_lower_rms,0.414367637398262,0.414367637398262,0.10417286411909893,0.8203003016068264,1.9813986299972952,0.12666666666666668,0.051111111111111114
0.2,20,3,42,story_2_to_story_1_max_abs_ratio,-0.2111293569223956,0.32738991369344894,0.1330954328324589,0.585195417261407,1.5862422903822908,0.10222222222222223,0.011111111111111112
0.2,20,3,43,story_2_to_story_1_rms_ratio,-0.1284966126613227,0.15588102472545934,0.03329714667562944,0.3500555411386066,1.0690653989981758,0.057777777777777775,0.0
0.2,20,3,44,story_3_to_story_2_max_abs_ratio,-0.1315845012639541,0.24468727413377747,0.1967630627579035,0.31672197379239103,0.6154507315053788,0.011111111111111112,0.0
0.2,20,3,45,story_3_to_story_2_rms_ratio,-0.08097349078567716,0.10676793375834616,0.06636745028862379,0.14669388308656045,0.30926441856358994,0.0,0.0
0.2,20,3,46,story_4_to_story_3_max_abs_ratio,-0.18688765240258703,0.2533074935361993,0.178590708950899,0.34163150759410227,0.7572501269705563,0.006666666666666667,0.0
0.2,20,3,47,story_4_to_story_3_rms_ratio,-0.106316076699612,0.10707161875515836,0.024110934989546584,0.2140975333122468,0.5165432461100918,0.008888888888888889,0.0
0.2,20,3,48,story_1_max_abs_spatial_fraction,0.09245693975730328,0.22038974983309262,0.18024902231095744,0.2838475077430602,0.5817054529697665,0.0,0.0
0.2,20,3,49,story_1_rms_spatial_fraction,0.03437328711403363,0.06537881392513809,0.046051221141839016,0.08656301176629581,0.20497198008111678,0.0,0.0
0.2,20,3,50,story_2_max_abs_spatial_fraction,0.20043480584217171,0.3280058276351268,0.2602973963215309,0.4155139567159394,0.8157099242475596,0.02,0.0
0.2,20,3,51,story_2_rms_spatial_fraction,0.07588197698120414,0.083882586353942,0.05834038482031388,0.11070920792114877,0.21157485954095967,0.0,0.0
0.2,20,3,52,story_3_max_abs_spatial_fraction,-0.009734138804512472,0.173115654609955,0.15960301064208549,0.2134374106174957,0.38944366260810004,0.0,0.0
0.2,20,3,53,story_3_rms_spatial_fraction,-0.001691227322113336,0.05905179175795786,0.04912933478408764,0.07149419835279881,0.13587252231930952,0.0,0.0
0.2,20,3,54,story_4_max_abs_spatial_fraction,-0.3392428637267027,0.4091746534433169,0.33843931062630506,0.5126246895252808,0.9825182126551895,0.04888888888888889,0.0
0.2,20,3,55,story_4_rms_spatial_fraction,-0.1676997409876793,0.16773028600590656,0.15123151377121896,0.1857943149011548,0.32851410397143216,0.0,0.0
0.2,20,3,56,ground_dominant_frequency,0.0,0.0,0.0,0.0,0.0,0.0,0.0
0.2,20,3,57,ground_spectral_centroid,0.0,0.0,0.0,0.0,0.0,0.0,0.0
0.2,20,3,58,ground_band_energy,0.0,0.0,0.0,0.0,0.0,0.0,0.0
0.2,20,3,59,story_1_dominant_frequency,-0.0019869417422505578,0.002483677177813198,0.0,0.02471227589752556,0.0,0.0,0.0
0.2,20,3,60,story_1_spectral_centroid,1.46684308676355,1.46684308676355,1.0502897427980462,1.866908168307525,3.696521589837002,0.5088888888888888,0.29555555555555557
0.2,20,3,61,story_1_band_energy,0.023220940098877454,0.023945171295162635,0.00228479661160615,0.08953411632196152,0.12084880898620534,0.0022222222222222222,0.0
0.2,20,3,62,story_2_dominant_frequency,-0.0018620787195181604,0.0018620787195181604,0.0,0.034913975990965504,0.0,0.0,0.0
0.2,20,3,63,story_2_spectral_centroid,1.1001409710168049,1.1001409710168049,1.0828246778698132,1.1987189795650803,1.888081357671598,0.5577777777777778,0.03111111111111111
0.2,20,3,64,story_2_band_energy,0.0038373761849042863,0.004107900491265076,0.0003178435322114225,0.014641786066057488,0.022264076335777615,0.0,0.0
0.2,20,3,65,story_3_dominant_frequency,0.0,0.0,0.0,0.0,0.0,0.0,0.0
0.2,20,3,66,story_3_spectral_centroid,0.8997019247753674,0.8997019247753674,0.8682493157338116,0.9350089963969872,1.396878980372617,0.28888888888888886,0.0
0.2,20,3,67,story_3_band_energy,0.0019495060396202022,0.002512456042964198,0.00012578801894108177,0.012507824845541981,0.00839147595628031,0.0,0.0
0.2,20,3,68,story_4_dominant_frequency,0.0002514180336248582,0.0002514180336248582,0.0,0.0053333818946617395,0.0,0.0,0.0
0.2,20,3,69,story_4_spectral_centroid,0.7948761384913059,0.7948761384913059,0.7228607596581775,0.8436344616168512,1.352144816023016,0.2,0.0
0.2,20,3,70,story_4_band_energy,0.0005582946213450137,0.0023516472226978616,0.00012896413909873776,0.00932580253077608,0.010378937005798571,0.0,0.0
0.2,20,3,71,story_1_ground_correlation,-0.08879433430519729,0.12934154682951124,0.08833860005967835,0.17252593496936708,0.37589027441993456,0.0,0.0
0.2,20,3,72,story_2_ground_correlation,-0.01631690472496189,0.04660131473947218,0.04366625749550876,0.049931849191206815,0.07777070099252158,0.0,0.0
0.2,20,3,73,story_3_ground_correlation,0.03217945104415378,0.04059900326954846,0.025612930870149743,0.05098257096777873,0.1069685849571532,0.0,0.0
0.2,20,3,74,story_4_ground_correlation,0.007570123043912403,0.013472782588406763,0.013495892104488708,0.014030899928819016,0.01966311955793864,0.0,0.0
0.2,20,3,75,story_2_story_1_correlation,-0.16150825923750775,0.18272167428063565,0.13399218903751844,0.24720042368708273,0.6259404547151548,0.0,0.0
0.2,20,3,76,story_3_story_2_correlation,-0.04257193746171003,0.08069266441746029,0.07677897318673044,0.09028446716277036,0.15061757726427694,0.0,0.0
0.2,20,3,77,story_4_story_3_correlation,-0.39059406412190584,0.39059406412190584,0.26655326768003984,0.4521971064054465,0.8615075985082727,0.017777777777777778,0.0
0.2,20,4,0,story_1_mean,-0.0426761573073031,0.5256287409972703,0.2048137224282456,1.2672739856677229,1.6414006452817227,0.12666666666666668,0.03777777777777778
0.2,20,4,1,story_1_std,0.1363843631586661,0.1363843631586661,0.028098627850180278,0.2844270290237331,0.668917390219599,0.02666666666666667,0.0
0.2,20,4,2,story_1_max_abs,0.6148702413106255,0.6295111119474671,0.14717032814125447,1.4037302048222582,3.316121646339857,0.16444444444444445,0.08888888888888889
0.2,20,4,3,story_1_rms,0.13640795923665014,0.13640795923665014,0.028077845932399814,0.2844659906401401,0.6689623974340511,0.02666666666666667,0.0
0.2,20,4,4,story_1_peak_to_peak,0.6079740970184622,0.6095622588898335,0.17114935077050952,1.3101226116551765,2.8366615138689393,0.1622222222222222,0.08222222222222222
0.2,20,4,5,story_1_crest_factor,0.5508401729509932,0.6536796197606795,0.3727719886654153,0.9588496702044189,2.2496881645294584,0.21777777777777776,0.07111111111111111
0.2,20,4,6,story_2_mean,0.019301369175528594,0.2495680494098288,0.11031102485005753,0.46260219147642345,1.0851420478444023,0.05555555555555555,0.006666666666666667
0.2,20,4,7,story_2_std,0.029302972612962573,0.029302972612962573,0.015823886609475965,0.0490937131411422,0.10182854644605384,0.0,0.0
0.2,20,4,8,story_2_max_abs,0.23693761034510005,0.23834547919207272,0.07382086076621293,0.5160649227861507,1.1095241377034952,0.06444444444444444,0.017777777777777778
0.2,20,4,9,story_2_rms,0.029310250274393154,0.029310250274393154,0.015819586132791517,0.04908898463422443,0.10194665615170294,0.0,0.0
0.2,20,4,10,story_2_peak_to_peak,0.21716024702232176,0.21730056648429974,0.0694517948236286,0.45521179345267654,1.0108066460374543,0.051111111111111114,0.008888888888888889
0.2,20,4,11,story_2_crest_factor,0.2994301306482608,0.3526584780993176,0.3201398903207752,0.4214032627692067,0.7920395386774025,0.0044444444444444444,0.0
0.2,20,4,12,story_3_mean,0.03431145933217163,0.17998996255214333,0.07441281454098378,0.3762641209887558,0.7297278560696707,0.03333333333333333,0.008888888888888889
0.2,20,4,13,story_3_std,0.013982455054680503,0.013982455054680503,0.008214608759760624,0.02256535025941715,0.0487598962410976,0.0,0.0
0.2,20,4,14,story_3_max_abs,0.14769448145162895,0.14772735516147267,0.048864799182811294,0.30977128298456114,0.6504464466648162,0.03333333333333333,0.0
0.2,20,4,15,story_3_rms,0.01398575636589842,0.01398575636589842,0.008203535722991605,0.022568629095000133,0.048689219036442195,0.0,0.0
0.2,20,4,16,story_3_peak_to_peak,0.134507667351643,0.134507667351643,0.04955580518896226,0.26926009256139655,0.6036836363169107,0.024444444444444446,0.0
0.2,20,4,17,story_3_crest_factor,0.33271009378392213,0.4067086352741673,0.39533664444004263,0.4592620147988317,0.7319289767030275,0.013333333333333334,0.0
0.2,20,4,18,story_4_mean,-0.001935101016795397,0.15172048071449756,0.055211900886284235,0.3347056676957867,0.5898467262195737,0.028888888888888888,0.0044444444444444444
0.2,20,4,19,story_4_std,0.00826879572028324,0.00826879572028324,0.003951154802077827,0.014887098082123127,0.03120474328335681,0.0,0.0
0.2,20,4,20,story_4_max_abs,0.11702354289605704,0.11704989483200588,0.04099668930388459,0.2385553676059713,0.5361236120531883,0.008888888888888889,0.0
0.2,20,4,21,story_4_rms,0.008275205630325405,0.008275205630325405,0.003950039569115466,0.014908458022968689,0.03127167619146108,0.0,0.0
0.2,20,4,22,story_4_peak_to_peak,0.1065549599306425,0.1065549599306425,0.04003316086859286,0.21320952939210236,0.4913591727631799,0.0044444444444444444,0.0
0.2,20,4,23,story_4_crest_factor,0.7870020646076036,0.7913937537057452,0.7925014999171728,0.8882720118770122,1.5061590395809972,0.2911111111111111,0.0022222222222222222
0.2,20,4,24,ground_max_abs,0.0,0.0,0.0,0.0,0.0,0.0,0.0
0.2,20,4,25,ground_rms,0.0,0.0,0.0,0.0,0.0,0.0,0.0
0.2,20,4,26,story_1_max_ground_amplification,0.720642611982641,0.738898055926819,0.19591829961559254,1.511503676578046,4.31109768181791,0.19111111111111112,0.1111111111111111
0.2,20,4,27,story_1_rms_ground_amplification,0.14913765027972017,0.14913765027972017,0.03479030794200162,0.2879012249191574,0.8243983048555841,0.017777777777777778,0.0
0.2,20,4,28,story_2_max_ground_amplification,0.23898277049932126,0.24028522004345093,0.08045471359416227,0.4729053303746867,1.3081748742911674,0.07111111111111111,0.006666666666666667
0.2,20,4,29,story_2_rms_ground_amplification,0.029717913846955355,0.029717913846955355,0.018687704088557675,0.04561596567865477,0.11335334114926536,0.0,0.0
0.2,20,4,30,story_3_max_ground_amplification,0.14841397595356878,0.14844002391607444,0.054206163477208406,0.2836119804399687,0.7695932374615194,0.024444444444444446,0.0
0.2,20,4,31,story_3_rms_ground_amplification,0.014285073825758946,0.014285073825758946,0.00876730236041049,0.021241447382927374,0.045941489947495945,0.0,0.0
0.2,20,4,32,story_4_max_ground_amplification,0.11900020918359912,0.11903667215028332,0.043937086034330414,0.22817637277446712,0.6184837360738045,0.0044444444444444444,0.0
0.2,20,4,33,story_4_rms_ground_amplification,0.008411667720493853,0.008411667720493853,0.004057257160703658,0.013848342921338505,0.034266073396358857,0.0,0.0
0.2,20,4,34,story_1_relative_to_lower_max_abs,0.676097266347926,0.6823014391013601,0.19147276529415833,1.4505707311737654,3.2543405524892965,0.17777777777777778,0.09555555555555556
0.2,20,4,35,story_1_relative_to_lower_rms,0.16958208189342389,0.16958208189342389,0.07789755940937293,0.2956273109596096,0.634512476667588,0.024444444444444446,0.0
0.2,20,4,36,story_2_relative_to_lower_max_abs,0.655115955209658,0.655115955209658,0.24708869350995483,1.2991617720157718,2.6292032820193905,0.1688888888888889,0.08666666666666667
0.2,20,4,37,story_2_relative_to_lower_rms,0.13926558008458118,0.13926558008458118,0.052011071668527344,0.2573698404446741,0.6250728366597729,0.017777777777777778,0.0
0.2,20,4,38,story_3_relative_to_lower_max_abs,0.8084901527885048,0.8087363577967871,0.27320233600031374,1.6329255043417137,3.9064692090838147,0.20222222222222222,0.1111111111111111
0.2,20,4,39,story_3_relative_to_lower_rms,0.18692320155271716,0.18692320155271716,0.04969856120949988,0.3651286147803933,0.8608515442916168,0.04,0.0
0.2,20,4,40,story_4_relative_to_lower_max_abs,1.3312019207937575,1.3313548920600764,0.4036360635771242,2.702747288670962,6.1423439291645385,0.2822222222222222,0.18
0.2,20,4,41,story_4_relative_to_lower_rms,0.41263972381587505,0.41263972381587505,0.10355863715018288,0.8150348381085881,1.8882792549313356,0.11777777777777777,0.04666666666666667
0.2,20,4,42,story_2_to_story_1_max_abs_ratio,-0.2086533260806761,0.3204016405009575,0.13018872586501834,0.5799798264602422,1.6476504952039042,0.1,0.017777777777777778
0.2,20,4,43,story_2_to_story_1_rms_ratio,-0.13019058461445712,0.15778155149241557,0.033570417817445755,0.3547036616761019,1.0405267752785086,0.05555555555555555,0.0
0.2,20,4,44,story_3_to_story_2_max_abs_ratio,-0.11402154070369484,0.23821698548649428,0.1968820133080557,0.30748883812575845,0.6491879978136643,0.0044444444444444444,0.0
0.2,20,4,45,story_3_to_story_2_rms_ratio,-0.07989015276925644,0.10663598141809201,0.06921991575352843,0.1481136267416435,0.3172772479577413,0.0,0.0
0.2,20,4,46,story_4_to_story_3_max_abs_ratio,-0.19789589925375897,0.26929429442742353,0.19257225386445354,0.37467539344232853,0.8206583601592833,0.02666666666666667,0.0
0.2,20,4,47,story_4_to_story_3_rms_ratio,-0.10898569485825005,0.10964389139129806,0.023880839257817754,0.2203367977004395,0.5195774896864881,0.006666666666666667,0.0
0.2,20,4,48,story_1_max_abs_spatial_fraction,0.08046306554561251,0.2208264843717008,0.1738705031231187,0.2834587199406119,0.5739197839994619,0.0,0.0
0.2,20,4,49,story_1_rms_spatial_fraction,0.034326676094407226,0.06603435466779588,0.047746965660869015,0.08744314126205872,0.20614974750143236,0.0,0.0
0.2,20,4,50,story_2_max_abs_spatial_fraction,0.17825217656616538,0.32378660938439663,0.2791371482554594,0.4016010171836868,0.8323945040580121,0.011111111111111112,0.0
0.2,20,4,51,story_2_rms_spatial_fraction,0.0744202676704196,0.08295492252482085,0.060360759269165926,0.11062846884741678,0.21405480184459688,0.0,0.0
0.2,20,4,52,story_3_max_abs_spatial_fraction,0.004712308658628153,0.17151408808555763,0.15366973936608294,0.21422684605811954,0.40130715512831006,0.0,0.0
0.2,20,4,53,story_3_rms_spatial_fraction,-0.0008022529112367306,0.06048715272628742,0.05138113723603509,0.07335895322042894,0.1351300051477807,0.0,0.0
0.2,20,4,54,story_4_max_abs_spatial_fraction,-0.3205429284794315,0.42245315389286514,0.3726506703386009,0.5267311340019383,0.9913811205499347,0.042222222222222223,0.0
0.2,20,4,55,story_4_rms_spatial_fraction,-0.16775588605229524,0.16775588605229524,0.14915127272902873,0.1848846368706965,0.32121819360954185,0.0,0.0
0.2,20,4,56,ground_dominant_frequency,0.0,0.0,0.0,0.0,0.0,0.0,0.0
0.2,20,4,57,ground_spectral_centroid,0.0,0.0,0.0,0.0,0.0,0.0,0.0
0.2,20,4,58,ground_band_energy,0.0,0.0,0.0,0.0,0.0,0.0,0.0
0.2,20,4,59,story_1_dominant_frequency,-0.001738574024469239,0.0022353094600318763,0.0,0.02414410165194114,0.0,0.0,0.0
0.2,20,4,60,story_1_spectral_centroid,1.4607243583946694,1.4607243583946694,1.0190607333356234,1.8541749237205833,3.7967361182199837,0.5066666666666667,0.28888888888888886
0.2,20,4,61,story_1_band_energy,0.025399323038828147,0.025819726520897906,0.002140644346316506,0.09613791040272156,0.10683998919254571,0.0022222222222222222,0.0
0.2,20,4,62,story_2_dominant_frequency,-0.0018620787195181604,0.0018620787195181604,0.0,0.034913975990965504,0.0,0.0,0.0
0.2,20,4,63,story_2_spectral_centroid,1.1054377063384078,1.1054377063384078,1.113061019457597,1.1998794266906099,1.8879751394877862,0.5733333333333334,0.02666666666666667
0.2,20,4,64,story_2_band_energy,0.0041730724529619135,0.005245972049118875,0.0002912119883052592,0.022579389670060967,0.02411939384259105,0.0,0.0
0.2,20,4,65,story_3_dominant_frequency,-0.005824006839189181,0.005824006839189181,0.0,0.12354584189002503,0.0,0.0022222222222222222,0.0022222222222222222
0.2,20,4,66,story_3_spectral_centroid,0.9034708684479722,0.9034708684479722,0.8630597141104777,0.9379177259694412,1.3291216398912051,0.30444444444444446,0.0
0.2,20,4,67,story_3_band_energy,0.0020749026050818947,0.003362170806101894,0.00014998342659170442,0.013300105451877636,0.015706847220173646,0.0,0.0
0.2,20,4,68,story_4_dominant_frequency,0.0,0.0,0.0,0.0,0.0,0.0,0.0
0.2,20,4,69,story_4_spectral_centroid,0.8004706247032716,0.8004706247032716,0.7308623729961945,0.8500362508689348,1.3819385186459023,0.19333333333333333,0.0
0.2,20,4,70,story_4_band_energy,0.0011607333122851079,0.0019131870513842942,0.00013171245843661633,0.007573600171189678,0.007559261011531462,0.0,0.0
0.2,20,4,71,story_1_ground_correlation,-0.0897472641705872,0.12907961690405753,0.08750185114277703,0.17194931503285518,0.3678858329785416,0.0,0.0
0.2,20,4,72,story_2_ground_correlation,-0.016381915578030898,0.046554005682032,0.04323239731972718,0.049891002549434446,0.07799056782830638,0.0,0.0
0.2,20,4,73,story_3_ground_correlation,0.031448127153141846,0.03982054629143303,0.025306943245716546,0.05022919033512324,0.10278325801754834,0.0,0.0
0.2,20,4,74,story_4_ground_correlation,0.00755646777759765,0.013520582848709026,0.013175635295486952,0.014038156458499592,0.019495924540770586,0.0,0.0
0.2,20,4,75,story_2_story_1_correlation,-0.1607080264620371,0.18133193984427692,0.1335778793563274,0.24533703115624136,0.6220083255072254,0.0,0.0
0.2,20,4,76,story_3_story_2_correlation,-0.04471197518318876,0.07960176259044267,0.07540975269074676,0.08948989971041096,0.14815379950685642,0.0,0.0
0.2,20,4,77,story_4_story_3_correlation,-0.38893444251597126,0.38893444251597126,0.2636839059810022,0.4509761743589945,0.8604636713352902,0.017777777777777778,0.0
