seed,descriptor_set,candidate,C,gamma,epsilon,val_mse,val_mae,fit_seconds,mean_support_vector_ratio,selected
0,oracle_full,rbf_svr_C_100_gamma_0p0005_eps_0.02,100.0,0.0005,0.02,0.0032845569181360248,0.03397403459290233,1.140011124953162,0.5669047619047619,False
0,oracle_full,rbf_svr_C_100_gamma_0p0005_eps_0.03,100.0,0.0005,0.03,0.003253444329758396,0.03631400492217733,0.4058635410037823,0.4601190476190476,False
0,oracle_full,rbf_svr_C_100_gamma_0p0005_eps_0.04,100.0,0.0005,0.04,0.0033429629648075642,0.039446387226366265,0.32692687498638406,0.38166666666666665,False
0,oracle_full,rbf_svr_C_100_gamma_0p00075_eps_0.02,100.0,0.00075,0.02,0.0027676144844128512,0.03063805172023833,0.5260299589717761,0.5357142857142857,False
0,oracle_full,rbf_svr_C_100_gamma_0p00075_eps_0.03,100.0,0.00075,0.03,0.002788807847569044,0.032983453633651565,0.4377914579818025,0.42642857142857143,False
0,oracle_full,rbf_svr_C_100_gamma_0p00075_eps_0.04,100.0,0.00075,0.04,0.0029080247520161043,0.03621087569881717,0.36647087498568,0.35119047619047616,False
0,oracle_full,rbf_svr_C_100_gamma_0p001_eps_0.02,100.0,0.001,0.02,0.0024796806788073837,0.02887272690061398,0.6577951250365004,0.5133333333333333,False
0,oracle_full,rbf_svr_C_100_gamma_0p001_eps_0.03,100.0,0.001,0.03,0.0025414774164559993,0.031215432482217923,0.4972551250248216,0.40190476190476193,False
0,oracle_full,rbf_svr_C_100_gamma_0p001_eps_0.04,100.0,0.001,0.04,0.002649992655971471,0.03398382252782438,0.41676145902602,0.3294047619047619,False
0,oracle_full,rbf_svr_C_100_gamma_0p003_eps_0.02,100.0,0.003,0.02,0.0019325494218743514,0.0254247112501815,1.3216411659959704,0.4875,False
0,oracle_full,rbf_svr_C_100_gamma_0p003_eps_0.03,100.0,0.003,0.03,0.0020002761207539767,0.027304628429937642,0.8359261250006966,0.3719047619047619,False
0,oracle_full,rbf_svr_C_100_gamma_0p003_eps_0.04,100.0,0.003,0.04,0.002122792167367693,0.029811763138315604,0.5610670830355957,0.3001190476190476,False
0,oracle_full,rbf_svr_C_100_gamma_0p01_eps_0.02,100.0,0.01,0.02,0.0024411275248423644,0.028865189015919505,1.5461551250191405,0.5332142857142858,False
0,oracle_full,rbf_svr_C_100_gamma_0p01_eps_0.03,100.0,0.01,0.03,0.0026049215095645243,0.031240437532557203,0.9406694159843028,0.41773809523809524,False
0,oracle_full,rbf_svr_C_100_gamma_0p01_eps_0.04,100.0,0.01,0.04,0.002876174498567331,0.034695182381336474,0.6489965000073425,0.34726190476190477,False
0,oracle_full,rbf_svr_C_300_gamma_0p0005_eps_0.02,300.0,0.0005,0.02,0.0024866645497958616,0.028751261040541133,0.9474444579682313,0.5133333333333333,False
0,oracle_full,rbf_svr_C_300_gamma_0p0005_eps_0.03,300.0,0.0005,0.03,0.002537638620074709,0.030907401142541802,0.6620387919829227,0.4005952380952381,False
0,oracle_full,rbf_svr_C_300_gamma_0p0005_eps_0.04,300.0,0.0005,0.04,0.0026304226721412423,0.03346648584383796,0.5158477089717053,0.3236904761904762,False
0,oracle_full,rbf_svr_C_300_gamma_0p00075_eps_0.02,300.0,0.00075,0.02,0.0021858484908614064,0.026891714848260334,1.2929125420050696,0.4932142857142857,False
0,oracle_full,rbf_svr_C_300_gamma_0p00075_eps_0.03,300.0,0.00075,0.03,0.002227488143451486,0.028572116162377956,0.8021054159617051,0.376547619047619,False
0,oracle_full,rbf_svr_C_300_gamma_0p00075_eps_0.04,300.0,0.00075,0.04,0.0023474228206612825,0.031184761172428462,0.7288502079900354,0.30297619047619045,False
0,oracle_full,rbf_svr_C_300_gamma_0p001_eps_0.02,300.0,0.001,0.02,0.0020006551564223764,0.02574433206850107,1.69945779198315,0.4876190476190476,False
0,oracle_full,rbf_svr_C_300_gamma_0p001_eps_0.03,300.0,0.001,0.03,0.0020651436327931154,0.027510638101412122,0.9863944589742459,0.3686904761904762,False
0,oracle_full,rbf_svr_C_300_gamma_0p001_eps_0.04,300.0,0.001,0.04,0.0021747079581794933,0.029850147984119196,0.7628936669789255,0.2938095238095238,False
0,oracle_full,rbf_svr_C_300_gamma_0p003_eps_0.02,300.0,0.003,0.02,0.0017422497468448405,0.024133395848263624,3.2254032909986563,0.4869047619047619,False
0,oracle_full,rbf_svr_C_300_gamma_0p003_eps_0.03,300.0,0.003,0.03,0.0018085790053911307,0.025597033983556578,1.8589143749559298,0.36547619047619045,False
0,oracle_full,rbf_svr_C_300_gamma_0p003_eps_0.04,300.0,0.003,0.04,0.00196929240927247,0.027992947848159144,1.1422857920406386,0.29214285714285715,False
0,oracle_full,rbf_svr_C_300_gamma_0p01_eps_0.02,300.0,0.01,0.02,0.0025794436774916984,0.029459298391481165,2.939125042001251,0.541547619047619,False
0,oracle_full,rbf_svr_C_300_gamma_0p01_eps_0.03,300.0,0.01,0.03,0.002698908659195931,0.03159157150733827,1.5028541249921545,0.4213095238095238,False
0,oracle_full,rbf_svr_C_300_gamma_0p01_eps_0.04,300.0,0.01,0.04,0.0028954464623654167,0.03449324554812797,1.0350407080259174,0.3491666666666667,False
0,oracle_full,rbf_svr_C_500_gamma_0p0005_eps_0.02,500.0,0.0005,0.02,0.0022405536025063913,0.027076400624146173,1.3470724999788217,0.5009523809523809,False
0,oracle_full,rbf_svr_C_500_gamma_0p0005_eps_0.03,500.0,0.0005,0.03,0.0022868067877383196,0.028894774737908715,0.998819041007664,0.38285714285714284,False
0,oracle_full,rbf_svr_C_500_gamma_0p0005_eps_0.04,500.0,0.0005,0.04,0.0023995761413969133,0.03142807515570321,0.7060862079961225,0.30773809523809526,False
0,oracle_full,rbf_svr_C_500_gamma_0p00075_eps_0.02,500.0,0.00075,0.02,0.0020073582058354683,0.025690063049393218,1.8505242080427706,0.4855952380952381,False
0,oracle_full,rbf_svr_C_500_gamma_0p00075_eps_0.03,500.0,0.00075,0.03,0.0020686970578068795,0.027378283432794887,1.3673551250249147,0.3682142857142857,False
0,oracle_full,rbf_svr_C_500_gamma_0p00075_eps_0.04,500.0,0.00075,0.04,0.002169596432635124,0.029617369320313138,0.9671799170318991,0.29464285714285715,False
0,oracle_full,rbf_svr_C_500_gamma_0p001_eps_0.02,500.0,0.001,0.02,0.0018513420209210298,0.02467657898606303,2.4052045419812202,0.47964285714285715,False
0,oracle_full,rbf_svr_C_500_gamma_0p001_eps_0.03,500.0,0.001,0.03,0.0019150493134470958,0.026431940579456328,1.4924539999919944,0.3582142857142857,False
0,oracle_full,rbf_svr_C_500_gamma_0p001_eps_0.04,500.0,0.001,0.04,0.0020284004271513426,0.028682909612663784,1.1987419169745408,0.2867857142857143,False
0,oracle_full,rbf_svr_C_500_gamma_0p003_eps_0.02,500.0,0.003,0.02,0.0017298072588272846,0.023943235770502398,5.392163041047752,0.4925,False
0,oracle_full,rbf_svr_C_500_gamma_0p003_eps_0.03,500.0,0.003,0.03,0.001788825164660037,0.025303549084634,2.515823791967705,0.37214285714285716,False
0,oracle_full,rbf_svr_C_500_gamma_0p003_eps_0.04,500.0,0.003,0.04,0.0019329261157380706,0.02730706571763886,1.6106416669790633,0.2919047619047619,False
0,oracle_full,rbf_svr_C_500_gamma_0p01_eps_0.02,500.0,0.01,0.02,0.002583462405463737,0.0294855660515316,4.240255041979253,0.5402380952380952,False
0,oracle_full,rbf_svr_C_500_gamma_0p01_eps_0.03,500.0,0.01,0.03,0.002687015145334577,0.03154657145501177,1.8273643749998882,0.4232142857142857,False
0,oracle_full,rbf_svr_C_500_gamma_0p01_eps_0.04,500.0,0.01,0.04,0.0028947259928866617,0.03453442418034307,1.142451166990213,0.3498809523809524,False
0,oracle_full,rbf_svr_C_750_gamma_0p0005_eps_0.02,750.0,0.0005,0.02,0.0020982254933102984,0.02619024226655027,1.8978413750301115,0.49023809523809525,False
0,oracle_full,rbf_svr_C_750_gamma_0p0005_eps_0.03,750.0,0.0005,0.03,0.0021545100668234458,0.027774158507592805,1.3667984170024283,0.37,False
0,oracle_full,rbf_svr_C_750_gamma_0p0005_eps_0.04,750.0,0.0005,0.04,0.0022579559280905956,0.03019291445915702,0.9391951670404524,0.29488095238095235,False
0,oracle_full,rbf_svr_C_750_gamma_0p00075_eps_0.02,750.0,0.00075,0.02,0.0019054454739525224,0.024941103063033283,2.712893834046554,0.47833333333333333,False
0,oracle_full,rbf_svr_C_750_gamma_0p00075_eps_0.03,750.0,0.00075,0.03,0.001959037419189937,0.026605800658649613,2.136117791000288,0.3597619047619048,False
0,oracle_full,rbf_svr_C_750_gamma_0p00075_eps_0.04,750.0,0.00075,0.04,0.0020640646512223733,0.02874309032639464,1.3265326250111684,0.2867857142857143,False
0,oracle_full,rbf_svr_C_750_gamma_0p001_eps_0.02,750.0,0.001,0.02,0.0017673533458733947,0.023975150024101867,3.637627916992642,0.4764285714285714,False
0,oracle_full,rbf_svr_C_750_gamma_0p001_eps_0.03,750.0,0.001,0.03,0.0018487484785094728,0.02574844865745776,2.540200040966738,0.3563095238095238,False
0,oracle_full,rbf_svr_C_750_gamma_0p001_eps_0.04,750.0,0.001,0.04,0.0019472499625637775,0.02802513795161026,1.766872665961273,0.2838095238095238,False
0,oracle_full,rbf_svr_C_750_gamma_0p003_eps_0.02,750.0,0.003,0.02,0.0017906796992867872,0.0240619713183851,6.876317624992225,0.49464285714285716,False
0,oracle_full,rbf_svr_C_750_gamma_0p003_eps_0.03,750.0,0.003,0.03,0.0018038563676116778,0.02518457519207239,3.455958542006556,0.37083333333333335,False
0,oracle_full,rbf_svr_C_750_gamma_0p003_eps_0.04,750.0,0.003,0.04,0.0019196988996384242,0.027045189194812275,2.176485249947291,0.2957142857142857,False
0,oracle_full,rbf_svr_C_750_gamma_0p01_eps_0.02,750.0,0.01,0.02,0.00258290522497896,0.02947191015531967,4.735216041037347,0.5417857142857143,False
0,oracle_full,rbf_svr_C_750_gamma_0p01_eps_0.03,750.0,0.01,0.03,0.0026892715164556196,0.031577517546275476,2.0488308329950087,0.4251190476190476,False
0,oracle_full,rbf_svr_C_750_gamma_0p01_eps_0.04,750.0,0.01,0.04,0.0028922106982795237,0.03453369322940641,1.1375765830161981,0.3498809523809524,False
0,oracle_full,rbf_svr_C_1000_gamma_0p0005_eps_0.02,1000.0,0.0005,0.02,0.0020167070465208895,0.02565885327416216,2.447540916968137,0.4832142857142857,False
0,oracle_full,rbf_svr_C_1000_gamma_0p0005_eps_0.03,1000.0,0.0005,0.03,0.0020833083548206085,0.027259977330232672,2.0147939170128666,0.36428571428571427,False
0,oracle_full,rbf_svr_C_1000_gamma_0p0005_eps_0.04,1000.0,0.0005,0.04,0.0021818259366802955,0.029463577813810007,1.410817667027004,0.2892857142857143,False
0,oracle_full,rbf_svr_C_1000_gamma_0p00075_eps_0.02,1000.0,0.00075,0.02,0.0018263306349733475,0.02439210866374967,3.636292124981992,0.4769047619047619,False
0,oracle_full,rbf_svr_C_1000_gamma_0p00075_eps_0.03,1000.0,0.00075,0.03,0.0018959220140046344,0.02613413168394113,2.577356541994959,0.3551190476190476,False
0,oracle_full,rbf_svr_C_1000_gamma_0p00075_eps_0.04,1000.0,0.00075,0.04,0.0020148059008239694,0.02826238228871972,1.6786338340025395,0.2863095238095238,False
0,oracle_full,rbf_svr_C_1000_gamma_0p001_eps_0.02,1000.0,0.001,0.02,0.0017291815566140639,0.02367062017640803,4.556368332996499,0.47523809523809524,True
0,oracle_full,rbf_svr_C_1000_gamma_0p001_eps_0.03,1000.0,0.001,0.03,0.0018040125362781387,0.025318524494747238,3.222255457949359,0.3520238095238095,False
0,oracle_full,rbf_svr_C_1000_gamma_0p001_eps_0.04,1000.0,0.001,0.04,0.001898331027773801,0.02748090096304257,2.0783323750365525,0.27976190476190477,False
0,oracle_full,rbf_svr_C_1000_gamma_0p003_eps_0.02,1000.0,0.003,0.02,0.00185749581088046,0.02424569037010355,8.674425957957283,0.5003571428571428,False
0,oracle_full,rbf_svr_C_1000_gamma_0p003_eps_0.03,1000.0,0.003,0.03,0.0018483678311714059,0.025252580713144176,3.8262042079586536,0.3775,False
0,oracle_full,rbf_svr_C_1000_gamma_0p003_eps_0.04,1000.0,0.003,0.04,0.0019505882039816556,0.027148494140950687,2.5804995839716867,0.2995238095238095,False
0,oracle_full,rbf_svr_C_1000_gamma_0p01_eps_0.02,1000.0,0.01,0.02,0.0025830993229901773,0.029486123196316695,4.646499541995581,0.541547619047619,False
0,oracle_full,rbf_svr_C_1000_gamma_0p01_eps_0.03,1000.0,0.01,0.03,0.0026895327826900947,0.03162301907404217,2.1551102910307236,0.425,False
0,oracle_full,rbf_svr_C_1000_gamma_0p01_eps_0.04,1000.0,0.01,0.04,0.0028926538818469976,0.03453993605098057,1.1856119169970043,0.3495238095238095,False
1,oracle_full,rbf_svr_C_100_gamma_0p0005_eps_0.02,100.0,0.0005,0.02,0.003442146448233483,0.03445964997875222,0.43796612502774224,0.5602380952380952,False
1,oracle_full,rbf_svr_C_100_gamma_0p0005_eps_0.03,100.0,0.0005,0.03,0.0034512246699286175,0.036791159918016736,0.3749499580007978,0.4583333333333333,False
1,oracle_full,rbf_svr_C_100_gamma_0p0005_eps_0.04,100.0,0.0005,0.04,0.0035665508388193516,0.04016990485050619,0.32997383299516514,0.38654761904761903,False
1,oracle_full,rbf_svr_C_100_gamma_0p00075_eps_0.02,100.0,0.00075,0.02,0.0029371875241604958,0.03113897359788569,0.5540557500207797,0.5291666666666667,False
1,oracle_full,rbf_svr_C_100_gamma_0p00075_eps_0.03,100.0,0.00075,0.03,0.0029776583451932392,0.033671315753400134,0.46742554201046005,0.4269047619047619,False
1,oracle_full,rbf_svr_C_100_gamma_0p00075_eps_0.04,100.0,0.00075,0.04,0.0031415495379022783,0.037129467875938495,0.366088375041727,0.3517857142857143,False
1,oracle_full,rbf_svr_C_100_gamma_0p001_eps_0.02,100.0,0.001,0.02,0.0026320421166657216,0.029085403979636198,0.6172994999797083,0.5117857142857143,False
1,oracle_full,rbf_svr_C_100_gamma_0p001_eps_0.03,100.0,0.001,0.03,0.0027048876396645167,0.03175897602892863,0.5032027920242399,0.40523809523809523,False
1,oracle_full,rbf_svr_C_100_gamma_0p001_eps_0.04,100.0,0.001,0.04,0.0028733460694178093,0.0350248405043913,0.4061587500036694,0.33095238095238094,False
1,oracle_full,rbf_svr_C_100_gamma_0p003_eps_0.02,100.0,0.003,0.02,0.001929568134886123,0.025192355393822325,1.2271584589616396,0.4810714285714286,False
1,oracle_full,rbf_svr_C_100_gamma_0p003_eps_0.03,100.0,0.003,0.03,0.00204424721487573,0.02734286190973964,0.7697348750079982,0.3705952380952381,False
1,oracle_full,rbf_svr_C_100_gamma_0p003_eps_0.04,100.0,0.003,0.04,0.002223486979711112,0.02991782832411043,0.5813286660122685,0.29773809523809525,False
1,oracle_full,rbf_svr_C_100_gamma_0p01_eps_0.02,100.0,0.01,0.02,0.0021285438232014095,0.0271874751508782,1.528540792001877,0.5351190476190476,False
1,oracle_full,rbf_svr_C_100_gamma_0p01_eps_0.03,100.0,0.01,0.03,0.002328449166668865,0.0299936416011663,1.073985041002743,0.41928571428571426,False
1,oracle_full,rbf_svr_C_100_gamma_0p01_eps_0.04,100.0,0.01,0.04,0.0025640302902208765,0.03314222882014268,0.6564493330079131,0.3491666666666667,False
1,oracle_full,rbf_svr_C_300_gamma_0p0005_eps_0.02,300.0,0.0005,0.02,0.0026395702541639845,0.029040250338695475,0.9890029579983093,0.5128571428571429,False
1,oracle_full,rbf_svr_C_300_gamma_0p0005_eps_0.03,300.0,0.0005,0.03,0.002686717449305691,0.03140076565095053,0.6778927079867572,0.40214285714285714,False
1,oracle_full,rbf_svr_C_300_gamma_0p0005_eps_0.04,300.0,0.0005,0.04,0.002832307416320695,0.034469524424720725,0.552355499996338,0.32476190476190475,False
1,oracle_full,rbf_svr_C_300_gamma_0p00075_eps_0.02,300.0,0.00075,0.02,0.0022811842388081255,0.026873776806695684,1.207125042041298,0.4888095238095238,False
1,oracle_full,rbf_svr_C_300_gamma_0p00075_eps_0.03,300.0,0.00075,0.03,0.0023506222048160176,0.028920341011117675,0.9042255000094883,0.3775,False
1,oracle_full,rbf_svr_C_300_gamma_0p00075_eps_0.04,300.0,0.00075,0.04,0.002516351764240399,0.03173139177753526,0.6725100420298986,0.30083333333333334,False
1,oracle_full,rbf_svr_C_300_gamma_0p001_eps_0.02,300.0,0.001,0.02,0.002079485797510481,0.025570843151214887,1.462564375018701,0.47845238095238096,False
1,oracle_full,rbf_svr_C_300_gamma_0p001_eps_0.03,300.0,0.001,0.03,0.0021509179692314343,0.027462783395500436,1.029294750012923,0.36607142857142855,False
1,oracle_full,rbf_svr_C_300_gamma_0p001_eps_0.04,300.0,0.001,0.04,0.002319392044774909,0.0300571709684195,0.7685155000071973,0.29035714285714287,False
1,oracle_full,rbf_svr_C_300_gamma_0p003_eps_0.02,300.0,0.003,0.02,0.0017059350275122956,0.024035910914505815,2.8266287919832394,0.4795238095238095,False
1,oracle_full,rbf_svr_C_300_gamma_0p003_eps_0.03,300.0,0.003,0.03,0.0017465093346652708,0.02553380274040686,1.9317507909727283,0.3641666666666667,False
1,oracle_full,rbf_svr_C_300_gamma_0p003_eps_0.04,300.0,0.003,0.04,0.001922370931925837,0.02757076541662094,1.086968167044688,0.29083333333333333,False
1,oracle_full,rbf_svr_C_300_gamma_0p01_eps_0.02,300.0,0.01,0.02,0.0021197097850796276,0.02693069615673269,2.8640457920264453,0.5404761904761904,False
1,oracle_full,rbf_svr_C_300_gamma_0p01_eps_0.03,300.0,0.01,0.03,0.0022909591853481764,0.029509406105479835,1.7634755829931237,0.4255952380952381,False
1,oracle_full,rbf_svr_C_300_gamma_0p01_eps_0.04,300.0,0.01,0.04,0.0025456219084103635,0.03277163566981559,1.175549333973322,0.34845238095238096,False
1,oracle_full,rbf_svr_C_500_gamma_0p0005_eps_0.02,500.0,0.0005,0.02,0.0023793358973654578,0.0272794271223287,1.3950047090183944,0.49202380952380953,False
1,oracle_full,rbf_svr_C_500_gamma_0p0005_eps_0.03,500.0,0.0005,0.03,0.0024186976655760323,0.02943343988979486,1.018526791012846,0.3852380952380952,False
1,oracle_full,rbf_svr_C_500_gamma_0p0005_eps_0.04,500.0,0.0005,0.04,0.002546884868695077,0.03200236147338955,0.7300709580304101,0.3036904761904762,False
1,oracle_full,rbf_svr_C_500_gamma_0p00075_eps_0.02,500.0,0.00075,0.02,0.002073956374258962,0.025394884290794232,1.8245057500316761,0.4807142857142857,False
1,oracle_full,rbf_svr_C_500_gamma_0p00075_eps_0.03,500.0,0.00075,0.03,0.002135507041756843,0.027218630710409038,1.514316416985821,0.3653571428571429,False
1,oracle_full,rbf_svr_C_500_gamma_0p00075_eps_0.04,500.0,0.00075,0.04,0.0022936777548596106,0.029805733492026285,1.0508294170140289,0.28559523809523807,False
1,oracle_full,rbf_svr_C_500_gamma_0p001_eps_0.02,500.0,0.001,0.02,0.0019046139939216452,0.024561218419986198,2.452805124979932,0.4692857142857143,False
1,oracle_full,rbf_svr_C_500_gamma_0p001_eps_0.03,500.0,0.001,0.03,0.0019706282000174313,0.026276020411694394,1.778372583037708,0.3563095238095238,False
1,oracle_full,rbf_svr_C_500_gamma_0p001_eps_0.04,500.0,0.001,0.04,0.0021417219165785297,0.02863281397046746,1.204162042005919,0.2854761904761905,False
1,oracle_full,rbf_svr_C_500_gamma_0p003_eps_0.02,500.0,0.003,0.02,0.001622577860039516,0.02342040394380715,4.964832040946931,0.4857142857142857,True
1,oracle_full,rbf_svr_C_500_gamma_0p003_eps_0.03,500.0,0.003,0.03,0.0017054709604215111,0.02500405520447325,2.4142720000236295,0.368452380952381,False
1,oracle_full,rbf_svr_C_500_gamma_0p003_eps_0.04,500.0,0.003,0.04,0.0019040061883515544,0.0271167999329821,1.6143198749632575,0.2922619047619048,False
1,oracle_full,rbf_svr_C_500_gamma_0p01_eps_0.02,500.0,0.01,0.02,0.002117327707994716,0.026961636774434992,4.152792125009,0.5452380952380952,False
1,oracle_full,rbf_svr_C_500_gamma_0p01_eps_0.03,500.0,0.01,0.03,0.0022986325296375535,0.029565068797306245,2.209755584015511,0.4276190476190476,False
1,oracle_full,rbf_svr_C_500_gamma_0p01_eps_0.04,500.0,0.01,0.04,0.00254766911930703,0.03280063922533389,1.2145159160136245,0.3501190476190476,False
1,oracle_full,rbf_svr_C_750_gamma_0p0005_eps_0.02,750.0,0.0005,0.02,0.0021976558650736167,0.026209021571592096,2.001858917006757,0.48464285714285715,False
1,oracle_full,rbf_svr_C_750_gamma_0p0005_eps_0.03,750.0,0.0005,0.03,0.0022410000162728376,0.027927244832081272,1.4419615000369959,0.37023809523809526,False
1,oracle_full,rbf_svr_C_750_gamma_0p0005_eps_0.04,750.0,0.0005,0.04,0.0023767083524250804,0.03044257441164338,0.9316316660260782,0.2885714285714286,False
1,oracle_full,rbf_svr_C_750_gamma_0p00075_eps_0.02,750.0,0.00075,0.02,0.0019240000154871126,0.02450456937274313,2.741087834001519,0.4711904761904762,False
1,oracle_full,rbf_svr_C_750_gamma_0p00075_eps_0.03,750.0,0.00075,0.03,0.0019852552251398785,0.0262660630758052,2.037622084026225,0.3588095238095238,False
1,oracle_full,rbf_svr_C_750_gamma_0p00075_eps_0.04,750.0,0.00075,0.04,0.002142369133177424,0.028608189465758976,1.281298833026085,0.2839285714285714,False
1,oracle_full,rbf_svr_C_750_gamma_0p001_eps_0.02,750.0,0.001,0.02,0.0017678731522271667,0.02392913011832378,3.677497291995678,0.47226190476190477,False
1,oracle_full,rbf_svr_C_750_gamma_0p001_eps_0.03,750.0,0.001,0.03,0.001862922294787458,0.025578704886009475,2.378302666998934,0.35428571428571426,False
1,oracle_full,rbf_svr_C_750_gamma_0p001_eps_0.04,750.0,0.001,0.04,0.002030104661796454,0.027717965372909225,1.579625207989011,0.28035714285714286,False
1,oracle_full,rbf_svr_C_750_gamma_0p003_eps_0.02,750.0,0.003,0.02,0.001636990841998494,0.023372810486228295,6.674565542023629,0.49142857142857144,False
1,oracle_full,rbf_svr_C_750_gamma_0p003_eps_0.03,750.0,0.003,0.03,0.0017492680160949136,0.02496987552443089,3.4924834999837913,0.37476190476190474,False
1,oracle_full,rbf_svr_C_750_gamma_0p003_eps_0.04,750.0,0.003,0.04,0.0019105024780914684,0.026982910087235013,1.8380991659942083,0.2955952380952381,False
1,oracle_full,rbf_svr_C_750_gamma_0p01_eps_0.02,750.0,0.01,0.02,0.0021270205003385,0.02702140496482794,4.650277084030677,0.5469047619047619,False
1,oracle_full,rbf_svr_C_750_gamma_0p01_eps_0.03,750.0,0.01,0.03,0.0023049119578601074,0.02961879094843703,2.153445791976992,0.4269047619047619,False
1,oracle_full,rbf_svr_C_750_gamma_0p01_eps_0.04,750.0,0.01,0.04,0.002557042573882261,0.03287086573774461,1.2919247920508496,0.35119047619047616,False
1,oracle_full,rbf_svr_C_1000_gamma_0p0005_eps_0.02,1000.0,0.0005,0.02,0.002079111429509595,0.025389346076542172,2.5425963340094313,0.47833333333333333,False
1,oracle_full,rbf_svr_C_1000_gamma_0p0005_eps_0.03,1000.0,0.0005,0.03,0.0021329831940972237,0.02715144360643441,1.792046874994412,0.3610714285714286,False
1,oracle_full,rbf_svr_C_1000_gamma_0p0005_eps_0.04,1000.0,0.0005,0.04,0.0022705780058548215,0.02968204200938638,1.2516112090088427,0.28654761904761905,False
1,oracle_full,rbf_svr_C_1000_gamma_0p00075_eps_0.02,1000.0,0.00075,0.02,0.0018291038961494143,0.024064096320521804,3.6620331659796648,0.4682142857142857,False
1,oracle_full,rbf_svr_C_1000_gamma_0p00075_eps_0.03,1000.0,0.00075,0.03,0.001900706835214708,0.02572581226777757,2.3458387089776807,0.3538095238095238,False
1,oracle_full,rbf_svr_C_1000_gamma_0p00075_eps_0.04,1000.0,0.00075,0.04,0.0020656962726497852,0.027931095054760102,1.8049057500320487,0.28023809523809523,False
1,oracle_full,rbf_svr_C_1000_gamma_0p001_eps_0.02,1000.0,0.001,0.02,0.001702868542248649,0.023662724849464942,5.214653792034369,0.4682142857142857,False
1,oracle_full,rbf_svr_C_1000_gamma_0p001_eps_0.03,1000.0,0.001,0.03,0.0018005018840867404,0.025096334815662775,3.188169040950015,0.35214285714285715,False
1,oracle_full,rbf_svr_C_1000_gamma_0p001_eps_0.04,1000.0,0.001,0.04,0.0019724858686587464,0.027268619748885524,2.095114750030916,0.27964285714285714,False
1,oracle_full,rbf_svr_C_1000_gamma_0p003_eps_0.02,1000.0,0.003,0.02,0.0016738396799294876,0.023431370052868834,9.00869883300038,0.4975,False
1,oracle_full,rbf_svr_C_1000_gamma_0p003_eps_0.03,1000.0,0.003,0.03,0.001784378497777715,0.025045142474981377,3.9715891249943525,0.37761904761904763,False
1,oracle_full,rbf_svr_C_1000_gamma_0p003_eps_0.04,1000.0,0.003,0.04,0.0019108155126062638,0.026927666118464227,2.3232527910149656,0.3003571428571429,False
1,oracle_full,rbf_svr_C_1000_gamma_0p01_eps_0.02,1000.0,0.01,0.02,0.0021287878819934267,0.027016511074074868,4.797363791964017,0.5477380952380952,False
1,oracle_full,rbf_svr_C_1000_gamma_0p01_eps_0.03,1000.0,0.01,0.03,0.002309916275398503,0.02964470481822605,2.2480752499541268,0.4269047619047619,False
1,oracle_full,rbf_svr_C_1000_gamma_0p01_eps_0.04,1000.0,0.01,0.04,0.0025577525116442326,0.032887927690393316,1.3377800839953125,0.35095238095238096,False
2,oracle_full,rbf_svr_C_100_gamma_0p0005_eps_0.02,100.0,0.0005,0.02,0.003253317248525871,0.03396496143657786,0.4287615420180373,0.5619047619047619,False
2,oracle_full,rbf_svr_C_100_gamma_0p0005_eps_0.03,100.0,0.0005,0.03,0.003239601600579186,0.03602595820955712,0.39239191700471565,0.45571428571428574,False
2,oracle_full,rbf_svr_C_100_gamma_0p0005_eps_0.04,100.0,0.0005,0.04,0.0032963117375068673,0.03878456040036066,0.34954683302203193,0.38357142857142856,False
2,oracle_full,rbf_svr_C_100_gamma_0p00075_eps_0.02,100.0,0.00075,0.02,0.0027852866253338967,0.0309443114085147,0.5803931669797748,0.5314285714285715,False
2,oracle_full,rbf_svr_C_100_gamma_0p00075_eps_0.03,100.0,0.00075,0.03,0.0028376392925171965,0.0328803134966521,0.4416015419992618,0.4213095238095238,False
2,oracle_full,rbf_svr_C_100_gamma_0p00075_eps_0.04,100.0,0.00075,0.04,0.002936400267058193,0.035560604825938875,0.37669120798818767,0.34833333333333333,False
2,oracle_full,rbf_svr_C_100_gamma_0p001_eps_0.02,100.0,0.001,0.02,0.0025485154919076968,0.02932759503352983,0.6416509170085192,0.5135714285714286,False
2,oracle_full,rbf_svr_C_100_gamma_0p001_eps_0.03,100.0,0.001,0.03,0.0025922768544437663,0.031269862750723625,0.5063330829725601,0.4035714285714286,False
2,oracle_full,rbf_svr_C_100_gamma_0p001_eps_0.04,100.0,0.001,0.04,0.002708129644448764,0.033853921713560886,0.4036366249783896,0.33071428571428574,False
2,oracle_full,rbf_svr_C_100_gamma_0p003_eps_0.02,100.0,0.003,0.02,0.0018764238251769152,0.025600423495556867,1.2772838340024464,0.48857142857142855,False
2,oracle_full,rbf_svr_C_100_gamma_0p003_eps_0.03,100.0,0.003,0.03,0.0020029364463995873,0.02743643340151902,0.8432700409903191,0.3744047619047619,False
2,oracle_full,rbf_svr_C_100_gamma_0p003_eps_0.04,100.0,0.003,0.04,0.002175198188477807,0.02993805676670849,0.5973486669827253,0.3013095238095238,False
2,oracle_full,rbf_svr_C_100_gamma_0p01_eps_0.02,100.0,0.01,0.02,0.0024289113222588326,0.02863969040191167,1.6415217919857241,0.5366666666666666,False
2,oracle_full,rbf_svr_C_100_gamma_0p01_eps_0.03,100.0,0.01,0.03,0.002570360162842831,0.030930904555247468,0.9191560000181198,0.4163095238095238,False
2,oracle_full,rbf_svr_C_100_gamma_0p01_eps_0.04,100.0,0.01,0.04,0.0028299655830677306,0.034159129117188845,0.7036953749484383,0.3457142857142857,False
2,oracle_full,rbf_svr_C_300_gamma_0p0005_eps_0.02,300.0,0.0005,0.02,0.0024917261418691914,0.02894079737778942,0.931054208020214,0.5111904761904762,False
2,oracle_full,rbf_svr_C_300_gamma_0p0005_eps_0.03,300.0,0.0005,0.03,0.002552080554779554,0.030866816876033012,0.7132268329733051,0.39916666666666667,False
2,oracle_full,rbf_svr_C_300_gamma_0p0005_eps_0.04,300.0,0.0005,0.04,0.002653802423590085,0.03338033361352738,0.5895289579639211,0.3279761904761905,False
2,oracle_full,rbf_svr_C_300_gamma_0p00075_eps_0.02,300.0,0.00075,0.02,0.0022223615686932626,0.027087345696702864,1.361020083015319,0.4953571428571429,False
2,oracle_full,rbf_svr_C_300_gamma_0p00075_eps_0.03,300.0,0.00075,0.03,0.00225135713005262,0.02880728982134153,0.9231765419826843,0.37952380952380954,False
2,oracle_full,rbf_svr_C_300_gamma_0p00075_eps_0.04,300.0,0.00075,0.04,0.0024015158786869872,0.031208080583582334,0.7017505000112578,0.30523809523809525,False
2,oracle_full,rbf_svr_C_300_gamma_0p001_eps_0.02,300.0,0.001,0.02,0.0020374661126871993,0.026119224356860336,1.60103291698033,0.48333333333333334,False
2,oracle_full,rbf_svr_C_300_gamma_0p001_eps_0.03,300.0,0.001,0.03,0.0020732181388543516,0.027589547027756945,1.0772187499678694,0.36654761904761907,False
2,oracle_full,rbf_svr_C_300_gamma_0p001_eps_0.04,300.0,0.001,0.04,0.0022255956088673527,0.030157327365949227,0.7778492909856141,0.2935714285714286,False
2,oracle_full,rbf_svr_C_300_gamma_0p003_eps_0.02,300.0,0.003,0.02,0.0017182387300218702,0.024155755692210998,3.465492208953947,0.4963095238095238,True
2,oracle_full,rbf_svr_C_300_gamma_0p003_eps_0.03,300.0,0.003,0.03,0.001797474201856753,0.02572683845915318,1.944396249949932,0.3738095238095238,False
2,oracle_full,rbf_svr_C_300_gamma_0p003_eps_0.04,300.0,0.003,0.04,0.0019603958775760966,0.027905441979215077,1.298813249974046,0.29583333333333334,False
2,oracle_full,rbf_svr_C_300_gamma_0p01_eps_0.02,300.0,0.01,0.02,0.002508262685579771,0.02893351275459558,3.1415007910109125,0.5398809523809524,False
2,oracle_full,rbf_svr_C_300_gamma_0p01_eps_0.03,300.0,0.01,0.03,0.002623796829085723,0.031000664081417766,1.6916244589956477,0.4170238095238095,False
2,oracle_full,rbf_svr_C_300_gamma_0p01_eps_0.04,300.0,0.01,0.04,0.0028628110720660344,0.03393966148027214,1.0582327080192044,0.3458333333333333,False
2,oracle_full,rbf_svr_C_500_gamma_0p0005_eps_0.02,500.0,0.0005,0.02,0.0022389770476894592,0.027236903197233375,1.4484885840211064,0.49642857142857144,False
2,oracle_full,rbf_svr_C_500_gamma_0p0005_eps_0.03,500.0,0.0005,0.03,0.002321438845077091,0.029181458604004548,1.0851508749765344,0.38333333333333336,False
2,oracle_full,rbf_svr_C_500_gamma_0p0005_eps_0.04,500.0,0.0005,0.04,0.00242893213489064,0.03151380909019865,0.7381138330092654,0.30726190476190474,False
2,oracle_full,rbf_svr_C_500_gamma_0p00075_eps_0.02,500.0,0.00075,0.02,0.002013123993873898,0.025911355143163332,2.1970561670023017,0.48095238095238096,False
2,oracle_full,rbf_svr_C_500_gamma_0p00075_eps_0.03,500.0,0.00075,0.03,0.00204895895950808,0.027372133226340085,1.3986909999512136,0.36273809523809525,False
2,oracle_full,rbf_svr_C_500_gamma_0p00075_eps_0.04,500.0,0.00075,0.04,0.0022330638158544343,0.029836811425834144,1.0152466250001453,0.29035714285714287,False
2,oracle_full,rbf_svr_C_500_gamma_0p001_eps_0.02,500.0,0.001,0.02,0.0018585138825016625,0.025027479448094126,2.652361957996618,0.47595238095238096,False
2,oracle_full,rbf_svr_C_500_gamma_0p001_eps_0.03,500.0,0.001,0.03,0.0018982129023157803,0.02662768566011754,1.5252339169965126,0.3591666666666667,False
2,oracle_full,rbf_svr_C_500_gamma_0p001_eps_0.04,500.0,0.001,0.04,0.0020502803226901335,0.028790944706911337,1.1041941660223529,0.2863095238095238,False
2,oracle_full,rbf_svr_C_500_gamma_0p003_eps_0.02,500.0,0.003,0.02,0.0017184326814325154,0.023834335218403505,5.9722325000329874,0.49476190476190474,False
2,oracle_full,rbf_svr_C_500_gamma_0p003_eps_0.03,500.0,0.003,0.03,0.0017829178536781488,0.025372614139291403,2.785716374986805,0.3736904761904762,False
2,oracle_full,rbf_svr_C_500_gamma_0p003_eps_0.04,500.0,0.003,0.04,0.00196278302051184,0.027616706033173167,1.4310424579889514,0.2951190476190476,False
2,oracle_full,rbf_svr_C_500_gamma_0p01_eps_0.02,500.0,0.01,0.02,0.0025373652764871875,0.028952262061993403,3.8327510409872048,0.5473809523809524,False
2,oracle_full,rbf_svr_C_500_gamma_0p01_eps_0.03,500.0,0.01,0.03,0.0026566974911860137,0.031051211948216778,1.944293541018851,0.41845238095238096,False
2,oracle_full,rbf_svr_C_500_gamma_0p01_eps_0.04,500.0,0.01,0.04,0.002861914223435421,0.03383357652987494,1.2317988750291988,0.3463095238095238,False
2,oracle_full,rbf_svr_C_750_gamma_0p0005_eps_0.02,750.0,0.0005,0.02,0.002096250996127442,0.026310808098540715,2.188115250028204,0.49154761904761907,False
2,oracle_full,rbf_svr_C_750_gamma_0p0005_eps_0.03,750.0,0.0005,0.03,0.002119800963003552,0.0277683319774355,1.377627333975397,0.37273809523809526,False
2,oracle_full,rbf_svr_C_750_gamma_0p0005_eps_0.04,750.0,0.0005,0.04,0.002279901975375475,0.03016057959938178,0.9833976249792613,0.29369047619047617,False
2,oracle_full,rbf_svr_C_750_gamma_0p00075_eps_0.02,750.0,0.00075,0.02,0.001877932932941622,0.025104091980281552,2.726804625010118,0.47226190476190477,False
2,oracle_full,rbf_svr_C_750_gamma_0p00075_eps_0.03,750.0,0.00075,0.03,0.0019216543142830521,0.026603756538400993,1.9075564590166323,0.35714285714285715,False
2,oracle_full,rbf_svr_C_750_gamma_0p00075_eps_0.04,750.0,0.00075,0.04,0.0020586155529716027,0.02871127043943321,1.334517000010237,0.2854761904761905,False
2,oracle_full,rbf_svr_C_750_gamma_0p001_eps_0.02,750.0,0.001,0.02,0.0017816332739013343,0.024469675408027566,3.8878184580244124,0.4751190476190476,False
2,oracle_full,rbf_svr_C_750_gamma_0p001_eps_0.03,750.0,0.001,0.03,0.0018381439939644533,0.02603327936698209,2.2313898330321535,0.3557142857142857,False
2,oracle_full,rbf_svr_C_750_gamma_0p001_eps_0.04,750.0,0.001,0.04,0.001964832972407412,0.02800940430836588,1.613322417018935,0.2864285714285714,False
2,oracle_full,rbf_svr_C_750_gamma_0p003_eps_0.02,750.0,0.003,0.02,0.0017855351416805703,0.023958380439904853,7.571961000037845,0.49952380952380954,False
2,oracle_full,rbf_svr_C_750_gamma_0p003_eps_0.03,750.0,0.003,0.03,0.0018347875749047875,0.025468553462708366,3.166613499983214,0.37273809523809526,False
2,oracle_full,rbf_svr_C_750_gamma_0p003_eps_0.04,750.0,0.003,0.04,0.0019694292977638635,0.027319590418128877,2.322882624983322,0.2976190476190476,False
2,oracle_full,rbf_svr_C_750_gamma_0p01_eps_0.02,750.0,0.01,0.02,0.0025579718815014383,0.029040125707218915,4.810999707959127,0.5475,False
2,oracle_full,rbf_svr_C_750_gamma_0p01_eps_0.03,750.0,0.01,0.03,0.0026677468852267772,0.031099282142170035,2.1742543750442564,0.41928571428571426,False
2,oracle_full,rbf_svr_C_750_gamma_0p01_eps_0.04,750.0,0.01,0.04,0.0028726607717511174,0.033860579714852845,1.2980176249984652,0.3461904761904762,False
2,oracle_full,rbf_svr_C_1000_gamma_0p0005_eps_0.02,1000.0,0.0005,0.02,0.0019784100008251805,0.025622822938244312,2.887947332987096,0.4804761904761905,False
2,oracle_full,rbf_svr_C_1000_gamma_0p0005_eps_0.03,1000.0,0.0005,0.03,0.0020100890850512166,0.02704525360591863,1.8160389169934206,0.36333333333333334,False
2,oracle_full,rbf_svr_C_1000_gamma_0p0005_eps_0.04,1000.0,0.0005,0.04,0.0022148119065443245,0.029448861072814685,1.2387538329930976,0.2869047619047619,False
2,oracle_full,rbf_svr_C_1000_gamma_0p00075_eps_0.02,1000.0,0.00075,0.02,0.0017984186686972464,0.02458381828070831,3.5496512500103563,0.47345238095238096,False
2,oracle_full,rbf_svr_C_1000_gamma_0p00075_eps_0.03,1000.0,0.00075,0.03,0.0018184815058752927,0.025940839014372847,2.3026146669872105,0.35595238095238096,False
2,oracle_full,rbf_svr_C_1000_gamma_0p00075_eps_0.04,1000.0,0.00075,0.04,0.0019829910978099315,0.02808104373912295,2.009816250007134,0.2845238095238095,False
2,oracle_full,rbf_svr_C_1000_gamma_0p001_eps_0.02,1000.0,0.001,0.02,0.0017524847052662093,0.024150982855966285,4.830746250052471,0.4739285714285714,False
2,oracle_full,rbf_svr_C_1000_gamma_0p001_eps_0.03,1000.0,0.001,0.03,0.0018085962683678039,0.02557476657744676,3.35518679197412,0.35369047619047617,False
2,oracle_full,rbf_svr_C_1000_gamma_0p001_eps_0.04,1000.0,0.001,0.04,0.0019316529133428949,0.02756785498477772,1.9370474580209702,0.2833333333333333,False
2,oracle_full,rbf_svr_C_1000_gamma_0p003_eps_0.02,1000.0,0.003,0.02,0.001872566784099717,0.024283298832467354,10.010368500021286,0.5021428571428571,False
2,oracle_full,rbf_svr_C_1000_gamma_0p003_eps_0.03,1000.0,0.003,0.03,0.0019209013717073479,0.025697532215775986,5.236196374986321,0.3780952380952381,False
2,oracle_full,rbf_svr_C_1000_gamma_0p003_eps_0.04,1000.0,0.003,0.04,0.0020135685353800327,0.027336906388289516,3.2070036249933764,0.3016666666666667,False
2,oracle_full,rbf_svr_C_1000_gamma_0p01_eps_0.02,1000.0,0.01,0.02,0.002568864734689704,0.02910437361558499,4.909493624989409,0.5491666666666667,False
2,oracle_full,rbf_svr_C_1000_gamma_0p01_eps_0.03,1000.0,0.01,0.03,0.002680337716583029,0.031112264258366495,2.341833625047002,0.4207142857142857,False
2,oracle_full,rbf_svr_C_1000_gamma_0p01_eps_0.04,1000.0,0.01,0.04,0.0028761845392416634,0.033872370319222356,1.3135314579703845,0.34595238095238096,False
3,oracle_full,rbf_svr_C_100_gamma_0p0005_eps_0.02,100.0,0.0005,0.02,0.0033933005901340806,0.035257803321487355,0.47427695902297273,0.5614285714285714,False
3,oracle_full,rbf_svr_C_100_gamma_0p0005_eps_0.03,100.0,0.0005,0.03,0.0033669605686085487,0.03756177988355359,0.39234370895428583,0.4573809523809524,False
3,oracle_full,rbf_svr_C_100_gamma_0p0005_eps_0.04,100.0,0.0005,0.04,0.0034460611888193415,0.04060811657770744,0.3268611250096001,0.38345238095238093,False
3,oracle_full,rbf_svr_C_100_gamma_0p00075_eps_0.02,100.0,0.00075,0.02,0.0029402309158547595,0.03223908408061266,0.5886439589667134,0.5280952380952381,False
3,oracle_full,rbf_svr_C_100_gamma_0p00075_eps_0.03,100.0,0.00075,0.03,0.002959802734007375,0.03449404009198808,0.46437487500952557,0.42428571428571427,False
3,oracle_full,rbf_svr_C_100_gamma_0p00075_eps_0.04,100.0,0.00075,0.04,0.00301498840358659,0.0372073127131113,0.3741024170303717,0.3494047619047619,False
3,oracle_full,rbf_svr_C_100_gamma_0p001_eps_0.02,100.0,0.001,0.02,0.002659783283817914,0.030307975393682473,0.6920350840082392,0.5091666666666667,False
3,oracle_full,rbf_svr_C_100_gamma_0p001_eps_0.03,100.0,0.001,0.03,0.0026798470184674983,0.03232323412293325,0.5073852910427377,0.40166666666666667,False
3,oracle_full,rbf_svr_C_100_gamma_0p001_eps_0.04,100.0,0.001,0.04,0.0028167438156837476,0.03526856185814839,0.42218066594796255,0.3296428571428571,False
3,oracle_full,rbf_svr_C_100_gamma_0p003_eps_0.02,100.0,0.003,0.02,0.002114737903819908,0.02648329545734711,1.2701715839793906,0.4798809523809524,False
3,oracle_full,rbf_svr_C_100_gamma_0p003_eps_0.03,100.0,0.003,0.03,0.0022127346137058557,0.028355860995670334,0.844831875001546,0.3736904761904762,False
3,oracle_full,rbf_svr_C_100_gamma_0p003_eps_0.04,100.0,0.003,0.04,0.002399040924417413,0.03110639108158107,0.581009833025746,0.2997619047619048,False
3,oracle_full,rbf_svr_C_100_gamma_0p01_eps_0.02,100.0,0.01,0.02,0.0028389374747607426,0.030686921714995534,1.7992948750033975,0.5242857142857142,False
3,oracle_full,rbf_svr_C_100_gamma_0p01_eps_0.03,100.0,0.01,0.03,0.0030038666996551992,0.0331962859169574,0.9784653329988942,0.41523809523809524,False
3,oracle_full,rbf_svr_C_100_gamma_0p01_eps_0.04,100.0,0.01,0.04,0.003265489420572807,0.03671811643768579,0.652588042023126,0.3467857142857143,False
3,oracle_full,rbf_svr_C_300_gamma_0p0005_eps_0.02,300.0,0.0005,0.02,0.0026728736567695932,0.030106813812318747,0.9024432500009425,0.5064285714285715,False
3,oracle_full,rbf_svr_C_300_gamma_0p0005_eps_0.03,300.0,0.0005,0.03,0.0026991930764331015,0.03221195006355114,0.6915096669690683,0.3986904761904762,False
3,oracle_full,rbf_svr_C_300_gamma_0p0005_eps_0.04,300.0,0.0005,0.04,0.002779882767787555,0.03483940501950527,0.5542681660153903,0.3227380952380952,False
3,oracle_full,rbf_svr_C_300_gamma_0p00075_eps_0.02,300.0,0.00075,0.02,0.002349905994604864,0.02796700497798967,1.2538396670133807,0.4857142857142857,False
3,oracle_full,rbf_svr_C_300_gamma_0p00075_eps_0.03,300.0,0.00075,0.03,0.002370153403987655,0.0296410806583242,0.8738819159916602,0.37273809523809526,False
3,oracle_full,rbf_svr_C_300_gamma_0p00075_eps_0.04,300.0,0.00075,0.04,0.002495542698925157,0.032141131667216154,0.6787895829766057,0.3013095238095238,False
3,oracle_full,rbf_svr_C_300_gamma_0p001_eps_0.02,300.0,0.001,0.02,0.0021295734860703906,0.026637356925958776,1.5113924579927698,0.48214285714285715,False
3,oracle_full,rbf_svr_C_300_gamma_0p001_eps_0.03,300.0,0.001,0.03,0.002182728101432479,0.028260401598319027,1.1164077920257114,0.36714285714285716,False
3,oracle_full,rbf_svr_C_300_gamma_0p001_eps_0.04,300.0,0.001,0.04,0.0023030996284772736,0.030611410377714535,0.7480165410088375,0.29523809523809524,False
3,oracle_full,rbf_svr_C_300_gamma_0p003_eps_0.02,300.0,0.003,0.02,0.0020319713740125814,0.02561857131342689,3.065120375016704,0.48142857142857143,False
3,oracle_full,rbf_svr_C_300_gamma_0p003_eps_0.03,300.0,0.003,0.03,0.0021006137260626764,0.027068425295690663,1.7422842920059338,0.36345238095238097,False
3,oracle_full,rbf_svr_C_300_gamma_0p003_eps_0.04,300.0,0.003,0.04,0.002250868619418402,0.029106990089783763,1.163468082959298,0.2876190476190476,False
3,oracle_full,rbf_svr_C_300_gamma_0p01_eps_0.02,300.0,0.01,0.02,0.0028726814489876025,0.03057043466949143,2.8729516660096124,0.5344047619047619,False
3,oracle_full,rbf_svr_C_300_gamma_0p01_eps_0.03,300.0,0.01,0.03,0.0030146653125129063,0.03290758115830422,1.4365312500158325,0.4151190476190476,False
3,oracle_full,rbf_svr_C_300_gamma_0p01_eps_0.04,300.0,0.01,0.04,0.003229084673655933,0.0361611146472615,0.8937755420338362,0.34654761904761905,False
3,oracle_full,rbf_svr_C_500_gamma_0p0005_eps_0.02,500.0,0.0005,0.02,0.0024293066667704245,0.028321870287858254,1.4120388330193236,0.4897619047619048,False
3,oracle_full,rbf_svr_C_500_gamma_0p0005_eps_0.03,500.0,0.0005,0.03,0.0024671027362233072,0.030294455815544075,1.0631870420183986,0.37488095238095237,False
3,oracle_full,rbf_svr_C_500_gamma_0p0005_eps_0.04,500.0,0.0005,0.04,0.0025766921741822756,0.03274401793127286,0.8422365409787744,0.3053571428571429,False
3,oracle_full,rbf_svr_C_500_gamma_0p00075_eps_0.02,500.0,0.00075,0.02,0.002129754344932741,0.02660571600608435,1.9030901250080206,0.4801190476190476,False
3,oracle_full,rbf_svr_C_500_gamma_0p00075_eps_0.03,500.0,0.00075,0.03,0.0021725073605987294,0.0280882334209927,1.4595853749779053,0.36238095238095236,False
3,oracle_full,rbf_svr_C_500_gamma_0p00075_eps_0.04,500.0,0.00075,0.04,0.002296298702497328,0.03037079663291701,0.9876825000392273,0.29154761904761906,False
3,oracle_full,rbf_svr_C_500_gamma_0p001_eps_0.02,500.0,0.001,0.02,0.001980924567795961,0.02547960752582567,2.5304060420021415,0.47404761904761905,False
3,oracle_full,rbf_svr_C_500_gamma_0p001_eps_0.03,500.0,0.001,0.03,0.002034908622847355,0.0270512035727132,1.5097458330565132,0.3554761904761905,False
3,oracle_full,rbf_svr_C_500_gamma_0p001_eps_0.04,500.0,0.001,0.04,0.0021607187257914823,0.02914276390554592,1.2392654590075836,0.28595238095238096,False
3,oracle_full,rbf_svr_C_500_gamma_0p003_eps_0.02,500.0,0.003,0.02,0.002064349454604659,0.02573411772786554,4.903822291991673,0.4886904761904762,False
3,oracle_full,rbf_svr_C_500_gamma_0p003_eps_0.03,500.0,0.003,0.03,0.0021267939373379114,0.027024449426051228,2.691111165971961,0.3661904761904762,False
3,oracle_full,rbf_svr_C_500_gamma_0p003_eps_0.04,500.0,0.003,0.04,0.002275864317526015,0.028961163960424727,1.5330447919550352,0.28785714285714287,False
3,oracle_full,rbf_svr_C_500_gamma_0p01_eps_0.02,500.0,0.01,0.02,0.0028814218115820575,0.030498713779182555,3.7691847500391304,0.5357142857142857,False
3,oracle_full,rbf_svr_C_500_gamma_0p01_eps_0.03,500.0,0.01,0.03,0.003003757763103109,0.032800184723311636,1.759720792004373,0.4180952380952381,False
3,oracle_full,rbf_svr_C_500_gamma_0p01_eps_0.04,500.0,0.01,0.04,0.0032339752696851657,0.036150019006629557,1.1118146250373684,0.34654761904761905,False
3,oracle_full,rbf_svr_C_750_gamma_0p0005_eps_0.02,750.0,0.0005,0.02,0.002266975985577469,0.02727006344856631,2.040789000049699,0.4766666666666667,False
3,oracle_full,rbf_svr_C_750_gamma_0p0005_eps_0.03,750.0,0.0005,0.03,0.002288594688346529,0.028906086859834666,1.3635037500062026,0.36583333333333334,False
3,oracle_full,rbf_svr_C_750_gamma_0p0005_eps_0.04,750.0,0.0005,0.04,0.002417119839457228,0.031171906296424075,1.090782416984439,0.29404761904761906,False
3,oracle_full,rbf_svr_C_750_gamma_0p00075_eps_0.02,750.0,0.00075,0.02,0.00198981082489783,0.025630446335362968,2.9026841670274734,0.4710714285714286,False
3,oracle_full,rbf_svr_C_750_gamma_0p00075_eps_0.03,750.0,0.00075,0.03,0.0020534990922333827,0.02714246110949494,1.887404749984853,0.35428571428571426,False
3,oracle_full,rbf_svr_C_750_gamma_0p00075_eps_0.04,750.0,0.00075,0.04,0.0021605062751892255,0.02907781128000027,1.5069522089906968,0.2826190476190476,False
3,oracle_full,rbf_svr_C_750_gamma_0p001_eps_0.02,750.0,0.001,0.02,0.0019021651963426955,0.024752313071378682,3.8214720839750953,0.4675,False
3,oracle_full,rbf_svr_C_750_gamma_0p001_eps_0.03,750.0,0.001,0.03,0.001929460709405115,0.02613024073010423,2.1969871670007706,0.35345238095238096,False
3,oracle_full,rbf_svr_C_750_gamma_0p001_eps_0.04,750.0,0.001,0.04,0.0020745095185852524,0.028244334502692914,1.686129208013881,0.28214285714285714,False
3,oracle_full,rbf_svr_C_750_gamma_0p003_eps_0.02,750.0,0.003,0.02,0.0021007397144334234,0.025759910895931645,6.474218834016938,0.49214285714285716,False
3,oracle_full,rbf_svr_C_750_gamma_0p003_eps_0.03,750.0,0.003,0.03,0.0021798177528284854,0.02710144726818362,3.4128252920345403,0.37142857142857144,False
3,oracle_full,rbf_svr_C_750_gamma_0p003_eps_0.04,750.0,0.003,0.04,0.002302576201767353,0.028979103283150502,1.7893761250306852,0.2898809523809524,False
3,oracle_full,rbf_svr_C_750_gamma_0p01_eps_0.02,750.0,0.01,0.02,0.0028763521988597715,0.030469087665073606,4.315419207967352,0.5382142857142858,False
3,oracle_full,rbf_svr_C_750_gamma_0p01_eps_0.03,750.0,0.01,0.03,0.0030091044008712002,0.032825024675632405,1.9260615420062095,0.4169047619047619,False
3,oracle_full,rbf_svr_C_750_gamma_0p01_eps_0.04,750.0,0.01,0.04,0.003246561607116851,0.036193690041001786,1.1948557080468163,0.3476190476190476,False
3,oracle_full,rbf_svr_C_1000_gamma_0p0005_eps_0.02,1000.0,0.0005,0.02,0.0021418468159026724,0.02658115231626766,2.5508297499618493,0.4744047619047619,False
3,oracle_full,rbf_svr_C_1000_gamma_0p0005_eps_0.03,1000.0,0.0005,0.03,0.0022015718740107755,0.0281350611574553,1.8498179590096697,0.36273809523809525,False
3,oracle_full,rbf_svr_C_1000_gamma_0p0005_eps_0.04,1000.0,0.0005,0.04,0.0023087645909459285,0.03024579664522308,1.4696079170098528,0.2876190476190476,False
3,oracle_full,rbf_svr_C_1000_gamma_0p00075_eps_0.02,1000.0,0.00075,0.02,0.0019219852927792453,0.025075230673930922,4.037737083970569,0.4695238095238095,False
3,oracle_full,rbf_svr_C_1000_gamma_0p00075_eps_0.03,1000.0,0.00075,0.03,0.001975569320473703,0.026497438170184604,2.73194233403774,0.35345238095238096,False
3,oracle_full,rbf_svr_C_1000_gamma_0p00075_eps_0.04,1000.0,0.00075,0.04,0.0020942831792305177,0.0284812309147694,1.6948121250024997,0.28404761904761905,False
3,oracle_full,rbf_svr_C_1000_gamma_0p001_eps_0.02,1000.0,0.001,0.02,0.001868217940669011,0.024514504959934128,5.081372834043577,0.4682142857142857,True
3,oracle_full,rbf_svr_C_1000_gamma_0p001_eps_0.03,1000.0,0.001,0.03,0.0018791223207935406,0.0256648820639568,2.8299934590468183,0.3497619047619048,False
3,oracle_full,rbf_svr_C_1000_gamma_0p001_eps_0.04,1000.0,0.001,0.04,0.0020074700952180968,0.027547947863591007,1.9855017919908278,0.28035714285714286,False
3,oracle_full,rbf_svr_C_1000_gamma_0p003_eps_0.02,1000.0,0.003,0.02,0.002152028152925354,0.025861269949161884,8.784763000032399,0.4928571428571429,False
3,oracle_full,rbf_svr_C_1000_gamma_0p003_eps_0.03,1000.0,0.003,0.03,0.0022051080917885237,0.02719898268634763,4.166261125006713,0.3726190476190476,False
3,oracle_full,rbf_svr_C_1000_gamma_0p003_eps_0.04,1000.0,0.003,0.04,0.002317322980518111,0.029114430317800716,2.4796295419801027,0.2929761904761905,False
3,oracle_full,rbf_svr_C_1000_gamma_0p01_eps_0.02,1000.0,0.01,0.02,0.0028760256609577295,0.03045206002826517,4.338656333042309,0.539047619047619,False
3,oracle_full,rbf_svr_C_1000_gamma_0p01_eps_0.03,1000.0,0.01,0.03,0.0030131698727848652,0.03282756066555085,2.305419832991902,0.4182142857142857,False
3,oracle_full,rbf_svr_C_1000_gamma_0p01_eps_0.04,1000.0,0.01,0.04,0.003249951234585889,0.036199069129440264,1.2513479579938576,0.34833333333333333,False
4,oracle_full,rbf_svr_C_100_gamma_0p0005_eps_0.02,100.0,0.0005,0.02,0.003529758454712681,0.0365044329223128,0.4516909999656491,0.5489285714285714,False
4,oracle_full,rbf_svr_C_100_gamma_0p0005_eps_0.03,100.0,0.0005,0.03,0.0034944840517163634,0.03864487964469717,0.37683762499364093,0.4486904761904762,False
4,oracle_full,rbf_svr_C_100_gamma_0p0005_eps_0.04,100.0,0.0005,0.04,0.003556818300545482,0.041520317966817225,0.34432483301497996,0.37714285714285717,False
4,oracle_full,rbf_svr_C_100_gamma_0p00075_eps_0.02,100.0,0.00075,0.02,0.0029857142586395,0.033268196913542866,0.544447417021729,0.5219047619047619,False
4,oracle_full,rbf_svr_C_100_gamma_0p00075_eps_0.03,100.0,0.00075,0.03,0.0029856472425747,0.035314409755191734,0.4411305829999037,0.4173809523809524,False
4,oracle_full,rbf_svr_C_100_gamma_0p00075_eps_0.04,100.0,0.00075,0.04,0.0031283307454344983,0.038505022772848896,0.3891146249952726,0.3461904761904762,False
4,oracle_full,rbf_svr_C_100_gamma_0p001_eps_0.02,100.0,0.001,0.02,0.0026983454848074867,0.031451618522946055,0.6775555000058375,0.5042857142857143,False
4,oracle_full,rbf_svr_C_100_gamma_0p001_eps_0.03,100.0,0.001,0.03,0.0027361561737774417,0.033525515020378864,0.5026482079993002,0.3933333333333333,False
4,oracle_full,rbf_svr_C_100_gamma_0p001_eps_0.04,100.0,0.001,0.04,0.0028452307244249903,0.03627084345262165,0.432071040966548,0.3213095238095238,False
4,oracle_full,rbf_svr_C_100_gamma_0p003_eps_0.02,100.0,0.003,0.02,0.002057950314997057,0.027116037012570135,1.343935374985449,0.48023809523809524,False
4,oracle_full,rbf_svr_C_100_gamma_0p003_eps_0.03,100.0,0.003,0.03,0.002183963102557156,0.028975976731495646,0.7855971250100993,0.3644047619047619,False
4,oracle_full,rbf_svr_C_100_gamma_0p003_eps_0.04,100.0,0.003,0.04,0.0023854240650079354,0.03188619314501193,0.5715546669671312,0.2941666666666667,False
4,oracle_full,rbf_svr_C_100_gamma_0p01_eps_0.02,100.0,0.01,0.02,0.0023104965953311906,0.02923007895547929,1.575507125002332,0.5266666666666666,False
4,oracle_full,rbf_svr_C_100_gamma_0p01_eps_0.03,100.0,0.01,0.03,0.0025189481000458033,0.031888292511078734,0.8853659999440424,0.4126190476190476,False
4,oracle_full,rbf_svr_C_100_gamma_0p01_eps_0.04,100.0,0.01,0.04,0.0027747569856321186,0.03502501503586066,0.66939158301102,0.3441666666666667,False
4,oracle_full,rbf_svr_C_300_gamma_0p0005_eps_0.02,300.0,0.0005,0.02,0.002644780085092913,0.03100652056242699,1.0275763329700567,0.5057142857142857,False
4,oracle_full,rbf_svr_C_300_gamma_0p0005_eps_0.03,300.0,0.0005,0.03,0.002659194806362443,0.032921179758732814,0.6838448750204407,0.3888095238095238,False
4,oracle_full,rbf_svr_C_300_gamma_0p0005_eps_0.04,300.0,0.0005,0.04,0.002766667510714566,0.03550023554564366,0.539091750048101,0.31785714285714284,False
4,oracle_full,rbf_svr_C_300_gamma_0p00075_eps_0.02,300.0,0.00075,0.02,0.0023217284671609426,0.029010230106952722,1.2174656669958495,0.48345238095238097,False
4,oracle_full,rbf_svr_C_300_gamma_0p00075_eps_0.03,300.0,0.00075,0.03,0.002354198827594407,0.030827678749773938,0.8849909160053357,0.3688095238095238,False
4,oracle_full,rbf_svr_C_300_gamma_0p00075_eps_0.04,300.0,0.00075,0.04,0.002442608673348077,0.033028169112130676,0.6968933750176802,0.2976190476190476,False
4,oracle_full,rbf_svr_C_300_gamma_0p001_eps_0.02,300.0,0.001,0.02,0.0020950006567648045,0.027491768493864484,1.4404023750103079,0.47285714285714286,False
4,oracle_full,rbf_svr_C_300_gamma_0p001_eps_0.03,300.0,0.001,0.03,0.0021896153361315287,0.02936616279656827,1.0398352079791948,0.3638095238095238,False
4,oracle_full,rbf_svr_C_300_gamma_0p001_eps_0.04,300.0,0.001,0.04,0.0022980104016120354,0.03192706711036378,0.7778242080239579,0.29119047619047617,False
4,oracle_full,rbf_svr_C_300_gamma_0p003_eps_0.02,300.0,0.003,0.02,0.0018940126851410628,0.025381746088891873,3.3485420829965733,0.48035714285714287,False
4,oracle_full,rbf_svr_C_300_gamma_0p003_eps_0.03,300.0,0.003,0.03,0.001985466341199159,0.026992154108402208,1.9647360420203768,0.35928571428571426,False
4,oracle_full,rbf_svr_C_300_gamma_0p003_eps_0.04,300.0,0.003,0.04,0.0021015664895827463,0.029374932500358983,1.1271718749776483,0.28523809523809524,False
4,oracle_full,rbf_svr_C_300_gamma_0p01_eps_0.02,300.0,0.01,0.02,0.0023332306980410663,0.029016184589108537,3.1382410840014927,0.5332142857142858,False
4,oracle_full,rbf_svr_C_300_gamma_0p01_eps_0.03,300.0,0.01,0.03,0.0024563796889507205,0.031209368725578918,1.6368284589843825,0.4155952380952381,False
4,oracle_full,rbf_svr_C_300_gamma_0p01_eps_0.04,300.0,0.01,0.04,0.002715594163477201,0.034520391021909354,1.0372038329951465,0.3458333333333333,False
4,oracle_full,rbf_svr_C_500_gamma_0p0005_eps_0.02,500.0,0.0005,0.02,0.0023589627597811495,0.02917607725876944,1.4121976250316948,0.48583333333333334,False
4,oracle_full,rbf_svr_C_500_gamma_0p0005_eps_0.03,500.0,0.0005,0.03,0.0023782632643734067,0.030901197890302084,0.988575708004646,0.37226190476190474,False
4,oracle_full,rbf_svr_C_500_gamma_0p0005_eps_0.04,500.0,0.0005,0.04,0.0024790735582007712,0.03331525830468196,0.721723040973302,0.29797619047619045,False
4,oracle_full,rbf_svr_C_500_gamma_0p00075_eps_0.02,500.0,0.00075,0.02,0.002084001462009813,0.027407719588710473,2.0232021249830723,0.4705952380952381,False
4,oracle_full,rbf_svr_C_500_gamma_0p00075_eps_0.03,500.0,0.00075,0.03,0.002155275369962141,0.029086833227683226,1.2974251660052687,0.35892857142857143,False
4,oracle_full,rbf_svr_C_500_gamma_0p00075_eps_0.04,500.0,0.00075,0.04,0.002247572716699319,0.03149238693283057,0.9964694579830393,0.2851190476190476,False
4,oracle_full,rbf_svr_C_500_gamma_0p001_eps_0.02,500.0,0.001,0.02,0.001933018926779995,0.026272859843513227,2.610220875008963,0.46714285714285714,False
4,oracle_full,rbf_svr_C_500_gamma_0p001_eps_0.03,500.0,0.001,0.03,0.0020322372533851238,0.02806681785052431,1.6273212080122903,0.3519047619047619,False
4,oracle_full,rbf_svr_C_500_gamma_0p001_eps_0.04,500.0,0.001,0.04,0.002154341911248679,0.03053185029877599,1.1345639170031063,0.2835714285714286,False
4,oracle_full,rbf_svr_C_500_gamma_0p003_eps_0.02,500.0,0.003,0.02,0.001903768828708863,0.025156346819075043,5.096480166015681,0.4860714285714286,False
4,oracle_full,rbf_svr_C_500_gamma_0p003_eps_0.03,500.0,0.003,0.03,0.0019396865598839555,0.02655584555935267,2.529206791019533,0.3630952380952381,False
4,oracle_full,rbf_svr_C_500_gamma_0p003_eps_0.04,500.0,0.003,0.04,0.0020477217349810554,0.02862007405722212,1.5209855830180459,0.2845238095238095,False
4,oracle_full,rbf_svr_C_500_gamma_0p01_eps_0.02,500.0,0.01,0.02,0.002359689303687194,0.02904319165670217,3.3503542090184055,0.5357142857142857,False
4,oracle_full,rbf_svr_C_500_gamma_0p01_eps_0.03,500.0,0.01,0.03,0.002456781116650917,0.031199785229035236,1.9048930419958197,0.41773809523809524,False
4,oracle_full,rbf_svr_C_500_gamma_0p01_eps_0.04,500.0,0.01,0.04,0.002717870509853528,0.034472874185249774,0.9798363749869168,0.34523809523809523,False
4,oracle_full,rbf_svr_C_750_gamma_0p0005_eps_0.02,750.0,0.0005,0.02,0.002221657155410589,0.028225755042423577,1.8990848750108853,0.47273809523809524,False
4,oracle_full,rbf_svr_C_750_gamma_0p0005_eps_0.03,750.0,0.0005,0.03,0.0022272883439901025,0.02970220125656806,1.3281847499893047,0.3620238095238095,False
4,oracle_full,rbf_svr_C_750_gamma_0p0005_eps_0.04,750.0,0.0005,0.04,0.0023304179857637146,0.03189733027769812,1.1771074999705888,0.2873809523809524,False
4,oracle_full,rbf_svr_C_750_gamma_0p00075_eps_0.02,750.0,0.00075,0.02,0.001957715043363641,0.02637978007343763,2.830899833003059,0.46416666666666667,False
4,oracle_full,rbf_svr_C_750_gamma_0p00075_eps_0.03,750.0,0.00075,0.03,0.002043205340166131,0.02810910393109666,1.8276054589659907,0.3522619047619048,False
4,oracle_full,rbf_svr_C_750_gamma_0p00075_eps_0.04,750.0,0.00075,0.04,0.0021509747621226995,0.030552244242673807,1.279621708963532,0.2823809523809524,False
4,oracle_full,rbf_svr_C_750_gamma_0p001_eps_0.02,750.0,0.001,0.02,0.0018201859078828785,0.025433368513078904,3.4436439590062946,0.4617857142857143,False
4,oracle_full,rbf_svr_C_750_gamma_0p001_eps_0.03,750.0,0.001,0.03,0.0019096805102318145,0.02722124108995192,2.1549549169722013,0.3485714285714286,False
4,oracle_full,rbf_svr_C_750_gamma_0p001_eps_0.04,750.0,0.001,0.04,0.002073541751597794,0.029525135715974492,1.4462982499971986,0.27964285714285714,False
4,oracle_full,rbf_svr_C_750_gamma_0p003_eps_0.02,750.0,0.003,0.02,0.0019325493195179835,0.02518998011515341,7.094593666959554,0.4894047619047619,False
4,oracle_full,rbf_svr_C_750_gamma_0p003_eps_0.03,750.0,0.003,0.03,0.0019457548283086303,0.026427013766852414,3.8219399160007015,0.36583333333333334,False
4,oracle_full,rbf_svr_C_750_gamma_0p003_eps_0.04,750.0,0.003,0.04,0.0020578593385942186,0.028410163703997356,1.9025423330022022,0.2889285714285714,False
4,oracle_full,rbf_svr_C_750_gamma_0p01_eps_0.02,750.0,0.01,0.02,0.0023620412283958774,0.02907006507427089,3.750517707958352,0.535952380952381,False
4,oracle_full,rbf_svr_C_750_gamma_0p01_eps_0.03,750.0,0.01,0.03,0.002463542614454179,0.031224554072091102,1.988392291998025,0.4176190476190476,False
4,oracle_full,rbf_svr_C_750_gamma_0p01_eps_0.04,750.0,0.01,0.04,0.0027185816690235296,0.03443241754161096,1.045321125013288,0.3455952380952381,False
4,oracle_full,rbf_svr_C_1000_gamma_0p0005_eps_0.02,1000.0,0.0005,0.02,0.002086518456829969,0.027387513076990663,2.5110464160097763,0.4708333333333333,False
4,oracle_full,rbf_svr_C_1000_gamma_0p0005_eps_0.03,1000.0,0.0005,0.03,0.002146468153342325,0.028996061179117214,1.7041977499611676,0.3580952380952381,False
4,oracle_full,rbf_svr_C_1000_gamma_0p0005_eps_0.04,1000.0,0.0005,0.04,0.002234578793166632,0.03126457637477933,1.3527077080216259,0.2845238095238095,False
4,oracle_full,rbf_svr_C_1000_gamma_0p00075_eps_0.02,1000.0,0.00075,0.02,0.0018966255866531038,0.0258205282391639,3.4797415410284884,0.4620238095238095,False
4,oracle_full,rbf_svr_C_1000_gamma_0p00075_eps_0.03,1000.0,0.00075,0.03,0.001974576879443328,0.027581054999942258,2.3720482499920763,0.3492857142857143,False
4,oracle_full,rbf_svr_C_1000_gamma_0p00075_eps_0.04,1000.0,0.00075,0.04,0.002085246097348108,0.029840997596326906,1.7338605410186574,0.27964285714285714,False
4,oracle_full,rbf_svr_C_1000_gamma_0p001_eps_0.02,1000.0,0.001,0.02,0.0017645979264308564,0.02495925873024935,4.539526542008389,0.4589285714285714,True
4,oracle_full,rbf_svr_C_1000_gamma_0p001_eps_0.03,1000.0,0.001,0.03,0.0018557514936517164,0.0267440891119908,3.018164583016187,0.3466666666666667,False
4,oracle_full,rbf_svr_C_1000_gamma_0p001_eps_0.04,1000.0,0.001,0.04,0.0020407269027794706,0.02896034671853009,1.907868583977688,0.2791666666666667,False
4,oracle_full,rbf_svr_C_1000_gamma_0p003_eps_0.02,1000.0,0.003,0.02,0.0019543728186770287,0.025259826702790485,9.109152499993797,0.49476190476190474,False
4,oracle_full,rbf_svr_C_1000_gamma_0p003_eps_0.03,1000.0,0.003,0.03,0.001959599563029804,0.026399677982164915,3.9446478750323877,0.3655952380952381,False
4,oracle_full,rbf_svr_C_1000_gamma_0p003_eps_0.04,1000.0,0.003,0.04,0.002074917854963969,0.028447362802889207,2.40242770902114,0.29119047619047617,False
4,oracle_full,rbf_svr_C_1000_gamma_0p01_eps_0.02,1000.0,0.01,0.02,0.002361516610605688,0.02910051542600151,3.9437916669994593,0.5379761904761905,False
4,oracle_full,rbf_svr_C_1000_gamma_0p01_eps_0.03,1000.0,0.01,0.03,0.0024650910150869313,0.03123815338603959,1.9286477909772657,0.4176190476190476,False
4,oracle_full,rbf_svr_C_1000_gamma_0p01_eps_0.04,1000.0,0.01,0.04,0.0027185816690235296,0.03443241754161096,1.0730940419598483,0.3455952380952381,False
5,oracle_full,rbf_svr_C_100_gamma_0p0005_eps_0.02,100.0,0.0005,0.02,0.003100655310520978,0.033072311184829194,0.4935025419690646,0.5632142857142857,False
5,oracle_full,rbf_svr_C_100_gamma_0p0005_eps_0.03,100.0,0.0005,0.03,0.0030905207343791354,0.03527081466782192,0.36876054102322087,0.4564285714285714,False
5,oracle_full,rbf_svr_C_100_gamma_0p0005_eps_0.04,100.0,0.0005,0.04,0.0031625680917258237,0.03819380063072294,0.3248026669607498,0.38333333333333336,False
5,oracle_full,rbf_svr_C_100_gamma_0p00075_eps_0.02,100.0,0.00075,0.02,0.0026262242200791094,0.030119551583516934,0.5367771669989452,0.5319047619047619,False
5,oracle_full,rbf_svr_C_100_gamma_0p00075_eps_0.03,100.0,0.00075,0.03,0.002662011119047764,0.032268279195943717,0.4187032920308411,0.4201190476190476,False
5,oracle_full,rbf_svr_C_100_gamma_0p00075_eps_0.04,100.0,0.00075,0.04,0.0027679078374765317,0.03508476314494437,0.35393525002291426,0.3475,False
5,oracle_full,rbf_svr_C_100_gamma_0p001_eps_0.02,100.0,0.001,0.02,0.0023577096619992843,0.02846618529849775,0.648097500030417,0.5116666666666667,False
5,oracle_full,rbf_svr_C_100_gamma_0p001_eps_0.03,100.0,0.001,0.03,0.0024092474646505283,0.030451058844491955,0.49267762497765943,0.4011904761904762,False
5,oracle_full,rbf_svr_C_100_gamma_0p001_eps_0.04,100.0,0.001,0.04,0.0025129108812042625,0.032893534989139016,0.40134570898953825,0.32845238095238094,False
5,oracle_full,rbf_svr_C_100_gamma_0p003_eps_0.02,100.0,0.003,0.02,0.001688578682563922,0.024143842046629414,1.287555417045951,0.49047619047619045,False
5,oracle_full,rbf_svr_C_100_gamma_0p003_eps_0.03,100.0,0.003,0.03,0.0017860085089143475,0.02579961891336412,0.9034452500054613,0.3782142857142857,False
5,oracle_full,rbf_svr_C_100_gamma_0p003_eps_0.04,100.0,0.003,0.04,0.0019400891930361473,0.028220150913659505,0.6000822079950012,0.30642857142857144,False
5,oracle_full,rbf_svr_C_100_gamma_0p01_eps_0.02,100.0,0.01,0.02,0.0023472305335381005,0.02779564379746933,1.6283999999868684,0.5369047619047619,False
5,oracle_full,rbf_svr_C_100_gamma_0p01_eps_0.03,100.0,0.01,0.03,0.002459584852430713,0.029632457992055904,0.9773699590004981,0.4204761904761905,False
5,oracle_full,rbf_svr_C_100_gamma_0p01_eps_0.04,100.0,0.01,0.04,0.0027167410934592277,0.03274969938162926,0.6878274999908172,0.3492857142857143,False
5,oracle_full,rbf_svr_C_300_gamma_0p0005_eps_0.02,300.0,0.0005,0.02,0.0023259516428308573,0.02824320489337476,0.9428094580071047,0.5125,False
5,oracle_full,rbf_svr_C_300_gamma_0p0005_eps_0.03,300.0,0.0005,0.03,0.002376748905529015,0.030244043391876987,0.6604388749692589,0.3985714285714286,False
5,oracle_full,rbf_svr_C_300_gamma_0p0005_eps_0.04,300.0,0.0005,0.04,0.0024931865673418034,0.032679071726453825,0.530027125030756,0.3264285714285714,False
5,oracle_full,rbf_svr_C_300_gamma_0p00075_eps_0.02,300.0,0.00075,0.02,0.001980175461402362,0.025833753772075013,1.2766066660406068,0.49154761904761907,False
5,oracle_full,rbf_svr_C_300_gamma_0p00075_eps_0.03,300.0,0.00075,0.03,0.0020324115014142686,0.02763273182286131,0.9157104580081068,0.3798809523809524,False
5,oracle_full,rbf_svr_C_300_gamma_0p00075_eps_0.04,300.0,0.00075,0.04,0.0021511496287725793,0.03004604132879697,0.6667234590277076,0.30452380952380953,False
5,oracle_full,rbf_svr_C_300_gamma_0p001_eps_0.02,300.0,0.001,0.02,0.001779714363634557,0.0244999386356311,1.58680245798314,0.4845238095238095,False
5,oracle_full,rbf_svr_C_300_gamma_0p001_eps_0.03,300.0,0.001,0.03,0.0018381583470837225,0.02629033976907088,1.0238426660071127,0.36904761904761907,False
5,oracle_full,rbf_svr_C_300_gamma_0p001_eps_0.04,300.0,0.001,0.04,0.001962467112779308,0.028506556282567774,0.7645194590440951,0.29285714285714287,False
5,oracle_full,rbf_svr_C_300_gamma_0p003_eps_0.02,300.0,0.003,0.02,0.001456902039926295,0.022665454268904973,3.345840791997034,0.49166666666666664,False
5,oracle_full,rbf_svr_C_300_gamma_0p003_eps_0.03,300.0,0.003,0.03,0.001519754788861719,0.023756577404057542,1.7518562499899417,0.37273809523809526,False
5,oracle_full,rbf_svr_C_300_gamma_0p003_eps_0.04,300.0,0.003,0.04,0.0016960379444376445,0.025747511986978198,1.1137356669642031,0.2985714285714286,False
5,oracle_full,rbf_svr_C_300_gamma_0p01_eps_0.02,300.0,0.01,0.02,0.002389789699319202,0.027686443196231127,2.8917334160069004,0.539047619047619,False
5,oracle_full,rbf_svr_C_300_gamma_0p01_eps_0.03,300.0,0.01,0.03,0.0025323246243957086,0.02961676395364036,1.6154605000047013,0.4238095238095238,False
5,oracle_full,rbf_svr_C_300_gamma_0p01_eps_0.04,300.0,0.01,0.04,0.0027360714819063612,0.03239523687115931,1.0260577079607174,0.35,False
5,oracle_full,rbf_svr_C_500_gamma_0p0005_eps_0.02,500.0,0.0005,0.02,0.0020538235677969125,0.026389939512510827,1.3152114580152556,0.49273809523809525,False
5,oracle_full,rbf_svr_C_500_gamma_0p0005_eps_0.03,500.0,0.0005,0.03,0.0021255793680493356,0.028267563700654346,0.9786725419689901,0.3819047619047619,False
5,oracle_full,rbf_svr_C_500_gamma_0p0005_eps_0.04,500.0,0.0005,0.04,0.0022458089223501634,0.030677826724764393,0.7424812910030596,0.3057142857142857,False
5,oracle_full,rbf_svr_C_500_gamma_0p00075_eps_0.02,500.0,0.00075,0.02,0.0017502978270155884,0.024293858329178634,2.031977459031623,0.4825,False
5,oracle_full,rbf_svr_C_500_gamma_0p00075_eps_0.03,500.0,0.00075,0.03,0.0018111033682271268,0.02611311633461966,1.5781425000168383,0.37,False
5,oracle_full,rbf_svr_C_500_gamma_0p00075_eps_0.04,500.0,0.00075,0.04,0.001942309560635094,0.028290122952143747,0.9129591250093654,0.29023809523809524,False
5,oracle_full,rbf_svr_C_500_gamma_0p001_eps_0.02,500.0,0.001,0.02,0.001623616160447044,0.023561384205937053,2.358628874993883,0.4764285714285714,False
5,oracle_full,rbf_svr_C_500_gamma_0p001_eps_0.03,500.0,0.001,0.03,0.0016895843413895623,0.02509869565585274,1.5640116250142455,0.3651190476190476,False
5,oracle_full,rbf_svr_C_500_gamma_0p001_eps_0.04,500.0,0.001,0.04,0.0018058750773106826,0.02722834814139687,1.2192588330362923,0.2885714285714286,False
5,oracle_full,rbf_svr_C_500_gamma_0p003_eps_0.02,500.0,0.003,0.02,0.0014376545381284518,0.022392208118444907,4.907817416999023,0.4961904761904762,True
5,oracle_full,rbf_svr_C_500_gamma_0p003_eps_0.03,500.0,0.003,0.03,0.0015251044018800568,0.02359069964351789,3.0532534169615246,0.37142857142857144,False
5,oracle_full,rbf_svr_C_500_gamma_0p003_eps_0.04,500.0,0.003,0.04,0.0016854333363600829,0.025464800514935326,1.7819009170052595,0.30095238095238097,False
5,oracle_full,rbf_svr_C_500_gamma_0p01_eps_0.02,500.0,0.01,0.02,0.002401324930969915,0.027643968499046077,3.738842416962143,0.5394047619047619,False
5,oracle_full,rbf_svr_C_500_gamma_0p01_eps_0.03,500.0,0.01,0.03,0.002532892553657423,0.029464938073784096,1.968619999999646,0.4245238095238095,False
5,oracle_full,rbf_svr_C_500_gamma_0p01_eps_0.04,500.0,0.01,0.04,0.002737572632926508,0.03231968984314581,1.1261593329836614,0.3486904761904762,False
5,oracle_full,rbf_svr_C_750_gamma_0p0005_eps_0.02,750.0,0.0005,0.02,0.0018625403043841546,0.025012043661018276,2.168306333012879,0.4869047619047619,False
5,oracle_full,rbf_svr_C_750_gamma_0p0005_eps_0.03,750.0,0.0005,0.03,0.0019210742721204013,0.02682502218614992,1.3601577910012566,0.3717857142857143,False
5,oracle_full,rbf_svr_C_750_gamma_0p0005_eps_0.04,750.0,0.0005,0.04,0.0020442504231786367,0.029061273897307817,1.0782100420328788,0.29285714285714287,False
5,oracle_full,rbf_svr_C_750_gamma_0p00075_eps_0.02,750.0,0.00075,0.02,0.0016096845418524363,0.023495834274406827,2.5050659159896895,0.47464285714285714,False
5,oracle_full,rbf_svr_C_750_gamma_0p00075_eps_0.03,750.0,0.00075,0.03,0.0016912299444064446,0.025235631328746795,1.965779250022024,0.36654761904761907,False
5,oracle_full,rbf_svr_C_750_gamma_0p00075_eps_0.04,750.0,0.00075,0.04,0.0018208605360288705,0.027229242267557793,1.3008028750191443,0.2854761904761905,False
5,oracle_full,rbf_svr_C_750_gamma_0p001_eps_0.02,750.0,0.001,0.02,0.0015445971382931783,0.02295039585286097,3.1638722920324653,0.47619047619047616,False
5,oracle_full,rbf_svr_C_750_gamma_0p001_eps_0.03,750.0,0.001,0.03,0.0016188645817428484,0.024573871697084675,2.4730804589926265,0.36297619047619045,False
5,oracle_full,rbf_svr_C_750_gamma_0p001_eps_0.04,750.0,0.001,0.04,0.0017182738730662564,0.026407926176128676,1.4914872500230558,0.28535714285714286,False
5,oracle_full,rbf_svr_C_750_gamma_0p003_eps_0.02,750.0,0.003,0.02,0.0014670367707506208,0.022383262584136365,6.584446332999505,0.5002380952380953,False
5,oracle_full,rbf_svr_C_750_gamma_0p003_eps_0.03,750.0,0.003,0.03,0.001553851450761498,0.023676025932172676,3.629620374995284,0.37761904761904763,False
5,oracle_full,rbf_svr_C_750_gamma_0p003_eps_0.04,750.0,0.003,0.04,0.001670871553190846,0.025251740795248157,2.160722207976505,0.3051190476190476,False
5,oracle_full,rbf_svr_C_750_gamma_0p01_eps_0.02,750.0,0.01,0.02,0.002409249281951416,0.02764683670371612,3.89292208396364,0.5436904761904762,False
5,oracle_full,rbf_svr_C_750_gamma_0p01_eps_0.03,750.0,0.01,0.03,0.002540499930538968,0.029468372459550602,2.149936207977589,0.42547619047619045,False
5,oracle_full,rbf_svr_C_750_gamma_0p01_eps_0.04,750.0,0.01,0.04,0.002746074588194943,0.03238429968573835,1.266222208039835,0.3485714285714286,False
5,oracle_full,rbf_svr_C_1000_gamma_0p0005_eps_0.02,1000.0,0.0005,0.02,0.0017431756033899695,0.024205696889897595,2.8015756249660626,0.48154761904761906,False
5,oracle_full,rbf_svr_C_1000_gamma_0p0005_eps_0.03,1000.0,0.0005,0.03,0.001799227616154236,0.026041308960905337,1.7549550000112504,0.3678571428571429,False
5,oracle_full,rbf_svr_C_1000_gamma_0p0005_eps_0.04,1000.0,0.0005,0.04,0.0019454973140590984,0.028275665742082914,1.1988286249688827,0.2873809523809524,False
5,oracle_full,rbf_svr_C_1000_gamma_0p00075_eps_0.02,1000.0,0.00075,0.02,0.0015625223231710984,0.02317620712904441,3.540622250002343,0.47464285714285714,False
5,oracle_full,rbf_svr_C_1000_gamma_0p00075_eps_0.03,1000.0,0.00075,0.03,0.001626974333040804,0.024722894972366693,2.574862374982331,0.3626190476190476,False
5,oracle_full,rbf_svr_C_1000_gamma_0p00075_eps_0.04,1000.0,0.00075,0.04,0.0017404734518396984,0.02666276451468487,1.5782508340198547,0.2819047619047619,False
5,oracle_full,rbf_svr_C_1000_gamma_0p001_eps_0.02,1000.0,0.001,0.02,0.0014703859589544393,0.022432770385838602,5.205054541002028,0.4788095238095238,False
5,oracle_full,rbf_svr_C_1000_gamma_0p001_eps_0.03,1000.0,0.001,0.03,0.0015671584542763751,0.024140209293446863,2.9500453749787994,0.3613095238095238,False
5,oracle_full,rbf_svr_C_1000_gamma_0p001_eps_0.04,1000.0,0.001,0.04,0.0016677746659850214,0.025849750263905305,2.0108295420068316,0.2833333333333333,False
5,oracle_full,rbf_svr_C_1000_gamma_0p003_eps_0.02,1000.0,0.003,0.02,0.0015087472965203616,0.02259620205539604,8.915145292005036,0.5057142857142857,False
5,oracle_full,rbf_svr_C_1000_gamma_0p003_eps_0.03,1000.0,0.003,0.03,0.0015783145365598052,0.023728671471403576,4.545477709034458,0.3769047619047619,False
5,oracle_full,rbf_svr_C_1000_gamma_0p003_eps_0.04,1000.0,0.003,0.04,0.001684770690180819,0.025227660047715473,2.620351458026562,0.305952380952381,False
5,oracle_full,rbf_svr_C_1000_gamma_0p01_eps_0.02,1000.0,0.01,0.02,0.0024170656617509205,0.027695479798607505,4.698812875023577,0.5445238095238095,False
5,oracle_full,rbf_svr_C_1000_gamma_0p01_eps_0.03,1000.0,0.01,0.03,0.002547753883390931,0.02953692506255682,2.380964750016574,0.4261904761904762,False
5,oracle_full,rbf_svr_C_1000_gamma_0p01_eps_0.04,1000.0,0.01,0.04,0.002748054100191671,0.032416848031401865,1.3268921250128187,0.35,False
6,oracle_full,rbf_svr_C_100_gamma_0p0005_eps_0.02,100.0,0.0005,0.02,0.0035268245363830244,0.03515042006882572,0.43189412500942126,0.5615476190476191,False
6,oracle_full,rbf_svr_C_100_gamma_0p0005_eps_0.03,100.0,0.0005,0.03,0.003477936184397559,0.03721841631779749,0.3807585840113461,0.45630952380952383,False
6,oracle_full,rbf_svr_C_100_gamma_0p0005_eps_0.04,100.0,0.0005,0.04,0.0035359655458104436,0.04011540382974587,0.3266913340194151,0.3867857142857143,False
6,oracle_full,rbf_svr_C_100_gamma_0p00075_eps_0.02,100.0,0.00075,0.02,0.0030641794018014916,0.032165810770233776,0.555969167035073,0.5267857142857143,False
6,oracle_full,rbf_svr_C_100_gamma_0p00075_eps_0.03,100.0,0.00075,0.03,0.0030242616300578755,0.03408801199421864,0.4276908750180155,0.42095238095238097,False
6,oracle_full,rbf_svr_C_100_gamma_0p00075_eps_0.04,100.0,0.00075,0.04,0.00308560218672121,0.03682997683658718,0.3812202499830164,0.3513095238095238,False
6,oracle_full,rbf_svr_C_100_gamma_0p001_eps_0.02,100.0,0.001,0.02,0.002760668028062361,0.030315615038356437,0.6293033750262111,0.508452380952381,False
6,oracle_full,rbf_svr_C_100_gamma_0p001_eps_0.03,100.0,0.001,0.03,0.0027659309675516514,0.03243402660984992,0.4937923329998739,0.3986904761904762,False
6,oracle_full,rbf_svr_C_100_gamma_0p001_eps_0.04,100.0,0.001,0.04,0.002855234985276607,0.035090701065407584,0.4020566249964759,0.33095238095238094,False
6,oracle_full,rbf_svr_C_100_gamma_0p003_eps_0.02,100.0,0.003,0.02,0.002097974363049724,0.026621661551226528,1.2040171250118874,0.4804761904761905,False
6,oracle_full,rbf_svr_C_100_gamma_0p003_eps_0.03,100.0,0.003,0.03,0.002140383553886458,0.028302598381996336,0.9966652909643017,0.37226190476190474,False
6,oracle_full,rbf_svr_C_100_gamma_0p003_eps_0.04,100.0,0.003,0.04,0.0023339284733990477,0.030823645788627507,0.6182473750086501,0.3011904761904762,False
6,oracle_full,rbf_svr_C_100_gamma_0p01_eps_0.02,100.0,0.01,0.02,0.002473708129948035,0.0296347545930341,1.71688483300386,0.53,False
6,oracle_full,rbf_svr_C_100_gamma_0p01_eps_0.03,100.0,0.01,0.03,0.00265847494294889,0.03175580606324041,0.8790333339711651,0.4147619047619048,False
6,oracle_full,rbf_svr_C_100_gamma_0p01_eps_0.04,100.0,0.01,0.04,0.002960057320224966,0.035066473780925186,0.6903802499873564,0.34785714285714286,False
6,oracle_full,rbf_svr_C_300_gamma_0p0005_eps_0.02,300.0,0.0005,0.02,0.002725653478925235,0.029916659413726395,0.8740349589497782,0.5061904761904762,False
6,oracle_full,rbf_svr_C_300_gamma_0p0005_eps_0.03,300.0,0.0005,0.03,0.0026886604177865582,0.03166961970837176,0.6994191249832511,0.39964285714285713,False
6,oracle_full,rbf_svr_C_300_gamma_0p0005_eps_0.04,300.0,0.0005,0.04,0.0027766004657843063,0.03418605554270931,0.5918100830167532,0.32571428571428573,False
6,oracle_full,rbf_svr_C_300_gamma_0p00075_eps_0.02,300.0,0.00075,0.02,0.0023823713266188967,0.027862521257884323,1.3409519590204582,0.4866666666666667,False
6,oracle_full,rbf_svr_C_300_gamma_0p00075_eps_0.03,300.0,0.00075,0.03,0.002410504999190486,0.02970722762307198,0.9043667920050211,0.3761904761904762,False
6,oracle_full,rbf_svr_C_300_gamma_0p00075_eps_0.04,300.0,0.00075,0.04,0.0024842372609764616,0.03194901307255487,0.6519400409888476,0.3047619047619048,False
6,oracle_full,rbf_svr_C_300_gamma_0p001_eps_0.02,300.0,0.001,0.02,0.00218911903202071,0.026980003587114085,1.437672542000655,0.47523809523809524,False
6,oracle_full,rbf_svr_C_300_gamma_0p001_eps_0.03,300.0,0.001,0.03,0.0022218805352294782,0.028452067671598566,1.0007603330304846,0.3657142857142857,False
6,oracle_full,rbf_svr_C_300_gamma_0p001_eps_0.04,300.0,0.001,0.04,0.0023456151601625556,0.030698632644241136,0.7257036669761874,0.29345238095238096,False
6,oracle_full,rbf_svr_C_300_gamma_0p003_eps_0.02,300.0,0.003,0.02,0.0017300887668514938,0.02421538831336228,2.9314194579492323,0.4785714285714286,False
6,oracle_full,rbf_svr_C_300_gamma_0p003_eps_0.03,300.0,0.003,0.03,0.0018478986011976385,0.025957054261675338,1.8469570829765871,0.3692857142857143,False
6,oracle_full,rbf_svr_C_300_gamma_0p003_eps_0.04,300.0,0.003,0.04,0.0020349440406846773,0.028249697948291876,1.0772395840031095,0.2938095238095238,False
6,oracle_full,rbf_svr_C_300_gamma_0p01_eps_0.02,300.0,0.01,0.02,0.0024266604660054675,0.029402369607215047,2.688282542047091,0.5347619047619048,False
6,oracle_full,rbf_svr_C_300_gamma_0p01_eps_0.03,300.0,0.01,0.03,0.002604421973226574,0.03129482659587133,1.8388112919637933,0.41869047619047617,False
6,oracle_full,rbf_svr_C_300_gamma_0p01_eps_0.04,300.0,0.01,0.04,0.0028898908176232846,0.03457639861768446,1.0323555420036428,0.34785714285714286,False
6,oracle_full,rbf_svr_C_500_gamma_0p0005_eps_0.02,500.0,0.0005,0.02,0.0024500482818058784,0.02818556382590944,1.3585455829743296,0.4913095238095238,False
6,oracle_full,rbf_svr_C_500_gamma_0p0005_eps_0.03,500.0,0.0005,0.03,0.002462858909425349,0.02996616121570982,1.0163629580056295,0.37714285714285717,False
6,oracle_full,rbf_svr_C_500_gamma_0p0005_eps_0.04,500.0,0.0005,0.04,0.0025249332209750365,0.03221472976535001,0.7416867500287481,0.3055952380952381,False
6,oracle_full,rbf_svr_C_500_gamma_0p00075_eps_0.02,500.0,0.00075,0.02,0.002160094008849616,0.026660661452116135,1.8284237080370076,0.4742857142857143,False
6,oracle_full,rbf_svr_C_500_gamma_0p00075_eps_0.03,500.0,0.00075,0.03,0.002205467881799155,0.02825702575687783,1.2784859579987824,0.36702380952380953,False
6,oracle_full,rbf_svr_C_500_gamma_0p00075_eps_0.04,500.0,0.00075,0.04,0.0023114947304972242,0.030355028670554632,0.956842833023984,0.2891666666666667,False
6,oracle_full,rbf_svr_C_500_gamma_0p001_eps_0.02,500.0,0.001,0.02,0.001995583379732203,0.02582718404872407,2.6258457920048386,0.47214285714285714,False
6,oracle_full,rbf_svr_C_500_gamma_0p001_eps_0.03,500.0,0.001,0.03,0.002055763399615729,0.0273374885943406,1.5032787499949336,0.3578571428571429,False
6,oracle_full,rbf_svr_C_500_gamma_0p001_eps_0.04,500.0,0.001,0.04,0.0021699043774197745,0.02947135289734469,1.0681522089871578,0.2867857142857143,False
6,oracle_full,rbf_svr_C_500_gamma_0p003_eps_0.02,500.0,0.003,0.02,0.0016639878322278283,0.023907838746274144,5.3993369590025395,0.48654761904761906,False
6,oracle_full,rbf_svr_C_500_gamma_0p003_eps_0.03,500.0,0.003,0.03,0.0017892582485937443,0.025509448328060104,2.5729649999993853,0.37285714285714283,False
6,oracle_full,rbf_svr_C_500_gamma_0p003_eps_0.04,500.0,0.003,0.04,0.0019621429518370272,0.027570580268288923,1.5018860840355046,0.29464285714285715,False
6,oracle_full,rbf_svr_C_500_gamma_0p01_eps_0.02,500.0,0.01,0.02,0.0024177446630119044,0.02937105571842128,3.2607163329957984,0.5348809523809523,False
6,oracle_full,rbf_svr_C_500_gamma_0p01_eps_0.03,500.0,0.01,0.03,0.0025889624853464564,0.03120037482275332,1.9280508749652654,0.41869047619047617,False
6,oracle_full,rbf_svr_C_500_gamma_0p01_eps_0.04,500.0,0.01,0.04,0.002883171515621988,0.03452820876998211,1.0790792079642415,0.3473809523809524,False
6,oracle_full,rbf_svr_C_750_gamma_0p0005_eps_0.02,750.0,0.0005,0.02,0.0022700514188329877,0.02708700906401573,1.9677105419686995,0.4795238095238095,False
6,oracle_full,rbf_svr_C_750_gamma_0p0005_eps_0.03,750.0,0.0005,0.03,0.0022994465691076192,0.028759664666466615,1.5015229580458254,0.3675,False
6,oracle_full,rbf_svr_C_750_gamma_0p0005_eps_0.04,750.0,0.0005,0.04,0.0023652719327625464,0.03081159791221611,1.0639710409450345,0.29773809523809525,False
6,oracle_full,rbf_svr_C_750_gamma_0p00075_eps_0.02,750.0,0.00075,0.02,0.0020196307605295995,0.025889978085707727,2.6554553330061026,0.4704761904761905,False
6,oracle_full,rbf_svr_C_750_gamma_0p00075_eps_0.03,750.0,0.00075,0.03,0.0020881586834979003,0.02746802891430079,1.8721938750240952,0.3585714285714286,False
6,oracle_full,rbf_svr_C_750_gamma_0p00075_eps_0.04,750.0,0.00075,0.04,0.002193609725808914,0.029441856988612562,1.404453833005391,0.2864285714285714,False
6,oracle_full,rbf_svr_C_750_gamma_0p001_eps_0.02,750.0,0.001,0.02,0.001862641989316056,0.025137030955381525,3.4691692090127617,0.4707142857142857,False
6,oracle_full,rbf_svr_C_750_gamma_0p001_eps_0.03,750.0,0.001,0.03,0.0019163997486190182,0.0264964635740961,2.0895809160429053,0.3523809523809524,False
6,oracle_full,rbf_svr_C_750_gamma_0p001_eps_0.04,750.0,0.001,0.04,0.0020353444396273078,0.028511610035131182,1.5280209999764338,0.28154761904761905,False
6,oracle_full,rbf_svr_C_750_gamma_0p003_eps_0.02,750.0,0.003,0.02,0.001636797537865161,0.023686360440322938,6.728738082980271,0.4907142857142857,True
6,oracle_full,rbf_svr_C_750_gamma_0p003_eps_0.03,750.0,0.003,0.03,0.001755516545357032,0.02529426193918352,3.435093209031038,0.37238095238095237,False
6,oracle_full,rbf_svr_C_750_gamma_0p003_eps_0.04,750.0,0.003,0.04,0.0019090297367621333,0.02710144488871204,1.8904199159587733,0.30047619047619045,False
6,oracle_full,rbf_svr_C_750_gamma_0p01_eps_0.02,750.0,0.01,0.02,0.00241026525535739,0.02937844914541952,4.309728874999564,0.5352380952380953,False
6,oracle_full,rbf_svr_C_750_gamma_0p01_eps_0.03,750.0,0.01,0.03,0.002584370813877479,0.031175230782364855,1.990020208992064,0.4188095238095238,False
6,oracle_full,rbf_svr_C_750_gamma_0p01_eps_0.04,750.0,0.01,0.04,0.0028811055106388716,0.034509427124470686,1.193234458041843,0.34714285714285714,False
6,oracle_full,rbf_svr_C_1000_gamma_0p0005_eps_0.02,1000.0,0.0005,0.02,0.0021600368962913803,0.02657237534064917,2.682710875000339,0.4764285714285714,False
6,oracle_full,rbf_svr_C_1000_gamma_0p0005_eps_0.03,1000.0,0.0005,0.03,0.0021993857861200613,0.028079357242998936,1.9249706250266172,0.36095238095238097,False
6,oracle_full,rbf_svr_C_1000_gamma_0p0005_eps_0.04,1000.0,0.0005,0.04,0.0022720433018795136,0.029995908681881022,1.2659417079994455,0.2930952380952381,False
6,oracle_full,rbf_svr_C_1000_gamma_0p00075_eps_0.02,1000.0,0.00075,0.02,0.0019258173454478448,0.02539115162800423,4.053510833997279,0.4701190476190476,False
6,oracle_full,rbf_svr_C_1000_gamma_0p00075_eps_0.03,1000.0,0.00075,0.03,0.001999645423826892,0.026920198513719733,2.5693849170347676,0.35464285714285715,False
6,oracle_full,rbf_svr_C_1000_gamma_0p00075_eps_0.04,1000.0,0.00075,0.04,0.002104134952565986,0.028888052832757746,1.647125166025944,0.2801190476190476,False
6,oracle_full,rbf_svr_C_1000_gamma_0p001_eps_0.02,1000.0,0.001,0.02,0.0017722463036451942,0.02465369264079386,4.661125749989878,0.4675,False
6,oracle_full,rbf_svr_C_1000_gamma_0p001_eps_0.03,1000.0,0.001,0.03,0.0018280620728011844,0.025935748686601024,2.5330278330366127,0.3485714285714286,False
6,oracle_full,rbf_svr_C_1000_gamma_0p001_eps_0.04,1000.0,0.001,0.04,0.001970159234028272,0.02798966038690667,1.839118083997164,0.27904761904761904,False
6,oracle_full,rbf_svr_C_1000_gamma_0p003_eps_0.02,1000.0,0.003,0.02,0.0016536476338877045,0.023694309566619037,8.945453041000292,0.5019047619047619,False
6,oracle_full,rbf_svr_C_1000_gamma_0p003_eps_0.03,1000.0,0.003,0.03,0.0017498907335434673,0.025015533395120634,3.6014880419825204,0.37476190476190474,False
6,oracle_full,rbf_svr_C_1000_gamma_0p003_eps_0.04,1000.0,0.003,0.04,0.0018962177606052732,0.026857172709640723,2.4428071249858476,0.3030952380952381,False
6,oracle_full,rbf_svr_C_1000_gamma_0p01_eps_0.02,1000.0,0.01,0.02,0.0024079320428433935,0.029365547844206637,4.43585529102711,0.5364285714285715,False
6,oracle_full,rbf_svr_C_1000_gamma_0p01_eps_0.03,1000.0,0.01,0.03,0.0025856910270668347,0.03118647088538302,2.119926041981671,0.41964285714285715,False
6,oracle_full,rbf_svr_C_1000_gamma_0p01_eps_0.04,1000.0,0.01,0.04,0.0028811801700149966,0.03450510608882707,1.2098059160052799,0.3475,False
7,oracle_full,rbf_svr_C_100_gamma_0p0005_eps_0.02,100.0,0.0005,0.02,0.003009060455161337,0.03327556620323621,0.45837504195515066,0.5701190476190476,False
7,oracle_full,rbf_svr_C_100_gamma_0p0005_eps_0.03,100.0,0.0005,0.03,0.003035816941473213,0.03589810216460037,0.36671020899666473,0.4632142857142857,False
7,oracle_full,rbf_svr_C_100_gamma_0p0005_eps_0.04,100.0,0.0005,0.04,0.0031555205482858076,0.0391878277900985,0.3270541669917293,0.39226190476190476,False
7,oracle_full,rbf_svr_C_100_gamma_0p00075_eps_0.02,100.0,0.00075,0.02,0.0025166519600852816,0.02993401227697466,0.5438796249800362,0.5396428571428571,False
7,oracle_full,rbf_svr_C_100_gamma_0p00075_eps_0.03,100.0,0.00075,0.03,0.002589025186772456,0.03258890960904183,0.4047749580349773,0.4332142857142857,False
7,oracle_full,rbf_svr_C_100_gamma_0p00075_eps_0.04,100.0,0.00075,0.04,0.002710047413491327,0.035689162243247696,0.3768052500090562,0.355,False
7,oracle_full,rbf_svr_C_100_gamma_0p001_eps_0.02,100.0,0.001,0.02,0.002231495162039846,0.028042672480501275,0.6184659170103259,0.5167857142857143,False
7,oracle_full,rbf_svr_C_100_gamma_0p001_eps_0.03,100.0,0.001,0.03,0.002278737747275235,0.030215338142045602,0.48892354202689603,0.4083333333333333,False
7,oracle_full,rbf_svr_C_100_gamma_0p001_eps_0.04,100.0,0.001,0.04,0.0024479672935424665,0.033636578134569856,0.4302919169422239,0.33916666666666667,False
7,oracle_full,rbf_svr_C_100_gamma_0p003_eps_0.02,100.0,0.003,0.02,0.001641566598640313,0.023912261196124617,1.1947253749822266,0.49142857142857144,False
7,oracle_full,rbf_svr_C_100_gamma_0p003_eps_0.03,100.0,0.003,0.03,0.0017892342812667293,0.026463801638378262,0.7877523750066757,0.3755952380952381,False
7,oracle_full,rbf_svr_C_100_gamma_0p003_eps_0.04,100.0,0.003,0.04,0.001972342668621258,0.029389700413294605,0.6263706249883398,0.3016666666666667,False
7,oracle_full,rbf_svr_C_100_gamma_0p01_eps_0.02,100.0,0.01,0.02,0.002074506506442899,0.026541480896033226,1.7031323330011219,0.5342857142857143,False
7,oracle_full,rbf_svr_C_100_gamma_0p01_eps_0.03,100.0,0.01,0.03,0.002289768856252265,0.029212455925879243,0.9587984589743428,0.4213095238095238,False
7,oracle_full,rbf_svr_C_100_gamma_0p01_eps_0.04,100.0,0.01,0.04,0.002573966343625852,0.032878627102750524,0.7041274170042016,0.3541666666666667,False
7,oracle_full,rbf_svr_C_300_gamma_0p0005_eps_0.02,300.0,0.0005,0.02,0.002246061373784356,0.028137830395258318,0.9294882919639349,0.5171428571428571,False
7,oracle_full,rbf_svr_C_300_gamma_0p0005_eps_0.03,300.0,0.0005,0.03,0.00229308272897139,0.030293434084257314,0.6384269170230255,0.40226190476190476,False
7,oracle_full,rbf_svr_C_300_gamma_0p0005_eps_0.04,300.0,0.0005,0.04,0.0024334294387849237,0.03342702974137282,0.573024292010814,0.3326190476190476,False
7,oracle_full,rbf_svr_C_300_gamma_0p00075_eps_0.02,300.0,0.00075,0.02,0.0019287091927582217,0.025802029306469552,1.2333987500169314,0.49726190476190474,False
7,oracle_full,rbf_svr_C_300_gamma_0p00075_eps_0.03,300.0,0.00075,0.03,0.001965628496203049,0.02777698445183138,0.8047945420257747,0.38023809523809526,False
7,oracle_full,rbf_svr_C_300_gamma_0p00075_eps_0.04,300.0,0.00075,0.04,0.0020951395291187004,0.030498663124485802,0.7324837920023128,0.30976190476190474,False
7,oracle_full,rbf_svr_C_300_gamma_0p001_eps_0.02,300.0,0.001,0.02,0.0017610838458451672,0.024706433309800144,1.5360618329723366,0.48845238095238097,False
7,oracle_full,rbf_svr_C_300_gamma_0p001_eps_0.03,300.0,0.001,0.03,0.0017968834133861343,0.026606683036085665,0.9897520840167999,0.37297619047619046,False
7,oracle_full,rbf_svr_C_300_gamma_0p001_eps_0.04,300.0,0.001,0.04,0.0019680905452389456,0.0294490355235181,0.7547664580051787,0.3,False
7,oracle_full,rbf_svr_C_300_gamma_0p003_eps_0.02,300.0,0.003,0.02,0.0014646486055822669,0.022433247468651493,3.2468530840124004,0.4875,False
7,oracle_full,rbf_svr_C_300_gamma_0p003_eps_0.03,300.0,0.003,0.03,0.001591702179713578,0.024475519151314164,1.8442208750057034,0.3780952380952381,False
7,oracle_full,rbf_svr_C_300_gamma_0p003_eps_0.04,300.0,0.003,0.04,0.0017310857704415288,0.02692790670485943,1.1837448330479674,0.29404761904761906,False
7,oracle_full,rbf_svr_C_300_gamma_0p01_eps_0.02,300.0,0.01,0.02,0.0021366080323882365,0.026425656155831447,2.58552254200913,0.5402380952380952,False
7,oracle_full,rbf_svr_C_300_gamma_0p01_eps_0.03,300.0,0.01,0.03,0.0022760065992413125,0.028891801057653776,1.5792357919854112,0.4213095238095238,False
7,oracle_full,rbf_svr_C_300_gamma_0p01_eps_0.04,300.0,0.01,0.04,0.0025520484106827685,0.03239028143459887,1.2105208330322057,0.3516666666666667,False
7,oracle_full,rbf_svr_C_500_gamma_0p0005_eps_0.02,500.0,0.0005,0.02,0.00202911632125784,0.02631845315989532,1.3194015829940327,0.5016666666666667,False
7,oracle_full,rbf_svr_C_500_gamma_0p0005_eps_0.03,500.0,0.0005,0.03,0.00203577157035132,0.0282874362005663,0.9421685829875059,0.385,False
7,oracle_full,rbf_svr_C_500_gamma_0p0005_eps_0.04,500.0,0.0005,0.04,0.0021787020968589907,0.031164454293242008,0.8687061250093393,0.3161904761904762,False
7,oracle_full,rbf_svr_C_500_gamma_0p00075_eps_0.02,500.0,0.00075,0.02,0.0017429478844107156,0.02457062714234511,2.089793708000798,0.4861904761904762,False
7,oracle_full,rbf_svr_C_500_gamma_0p00075_eps_0.03,500.0,0.00075,0.03,0.001780767520471846,0.026454864672696463,1.2269928750465624,0.3707142857142857,False
7,oracle_full,rbf_svr_C_500_gamma_0p00075_eps_0.04,500.0,0.00075,0.04,0.0019434534742057256,0.029186457484535983,0.9784147500176914,0.2986904761904762,False
7,oracle_full,rbf_svr_C_500_gamma_0p001_eps_0.02,500.0,0.001,0.02,0.0015978270396154596,0.02361155200582588,2.348627416009549,0.4816666666666667,False
7,oracle_full,rbf_svr_C_500_gamma_0p001_eps_0.03,500.0,0.001,0.03,0.001660574147345629,0.025673345380592055,1.674231915967539,0.3655952380952381,False
7,oracle_full,rbf_svr_C_500_gamma_0p001_eps_0.04,500.0,0.001,0.04,0.0018280431059395398,0.028376755628344078,1.2061408329755068,0.2925,False
7,oracle_full,rbf_svr_C_500_gamma_0p003_eps_0.02,500.0,0.003,0.02,0.0014535268037408863,0.022095245199058734,5.028273499978241,0.498452380952381,True
7,oracle_full,rbf_svr_C_500_gamma_0p003_eps_0.03,500.0,0.003,0.03,0.0015722656482016436,0.024127078782209262,2.393314583983738,0.3792857142857143,False
7,oracle_full,rbf_svr_C_500_gamma_0p003_eps_0.04,500.0,0.003,0.04,0.0017038246948044853,0.02640861373626623,1.5941759170382284,0.2994047619047619,False
7,oracle_full,rbf_svr_C_500_gamma_0p01_eps_0.02,500.0,0.01,0.02,0.002138130874797213,0.02638413721997545,3.617775165999774,0.5428571428571428,False
7,oracle_full,rbf_svr_C_500_gamma_0p01_eps_0.03,500.0,0.01,0.03,0.0022770890437231683,0.028843384105612355,1.8889859579503536,0.41988095238095235,False
7,oracle_full,rbf_svr_C_500_gamma_0p01_eps_0.04,500.0,0.01,0.04,0.002559803839026255,0.03246241505287828,1.2901596250012517,0.35083333333333333,False
7,oracle_full,rbf_svr_C_750_gamma_0p0005_eps_0.02,750.0,0.0005,0.02,0.0018813086779353963,0.025292426117974477,1.934308250027243,0.49083333333333334,False
7,oracle_full,rbf_svr_C_750_gamma_0p0005_eps_0.03,750.0,0.0005,0.03,0.0018671894834351268,0.027020294182392664,1.2856075839954428,0.3736904761904762,False
7,oracle_full,rbf_svr_C_750_gamma_0p0005_eps_0.04,750.0,0.0005,0.04,0.002000179002495275,0.029599759082428075,1.2108024999615736,0.30142857142857143,False
7,oracle_full,rbf_svr_C_750_gamma_0p00075_eps_0.02,750.0,0.00075,0.02,0.0016295535133308225,0.02376601285644644,2.705532875028439,0.48083333333333333,False
7,oracle_full,rbf_svr_C_750_gamma_0p00075_eps_0.03,750.0,0.00075,0.03,0.001674628708154774,0.025740652858595333,1.9842671669903211,0.36678571428571427,False
7,oracle_full,rbf_svr_C_750_gamma_0p00075_eps_0.04,750.0,0.00075,0.04,0.001833239028181456,0.028371119186966883,1.4119328750530258,0.29333333333333333,False
7,oracle_full,rbf_svr_C_750_gamma_0p001_eps_0.02,750.0,0.001,0.02,0.0015126817358953805,0.02289226934062899,3.5727398750022985,0.47833333333333333,False
7,oracle_full,rbf_svr_C_750_gamma_0p001_eps_0.03,750.0,0.001,0.03,0.0016044935540292299,0.02510501100653441,2.4036275830003433,0.36404761904761906,False
7,oracle_full,rbf_svr_C_750_gamma_0p001_eps_0.04,750.0,0.001,0.04,0.0017139763530894332,0.027364292137408965,1.627651542017702,0.28773809523809524,False
7,oracle_full,rbf_svr_C_750_gamma_0p003_eps_0.02,750.0,0.003,0.02,0.001475750712322158,0.022096816156831428,6.797328167012893,0.5008333333333334,False
7,oracle_full,rbf_svr_C_750_gamma_0p003_eps_0.03,750.0,0.003,0.03,0.0015913757251053095,0.02396223665102957,3.3291210000170395,0.38142857142857145,False
7,oracle_full,rbf_svr_C_750_gamma_0p003_eps_0.04,750.0,0.003,0.04,0.001696445928609693,0.02609669297758193,2.0432262499816716,0.3030952380952381,False
7,oracle_full,rbf_svr_C_750_gamma_0p01_eps_0.02,750.0,0.01,0.02,0.002151024288724075,0.02650188045613326,3.579550458001904,0.5419047619047619,False
7,oracle_full,rbf_svr_C_750_gamma_0p01_eps_0.03,750.0,0.01,0.03,0.0022855360957609234,0.02890867580287662,1.8872483340092003,0.41964285714285715,False
7,oracle_full,rbf_svr_C_750_gamma_0p01_eps_0.04,750.0,0.01,0.04,0.0025696346311879503,0.03254395953186554,1.361788417038042,0.3510714285714286,False
7,oracle_full,rbf_svr_C_1000_gamma_0p0005_eps_0.02,1000.0,0.0005,0.02,0.0017701215131551045,0.024562998562527156,2.6680555830243975,0.48833333333333334,False
7,oracle_full,rbf_svr_C_1000_gamma_0p0005_eps_0.03,1000.0,0.0005,0.03,0.0017914424660730563,0.026455977331774638,1.7159412499750033,0.3678571428571429,False
7,oracle_full,rbf_svr_C_1000_gamma_0p0005_eps_0.04,1000.0,0.0005,0.04,0.0019448887919066367,0.029040664931385848,1.2459630419616587,0.29619047619047617,False
7,oracle_full,rbf_svr_C_1000_gamma_0p00075_eps_0.02,1000.0,0.00075,0.02,0.001561363484561802,0.023264815615914824,3.9850212919991463,0.4810714285714286,False
7,oracle_full,rbf_svr_C_1000_gamma_0p00075_eps_0.03,1000.0,0.00075,0.03,0.001620600918204858,0.025298451407742933,2.502182124997489,0.3636904761904762,False
7,oracle_full,rbf_svr_C_1000_gamma_0p00075_eps_0.04,1000.0,0.00075,0.04,0.0017794341754792907,0.027902181063155465,1.8160347919911146,0.28773809523809524,False
7,oracle_full,rbf_svr_C_1000_gamma_0p001_eps_0.02,1000.0,0.001,0.02,0.0014891491519180222,0.02241084829265453,4.653993999992963,0.4764285714285714,False
7,oracle_full,rbf_svr_C_1000_gamma_0p001_eps_0.03,1000.0,0.001,0.03,0.0015617117453693829,0.024535052947894532,2.882532417017501,0.3611904761904762,False
7,oracle_full,rbf_svr_C_1000_gamma_0p001_eps_0.04,1000.0,0.001,0.04,0.0016407308257976,0.02659109264785977,2.2596759169828147,0.2861904761904762,False
7,oracle_full,rbf_svr_C_1000_gamma_0p003_eps_0.02,1000.0,0.003,0.02,0.0014956874550398223,0.02214400636238453,8.443891083006747,0.5055952380952381,False
7,oracle_full,rbf_svr_C_1000_gamma_0p003_eps_0.03,1000.0,0.003,0.03,0.0016178868939979258,0.023998774586764162,5.12597720901249,0.38333333333333336,False
7,oracle_full,rbf_svr_C_1000_gamma_0p003_eps_0.04,1000.0,0.003,0.04,0.0016991401993207021,0.02589923794163497,2.986270541965496,0.30452380952380953,False
7,oracle_full,rbf_svr_C_1000_gamma_0p01_eps_0.02,1000.0,0.01,0.02,0.0021618097395927857,0.026604877557278434,3.926697459013667,0.5432142857142858,False
7,oracle_full,rbf_svr_C_1000_gamma_0p01_eps_0.03,1000.0,0.01,0.03,0.0022906165443039614,0.028955067145698045,1.91389791702386,0.4201190476190476,False
7,oracle_full,rbf_svr_C_1000_gamma_0p01_eps_0.04,1000.0,0.01,0.04,0.002570693844735771,0.032550737680187056,1.3778966669924557,0.3514285714285714,False
8,oracle_full,rbf_svr_C_100_gamma_0p0005_eps_0.02,100.0,0.0005,0.02,0.003247807253875107,0.034058846827576476,0.42867512500379235,0.5560714285714285,False
8,oracle_full,rbf_svr_C_100_gamma_0p0005_eps_0.03,100.0,0.0005,0.03,0.00323094047736576,0.03628366689151919,0.36436733399750665,0.4570238095238095,False
8,oracle_full,rbf_svr_C_100_gamma_0p0005_eps_0.04,100.0,0.0005,0.04,0.003295146004529953,0.039056259225047435,0.3276180830434896,0.38,False
8,oracle_full,rbf_svr_C_100_gamma_0p00075_eps_0.02,100.0,0.00075,0.02,0.0028046689897277734,0.03128202258282139,0.5434597920393571,0.5269047619047619,False
8,oracle_full,rbf_svr_C_100_gamma_0p00075_eps_0.03,100.0,0.00075,0.03,0.0027941541595177,0.03347135179081232,0.4679650000180118,0.4236904761904762,False
8,oracle_full,rbf_svr_C_100_gamma_0p00075_eps_0.04,100.0,0.00075,0.04,0.0028716457735267313,0.036141141697619804,0.39618600002722815,0.3489285714285714,False
8,oracle_full,rbf_svr_C_100_gamma_0p001_eps_0.02,100.0,0.001,0.02,0.0024982907225868907,0.0295535410577999,0.6081677919719368,0.5096428571428572,False
8,oracle_full,rbf_svr_C_100_gamma_0p001_eps_0.03,100.0,0.001,0.03,0.002520609536919624,0.03158591843717167,0.46238283399725333,0.3967857142857143,False
8,oracle_full,rbf_svr_C_100_gamma_0p001_eps_0.04,100.0,0.001,0.04,0.002620235172731717,0.03426248236161395,0.4262456249562092,0.3275,False
8,oracle_full,rbf_svr_C_100_gamma_0p003_eps_0.02,100.0,0.003,0.02,0.0019380304279028964,0.026248684876163404,1.1826249579899013,0.48214285714285715,False
8,oracle_full,rbf_svr_C_100_gamma_0p003_eps_0.03,100.0,0.003,0.03,0.0020218794062572525,0.02829166352842192,0.782949207990896,0.37166666666666665,False
8,oracle_full,rbf_svr_C_100_gamma_0p003_eps_0.04,100.0,0.003,0.04,0.00216360920540089,0.030634751605379724,0.566697959031444,0.29833333333333334,False
8,oracle_full,rbf_svr_C_100_gamma_0p01_eps_0.02,100.0,0.01,0.02,0.0024976622287187734,0.02938833555827791,1.4539048339938745,0.5245238095238095,False
8,oracle_full,rbf_svr_C_100_gamma_0p01_eps_0.03,100.0,0.01,0.03,0.002648538082940219,0.0317129230802547,0.9044718750519678,0.4125,False
8,oracle_full,rbf_svr_C_100_gamma_0p01_eps_0.04,100.0,0.01,0.04,0.002922961247354451,0.035178995740934096,0.6626804160187021,0.3451190476190476,False
8,oracle_full,rbf_svr_C_300_gamma_0p0005_eps_0.02,300.0,0.0005,0.02,0.0024771235186603203,0.02917879059130404,0.8840442500077188,0.5079761904761905,False
8,oracle_full,rbf_svr_C_300_gamma_0p0005_eps_0.03,300.0,0.0005,0.03,0.0024916280866046116,0.031106539065658745,0.6593155000009574,0.3945238095238095,False
8,oracle_full,rbf_svr_C_300_gamma_0p0005_eps_0.04,300.0,0.0005,0.04,0.002577545704868903,0.03358444685554346,0.5668772920034826,0.3217857142857143,False
8,oracle_full,rbf_svr_C_300_gamma_0p00075_eps_0.02,300.0,0.00075,0.02,0.0021418203879909987,0.027327102569909136,1.156672792043537,0.49178571428571427,False
8,oracle_full,rbf_svr_C_300_gamma_0p00075_eps_0.03,300.0,0.00075,0.03,0.0021785014395573907,0.029134854499404516,0.8554068749654107,0.37154761904761907,False
8,oracle_full,rbf_svr_C_300_gamma_0p00075_eps_0.04,300.0,0.00075,0.04,0.002272204033290086,0.031213342953011786,0.6869100839830935,0.30023809523809525,False
8,oracle_full,rbf_svr_C_300_gamma_0p001_eps_0.02,300.0,0.001,0.02,0.001962934447701402,0.02624070651674324,1.5612407499575056,0.4775,False
8,oracle_full,rbf_svr_C_300_gamma_0p001_eps_0.03,300.0,0.001,0.03,0.002024023509800963,0.027902816976161676,1.2195103749982081,0.36714285714285716,False
8,oracle_full,rbf_svr_C_300_gamma_0p001_eps_0.04,300.0,0.001,0.04,0.002117989785028045,0.03009196320698585,0.7938186670071445,0.2907142857142857,False
8,oracle_full,rbf_svr_C_300_gamma_0p003_eps_0.02,300.0,0.003,0.02,0.0017853022912279392,0.024961338508468423,3.1026106670033187,0.48392857142857143,False
8,oracle_full,rbf_svr_C_300_gamma_0p003_eps_0.03,300.0,0.003,0.03,0.0019216878028001528,0.026979385616248696,1.7374840000411496,0.36404761904761906,False
8,oracle_full,rbf_svr_C_300_gamma_0p003_eps_0.04,300.0,0.003,0.04,0.002052538008821218,0.028847665719066096,1.1437295409850776,0.2913095238095238,False
8,oracle_full,rbf_svr_C_300_gamma_0p01_eps_0.02,300.0,0.01,0.02,0.0024294186576054363,0.028937989606729744,2.819171249982901,0.5335714285714286,False
8,oracle_full,rbf_svr_C_300_gamma_0p01_eps_0.03,300.0,0.01,0.03,0.002590085937747243,0.031367092431435276,1.6438838749891147,0.41773809523809524,False
8,oracle_full,rbf_svr_C_300_gamma_0p01_eps_0.04,300.0,0.01,0.04,0.0028616093761781327,0.034793649738605895,1.1003550829482265,0.3482142857142857,False
8,oracle_full,rbf_svr_C_500_gamma_0p0005_eps_0.02,500.0,0.0005,0.02,0.0022174136027568276,0.027589902801969022,1.447336458018981,0.495952380952381,False
8,oracle_full,rbf_svr_C_500_gamma_0p0005_eps_0.03,500.0,0.0005,0.03,0.0022529963016670223,0.029430557495405907,1.0746299999882467,0.3763095238095238,False
8,oracle_full,rbf_svr_C_500_gamma_0p0005_eps_0.04,500.0,0.0005,0.04,0.002342011536626213,0.031577921574879424,0.7015480419504456,0.30273809523809525,False
8,oracle_full,rbf_svr_C_500_gamma_0p00075_eps_0.02,500.0,0.00075,0.02,0.0019520348956481369,0.026036851551630717,1.9442698750062846,0.4748809523809524,False
8,oracle_full,rbf_svr_C_500_gamma_0p00075_eps_0.03,500.0,0.00075,0.03,0.002008836358913366,0.027705117643122782,1.2973486249684356,0.36404761904761906,False
8,oracle_full,rbf_svr_C_500_gamma_0p00075_eps_0.04,500.0,0.00075,0.04,0.0020935050274273146,0.029700031159093542,1.0327275000163354,0.29035714285714287,False
8,oracle_full,rbf_svr_C_500_gamma_0p001_eps_0.02,500.0,0.001,0.02,0.0018130450022878146,0.025222354409496228,2.422097541973926,0.4685714285714286,False
8,oracle_full,rbf_svr_C_500_gamma_0p001_eps_0.03,500.0,0.001,0.03,0.0018655169998584124,0.026698327792842664,1.5405765419709496,0.3605952380952381,False
8,oracle_full,rbf_svr_C_500_gamma_0p001_eps_0.04,500.0,0.001,0.04,0.002005124434851779,0.02911951606566813,1.0738405419979244,0.2845238095238095,False
8,oracle_full,rbf_svr_C_500_gamma_0p003_eps_0.02,500.0,0.003,0.02,0.0018288646932177928,0.024966350930666497,4.523501124989707,0.48773809523809525,False
8,oracle_full,rbf_svr_C_500_gamma_0p003_eps_0.03,500.0,0.003,0.03,0.001942891714286215,0.026761127848576538,2.4111675419844687,0.36654761904761907,False
8,oracle_full,rbf_svr_C_500_gamma_0p003_eps_0.04,500.0,0.003,0.04,0.0020754416559992488,0.028668505724951183,1.502242207992822,0.29178571428571426,False
8,oracle_full,rbf_svr_C_500_gamma_0p01_eps_0.02,500.0,0.01,0.02,0.0024536341665963354,0.02908056911972265,3.888944958045613,0.5384523809523809,False
8,oracle_full,rbf_svr_C_500_gamma_0p01_eps_0.03,500.0,0.01,0.03,0.0025896815672707073,0.031399731143386386,1.7251267500105314,0.4172619047619048,False
8,oracle_full,rbf_svr_C_500_gamma_0p01_eps_0.04,500.0,0.01,0.04,0.0028663317921406375,0.03483668693769671,1.0979645839543082,0.3489285714285714,False
8,oracle_full,rbf_svr_C_750_gamma_0p0005_eps_0.02,750.0,0.0005,0.02,0.002066970556440446,0.026656950922776063,2.1092634170199744,0.4847619047619048,False
8,oracle_full,rbf_svr_C_750_gamma_0p0005_eps_0.03,750.0,0.0005,0.03,0.002098927699948692,0.02837677223959783,1.3269397499971092,0.36678571428571427,False
8,oracle_full,rbf_svr_C_750_gamma_0p0005_eps_0.04,750.0,0.0005,0.04,0.0021870944854264413,0.03021546369418002,1.0179994580103084,0.29428571428571426,False
8,oracle_full,rbf_svr_C_750_gamma_0p00075_eps_0.02,750.0,0.00075,0.02,0.0018297537742557074,0.025261988932819755,2.982122541987337,0.4720238095238095,False
8,oracle_full,rbf_svr_C_750_gamma_0p00075_eps_0.03,750.0,0.00075,0.03,0.0018723749139428056,0.026671287364418213,1.958088791987393,0.35892857142857143,False
8,oracle_full,rbf_svr_C_750_gamma_0p00075_eps_0.04,750.0,0.00075,0.04,0.001992620251655476,0.028901256352320458,1.2467967079719529,0.2866666666666667,False
8,oracle_full,rbf_svr_C_750_gamma_0p001_eps_0.02,750.0,0.001,0.02,0.0017236153080752766,0.024566434652180426,3.67219833296258,0.4698809523809524,False
8,oracle_full,rbf_svr_C_750_gamma_0p001_eps_0.03,750.0,0.001,0.03,0.0017872578336942083,0.026170301603467498,2.0857372079626657,0.3551190476190476,False
8,oracle_full,rbf_svr_C_750_gamma_0p001_eps_0.04,750.0,0.001,0.04,0.001963385036701623,0.028422810667315772,1.4531260000076145,0.2820238095238095,False
8,oracle_full,rbf_svr_C_750_gamma_0p003_eps_0.02,750.0,0.003,0.02,0.0018413485110778016,0.024834496308031924,6.485258166969288,0.4903571428571429,False
8,oracle_full,rbf_svr_C_750_gamma_0p003_eps_0.03,750.0,0.003,0.03,0.0019474528970174689,0.026422361398733718,3.400233875028789,0.3713095238095238,False
8,oracle_full,rbf_svr_C_750_gamma_0p003_eps_0.04,750.0,0.003,0.04,0.002072490748802859,0.028304605767449323,1.9951379169942811,0.29404761904761906,False
8,oracle_full,rbf_svr_C_750_gamma_0p01_eps_0.02,750.0,0.01,0.02,0.0024577029990371715,0.02913243527546373,4.2277892919955775,0.5383333333333333,False
8,oracle_full,rbf_svr_C_750_gamma_0p01_eps_0.03,750.0,0.01,0.03,0.002595256409985734,0.031454432841304746,1.9110778750036843,0.41714285714285715,False
8,oracle_full,rbf_svr_C_750_gamma_0p01_eps_0.04,750.0,0.01,0.04,0.0028732226646940805,0.03488251974069392,1.2101079589920118,0.35,False
8,oracle_full,rbf_svr_C_1000_gamma_0p0005_eps_0.02,1000.0,0.0005,0.02,0.0019620254369205584,0.025919607158201206,2.986911499989219,0.4785714285714286,False
8,oracle_full,rbf_svr_C_1000_gamma_0p0005_eps_0.03,1000.0,0.0005,0.03,0.0020090111271108308,0.027600380357040676,1.7325317920185626,0.3625,False
8,oracle_full,rbf_svr_C_1000_gamma_0p0005_eps_0.04,1000.0,0.0005,0.04,0.0021023711619817687,0.029502959352295004,1.4408697499893606,0.2867857142857143,False
8,oracle_full,rbf_svr_C_1000_gamma_0p00075_eps_0.02,1000.0,0.00075,0.02,0.0017514054760922383,0.024678878145766435,4.07121833297424,0.4692857142857143,False
8,oracle_full,rbf_svr_C_1000_gamma_0p00075_eps_0.03,1000.0,0.00075,0.03,0.0017990490737854795,0.0261124873438351,2.2740404999931343,0.3563095238095238,False
8,oracle_full,rbf_svr_C_1000_gamma_0p00075_eps_0.04,1000.0,0.00075,0.04,0.0019488540860379813,0.02847756829580693,1.5920432919519953,0.28273809523809523,False
8,oracle_full,rbf_svr_C_1000_gamma_0p001_eps_0.02,1000.0,0.001,0.02,0.0016821752948224984,0.024373989974189946,5.600848166970536,0.4669047619047619,True
8,oracle_full,rbf_svr_C_1000_gamma_0p001_eps_0.03,1000.0,0.001,0.03,0.0017558069099293551,0.02582374454541764,2.901391333027277,0.35464285714285715,False
8,oracle_full,rbf_svr_C_1000_gamma_0p001_eps_0.04,1000.0,0.001,0.04,0.001906672576737288,0.02770455471018583,1.9152989159920253,0.2795238095238095,False
8,oracle_full,rbf_svr_C_1000_gamma_0p003_eps_0.02,1000.0,0.003,0.02,0.0018449463537383631,0.024810988785674344,8.068301958963275,0.4957142857142857,False
8,oracle_full,rbf_svr_C_1000_gamma_0p003_eps_0.03,1000.0,0.003,0.03,0.0019408526758211092,0.026219816631467045,3.721021124976687,0.37416666666666665,False
8,oracle_full,rbf_svr_C_1000_gamma_0p003_eps_0.04,1000.0,0.003,0.04,0.002059556304054898,0.02815481228896786,2.526104166987352,0.2945238095238095,False
8,oracle_full,rbf_svr_C_1000_gamma_0p01_eps_0.02,1000.0,0.01,0.02,0.0024607529449149853,0.029158218969916168,4.533742416999303,0.5401190476190476,False
8,oracle_full,rbf_svr_C_1000_gamma_0p01_eps_0.03,1000.0,0.01,0.03,0.002598482115477085,0.03147297897436718,1.9307937920093536,0.4182142857142857,False
8,oracle_full,rbf_svr_C_1000_gamma_0p01_eps_0.04,1000.0,0.01,0.04,0.0028732226646940805,0.03488251974069392,1.210904625011608,0.35,False
9,oracle_full,rbf_svr_C_100_gamma_0p0005_eps_0.02,100.0,0.0005,0.02,0.0028068148259124816,0.031477151932949116,0.4259068749961443,0.5669047619047619,False
9,oracle_full,rbf_svr_C_100_gamma_0p0005_eps_0.03,100.0,0.0005,0.03,0.0028102587220022496,0.03383633936261259,0.3690865419921465,0.4675,False
9,oracle_full,rbf_svr_C_100_gamma_0p0005_eps_0.04,100.0,0.0005,0.04,0.002898762245480895,0.03700292880349569,0.33577291696565226,0.3904761904761905,False
9,oracle_full,rbf_svr_C_100_gamma_0p00075_eps_0.02,100.0,0.00075,0.02,0.002332048836891699,0.02824307502304474,0.5710312090232037,0.5375,False
9,oracle_full,rbf_svr_C_100_gamma_0p00075_eps_0.03,100.0,0.00075,0.03,0.002386343795797493,0.030587144843097762,0.45629891694989055,0.4326190476190476,False
9,oracle_full,rbf_svr_C_100_gamma_0p00075_eps_0.04,100.0,0.00075,0.04,0.002509353006993054,0.03383417943626933,0.3645352500025183,0.35619047619047617,False
9,oracle_full,rbf_svr_C_100_gamma_0p001_eps_0.02,100.0,0.001,0.02,0.002062297434413278,0.02658650425378253,0.655086416983977,0.5222619047619048,False
9,oracle_full,rbf_svr_C_100_gamma_0p001_eps_0.03,100.0,0.001,0.03,0.0021444005091568017,0.02869074083295056,0.49102883401792496,0.4098809523809524,False
9,oracle_full,rbf_svr_C_100_gamma_0p001_eps_0.04,100.0,0.001,0.04,0.002265096130598178,0.031701009039369954,0.41814308398170397,0.3364285714285714,False
9,oracle_full,rbf_svr_C_100_gamma_0p003_eps_0.02,100.0,0.003,0.02,0.0015100770979760846,0.0228804642060899,1.208325625048019,0.4860714285714286,False
9,oracle_full,rbf_svr_C_100_gamma_0p003_eps_0.03,100.0,0.003,0.03,0.0015916559709421593,0.02455210169879455,0.780107541999314,0.37797619047619047,False
9,oracle_full,rbf_svr_C_100_gamma_0p003_eps_0.04,100.0,0.003,0.04,0.0017680002897452495,0.027303456932515978,0.5943897499819286,0.30714285714285716,False
9,oracle_full,rbf_svr_C_100_gamma_0p01_eps_0.02,100.0,0.01,0.02,0.002084374909769596,0.026966619016449617,1.5275381669634953,0.5332142857142858,False
9,oracle_full,rbf_svr_C_100_gamma_0p01_eps_0.03,100.0,0.01,0.03,0.00221937903543456,0.029062738186974666,1.0254831250058487,0.4191666666666667,False
9,oracle_full,rbf_svr_C_100_gamma_0p01_eps_0.04,100.0,0.01,0.04,0.0024574636320729465,0.03221780063081161,0.6584034590050578,0.3442857142857143,False
9,oracle_full,rbf_svr_C_300_gamma_0p0005_eps_0.02,300.0,0.0005,0.02,0.0020856847390072868,0.026579758929616157,0.980428499984555,0.520952380952381,False
9,oracle_full,rbf_svr_C_300_gamma_0p0005_eps_0.03,300.0,0.0005,0.03,0.002139460875482164,0.02854633979139728,0.7374403750291094,0.40726190476190477,False
9,oracle_full,rbf_svr_C_300_gamma_0p0005_eps_0.04,300.0,0.0005,0.04,0.0022487981597915873,0.031362107215294824,0.5478361250134185,0.3308333333333333,False
9,oracle_full,rbf_svr_C_300_gamma_0p00075_eps_0.02,300.0,0.00075,0.02,0.0017818269876231948,0.02452598850676074,1.1785154580138624,0.49714285714285716,False
9,oracle_full,rbf_svr_C_300_gamma_0p00075_eps_0.03,300.0,0.00075,0.03,0.0018478838483431022,0.02633732986465224,0.9100924999802373,0.38297619047619047,False
9,oracle_full,rbf_svr_C_300_gamma_0p00075_eps_0.04,300.0,0.00075,0.04,0.00195864131670109,0.028906285234599944,0.6435847079847008,0.3125,False
9,oracle_full,rbf_svr_C_300_gamma_0p001_eps_0.02,300.0,0.001,0.02,0.0015995608982805351,0.023175713321035473,1.562903499987442,0.4894047619047619,False
9,oracle_full,rbf_svr_C_300_gamma_0p001_eps_0.03,300.0,0.001,0.03,0.0016807386730991497,0.025233294743160023,0.9722738330019638,0.3736904761904762,False
9,oracle_full,rbf_svr_C_300_gamma_0p001_eps_0.04,300.0,0.001,0.04,0.0018046291443064976,0.027719021044007613,0.7353955840226263,0.30297619047619045,False
9,oracle_full,rbf_svr_C_300_gamma_0p003_eps_0.02,300.0,0.003,0.02,0.0013715392366874652,0.021795422938392112,2.964492292026989,0.4866666666666667,False
9,oracle_full,rbf_svr_C_300_gamma_0p003_eps_0.03,300.0,0.003,0.03,0.0014623130498381634,0.023257113505628348,1.7700068750418723,0.37047619047619046,False
9,oracle_full,rbf_svr_C_300_gamma_0p003_eps_0.04,300.0,0.003,0.04,0.0016255160005705408,0.02545517042169028,1.1942606659722514,0.2944047619047619,False
9,oracle_full,rbf_svr_C_300_gamma_0p01_eps_0.02,300.0,0.01,0.02,0.0020479333973055886,0.02672193369498236,2.9426099589909427,0.5382142857142858,False
9,oracle_full,rbf_svr_C_300_gamma_0p01_eps_0.03,300.0,0.01,0.03,0.00216274905011875,0.02858308416700695,1.6453150000306778,0.42142857142857143,False
9,oracle_full,rbf_svr_C_300_gamma_0p01_eps_0.04,300.0,0.01,0.04,0.0023987825168046055,0.03161463635994731,1.058059917006176,0.35023809523809524,False
9,oracle_full,rbf_svr_C_500_gamma_0p0005_eps_0.02,500.0,0.0005,0.02,0.0018673473245422365,0.0251410740601238,1.4177617499954067,0.501547619047619,False
9,oracle_full,rbf_svr_C_500_gamma_0p0005_eps_0.03,500.0,0.0005,0.03,0.0019267131982094337,0.026847502595273662,0.970843207964208,0.38607142857142857,False
9,oracle_full,rbf_svr_C_500_gamma_0p0005_eps_0.04,500.0,0.0005,0.04,0.0020276789705540167,0.029328769985692785,0.8290128340013325,0.31547619047619047,False
9,oracle_full,rbf_svr_C_500_gamma_0p00075_eps_0.02,500.0,0.00075,0.02,0.0015855351795058315,0.023068427600378534,1.8707445419859141,0.48845238095238097,False
9,oracle_full,rbf_svr_C_500_gamma_0p00075_eps_0.03,500.0,0.00075,0.03,0.0016715180493042528,0.025067935752788165,1.3767307079979219,0.37214285714285716,False
9,oracle_full,rbf_svr_C_500_gamma_0p00075_eps_0.04,500.0,0.00075,0.04,0.0017897541541517727,0.02748194781850866,0.9040489160106517,0.3016666666666667,False
9,oracle_full,rbf_svr_C_500_gamma_0p001_eps_0.02,500.0,0.001,0.02,0.0014322997018945533,0.022112547721459083,2.429817541036755,0.48023809523809524,False
9,oracle_full,rbf_svr_C_500_gamma_0p001_eps_0.03,500.0,0.001,0.03,0.001522921176678379,0.02410660959520877,1.7420015829848126,0.36714285714285716,False
9,oracle_full,rbf_svr_C_500_gamma_0p001_eps_0.04,500.0,0.001,0.04,0.0016378155736429647,0.02623887753014382,1.122733041003812,0.29392857142857143,False
9,oracle_full,rbf_svr_C_500_gamma_0p003_eps_0.02,500.0,0.003,0.02,0.0013478020288493968,0.02176330275718272,4.842727457988076,0.48988095238095236,False
9,oracle_full,rbf_svr_C_500_gamma_0p003_eps_0.03,500.0,0.003,0.03,0.0014482905245680978,0.02318816967803307,2.555663832987193,0.375,False
9,oracle_full,rbf_svr_C_500_gamma_0p003_eps_0.04,500.0,0.003,0.04,0.0015966800239347618,0.02493734632684992,2.012292042025365,0.29988095238095236,False
9,oracle_full,rbf_svr_C_500_gamma_0p01_eps_0.02,500.0,0.01,0.02,0.002062024930084976,0.026799894322364442,3.705929957970511,0.5410714285714285,False
9,oracle_full,rbf_svr_C_500_gamma_0p01_eps_0.03,500.0,0.01,0.03,0.002176145396258159,0.02858187727988644,1.9057663750136271,0.4230952380952381,False
9,oracle_full,rbf_svr_C_500_gamma_0p01_eps_0.04,500.0,0.01,0.04,0.0024169244833245427,0.03171590724347306,1.2526994160143659,0.3501190476190476,False
9,oracle_full,rbf_svr_C_750_gamma_0p0005_eps_0.02,750.0,0.0005,0.02,0.001702820995893526,0.023916739719536256,2.091475166962482,0.4926190476190476,False
9,oracle_full,rbf_svr_C_750_gamma_0p0005_eps_0.03,750.0,0.0005,0.03,0.001783677054674643,0.025768217789410568,1.4078740840195678,0.37583333333333335,False
9,oracle_full,rbf_svr_C_750_gamma_0p0005_eps_0.04,750.0,0.0005,0.04,0.0018931028137958354,0.028216546208786594,1.077341957949102,0.30416666666666664,False
9,oracle_full,rbf_svr_C_750_gamma_0p00075_eps_0.02,750.0,0.00075,0.02,0.001460026181019367,0.022248728789150213,2.9161931670387276,0.4830952380952381,False
9,oracle_full,rbf_svr_C_750_gamma_0p00075_eps_0.03,750.0,0.00075,0.03,0.0015397042319396713,0.02421377147677812,1.8576692499918863,0.3651190476190476,False
9,oracle_full,rbf_svr_C_750_gamma_0p00075_eps_0.04,750.0,0.00075,0.04,0.0016548688206907696,0.02629756876974099,1.3108642079751007,0.29523809523809524,False
9,oracle_full,rbf_svr_C_750_gamma_0p001_eps_0.02,750.0,0.001,0.02,0.0013369908740908554,0.021482976539729113,3.760907332994975,0.4779761904761905,False
9,oracle_full,rbf_svr_C_750_gamma_0p001_eps_0.03,750.0,0.001,0.03,0.0014241903796807268,0.023255537416433603,2.144527000025846,0.36154761904761906,False
9,oracle_full,rbf_svr_C_750_gamma_0p001_eps_0.04,750.0,0.001,0.04,0.0015676110581681019,0.025222287708500046,1.731617333018221,0.2897619047619048,False
9,oracle_full,rbf_svr_C_750_gamma_0p003_eps_0.02,750.0,0.003,0.02,0.0013536508562891519,0.021947943151981588,6.801937333017122,0.4951190476190476,False
9,oracle_full,rbf_svr_C_750_gamma_0p003_eps_0.03,750.0,0.003,0.03,0.0014347647721650618,0.023132915409540433,3.456758250016719,0.3773809523809524,False
9,oracle_full,rbf_svr_C_750_gamma_0p003_eps_0.04,750.0,0.003,0.04,0.001566404333820989,0.024560529669770795,2.369161874987185,0.3,False
9,oracle_full,rbf_svr_C_750_gamma_0p01_eps_0.02,750.0,0.01,0.02,0.002073621618214961,0.02682025157710247,4.215363874973264,0.5408333333333334,False
9,oracle_full,rbf_svr_C_750_gamma_0p01_eps_0.03,750.0,0.01,0.03,0.0021836246987955487,0.028671514381050256,2.0277453750022687,0.4238095238095238,False
9,oracle_full,rbf_svr_C_750_gamma_0p01_eps_0.04,750.0,0.01,0.04,0.0024169132913570766,0.03171820669603527,1.3518046659883112,0.35095238095238096,False
9,oracle_full,rbf_svr_C_1000_gamma_0p0005_eps_0.02,1000.0,0.0005,0.02,0.0015995799664064764,0.023234416552373082,2.811642375017982,0.48928571428571427,False
9,oracle_full,rbf_svr_C_1000_gamma_0p0005_eps_0.03,1000.0,0.0005,0.03,0.001687415624267931,0.025055680288797306,1.8320579580031335,0.37214285714285716,False
9,oracle_full,rbf_svr_C_1000_gamma_0p0005_eps_0.04,1000.0,0.0005,0.04,0.0018035100869674401,0.027427193471645316,1.3167802909738384,0.29773809523809525,False
9,oracle_full,rbf_svr_C_1000_gamma_0p00075_eps_0.02,1000.0,0.00075,0.02,0.001374542683817526,0.02170444662231076,3.6865282090147957,0.4779761904761905,False
9,oracle_full,rbf_svr_C_1000_gamma_0p00075_eps_0.03,1000.0,0.00075,0.03,0.001457231342677222,0.02356151915272413,2.5882649169652723,0.3628571428571429,False
9,oracle_full,rbf_svr_C_1000_gamma_0p00075_eps_0.04,1000.0,0.00075,0.04,0.0015817324677147462,0.025597872558299362,1.6059877920197323,0.29,False
9,oracle_full,rbf_svr_C_1000_gamma_0p001_eps_0.02,1000.0,0.001,0.02,0.0012970891666314853,0.021152383768104188,5.188708166999277,0.4744047619047619,True
9,oracle_full,rbf_svr_C_1000_gamma_0p001_eps_0.03,1000.0,0.001,0.03,0.0013840296653359486,0.022780730005750278,3.6059556669788435,0.3636904761904762,False
9,oracle_full,rbf_svr_C_1000_gamma_0p001_eps_0.04,1000.0,0.001,0.04,0.0015335188263174186,0.024690664971984886,2.0683525420026854,0.2873809523809524,False
9,oracle_full,rbf_svr_C_1000_gamma_0p003_eps_0.02,1000.0,0.003,0.02,0.0013684872311376297,0.02210572177095077,8.47935779101681,0.4990476190476191,False
9,oracle_full,rbf_svr_C_1000_gamma_0p003_eps_0.03,1000.0,0.003,0.03,0.00141779988346198,0.022968529936935118,4.0455962080159225,0.38047619047619047,False
9,oracle_full,rbf_svr_C_1000_gamma_0p003_eps_0.04,1000.0,0.003,0.04,0.0015547570512660818,0.024495303334016366,2.884435208979994,0.30047619047619045,False
9,oracle_full,rbf_svr_C_1000_gamma_0p01_eps_0.02,1000.0,0.01,0.02,0.002077895350715363,0.026837764903943257,4.325645999982953,0.5411904761904762,False
9,oracle_full,rbf_svr_C_1000_gamma_0p01_eps_0.03,1000.0,0.01,0.03,0.002179570889611992,0.028646186962188503,2.0819337500142865,0.425,False
9,oracle_full,rbf_svr_C_1000_gamma_0p01_eps_0.04,1000.0,0.01,0.04,0.0024156781996969912,0.03171584195223898,1.472879874985665,0.35095238095238096,False
